suite,seed,method,budget,trials,lanes,decor_bits,library,noise_mode,noise_rate,prior_mode,decor_setting,success_rate,mean_regret,posterior_contact_entropy,posterior_full_entropy,contact_probes,decor_probes
decor_scaling,0,dense_entropy,2,24,12,0,mixed,none,0.0,uniform,0,0.2916666666666667,0.7083333333333334,1.5849625007211552,1.5849625007211552,2.0,0.0
decor_scaling,0,dense_entropy,4,24,12,0,mixed,none,0.0,uniform,0,1.0,0.0,0.0,0.0,4.0,0.0
decor_scaling,0,dense_entropy,6,24,12,0,mixed,none,0.0,uniform,0,1.0,0.0,0.0,0.0,6.0,0.0
decor_scaling,0,dense_entropy,8,24,12,0,mixed,none,0.0,uniform,0,1.0,0.0,0.0,0.0,8.0,0.0
decor_scaling,0,dense_contact_only,2,24,12,0,mixed,none,0.0,uniform,0,0.4583333333333333,0.5416666666666666,1.5849625007211552,1.5849625007211552,2.0,0.0
decor_scaling,0,dense_contact_only,4,24,12,0,mixed,none,0.0,uniform,0,1.0,0.0,0.0,0.0,4.0,0.0
decor_scaling,0,dense_contact_only,6,24,12,0,mixed,none,0.0,uniform,0,1.0,0.0,0.0,0.0,6.0,0.0
decor_scaling,0,dense_contact_only,8,24,12,0,mixed,none,0.0,uniform,0,1.0,0.0,0.0,0.0,8.0,0.0
decor_scaling,0,critical_cell_entropy,2,24,12,0,mixed,none,0.0,uniform,0,0.375,0.625,2.6298597417858285,2.6298597417858285,2.0,0.0
decor_scaling,0,critical_cell_entropy,4,24,12,0,mixed,none,0.0,uniform,0,0.5,0.5,1.625,1.625,4.0,0.0
decor_scaling,0,critical_cell_entropy,6,24,12,0,mixed,none,0.0,uniform,0,0.5416666666666666,0.4583333333333333,1.1847744794971964,1.1847744794971964,6.0,0.0
decor_scaling,0,critical_cell_entropy,8,24,12,0,mixed,none,0.0,uniform,0,0.8333333333333334,0.16666666666666666,0.5833333333333334,0.5833333333333334,8.0,0.0
decor_scaling,0,contact_equivalence,2,24,12,0,mixed,none,0.0,uniform,0,0.5416666666666666,0.4583333333333333,1.5849625007211552,1.5849625007211552,2.0,0.0
decor_scaling,0,contact_equivalence,4,24,12,0,mixed,none,0.0,uniform,0,1.0,0.0,0.0,0.0,4.0,0.0
decor_scaling,0,contact_equivalence,6,24,12,0,mixed,none,0.0,uniform,0,1.0,0.0,0.0,0.0,6.0,0.0
decor_scaling,0,contact_equivalence,8,24,12,0,mixed,none,0.0,uniform,0,1.0,0.0,0.0,0.0,8.0,0.0
decor_scaling,0,hybrid_50,2,24,12,0,mixed,none,0.0,uniform,0,0.3333333333333333,0.6666666666666666,1.5849625007211552,1.5849625007211552,2.0,0.0
decor_scaling,0,hybrid_50,4,24,12,0,mixed,none,0.0,uniform,0,1.0,0.0,0.0,0.0,4.0,0.0
decor_scaling,0,hybrid_50,6,24,12,0,mixed,none,0.0,uniform,0,1.0,0.0,0.0,0.0,6.0,0.0
decor_scaling,0,hybrid_50,8,24,12,0,mixed,none,0.0,uniform,0,1.0,0.0,0.0,0.0,8.0,0.0
decor_scaling,0,expected_regret,2,24,12,0,mixed,none,0.0,uniform,0,0.375,0.625,1.6666666666666667,1.6666666666666667,2.0,0.0
decor_scaling,0,expected_regret,4,24,12,0,mixed,none,0.0,uniform,0,0.875,0.125,0.25,0.25,4.0,0.0
decor_scaling,0,expected_regret,6,24,12,0,mixed,none,0.0,uniform,0,1.0,0.0,0.0,0.0,6.0,0.0
decor_scaling,0,expected_regret,8,24,12,0,mixed,none,0.0,uniform,0,1.0,0.0,0.0,0.0,8.0,0.0
decor_scaling,1,dense_entropy,2,24,12,0,mixed,none,0.0,uniform,0,0.2916666666666667,0.7083333333333334,1.5849625007211552,1.5849625007211552,2.0,0.0
decor_scaling,1,dense_entropy,4,24,12,0,mixed,none,0.0,uniform,0,1.0,0.0,0.0,0.0,4.0,0.0
decor_scaling,1,dense_entropy,6,24,12,0,mixed,none,0.0,uniform,0,1.0,0.0,0.0,0.0,6.0,0.0
decor_scaling,1,dense_entropy,8,24,12,0,mixed,none,0.0,uniform,0,1.0,0.0,0.0,0.0,8.0,0.0
decor_scaling,1,dense_contact_only,2,24,12,0,mixed,none,0.0,uniform,0,0.25,0.75,1.5849625007211552,1.5849625007211552,2.0,0.0
decor_scaling,1,dense_contact_only,4,24,12,0,mixed,none,0.0,uniform,0,1.0,0.0,0.0,0.0,4.0,0.0
decor_scaling,1,dense_contact_only,6,24,12,0,mixed,none,0.0,uniform,0,1.0,0.0,0.0,0.0,6.0,0.0
decor_scaling,1,dense_contact_only,8,24,12,0,mixed,none,0.0,uniform,0,1.0,0.0,0.0,0.0,8.0,0.0
decor_scaling,1,critical_cell_entropy,2,24,12,0,mixed,none,0.0,uniform,0,0.2916666666666667,0.7083333333333334,3.0451007536467496,3.0451007536467496,2.0,0.0
decor_scaling,1,critical_cell_entropy,4,24,12,0,mixed,none,0.0,uniform,0,0.4583333333333333,0.5416666666666666,2.125,2.125,4.0,0.0
decor_scaling,1,critical_cell_entropy,6,24,12,0,mixed,none,0.0,uniform,0,0.4583333333333333,0.5416666666666666,1.5078947920873407,1.5078947920873407,6.0,0.0
decor_scaling,1,critical_cell_entropy,8,24,12,0,mixed,none,0.0,uniform,0,0.5416666666666666,0.4583333333333333,1.0,1.0,8.0,0.0
decor_scaling,1,contact_equivalence,2,24,12,0,mixed,none,0.0,uniform,0,0.3333333333333333,0.6666666666666666,1.5849625007211552,1.5849625007211552,2.0,0.0
decor_scaling,1,contact_equivalence,4,24,12,0,mixed,none,0.0,uniform,0,1.0,0.0,0.0,0.0,4.0,0.0
decor_scaling,1,contact_equivalence,6,24,12,0,mixed,none,0.0,uniform,0,1.0,0.0,0.0,0.0,6.0,0.0
decor_scaling,1,contact_equivalence,8,24,12,0,mixed,none,0.0,uniform,0,1.0,0.0,0.0,0.0,8.0,0.0
decor_scaling,1,hybrid_50,2,24,12,0,mixed,none,0.0,uniform,0,0.20833333333333334,0.7916666666666666,1.5849625007211552,1.5849625007211552,2.0,0.0
decor_scaling,1,hybrid_50,4,24,12,0,mixed,none,0.0,uniform,0,1.0,0.0,0.0,0.0,4.0,0.0
decor_scaling,1,hybrid_50,6,24,12,0,mixed,none,0.0,uniform,0,1.0,0.0,0.0,0.0,6.0,0.0
decor_scaling,1,hybrid_50,8,24,12,0,mixed,none,0.0,uniform,0,1.0,0.0,0.0,0.0,8.0,0.0
decor_scaling,1,expected_regret,2,24,12,0,mixed,none,0.0,uniform,0,0.5833333333333334,0.4166666666666667,1.5833333333333333,1.5833333333333333,2.0,0.0
decor_scaling,1,expected_regret,4,24,12,0,mixed,none,0.0,uniform,0,0.875,0.125,0.2916666666666667,0.2916666666666667,4.0,0.0
decor_scaling,1,expected_regret,6,24,12,0,mixed,none,0.0,uniform,0,1.0,0.0,0.0,0.0,6.0,0.0
decor_scaling,1,expected_regret,8,24,12,0,mixed,none,0.0,uniform,0,1.0,0.0,0.0,0.0,8.0,0.0
decor_scaling,2,dense_entropy,2,24,12,0,mixed,none,0.0,uniform,0,0.375,0.625,1.5849625007211552,1.5849625007211552,2.0,0.0
decor_scaling,2,dense_entropy,4,24,12,0,mixed,none,0.0,uniform,0,1.0,0.0,0.0,0.0,4.0,0.0
decor_scaling,2,dense_entropy,6,24,12,0,mixed,none,0.0,uniform,0,1.0,0.0,0.0,0.0,6.0,0.0
decor_scaling,2,dense_entropy,8,24,12,0,mixed,none,0.0,uniform,0,1.0,0.0,0.0,0.0,8.0,0.0
decor_scaling,2,dense_contact_only,2,24,12,0,mixed,none,0.0,uniform,0,0.4166666666666667,0.5833333333333334,1.5849625007211552,1.5849625007211552,2.0,0.0
decor_scaling,2,dense_contact_only,4,24,12,0,mixed,none,0.0,uniform,0,1.0,0.0,0.0,0.0,4.0,0.0
decor_scaling,2,dense_contact_only,6,24,12,0,mixed,none,0.0,uniform,0,1.0,0.0,0.0,0.0,6.0,0.0
decor_scaling,2,dense_contact_only,8,24,12,0,mixed,none,0.0,uniform,0,1.0,0.0,0.0,0.0,8.0,0.0
decor_scaling,2,critical_cell_entropy,2,24,12,0,mixed,none,0.0,uniform,0,0.2916666666666667,0.7083333333333334,2.6298597417858285,2.6298597417858285,2.0,0.0
decor_scaling,2,critical_cell_entropy,4,24,12,0,mixed,none,0.0,uniform,0,0.4583333333333333,0.5416666666666666,1.875,1.875,4.0,0.0
decor_scaling,2,critical_cell_entropy,6,24,12,0,mixed,none,0.0,uniform,0,0.5416666666666666,0.4583333333333333,1.4001880212239592,1.4001880212239592,6.0,0.0
decor_scaling,2,critical_cell_entropy,8,24,12,0,mixed,none,0.0,uniform,0,0.75,0.25,0.75,0.75,8.0,0.0
decor_scaling,2,contact_equivalence,2,24,12,0,mixed,none,0.0,uniform,0,0.3333333333333333,0.6666666666666666,1.5849625007211552,1.5849625007211552,2.0,0.0
decor_scaling,2,contact_equivalence,4,24,12,0,mixed,none,0.0,uniform,0,1.0,0.0,0.0,0.0,4.0,0.0
decor_scaling,2,contact_equivalence,6,24,12,0,mixed,none,0.0,uniform,0,1.0,0.0,0.0,0.0,6.0,0.0
decor_scaling,2,contact_equivalence,8,24,12,0,mixed,none,0.0,uniform,0,1.0,0.0,0.0,0.0,8.0,0.0
decor_scaling,2,hybrid_50,2,24,12,0,mixed,none,0.0,uniform,0,0.375,0.625,1.5849625007211552,1.5849625007211552,2.0,0.0
decor_scaling,2,hybrid_50,4,24,12,0,mixed,none,0.0,uniform,0,1.0,0.0,0.0,0.0,4.0,0.0
decor_scaling,2,hybrid_50,6,24,12,0,mixed,none,0.0,uniform,0,1.0,0.0,0.0,0.0,6.0,0.0
decor_scaling,2,hybrid_50,8,24,12,0,mixed,none,0.0,uniform,0,1.0,0.0,0.0,0.0,8.0,0.0
decor_scaling,2,expected_regret,2,24,12,0,mixed,none,0.0,uniform,0,0.4166666666666667,0.5833333333333334,1.7083333333333333,1.7083333333333333,2.0,0.0
decor_scaling,2,expected_regret,4,24,12,0,mixed,none,0.0,uniform,0,0.8333333333333334,0.16666666666666666,0.4166666666666667,0.4166666666666667,4.0,0.0
decor_scaling,2,expected_regret,6,24,12,0,mixed,none,0.0,uniform,0,1.0,0.0,0.0,0.0,6.0,0.0
decor_scaling,2,expected_regret,8,24,12,0,mixed,none,0.0,uniform,0,1.0,0.0,0.0,0.0,8.0,0.0
decor_scaling,3,dense_entropy,2,24,12,0,mixed,none,0.0,uniform,0,0.2916666666666667,0.7083333333333334,1.5849625007211552,1.5849625007211552,2.0,0.0
decor_scaling,3,dense_entropy,4,24,12,0,mixed,none,0.0,uniform,0,1.0,0.0,0.0,0.0,4.0,0.0
decor_scaling,3,dense_entropy,6,24,12,0,mixed,none,0.0,uniform,0,1.0,0.0,0.0,0.0,6.0,0.0
decor_scaling,3,dense_entropy,8,24,12,0,mixed,none,0.0,uniform,0,1.0,0.0,0.0,0.0,8.0,0.0
decor_scaling,3,dense_contact_only,2,24,12,0,mixed,none,0.0,uniform,0,0.3333333333333333,0.6666666666666666,1.5849625007211552,1.5849625007211552,2.0,0.0
decor_scaling,3,dense_contact_only,4,24,12,0,mixed,none,0.0,uniform,0,1.0,0.0,0.0,0.0,4.0,0.0
decor_scaling,3,dense_contact_only,6,24,12,0,mixed,none,0.0,uniform,0,1.0,0.0,0.0,0.0,6.0,0.0
decor_scaling,3,dense_contact_only,8,24,12,0,mixed,none,0.0,uniform,0,1.0,0.0,0.0,0.0,8.0,0.0
decor_scaling,3,critical_cell_entropy,2,24,12,0,mixed,none,0.0,uniform,0,0.25,0.75,2.9066870830264424,2.9066870830264424,2.0,0.0
decor_scaling,3,critical_cell_entropy,4,24,12,0,mixed,none,0.0,uniform,0,0.5416666666666666,0.4583333333333333,1.375,1.375,4.0,0.0
decor_scaling,3,critical_cell_entropy,6,24,12,0,mixed,none,0.0,uniform,0,0.6666666666666666,0.3333333333333333,0.9693609377704334,0.9693609377704334,6.0,0.0
decor_scaling,3,critical_cell_entropy,8,24,12,0,mixed,none,0.0,uniform,0,0.875,0.125,0.3333333333333333,0.3333333333333333,8.0,0.0
decor_scaling,3,contact_equivalence,2,24,12,0,mixed,none,0.0,uniform,0,0.3333333333333333,0.6666666666666666,1.5849625007211552,1.5849625007211552,2.0,0.0
decor_scaling,3,contact_equivalence,4,24,12,0,mixed,none,0.0,uniform,0,1.0,0.0,0.0,0.0,4.0,0.0
decor_scaling,3,contact_equivalence,6,24,12,0,mixed,none,0.0,uniform,0,1.0,0.0,0.0,0.0,6.0,0.0
decor_scaling,3,contact_equivalence,8,24,12,0,mixed,none,0.0,uniform,0,1.0,0.0,0.0,0.0,8.0,0.0
decor_scaling,3,hybrid_50,2,24,12,0,mixed,none,0.0,uniform,0,0.4583333333333333,0.5416666666666666,1.5849625007211552,1.5849625007211552,2.0,0.0
decor_scaling,3,hybrid_50,4,24,12,0,mixed,none,0.0,uniform,0,1.0,0.0,0.0,0.0,4.0,0.0
decor_scaling,3,hybrid_50,6,24,12,0,mixed,none,0.0,uniform,0,1.0,0.0,0.0,0.0,6.0,0.0
decor_scaling,3,hybrid_50,8,24,12,0,mixed,none,0.0,uniform,0,1.0,0.0,0.0,0.0,8.0,0.0
decor_scaling,3,expected_regret,2,24,12,0,mixed,none,0.0,uniform,0,0.375,0.625,1.75,1.75,2.0,0.0
decor_scaling,3,expected_regret,4,24,12,0,mixed,none,0.0,uniform,0,0.7916666666666666,0.20833333333333334,0.4166666666666667,0.4166666666666667,4.0,0.0
decor_scaling,3,expected_regret,6,24,12,0,mixed,none,0.0,uniform,0,1.0,0.0,0.0,0.0,6.0,0.0
decor_scaling,3,expected_regret,8,24,12,0,mixed,none,0.0,uniform,0,1.0,0.0,0.0,0.0,8.0,0.0
decor_scaling,4,dense_entropy,2,24,12,0,mixed,none,0.0,uniform,0,0.16666666666666666,0.8333333333333334,1.5849625007211552,1.5849625007211552,2.0,0.0
decor_scaling,4,dense_entropy,4,24,12,0,mixed,none,0.0,uniform,0,1.0,0.0,0.0,0.0,4.0,0.0
decor_scaling,4,dense_entropy,6,24,12,0,mixed,none,0.0,uniform,0,1.0,0.0,0.0,0.0,6.0,0.0
decor_scaling,4,dense_entropy,8,24,12,0,mixed,none,0.0,uniform,0,1.0,0.0,0.0,0.0,8.0,0.0
decor_scaling,4,dense_contact_only,2,24,12,0,mixed,none,0.0,uniform,0,0.2916666666666667,0.7083333333333334,1.5849625007211552,1.5849625007211552,2.0,0.0
decor_scaling,4,dense_contact_only,4,24,12,0,mixed,none,0.0,uniform,0,1.0,0.0,0.0,0.0,4.0,0.0
decor_scaling,4,dense_contact_only,6,24,12,0,mixed,none,0.0,uniform,0,1.0,0.0,0.0,0.0,6.0,0.0
decor_scaling,4,dense_contact_only,8,24,12,0,mixed,none,0.0,uniform,0,1.0,0.0,0.0,0.0,8.0,0.0
decor_scaling,4,critical_cell_entropy,2,24,12,0,mixed,none,0.0,uniform,0,0.16666666666666666,0.8333333333333334,2.7682734124061352,2.7682734124061352,2.0,0.0
decor_scaling,4,critical_cell_entropy,4,24,12,0,mixed,none,0.0,uniform,0,0.375,0.625,2.5,2.5,4.0,0.0
decor_scaling,4,critical_cell_entropy,6,24,12,0,mixed,none,0.0,uniform,0,0.3333333333333333,0.6666666666666666,1.831015104677485,1.831015104677485,6.0,0.0
decor_scaling,4,critical_cell_entropy,8,24,12,0,mixed,none,0.0,uniform,0,0.625,0.375,1.0,1.0,8.0,0.0
decor_scaling,4,contact_equivalence,2,24,12,0,mixed,none,0.0,uniform,0,0.4583333333333333,0.5416666666666666,1.5849625007211552,1.5849625007211552,2.0,0.0
decor_scaling,4,contact_equivalence,4,24,12,0,mixed,none,0.0,uniform,0,1.0,0.0,0.0,0.0,4.0,0.0
decor_scaling,4,contact_equivalence,6,24,12,0,mixed,none,0.0,uniform,0,1.0,0.0,0.0,0.0,6.0,0.0
decor_scaling,4,contact_equivalence,8,24,12,0,mixed,none,0.0,uniform,0,1.0,0.0,0.0,0.0,8.0,0.0
decor_scaling,4,hybrid_50,2,24,12,0,mixed,none,0.0,uniform,0,0.4166666666666667,0.5833333333333334,1.5849625007211552,1.5849625007211552,2.0,0.0
decor_scaling,4,hybrid_50,4,24,12,0,mixed,none,0.0,uniform,0,1.0,0.0,0.0,0.0,4.0,0.0
decor_scaling,4,hybrid_50,6,24,12,0,mixed,none,0.0,uniform,0,1.0,0.0,0.0,0.0,6.0,0.0
decor_scaling,4,hybrid_50,8,24,12,0,mixed,none,0.0,uniform,0,1.0,0.0,0.0,0.0,8.0,0.0
decor_scaling,4,expected_regret,2,24,12,0,mixed,none,0.0,uniform,0,0.3333333333333333,0.6666666666666666,1.5416666666666667,1.5416666666666667,2.0,0.0
decor_scaling,4,expected_regret,4,24,12,0,mixed,none,0.0,uniform,0,0.7083333333333334,0.2916666666666667,0.4166666666666667,0.4166666666666667,4.0,0.0
decor_scaling,4,expected_regret,6,24,12,0,mixed,none,0.0,uniform,0,1.0,0.0,0.0,0.0,6.0,0.0
decor_scaling,4,expected_regret,8,24,12,0,mixed,none,0.0,uniform,0,1.0,0.0,0.0,0.0,8.0,0.0
decor_scaling,5,dense_entropy,2,24,12,0,mixed,none,0.0,uniform,0,0.375,0.625,1.5849625007211552,1.5849625007211552,2.0,0.0
decor_scaling,5,dense_entropy,4,24,12,0,mixed,none,0.0,uniform,0,1.0,0.0,0.0,0.0,4.0,0.0
decor_scaling,5,dense_entropy,6,24,12,0,mixed,none,0.0,uniform,0,1.0,0.0,0.0,0.0,6.0,0.0
decor_scaling,5,dense_entropy,8,24,12,0,mixed,none,0.0,uniform,0,1.0,0.0,0.0,0.0,8.0,0.0
decor_scaling,5,dense_contact_only,2,24,12,0,mixed,none,0.0,uniform,0,0.3333333333333333,0.6666666666666666,1.5849625007211552,1.5849625007211552,2.0,0.0
decor_scaling,5,dense_contact_only,4,24,12,0,mixed,none,0.0,uniform,0,1.0,0.0,0.0,0.0,4.0,0.0
decor_scaling,5,dense_contact_only,6,24,12,0,mixed,none,0.0,uniform,0,1.0,0.0,0.0,0.0,6.0,0.0
decor_scaling,5,dense_contact_only,8,24,12,0,mixed,none,0.0,uniform,0,1.0,0.0,0.0,0.0,8.0,0.0
decor_scaling,5,critical_cell_entropy,2,24,12,0,mixed,none,0.0,uniform,0,0.20833333333333334,0.7916666666666666,2.7682734124061352,2.7682734124061352,2.0,0.0
decor_scaling,5,critical_cell_entropy,4,24,12,0,mixed,none,0.0,uniform,0,0.4583333333333333,0.5416666666666666,1.75,1.75,4.0,0.0
decor_scaling,5,critical_cell_entropy,6,24,12,0,mixed,none,0.0,uniform,0,0.7083333333333334,0.2916666666666667,0.861654166907052,0.861654166907052,6.0,0.0
decor_scaling,5,critical_cell_entropy,8,24,12,0,mixed,none,0.0,uniform,0,0.8333333333333334,0.16666666666666666,0.3333333333333333,0.3333333333333333,8.0,0.0
decor_scaling,5,contact_equivalence,2,24,12,0,mixed,none,0.0,uniform,0,0.4166666666666667,0.5833333333333334,1.5849625007211552,1.5849625007211552,2.0,0.0
decor_scaling,5,contact_equivalence,4,24,12,0,mixed,none,0.0,uniform,0,1.0,0.0,0.0,0.0,4.0,0.0
decor_scaling,5,contact_equivalence,6,24,12,0,mixed,none,0.0,uniform,0,1.0,0.0,0.0,0.0,6.0,0.0
decor_scaling,5,contact_equivalence,8,24,12,0,mixed,none,0.0,uniform,0,1.0,0.0,0.0,0.0,8.0,0.0
decor_scaling,5,hybrid_50,2,24,12,0,mixed,none,0.0,uniform,0,0.375,0.625,1.5849625007211552,1.5849625007211552,2.0,0.0
decor_scaling,5,hybrid_50,4,24,12,0,mixed,none,0.0,uniform,0,1.0,0.0,0.0,0.0,4.0,0.0
decor_scaling,5,hybrid_50,6,24,12,0,mixed,none,0.0,uniform,0,1.0,0.0,0.0,0.0,6.0,0.0
decor_scaling,5,hybrid_50,8,24,12,0,mixed,none,0.0,uniform,0,1.0,0.0,0.0,0.0,8.0,0.0
decor_scaling,5,expected_regret,2,24,12,0,mixed,none,0.0,uniform,0,0.08333333333333333,0.9166666666666666,1.8333333333333333,1.8333333333333333,2.0,0.0
decor_scaling,5,expected_regret,4,24,12,0,mixed,none,0.0,uniform,0,0.7083333333333334,0.2916666666666667,0.5,0.5,4.0,0.0
decor_scaling,5,expected_regret,6,24,12,0,mixed,none,0.0,uniform,0,1.0,0.0,0.0,0.0,6.0,0.0
decor_scaling,5,expected_regret,8,24,12,0,mixed,none,0.0,uniform,0,1.0,0.0,0.0,0.0,8.0,0.0
decor_scaling,6,dense_entropy,2,24,12,0,mixed,none,0.0,uniform,0,0.2916666666666667,0.7083333333333334,1.5849625007211552,1.5849625007211552,2.0,0.0
decor_scaling,6,dense_entropy,4,24,12,0,mixed,none,0.0,uniform,0,1.0,0.0,0.0,0.0,4.0,0.0
decor_scaling,6,dense_entropy,6,24,12,0,mixed,none,0.0,uniform,0,1.0,0.0,0.0,0.0,6.0,0.0
decor_scaling,6,dense_entropy,8,24,12,0,mixed,none,0.0,uniform,0,1.0,0.0,0.0,0.0,8.0,0.0
decor_scaling,6,dense_contact_only,2,24,12,0,mixed,none,0.0,uniform,0,0.16666666666666666,0.8333333333333334,1.5849625007211552,1.5849625007211552,2.0,0.0
decor_scaling,6,dense_contact_only,4,24,12,0,mixed,none,0.0,uniform,0,1.0,0.0,0.0,0.0,4.0,0.0
decor_scaling,6,dense_contact_only,6,24,12,0,mixed,none,0.0,uniform,0,1.0,0.0,0.0,0.0,6.0,0.0
decor_scaling,6,dense_contact_only,8,24,12,0,mixed,none,0.0,uniform,0,1.0,0.0,0.0,0.0,8.0,0.0
decor_scaling,6,critical_cell_entropy,2,24,12,0,mixed,none,0.0,uniform,0,0.3333333333333333,0.6666666666666666,2.353032400545215,2.353032400545215,2.0,0.0
decor_scaling,6,critical_cell_entropy,4,24,12,0,mixed,none,0.0,uniform,0,0.4583333333333333,0.5416666666666666,1.75,1.75,4.0,0.0
decor_scaling,6,critical_cell_entropy,6,24,12,0,mixed,none,0.0,uniform,0,0.5833333333333334,0.4166666666666667,1.077067708633815,1.077067708633815,6.0,0.0
decor_scaling,6,critical_cell_entropy,8,24,12,0,mixed,none,0.0,uniform,0,0.875,0.125,0.4166666666666667,0.4166666666666667,8.0,0.0
decor_scaling,6,contact_equivalence,2,24,12,0,mixed,none,0.0,uniform,0,0.4166666666666667,0.5833333333333334,1.5849625007211552,1.5849625007211552,2.0,0.0
decor_scaling,6,contact_equivalence,4,24,12,0,mixed,none,0.0,uniform,0,1.0,0.0,0.0,0.0,4.0,0.0
decor_scaling,6,contact_equivalence,6,24,12,0,mixed,none,0.0,uniform,0,1.0,0.0,0.0,0.0,6.0,0.0
decor_scaling,6,contact_equivalence,8,24,12,0,mixed,none,0.0,uniform,0,1.0,0.0,0.0,0.0,8.0,0.0
decor_scaling,6,hybrid_50,2,24,12,0,mixed,none,0.0,uniform,0,0.375,0.625,1.5849625007211552,1.5849625007211552,2.0,0.0
decor_scaling,6,hybrid_50,4,24,12,0,mixed,none,0.0,uniform,0,1.0,0.0,0.0,0.0,4.0,0.0
decor_scaling,6,hybrid_50,6,24,12,0,mixed,none,0.0,uniform,0,1.0,0.0,0.0,0.0,6.0,0.0
decor_scaling,6,hybrid_50,8,24,12,0,mixed,none,0.0,uniform,0,1.0,0.0,0.0,0.0,8.0,0.0
decor_scaling,6,expected_regret,2,24,12,0,mixed,none,0.0,uniform,0,0.375,0.625,1.625,1.625,2.0,0.0
decor_scaling,6,expected_regret,4,24,12,0,mixed,none,0.0,uniform,0,0.8333333333333334,0.16666666666666666,0.20833333333333334,0.20833333333333334,4.0,0.0
decor_scaling,6,expected_regret,6,24,12,0,mixed,none,0.0,uniform,0,1.0,0.0,0.0,0.0,6.0,0.0
decor_scaling,6,expected_regret,8,24,12,0,mixed,none,0.0,uniform,0,1.0,0.0,0.0,0.0,8.0,0.0
decor_scaling,7,dense_entropy,2,24,12,0,mixed,none,0.0,uniform,0,0.2916666666666667,0.7083333333333334,1.5849625007211552,1.5849625007211552,2.0,0.0
decor_scaling,7,dense_entropy,4,24,12,0,mixed,none,0.0,uniform,0,1.0,0.0,0.0,0.0,4.0,0.0
decor_scaling,7,dense_entropy,6,24,12,0,mixed,none,0.0,uniform,0,1.0,0.0,0.0,0.0,6.0,0.0
decor_scaling,7,dense_entropy,8,24,12,0,mixed,none,0.0,uniform,0,1.0,0.0,0.0,0.0,8.0,0.0
decor_scaling,7,dense_contact_only,2,24,12,0,mixed,none,0.0,uniform,0,0.375,0.625,1.5849625007211552,1.5849625007211552,2.0,0.0
decor_scaling,7,dense_contact_only,4,24,12,0,mixed,none,0.0,uniform,0,1.0,0.0,0.0,0.0,4.0,0.0
decor_scaling,7,dense_contact_only,6,24,12,0,mixed,none,0.0,uniform,0,1.0,0.0,0.0,0.0,6.0,0.0
decor_scaling,7,dense_contact_only,8,24,12,0,mixed,none,0.0,uniform,0,1.0,0.0,0.0,0.0,8.0,0.0
decor_scaling,7,critical_cell_entropy,2,24,12,0,mixed,none,0.0,uniform,0,0.2916666666666667,0.7083333333333334,2.4914460711655217,2.4914460711655217,2.0,0.0
decor_scaling,7,critical_cell_entropy,4,24,12,0,mixed,none,0.0,uniform,0,0.375,0.625,2.0,2.0,4.0,0.0
decor_scaling,7,critical_cell_entropy,6,24,12,0,mixed,none,0.0,uniform,0,0.4583333333333333,0.5416666666666666,1.5078947920873407,1.5078947920873407,6.0,0.0
decor_scaling,7,critical_cell_entropy,8,24,12,0,mixed,none,0.0,uniform,0,0.6666666666666666,0.3333333333333333,0.75,0.75,8.0,0.0
decor_scaling,7,contact_equivalence,2,24,12,0,mixed,none,0.0,uniform,0,0.3333333333333333,0.6666666666666666,1.5849625007211552,1.5849625007211552,2.0,0.0
decor_scaling,7,contact_equivalence,4,24,12,0,mixed,none,0.0,uniform,0,1.0,0.0,0.0,0.0,4.0,0.0
decor_scaling,7,contact_equivalence,6,24,12,0,mixed,none,0.0,uniform,0,1.0,0.0,0.0,0.0,6.0,0.0
decor_scaling,7,contact_equivalence,8,24,12,0,mixed,none,0.0,uniform,0,1.0,0.0,0.0,0.0,8.0,0.0
decor_scaling,7,hybrid_50,2,24,12,0,mixed,none,0.0,uniform,0,0.4166666666666667,0.5833333333333334,1.5849625007211552,1.5849625007211552,2.0,0.0
decor_scaling,7,hybrid_50,4,24,12,0,mixed,none,0.0,uniform,0,1.0,0.0,0.0,0.0,4.0,0.0
decor_scaling,7,hybrid_50,6,24,12,0,mixed,none,0.0,uniform,0,1.0,0.0,0.0,0.0,6.0,0.0
decor_scaling,7,hybrid_50,8,24,12,0,mixed,none,0.0,uniform,0,1.0,0.0,0.0,0.0,8.0,0.0
decor_scaling,7,expected_regret,2,24,12,0,mixed,none,0.0,uniform,0,0.25,0.75,1.5,1.5,2.0,0.0
decor_scaling,7,expected_regret,4,24,12,0,mixed,none,0.0,uniform,0,0.875,0.125,0.25,0.25,4.0,0.0
decor_scaling,7,expected_regret,6,24,12,0,mixed,none,0.0,uniform,0,1.0,0.0,0.0,0.0,6.0,0.0
decor_scaling,7,expected_regret,8,24,12,0,mixed,none,0.0,uniform,0,1.0,0.0,0.0,0.0,8.0,0.0
decor_scaling,8,dense_entropy,2,24,12,0,mixed,none,0.0,uniform,0,0.4166666666666667,0.5833333333333334,1.5849625007211552,1.5849625007211552,2.0,0.0
decor_scaling,8,dense_entropy,4,24,12,0,mixed,none,0.0,uniform,0,1.0,0.0,0.0,0.0,4.0,0.0
decor_scaling,8,dense_entropy,6,24,12,0,mixed,none,0.0,uniform,0,1.0,0.0,0.0,0.0,6.0,0.0
decor_scaling,8,dense_entropy,8,24,12,0,mixed,none,0.0,uniform,0,1.0,0.0,0.0,0.0,8.0,0.0
decor_scaling,8,dense_contact_only,2,24,12,0,mixed,none,0.0,uniform,0,0.2916666666666667,0.7083333333333334,1.5849625007211552,1.5849625007211552,2.0,0.0
decor_scaling,8,dense_contact_only,4,24,12,0,mixed,none,0.0,uniform,0,1.0,0.0,0.0,0.0,4.0,0.0
decor_scaling,8,dense_contact_only,6,24,12,0,mixed,none,0.0,uniform,0,1.0,0.0,0.0,0.0,6.0,0.0
decor_scaling,8,dense_contact_only,8,24,12,0,mixed,none,0.0,uniform,0,1.0,0.0,0.0,0.0,8.0,0.0
decor_scaling,8,critical_cell_entropy,2,24,12,0,mixed,none,0.0,uniform,0,0.2916666666666667,0.7083333333333334,2.7682734124061352,2.7682734124061352,2.0,0.0
decor_scaling,8,critical_cell_entropy,4,24,12,0,mixed,none,0.0,uniform,0,0.375,0.625,2.0,2.0,4.0,0.0
decor_scaling,8,critical_cell_entropy,6,24,12,0,mixed,none,0.0,uniform,0,0.625,0.375,1.4001880212239592,1.4001880212239592,6.0,0.0
decor_scaling,8,critical_cell_entropy,8,24,12,0,mixed,none,0.0,uniform,0,0.75,0.25,0.6666666666666666,0.6666666666666666,8.0,0.0
decor_scaling,8,contact_equivalence,2,24,12,0,mixed,none,0.0,uniform,0,0.16666666666666666,0.8333333333333334,1.5849625007211552,1.5849625007211552,2.0,0.0
decor_scaling,8,contact_equivalence,4,24,12,0,mixed,none,0.0,uniform,0,1.0,0.0,0.0,0.0,4.0,0.0
decor_scaling,8,contact_equivalence,6,24,12,0,mixed,none,0.0,uniform,0,1.0,0.0,0.0,0.0,6.0,0.0
decor_scaling,8,contact_equivalence,8,24,12,0,mixed,none,0.0,uniform,0,1.0,0.0,0.0,0.0,8.0,0.0
decor_scaling,8,hybrid_50,2,24,12,0,mixed,none,0.0,uniform,0,0.2916666666666667,0.7083333333333334,1.5849625007211552,1.5849625007211552,2.0,0.0
decor_scaling,8,hybrid_50,4,24,12,0,mixed,none,0.0,uniform,0,1.0,0.0,0.0,0.0,4.0,0.0
decor_scaling,8,hybrid_50,6,24,12,0,mixed,none,0.0,uniform,0,1.0,0.0,0.0,0.0,6.0,0.0
decor_scaling,8,hybrid_50,8,24,12,0,mixed,none,0.0,uniform,0,1.0,0.0,0.0,0.0,8.0,0.0
decor_scaling,8,expected_regret,2,24,12,0,mixed,none,0.0,uniform,0,0.375,0.625,1.75,1.75,2.0,0.0
decor_scaling,8,expected_regret,4,24,12,0,mixed,none,0.0,uniform,0,0.8333333333333334,0.16666666666666666,0.4166666666666667,0.4166666666666667,4.0,0.0
decor_scaling,8,expected_regret,6,24,12,0,mixed,none,0.0,uniform,0,1.0,0.0,0.0,0.0,6.0,0.0
decor_scaling,8,expected_regret,8,24,12,0,mixed,none,0.0,uniform,0,1.0,0.0,0.0,0.0,8.0,0.0
decor_scaling,9,dense_entropy,2,24,12,0,mixed,none,0.0,uniform,0,0.2916666666666667,0.7083333333333334,1.5849625007211552,1.5849625007211552,2.0,0.0
decor_scaling,9,dense_entropy,4,24,12,0,mixed,none,0.0,uniform,0,1.0,0.0,0.0,0.0,4.0,0.0
decor_scaling,9,dense_entropy,6,24,12,0,mixed,none,0.0,uniform,0,1.0,0.0,0.0,0.0,6.0,0.0
decor_scaling,9,dense_entropy,8,24,12,0,mixed,none,0.0,uniform,0,1.0,0.0,0.0,0.0,8.0,0.0
decor_scaling,9,dense_contact_only,2,24,12,0,mixed,none,0.0,uniform,0,0.5,0.5,1.5849625007211552,1.5849625007211552,2.0,0.0
decor_scaling,9,dense_contact_only,4,24,12,0,mixed,none,0.0,uniform,0,1.0,0.0,0.0,0.0,4.0,0.0
decor_scaling,9,dense_contact_only,6,24,12,0,mixed,none,0.0,uniform,0,1.0,0.0,0.0,0.0,6.0,0.0
decor_scaling,9,dense_contact_only,8,24,12,0,mixed,none,0.0,uniform,0,1.0,0.0,0.0,0.0,8.0,0.0
decor_scaling,9,critical_cell_entropy,2,24,12,0,mixed,none,0.0,uniform,0,0.25,0.75,2.6298597417858285,2.6298597417858285,2.0,0.0
decor_scaling,9,critical_cell_entropy,4,24,12,0,mixed,none,0.0,uniform,0,0.4166666666666667,0.5833333333333334,2.125,2.125,4.0,0.0
decor_scaling,9,critical_cell_entropy,6,24,12,0,mixed,none,0.0,uniform,0,0.625,0.375,1.4001880212239592,1.4001880212239592,6.0,0.0
decor_scaling,9,critical_cell_entropy,8,24,12,0,mixed,none,0.0,uniform,0,0.625,0.375,0.9166666666666666,0.9166666666666666,8.0,0.0
decor_scaling,9,contact_equivalence,2,24,12,0,mixed,none,0.0,uniform,0,0.5,0.5,1.5849625007211552,1.5849625007211552,2.0,0.0
decor_scaling,9,contact_equivalence,4,24,12,0,mixed,none,0.0,uniform,0,1.0,0.0,0.0,0.0,4.0,0.0
decor_scaling,9,contact_equivalence,6,24,12,0,mixed,none,0.0,uniform,0,1.0,0.0,0.0,0.0,6.0,0.0
decor_scaling,9,contact_equivalence,8,24,12,0,mixed,none,0.0,uniform,0,1.0,0.0,0.0,0.0,8.0,0.0
decor_scaling,9,hybrid_50,2,24,12,0,mixed,none,0.0,uniform,0,0.375,0.625,1.5849625007211552,1.5849625007211552,2.0,0.0
decor_scaling,9,hybrid_50,4,24,12,0,mixed,none,0.0,uniform,0,1.0,0.0,0.0,0.0,4.0,0.0
decor_scaling,9,hybrid_50,6,24,12,0,mixed,none,0.0,uniform,0,1.0,0.0,0.0,0.0,6.0,0.0
decor_scaling,9,hybrid_50,8,24,12,0,mixed,none,0.0,uniform,0,1.0,0.0,0.0,0.0,8.0,0.0
decor_scaling,9,expected_regret,2,24,12,0,mixed,none,0.0,uniform,0,0.25,0.75,1.6666666666666667,1.6666666666666667,2.0,0.0
decor_scaling,9,expected_regret,4,24,12,0,mixed,none,0.0,uniform,0,0.7916666666666666,0.20833333333333334,0.4166666666666667,0.4166666666666667,4.0,0.0
decor_scaling,9,expected_regret,6,24,12,0,mixed,none,0.0,uniform,0,1.0,0.0,0.0,0.0,6.0,0.0
decor_scaling,9,expected_regret,8,24,12,0,mixed,none,0.0,uniform,0,1.0,0.0,0.0,0.0,8.0,0.0
decor_scaling,0,dense_entropy,2,24,12,16,mixed,none,0.0,uniform,16,0.041666666666666664,0.9583333333333334,3.5849625007211565,11.58496250072116,0.0,2.0
decor_scaling,0,dense_entropy,4,24,12,16,mixed,none,0.0,uniform,16,0.0,1.0,3.5849625007211565,3.5849625007211565,0.0,4.0
decor_scaling,0,dense_entropy,6,24,12,16,mixed,none,0.0,uniform,16,0.5416666666666666,0.4583333333333333,1.5849625007211552,1.5849625007211552,2.0,4.0
decor_scaling,0,dense_entropy,8,24,12,16,mixed,none,0.0,uniform,16,1.0,0.0,0.0,0.0,4.0,4.0
decor_scaling,0,dense_contact_only,2,24,12,16,mixed,none,0.0,uniform,16,0.25,0.75,1.5849625007211552,17.58496250072115,2.0,0.0
decor_scaling,0,dense_contact_only,4,24,12,16,mixed,none,0.0,uniform,16,1.0,0.0,0.0,16.0,4.0,0.0
decor_scaling,0,dense_contact_only,6,24,12,16,mixed,none,0.0,uniform,16,1.0,0.0,0.0,16.0,6.0,0.0
decor_scaling,0,dense_contact_only,8,24,12,16,mixed,none,0.0,uniform,16,1.0,0.0,0.0,16.0,8.0,0.0
decor_scaling,0,critical_cell_entropy,2,24,12,16,mixed,none,0.0,uniform,16,0.20833333333333334,0.7916666666666666,2.7682734124061352,18.768273412406142,2.0,0.0
decor_scaling,0,critical_cell_entropy,4,24,12,16,mixed,none,0.0,uniform,16,0.5,0.5,1.875,17.875,4.0,0.0
decor_scaling,0,critical_cell_entropy,6,24,12,16,mixed,none,0.0,uniform,16,0.7083333333333334,0.2916666666666667,1.077067708633815,17.077067708633813,6.0,0.0
decor_scaling,0,critical_cell_entropy,8,24,12,16,mixed,none,0.0,uniform,16,0.875,0.125,0.4166666666666667,16.416666666666668,8.0,0.0
decor_scaling,0,contact_equivalence,2,24,12,16,mixed,none,0.0,uniform,16,0.4166666666666667,0.5833333333333334,1.5849625007211552,17.58496250072115,2.0,0.0
decor_scaling,0,contact_equivalence,4,24,12,16,mixed,none,0.0,uniform,16,1.0,0.0,0.0,16.0,4.0,0.0
decor_scaling,0,contact_equivalence,6,24,12,16,mixed,none,0.0,uniform,16,1.0,0.0,0.0,16.0,6.0,0.0
decor_scaling,0,contact_equivalence,8,24,12,16,mixed,none,0.0,uniform,16,1.0,0.0,0.0,16.0,8.0,0.0
decor_scaling,0,hybrid_50,2,24,12,16,mixed,none,0.0,uniform,16,0.125,0.875,3.5849625007211565,11.58496250072116,0.0,2.0
decor_scaling,0,hybrid_50,4,24,12,16,mixed,none,0.0,uniform,16,0.08333333333333333,0.9166666666666666,3.5849625007211565,3.5849625007211565,0.0,4.0
decor_scaling,0,hybrid_50,6,24,12,16,mixed,none,0.0,uniform,16,0.4583333333333333,0.5416666666666666,1.5849625007211552,1.5849625007211552,2.0,4.0
decor_scaling,0,hybrid_50,8,24,12,16,mixed,none,0.0,uniform,16,1.0,0.0,0.0,0.0,4.0,4.0
decor_scaling,0,expected_regret,2,24,12,16,mixed,none,0.0,uniform,16,0.375,0.625,1.625,17.625,2.0,0.0
decor_scaling,0,expected_regret,4,24,12,16,mixed,none,0.0,uniform,16,0.8333333333333334,0.16666666666666666,0.375,16.375,4.0,0.0
decor_scaling,0,expected_regret,6,24,12,16,mixed,none,0.0,uniform,16,1.0,0.0,0.0,16.0,6.0,0.0
decor_scaling,0,expected_regret,8,24,12,16,mixed,none,0.0,uniform,16,1.0,0.0,0.0,16.0,8.0,0.0
decor_scaling,1,dense_entropy,2,24,12,16,mixed,none,0.0,uniform,16,0.08333333333333333,0.9166666666666666,3.5849625007211565,11.58496250072116,0.0,2.0
decor_scaling,1,dense_entropy,4,24,12,16,mixed,none,0.0,uniform,16,0.0,1.0,3.5849625007211565,3.5849625007211565,0.0,4.0
decor_scaling,1,dense_entropy,6,24,12,16,mixed,none,0.0,uniform,16,0.375,0.625,1.5849625007211552,1.5849625007211552,2.0,4.0
decor_scaling,1,dense_entropy,8,24,12,16,mixed,none,0.0,uniform,16,1.0,0.0,0.0,0.0,4.0,4.0
decor_scaling,1,dense_contact_only,2,24,12,16,mixed,none,0.0,uniform,16,0.16666666666666666,0.8333333333333334,1.5849625007211552,17.58496250072115,2.0,0.0
decor_scaling,1,dense_contact_only,4,24,12,16,mixed,none,0.0,uniform,16,1.0,0.0,0.0,16.0,4.0,0.0
decor_scaling,1,dense_contact_only,6,24,12,16,mixed,none,0.0,uniform,16,1.0,0.0,0.0,16.0,6.0,0.0
decor_scaling,1,dense_contact_only,8,24,12,16,mixed,none,0.0,uniform,16,1.0,0.0,0.0,16.0,8.0,0.0
decor_scaling,1,critical_cell_entropy,2,24,12,16,mixed,none,0.0,uniform,16,0.16666666666666666,0.8333333333333334,2.7682734124061352,18.76827341240614,2.0,0.0
decor_scaling,1,critical_cell_entropy,4,24,12,16,mixed,none,0.0,uniform,16,0.375,0.625,2.0,18.0,4.0,0.0
decor_scaling,1,critical_cell_entropy,6,24,12,16,mixed,none,0.0,uniform,16,0.5,0.5,1.5078947920873407,17.50789479208734,6.0,0.0
decor_scaling,1,critical_cell_entropy,8,24,12,16,mixed,none,0.0,uniform,16,0.8333333333333334,0.16666666666666666,0.6666666666666666,16.666666666666668,8.0,0.0
decor_scaling,1,contact_equivalence,2,24,12,16,mixed,none,0.0,uniform,16,0.25,0.75,1.5849625007211552,17.58496250072115,2.0,0.0
decor_scaling,1,contact_equivalence,4,24,12,16,mixed,none,0.0,uniform,16,1.0,0.0,0.0,16.0,4.0,0.0
decor_scaling,1,contact_equivalence,6,24,12,16,mixed,none,0.0,uniform,16,1.0,0.0,0.0,16.0,6.0,0.0
decor_scaling,1,contact_equivalence,8,24,12,16,mixed,none,0.0,uniform,16,1.0,0.0,0.0,16.0,8.0,0.0
decor_scaling,1,hybrid_50,2,24,12,16,mixed,none,0.0,uniform,16,0.16666666666666666,0.8333333333333334,3.5849625007211565,11.58496250072116,0.0,2.0
decor_scaling,1,hybrid_50,4,24,12,16,mixed,none,0.0,uniform,16,0.08333333333333333,0.9166666666666666,3.5849625007211565,3.5849625007211565,0.0,4.0
decor_scaling,1,hybrid_50,6,24,12,16,mixed,none,0.0,uniform,16,0.25,0.75,1.5849625007211552,1.5849625007211552,2.0,4.0
decor_scaling,1,hybrid_50,8,24,12,16,mixed,none,0.0,uniform,16,1.0,0.0,0.0,0.0,4.0,4.0
decor_scaling,1,expected_regret,2,24,12,16,mixed,none,0.0,uniform,16,0.20833333333333334,0.7916666666666666,1.7916666666666667,17.791666666666668,2.0,0.0
decor_scaling,1,expected_regret,4,24,12,16,mixed,none,0.0,uniform,16,0.75,0.25,0.625,16.625,4.0,0.0
decor_scaling,1,expected_regret,6,24,12,16,mixed,none,0.0,uniform,16,1.0,0.0,0.0,16.0,6.0,0.0
decor_scaling,1,expected_regret,8,24,12,16,mixed,none,0.0,uniform,16,1.0,0.0,0.0,16.0,8.0,0.0
decor_scaling,2,dense_entropy,2,24,12,16,mixed,none,0.0,uniform,16,0.041666666666666664,0.9583333333333334,3.5849625007211565,11.58496250072116,0.0,2.0
decor_scaling,2,dense_entropy,4,24,12,16,mixed,none,0.0,uniform,16,0.20833333333333334,0.7916666666666666,3.5849625007211565,3.5849625007211565,0.0,4.0
decor_scaling,2,dense_entropy,6,24,12,16,mixed,none,0.0,uniform,16,0.375,0.625,1.5849625007211552,1.5849625007211552,2.0,4.0
decor_scaling,2,dense_entropy,8,24,12,16,mixed,none,0.0,uniform,16,1.0,0.0,0.0,0.0,4.0,4.0
decor_scaling,2,dense_contact_only,2,24,12,16,mixed,none,0.0,uniform,16,0.3333333333333333,0.6666666666666666,1.5849625007211552,17.58496250072115,2.0,0.0
decor_scaling,2,dense_contact_only,4,24,12,16,mixed,none,0.0,uniform,16,1.0,0.0,0.0,16.0,4.0,0.0
decor_scaling,2,dense_contact_only,6,24,12,16,mixed,none,0.0,uniform,16,1.0,0.0,0.0,16.0,6.0,0.0
decor_scaling,2,dense_contact_only,8,24,12,16,mixed,none,0.0,uniform,16,1.0,0.0,0.0,16.0,8.0,0.0
decor_scaling,2,critical_cell_entropy,2,24,12,16,mixed,none,0.0,uniform,16,0.375,0.625,2.7682734124061352,18.76827341240614,2.0,0.0
decor_scaling,2,critical_cell_entropy,4,24,12,16,mixed,none,0.0,uniform,16,0.4583333333333333,0.5416666666666666,2.0,18.0,4.0,0.0
decor_scaling,2,critical_cell_entropy,6,24,12,16,mixed,none,0.0,uniform,16,0.7083333333333334,0.2916666666666667,0.9693609377704334,16.96936093777043,6.0,0.0
decor_scaling,2,critical_cell_entropy,8,24,12,16,mixed,none,0.0,uniform,16,0.8333333333333334,0.16666666666666666,0.4166666666666667,16.416666666666668,8.0,0.0
decor_scaling,2,contact_equivalence,2,24,12,16,mixed,none,0.0,uniform,16,0.2916666666666667,0.7083333333333334,1.5849625007211552,17.58496250072115,2.0,0.0
decor_scaling,2,contact_equivalence,4,24,12,16,mixed,none,0.0,uniform,16,1.0,0.0,0.0,16.0,4.0,0.0
decor_scaling,2,contact_equivalence,6,24,12,16,mixed,none,0.0,uniform,16,1.0,0.0,0.0,16.0,6.0,0.0
decor_scaling,2,contact_equivalence,8,24,12,16,mixed,none,0.0,uniform,16,1.0,0.0,0.0,16.0,8.0,0.0
decor_scaling,2,hybrid_50,2,24,12,16,mixed,none,0.0,uniform,16,0.08333333333333333,0.9166666666666666,3.5849625007211565,11.58496250072116,0.0,2.0
decor_scaling,2,hybrid_50,4,24,12,16,mixed,none,0.0,uniform,16,0.08333333333333333,0.9166666666666666,3.5849625007211565,3.5849625007211565,0.0,4.0
decor_scaling,2,hybrid_50,6,24,12,16,mixed,none,0.0,uniform,16,0.25,0.75,1.5849625007211552,1.5849625007211552,2.0,4.0
decor_scaling,2,hybrid_50,8,24,12,16,mixed,none,0.0,uniform,16,1.0,0.0,0.0,0.0,4.0,4.0
decor_scaling,2,expected_regret,2,24,12,16,mixed,none,0.0,uniform,16,0.2916666666666667,0.7083333333333334,1.4583333333333333,17.458333333333332,2.0,0.0
decor_scaling,2,expected_regret,4,24,12,16,mixed,none,0.0,uniform,16,0.8333333333333334,0.16666666666666666,0.20833333333333334,16.208333333333332,4.0,0.0
decor_scaling,2,expected_regret,6,24,12,16,mixed,none,0.0,uniform,16,1.0,0.0,0.0,16.0,6.0,0.0
decor_scaling,2,expected_regret,8,24,12,16,mixed,none,0.0,uniform,16,1.0,0.0,0.0,16.0,8.0,0.0
decor_scaling,3,dense_entropy,2,24,12,16,mixed,none,0.0,uniform,16,0.125,0.875,3.5849625007211565,11.58496250072116,0.0,2.0
decor_scaling,3,dense_entropy,4,24,12,16,mixed,none,0.0,uniform,16,0.041666666666666664,0.9583333333333334,3.5849625007211565,3.5849625007211565,0.0,4.0
decor_scaling,3,dense_entropy,6,24,12,16,mixed,none,0.0,uniform,16,0.2916666666666667,0.7083333333333334,1.5849625007211552,1.5849625007211552,2.0,4.0
decor_scaling,3,dense_entropy,8,24,12,16,mixed,none,0.0,uniform,16,1.0,0.0,0.0,0.0,4.0,4.0
decor_scaling,3,dense_contact_only,2,24,12,16,mixed,none,0.0,uniform,16,0.4166666666666667,0.5833333333333334,1.5849625007211552,17.58496250072115,2.0,0.0
decor_scaling,3,dense_contact_only,4,24,12,16,mixed,none,0.0,uniform,16,1.0,0.0,0.0,16.0,4.0,0.0
decor_scaling,3,dense_contact_only,6,24,12,16,mixed,none,0.0,uniform,16,1.0,0.0,0.0,16.0,6.0,0.0
decor_scaling,3,dense_contact_only,8,24,12,16,mixed,none,0.0,uniform,16,1.0,0.0,0.0,16.0,8.0,0.0
decor_scaling,3,critical_cell_entropy,2,24,12,16,mixed,none,0.0,uniform,16,0.2916666666666667,0.7083333333333334,2.6298597417858285,18.629859741785832,2.0,0.0
decor_scaling,3,critical_cell_entropy,4,24,12,16,mixed,none,0.0,uniform,16,0.4583333333333333,0.5416666666666666,1.875,17.875,4.0,0.0
decor_scaling,3,critical_cell_entropy,6,24,12,16,mixed,none,0.0,uniform,16,0.5833333333333334,0.4166666666666667,1.1847744794971964,17.184774479497193,6.0,0.0
decor_scaling,3,critical_cell_entropy,8,24,12,16,mixed,none,0.0,uniform,16,0.7916666666666666,0.20833333333333334,0.4166666666666667,16.416666666666668,8.0,0.0
decor_scaling,3,contact_equivalence,2,24,12,16,mixed,none,0.0,uniform,16,0.2916666666666667,0.7083333333333334,1.5849625007211552,17.58496250072115,2.0,0.0
decor_scaling,3,contact_equivalence,4,24,12,16,mixed,none,0.0,uniform,16,1.0,0.0,0.0,16.0,4.0,0.0
decor_scaling,3,contact_equivalence,6,24,12,16,mixed,none,0.0,uniform,16,1.0,0.0,0.0,16.0,6.0,0.0
decor_scaling,3,contact_equivalence,8,24,12,16,mixed,none,0.0,uniform,16,1.0,0.0,0.0,16.0,8.0,0.0
decor_scaling,3,hybrid_50,2,24,12,16,mixed,none,0.0,uniform,16,0.08333333333333333,0.9166666666666666,3.5849625007211565,11.58496250072116,0.0,2.0
decor_scaling,3,hybrid_50,4,24,12,16,mixed,none,0.0,uniform,16,0.08333333333333333,0.9166666666666666,3.5849625007211565,3.5849625007211565,0.0,4.0
decor_scaling,3,hybrid_50,6,24,12,16,mixed,none,0.0,uniform,16,0.375,0.625,1.5849625007211552,1.5849625007211552,2.0,4.0
decor_scaling,3,hybrid_50,8,24,12,16,mixed,none,0.0,uniform,16,1.0,0.0,0.0,0.0,4.0,4.0
decor_scaling,3,expected_regret,2,24,12,16,mixed,none,0.0,uniform,16,0.16666666666666666,0.8333333333333334,1.875,17.875,2.0,0.0
decor_scaling,3,expected_regret,4,24,12,16,mixed,none,0.0,uniform,16,0.875,0.125,0.3333333333333333,16.333333333333332,4.0,0.0
decor_scaling,3,expected_regret,6,24,12,16,mixed,none,0.0,uniform,16,1.0,0.0,0.0,16.0,6.0,0.0
decor_scaling,3,expected_regret,8,24,12,16,mixed,none,0.0,uniform,16,1.0,0.0,0.0,16.0,8.0,0.0
decor_scaling,4,dense_entropy,2,24,12,16,mixed,none,0.0,uniform,16,0.08333333333333333,0.9166666666666666,3.5849625007211565,11.58496250072116,0.0,2.0
decor_scaling,4,dense_entropy,4,24,12,16,mixed,none,0.0,uniform,16,0.08333333333333333,0.9166666666666666,3.5849625007211565,3.5849625007211565,0.0,4.0
decor_scaling,4,dense_entropy,6,24,12,16,mixed,none,0.0,uniform,16,0.20833333333333334,0.7916666666666666,1.5849625007211552,1.5849625007211552,2.0,4.0
decor_scaling,4,dense_entropy,8,24,12,16,mixed,none,0.0,uniform,16,1.0,0.0,0.0,0.0,4.0,4.0
decor_scaling,4,dense_contact_only,2,24,12,16,mixed,none,0.0,uniform,16,0.3333333333333333,0.6666666666666666,1.5849625007211552,17.58496250072115,2.0,0.0
decor_scaling,4,dense_contact_only,4,24,12,16,mixed,none,0.0,uniform,16,1.0,0.0,0.0,16.0,4.0,0.0
decor_scaling,4,dense_contact_only,6,24,12,16,mixed,none,0.0,uniform,16,1.0,0.0,0.0,16.0,6.0,0.0
decor_scaling,4,dense_contact_only,8,24,12,16,mixed,none,0.0,uniform,16,1.0,0.0,0.0,16.0,8.0,0.0
decor_scaling,4,critical_cell_entropy,2,24,12,16,mixed,none,0.0,uniform,16,0.16666666666666666,0.8333333333333334,2.9066870830264424,18.906687083026444,2.0,0.0
decor_scaling,4,critical_cell_entropy,4,24,12,16,mixed,none,0.0,uniform,16,0.5,0.5,1.875,17.875,4.0,0.0
decor_scaling,4,critical_cell_entropy,6,24,12,16,mixed,none,0.0,uniform,16,0.6666666666666666,0.3333333333333333,0.9693609377704334,16.96936093777043,6.0,0.0
decor_scaling,4,critical_cell_entropy,8,24,12,16,mixed,none,0.0,uniform,16,0.875,0.125,0.4166666666666667,16.416666666666668,8.0,0.0
decor_scaling,4,contact_equivalence,2,24,12,16,mixed,none,0.0,uniform,16,0.2916666666666667,0.7083333333333334,1.5849625007211552,17.58496250072115,2.0,0.0
decor_scaling,4,contact_equivalence,4,24,12,16,mixed,none,0.0,uniform,16,1.0,0.0,0.0,16.0,4.0,0.0
decor_scaling,4,contact_equivalence,6,24,12,16,mixed,none,0.0,uniform,16,1.0,0.0,0.0,16.0,6.0,0.0
decor_scaling,4,contact_equivalence,8,24,12,16,mixed,none,0.0,uniform,16,1.0,0.0,0.0,16.0,8.0,0.0
decor_scaling,4,hybrid_50,2,24,12,16,mixed,none,0.0,uniform,16,0.08333333333333333,0.9166666666666666,3.5849625007211565,11.58496250072116,0.0,2.0
decor_scaling,4,hybrid_50,4,24,12,16,mixed,none,0.0,uniform,16,0.041666666666666664,0.9583333333333334,3.5849625007211565,3.5849625007211565,0.0,4.0
decor_scaling,4,hybrid_50,6,24,12,16,mixed,none,0.0,uniform,16,0.2916666666666667,0.7083333333333334,1.5849625007211552,1.5849625007211552,2.0,4.0
decor_scaling,4,hybrid_50,8,24,12,16,mixed,none,0.0,uniform,16,1.0,0.0,0.0,0.0,4.0,4.0
decor_scaling,4,expected_regret,2,24,12,16,mixed,none,0.0,uniform,16,0.4166666666666667,0.5833333333333334,1.625,17.625,2.0,0.0
decor_scaling,4,expected_regret,4,24,12,16,mixed,none,0.0,uniform,16,0.9583333333333334,0.041666666666666664,0.2916666666666667,16.291666666666668,4.0,0.0
decor_scaling,4,expected_regret,6,24,12,16,mixed,none,0.0,uniform,16,1.0,0.0,0.0,16.0,6.0,0.0
decor_scaling,4,expected_regret,8,24,12,16,mixed,none,0.0,uniform,16,1.0,0.0,0.0,16.0,8.0,0.0
decor_scaling,5,dense_entropy,2,24,12,16,mixed,none,0.0,uniform,16,0.041666666666666664,0.9583333333333334,3.5849625007211565,11.58496250072116,0.0,2.0
decor_scaling,5,dense_entropy,4,24,12,16,mixed,none,0.0,uniform,16,0.08333333333333333,0.9166666666666666,3.5849625007211565,3.5849625007211565,0.0,4.0
decor_scaling,5,dense_entropy,6,24,12,16,mixed,none,0.0,uniform,16,0.3333333333333333,0.6666666666666666,1.5849625007211552,1.5849625007211552,2.0,4.0
decor_scaling,5,dense_entropy,8,24,12,16,mixed,none,0.0,uniform,16,1.0,0.0,0.0,0.0,4.0,4.0
decor_scaling,5,dense_contact_only,2,24,12,16,mixed,none,0.0,uniform,16,0.3333333333333333,0.6666666666666666,1.5849625007211552,17.58496250072115,2.0,0.0
decor_scaling,5,dense_contact_only,4,24,12,16,mixed,none,0.0,uniform,16,1.0,0.0,0.0,16.0,4.0,0.0
decor_scaling,5,dense_contact_only,6,24,12,16,mixed,none,0.0,uniform,16,1.0,0.0,0.0,16.0,6.0,0.0
decor_scaling,5,dense_contact_only,8,24,12,16,mixed,none,0.0,uniform,16,1.0,0.0,0.0,16.0,8.0,0.0
decor_scaling,5,critical_cell_entropy,2,24,12,16,mixed,none,0.0,uniform,16,0.3333333333333333,0.6666666666666666,2.6298597417858285,18.629859741785832,2.0,0.0
decor_scaling,5,critical_cell_entropy,4,24,12,16,mixed,none,0.0,uniform,16,0.4583333333333333,0.5416666666666666,2.125,18.125,4.0,0.0
decor_scaling,5,critical_cell_entropy,6,24,12,16,mixed,none,0.0,uniform,16,0.4583333333333333,0.5416666666666666,1.615601562950722,17.615601562950715,6.0,0.0
decor_scaling,5,critical_cell_entropy,8,24,12,16,mixed,none,0.0,uniform,16,0.7083333333333334,0.2916666666666667,0.5833333333333334,16.583333333333332,8.0,0.0
decor_scaling,5,contact_equivalence,2,24,12,16,mixed,none,0.0,uniform,16,0.3333333333333333,0.6666666666666666,1.5849625007211552,17.58496250072115,2.0,0.0
decor_scaling,5,contact_equivalence,4,24,12,16,mixed,none,0.0,uniform,16,1.0,0.0,0.0,16.0,4.0,0.0
decor_scaling,5,contact_equivalence,6,24,12,16,mixed,none,0.0,uniform,16,1.0,0.0,0.0,16.0,6.0,0.0
decor_scaling,5,contact_equivalence,8,24,12,16,mixed,none,0.0,uniform,16,1.0,0.0,0.0,16.0,8.0,0.0
decor_scaling,5,hybrid_50,2,24,12,16,mixed,none,0.0,uniform,16,0.041666666666666664,0.9583333333333334,3.5849625007211565,11.58496250072116,0.0,2.0
decor_scaling,5,hybrid_50,4,24,12,16,mixed,none,0.0,uniform,16,0.125,0.875,3.5849625007211565,3.5849625007211565,0.0,4.0
decor_scaling,5,hybrid_50,6,24,12,16,mixed,none,0.0,uniform,16,0.20833333333333334,0.7916666666666666,1.5849625007211552,1.5849625007211552,2.0,4.0
decor_scaling,5,hybrid_50,8,24,12,16,mixed,none,0.0,uniform,16,1.0,0.0,0.0,0.0,4.0,4.0
decor_scaling,5,expected_regret,2,24,12,16,mixed,none,0.0,uniform,16,0.16666666666666666,0.8333333333333334,1.75,17.75,2.0,0.0
decor_scaling,5,expected_regret,4,24,12,16,mixed,none,0.0,uniform,16,0.875,0.125,0.3333333333333333,16.333333333333332,4.0,0.0
decor_scaling,5,expected_regret,6,24,12,16,mixed,none,0.0,uniform,16,1.0,0.0,0.0,16.0,6.0,0.0
decor_scaling,5,expected_regret,8,24,12,16,mixed,none,0.0,uniform,16,1.0,0.0,0.0,16.0,8.0,0.0
decor_scaling,6,dense_entropy,2,24,12,16,mixed,none,0.0,uniform,16,0.125,0.875,3.5849625007211565,11.58496250072116,0.0,2.0
decor_scaling,6,dense_entropy,4,24,12,16,mixed,none,0.0,uniform,16,0.08333333333333333,0.9166666666666666,3.5849625007211565,3.5849625007211565,0.0,4.0
decor_scaling,6,dense_entropy,6,24,12,16,mixed,none,0.0,uniform,16,0.4166666666666667,0.5833333333333334,1.5849625007211552,1.5849625007211552,2.0,4.0
decor_scaling,6,dense_entropy,8,24,12,16,mixed,none,0.0,uniform,16,1.0,0.0,0.0,0.0,4.0,4.0
decor_scaling,6,dense_contact_only,2,24,12,16,mixed,none,0.0,uniform,16,0.375,0.625,1.5849625007211552,17.58496250072115,2.0,0.0
decor_scaling,6,dense_contact_only,4,24,12,16,mixed,none,0.0,uniform,16,1.0,0.0,0.0,16.0,4.0,0.0
decor_scaling,6,dense_contact_only,6,24,12,16,mixed,none,0.0,uniform,16,1.0,0.0,0.0,16.0,6.0,0.0
decor_scaling,6,dense_contact_only,8,24,12,16,mixed,none,0.0,uniform,16,1.0,0.0,0.0,16.0,8.0,0.0
decor_scaling,6,critical_cell_entropy,2,24,12,16,mixed,none,0.0,uniform,16,0.2916666666666667,0.7083333333333334,2.6298597417858285,18.629859741785832,2.0,0.0
decor_scaling,6,critical_cell_entropy,4,24,12,16,mixed,none,0.0,uniform,16,0.4166666666666667,0.5833333333333334,1.875,17.875,4.0,0.0
decor_scaling,6,critical_cell_entropy,6,24,12,16,mixed,none,0.0,uniform,16,0.4583333333333333,0.5416666666666666,1.4001880212239592,17.400188021223958,6.0,0.0
decor_scaling,6,critical_cell_entropy,8,24,12,16,mixed,none,0.0,uniform,16,0.7083333333333334,0.2916666666666667,0.75,16.75,8.0,0.0
decor_scaling,6,contact_equivalence,2,24,12,16,mixed,none,0.0,uniform,16,0.375,0.625,1.5849625007211552,17.58496250072115,2.0,0.0
decor_scaling,6,contact_equivalence,4,24,12,16,mixed,none,0.0,uniform,16,1.0,0.0,0.0,16.0,4.0,0.0
decor_scaling,6,contact_equivalence,6,24,12,16,mixed,none,0.0,uniform,16,1.0,0.0,0.0,16.0,6.0,0.0
decor_scaling,6,contact_equivalence,8,24,12,16,mixed,none,0.0,uniform,16,1.0,0.0,0.0,16.0,8.0,0.0
decor_scaling,6,hybrid_50,2,24,12,16,mixed,none,0.0,uniform,16,0.20833333333333334,0.7916666666666666,3.5849625007211565,11.58496250072116,0.0,2.0
decor_scaling,6,hybrid_50,4,24,12,16,mixed,none,0.0,uniform,16,0.08333333333333333,0.9166666666666666,3.5849625007211565,3.5849625007211565,0.0,4.0
decor_scaling,6,hybrid_50,6,24,12,16,mixed,none,0.0,uniform,16,0.2916666666666667,0.7083333333333334,1.5849625007211552,1.5849625007211552,2.0,4.0
decor_scaling,6,hybrid_50,8,24,12,16,mixed,none,0.0,uniform,16,1.0,0.0,0.0,0.0,4.0,4.0
decor_scaling,6,expected_regret,2,24,12,16,mixed,none,0.0,uniform,16,0.25,0.75,1.625,17.625,2.0,0.0
decor_scaling,6,expected_regret,4,24,12,16,mixed,none,0.0,uniform,16,0.8333333333333334,0.16666666666666666,0.2916666666666667,16.291666666666668,4.0,0.0
decor_scaling,6,expected_regret,6,24,12,16,mixed,none,0.0,uniform,16,1.0,0.0,0.0,16.0,6.0,0.0
decor_scaling,6,expected_regret,8,24,12,16,mixed,none,0.0,uniform,16,1.0,0.0,0.0,16.0,8.0,0.0
decor_scaling,7,dense_entropy,2,24,12,16,mixed,none,0.0,uniform,16,0.16666666666666666,0.8333333333333334,3.5849625007211565,11.58496250072116,0.0,2.0
decor_scaling,7,dense_entropy,4,24,12,16,mixed,none,0.0,uniform,16,0.08333333333333333,0.9166666666666666,3.5849625007211565,3.5849625007211565,0.0,4.0
decor_scaling,7,dense_entropy,6,24,12,16,mixed,none,0.0,uniform,16,0.16666666666666666,0.8333333333333334,1.5849625007211552,1.5849625007211552,2.0,4.0
decor_scaling,7,dense_entropy,8,24,12,16,mixed,none,0.0,uniform,16,1.0,0.0,0.0,0.0,4.0,4.0
decor_scaling,7,dense_contact_only,2,24,12,16,mixed,none,0.0,uniform,16,0.4166666666666667,0.5833333333333334,1.5849625007211552,17.58496250072115,2.0,0.0
decor_scaling,7,dense_contact_only,4,24,12,16,mixed,none,0.0,uniform,16,1.0,0.0,0.0,16.0,4.0,0.0
decor_scaling,7,dense_contact_only,6,24,12,16,mixed,none,0.0,uniform,16,1.0,0.0,0.0,16.0,6.0,0.0
decor_scaling,7,dense_contact_only,8,24,12,16,mixed,none,0.0,uniform,16,1.0,0.0,0.0,16.0,8.0,0.0
decor_scaling,7,critical_cell_entropy,2,24,12,16,mixed,none,0.0,uniform,16,0.25,0.75,2.9066870830264424,18.906687083026444,2.0,0.0
decor_scaling,7,critical_cell_entropy,4,24,12,16,mixed,none,0.0,uniform,16,0.4583333333333333,0.5416666666666666,1.875,17.875,4.0,0.0
decor_scaling,7,critical_cell_entropy,6,24,12,16,mixed,none,0.0,uniform,16,0.7083333333333334,0.2916666666666667,0.861654166907052,16.861654166907048,6.0,0.0
decor_scaling,7,critical_cell_entropy,8,24,12,16,mixed,none,0.0,uniform,16,0.9166666666666666,0.08333333333333333,0.16666666666666666,16.166666666666668,8.0,0.0
decor_scaling,7,contact_equivalence,2,24,12,16,mixed,none,0.0,uniform,16,0.125,0.875,1.5849625007211552,17.58496250072115,2.0,0.0
decor_scaling,7,contact_equivalence,4,24,12,16,mixed,none,0.0,uniform,16,1.0,0.0,0.0,16.0,4.0,0.0
decor_scaling,7,contact_equivalence,6,24,12,16,mixed,none,0.0,uniform,16,1.0,0.0,0.0,16.0,6.0,0.0
decor_scaling,7,contact_equivalence,8,24,12,16,mixed,none,0.0,uniform,16,1.0,0.0,0.0,16.0,8.0,0.0
decor_scaling,7,hybrid_50,2,24,12,16,mixed,none,0.0,uniform,16,0.125,0.875,3.5849625007211565,11.58496250072116,0.0,2.0
decor_scaling,7,hybrid_50,4,24,12,16,mixed,none,0.0,uniform,16,0.041666666666666664,0.9583333333333334,3.5849625007211565,3.5849625007211565,0.0,4.0
decor_scaling,7,hybrid_50,6,24,12,16,mixed,none,0.0,uniform,16,0.4166666666666667,0.5833333333333334,1.5849625007211552,1.5849625007211552,2.0,4.0
decor_scaling,7,hybrid_50,8,24,12,16,mixed,none,0.0,uniform,16,1.0,0.0,0.0,0.0,4.0,4.0
decor_scaling,7,expected_regret,2,24,12,16,mixed,none,0.0,uniform,16,0.3333333333333333,0.6666666666666666,1.625,17.625,2.0,0.0
decor_scaling,7,expected_regret,4,24,12,16,mixed,none,0.0,uniform,16,0.9166666666666666,0.08333333333333333,0.25,16.25,4.0,0.0
decor_scaling,7,expected_regret,6,24,12,16,mixed,none,0.0,uniform,16,1.0,0.0,0.0,16.0,6.0,0.0
decor_scaling,7,expected_regret,8,24,12,16,mixed,none,0.0,uniform,16,1.0,0.0,0.0,16.0,8.0,0.0
decor_scaling,8,dense_entropy,2,24,12,16,mixed,none,0.0,uniform,16,0.08333333333333333,0.9166666666666666,3.5849625007211565,11.58496250072116,0.0,2.0
decor_scaling,8,dense_entropy,4,24,12,16,mixed,none,0.0,uniform,16,0.125,0.875,3.5849625007211565,3.5849625007211565,0.0,4.0
decor_scaling,8,dense_entropy,6,24,12,16,mixed,none,0.0,uniform,16,0.2916666666666667,0.7083333333333334,1.5849625007211552,1.5849625007211552,2.0,4.0
decor_scaling,8,dense_entropy,8,24,12,16,mixed,none,0.0,uniform,16,1.0,0.0,0.0,0.0,4.0,4.0
decor_scaling,8,dense_contact_only,2,24,12,16,mixed,none,0.0,uniform,16,0.20833333333333334,0.7916666666666666,1.5849625007211552,17.58496250072115,2.0,0.0
decor_scaling,8,dense_contact_only,4,24,12,16,mixed,none,0.0,uniform,16,1.0,0.0,0.0,16.0,4.0,0.0
decor_scaling,8,dense_contact_only,6,24,12,16,mixed,none,0.0,uniform,16,1.0,0.0,0.0,16.0,6.0,0.0
decor_scaling,8,dense_contact_only,8,24,12,16,mixed,none,0.0,uniform,16,1.0,0.0,0.0,16.0,8.0,0.0
decor_scaling,8,critical_cell_entropy,2,24,12,16,mixed,none,0.0,uniform,16,0.20833333333333334,0.7916666666666666,3.0451007536467496,19.045100753646754,2.0,0.0
decor_scaling,8,critical_cell_entropy,4,24,12,16,mixed,none,0.0,uniform,16,0.2916666666666667,0.7083333333333334,2.375,18.375,4.0,0.0
decor_scaling,8,critical_cell_entropy,6,24,12,16,mixed,none,0.0,uniform,16,0.5,0.5,1.5078947920873407,17.50789479208734,6.0,0.0
decor_scaling,8,critical_cell_entropy,8,24,12,16,mixed,none,0.0,uniform,16,0.5833333333333334,0.4166666666666667,0.9166666666666666,16.916666666666668,8.0,0.0
decor_scaling,8,contact_equivalence,2,24,12,16,mixed,none,0.0,uniform,16,0.3333333333333333,0.6666666666666666,1.5849625007211552,17.58496250072115,2.0,0.0
decor_scaling,8,contact_equivalence,4,24,12,16,mixed,none,0.0,uniform,16,1.0,0.0,0.0,16.0,4.0,0.0
decor_scaling,8,contact_equivalence,6,24,12,16,mixed,none,0.0,uniform,16,1.0,0.0,0.0,16.0,6.0,0.0
decor_scaling,8,contact_equivalence,8,24,12,16,mixed,none,0.0,uniform,16,1.0,0.0,0.0,16.0,8.0,0.0
decor_scaling,8,hybrid_50,2,24,12,16,mixed,none,0.0,uniform,16,0.16666666666666666,0.8333333333333334,3.5849625007211565,11.58496250072116,0.0,2.0
decor_scaling,8,hybrid_50,4,24,12,16,mixed,none,0.0,uniform,16,0.125,0.875,3.5849625007211565,3.5849625007211565,0.0,4.0
decor_scaling,8,hybrid_50,6,24,12,16,mixed,none,0.0,uniform,16,0.4166666666666667,0.5833333333333334,1.5849625007211552,1.5849625007211552,2.0,4.0
decor_scaling,8,hybrid_50,8,24,12,16,mixed,none,0.0,uniform,16,1.0,0.0,0.0,0.0,4.0,4.0
decor_scaling,8,expected_regret,2,24,12,16,mixed,none,0.0,uniform,16,0.375,0.625,1.75,17.75,2.0,0.0
decor_scaling,8,expected_regret,4,24,12,16,mixed,none,0.0,uniform,16,0.9166666666666666,0.08333333333333333,0.25,16.25,4.0,0.0
decor_scaling,8,expected_regret,6,24,12,16,mixed,none,0.0,uniform,16,1.0,0.0,0.0,16.0,6.0,0.0
decor_scaling,8,expected_regret,8,24,12,16,mixed,none,0.0,uniform,16,1.0,0.0,0.0,16.0,8.0,0.0
decor_scaling,9,dense_entropy,2,24,12,16,mixed,none,0.0,uniform,16,0.041666666666666664,0.9583333333333334,3.5849625007211565,11.58496250072116,0.0,2.0
decor_scaling,9,dense_entropy,4,24,12,16,mixed,none,0.0,uniform,16,0.041666666666666664,0.9583333333333334,3.5849625007211565,3.5849625007211565,0.0,4.0
decor_scaling,9,dense_entropy,6,24,12,16,mixed,none,0.0,uniform,16,0.3333333333333333,0.6666666666666666,1.5849625007211552,1.5849625007211552,2.0,4.0
decor_scaling,9,dense_entropy,8,24,12,16,mixed,none,0.0,uniform,16,1.0,0.0,0.0,0.0,4.0,4.0
decor_scaling,9,dense_contact_only,2,24,12,16,mixed,none,0.0,uniform,16,0.4583333333333333,0.5416666666666666,1.5849625007211552,17.58496250072115,2.0,0.0
decor_scaling,9,dense_contact_only,4,24,12,16,mixed,none,0.0,uniform,16,1.0,0.0,0.0,16.0,4.0,0.0
decor_scaling,9,dense_contact_only,6,24,12,16,mixed,none,0.0,uniform,16,1.0,0.0,0.0,16.0,6.0,0.0
decor_scaling,9,dense_contact_only,8,24,12,16,mixed,none,0.0,uniform,16,1.0,0.0,0.0,16.0,8.0,0.0
decor_scaling,9,critical_cell_entropy,2,24,12,16,mixed,none,0.0,uniform,16,0.20833333333333334,0.7916666666666666,2.7682734124061352,18.768273412406142,2.0,0.0
decor_scaling,9,critical_cell_entropy,4,24,12,16,mixed,none,0.0,uniform,16,0.4583333333333333,0.5416666666666666,1.875,17.875,4.0,0.0
decor_scaling,9,critical_cell_entropy,6,24,12,16,mixed,none,0.0,uniform,16,0.625,0.375,1.077067708633815,17.07706770863381,6.0,0.0
decor_scaling,9,critical_cell_entropy,8,24,12,16,mixed,none,0.0,uniform,16,0.75,0.25,0.5,16.5,8.0,0.0
decor_scaling,9,contact_equivalence,2,24,12,16,mixed,none,0.0,uniform,16,0.4583333333333333,0.5416666666666666,1.5849625007211552,17.58496250072115,2.0,0.0
decor_scaling,9,contact_equivalence,4,24,12,16,mixed,none,0.0,uniform,16,1.0,0.0,0.0,16.0,4.0,0.0
decor_scaling,9,contact_equivalence,6,24,12,16,mixed,none,0.0,uniform,16,1.0,0.0,0.0,16.0,6.0,0.0
decor_scaling,9,contact_equivalence,8,24,12,16,mixed,none,0.0,uniform,16,1.0,0.0,0.0,16.0,8.0,0.0
decor_scaling,9,hybrid_50,2,24,12,16,mixed,none,0.0,uniform,16,0.125,0.875,3.5849625007211565,11.58496250072116,0.0,2.0
decor_scaling,9,hybrid_50,4,24,12,16,mixed,none,0.0,uniform,16,0.08333333333333333,0.9166666666666666,3.5849625007211565,3.5849625007211565,0.0,4.0
decor_scaling,9,hybrid_50,6,24,12,16,mixed,none,0.0,uniform,16,0.20833333333333334,0.7916666666666666,1.5849625007211552,1.5849625007211552,2.0,4.0
decor_scaling,9,hybrid_50,8,24,12,16,mixed,none,0.0,uniform,16,1.0,0.0,0.0,0.0,4.0,4.0
decor_scaling,9,expected_regret,2,24,12,16,mixed,none,0.0,uniform,16,0.375,0.625,1.75,17.75,2.0,0.0
decor_scaling,9,expected_regret,4,24,12,16,mixed,none,0.0,uniform,16,0.7083333333333334,0.2916666666666667,0.4583333333333333,16.458333333333332,4.0,0.0
decor_scaling,9,expected_regret,6,24,12,16,mixed,none,0.0,uniform,16,1.0,0.0,0.0,16.0,6.0,0.0
decor_scaling,9,expected_regret,8,24,12,16,mixed,none,0.0,uniform,16,1.0,0.0,0.0,16.0,8.0,0.0
decor_scaling,0,dense_entropy,2,24,12,64,mixed,none,0.0,uniform,64,0.125,0.875,3.5849625007211565,59.58496250072114,0.0,2.0
decor_scaling,0,dense_entropy,4,24,12,64,mixed,none,0.0,uniform,64,0.041666666666666664,0.9583333333333334,3.5849625007211565,51.584962500721154,0.0,4.0
decor_scaling,0,dense_entropy,6,24,12,64,mixed,none,0.0,uniform,64,0.125,0.875,3.5849625007211565,43.58496250072116,0.0,6.0
decor_scaling,0,dense_entropy,8,24,12,64,mixed,none,0.0,uniform,64,0.041666666666666664,0.9583333333333334,3.5849625007211565,35.58496250072116,0.0,8.0
decor_scaling,0,dense_contact_only,2,24,12,64,mixed,none,0.0,uniform,64,0.25,0.75,1.5849625007211552,65.58496250072115,2.0,0.0
decor_scaling,0,dense_contact_only,4,24,12,64,mixed,none,0.0,uniform,64,1.0,0.0,0.0,64.0,4.0,0.0
decor_scaling,0,dense_contact_only,6,24,12,64,mixed,none,0.0,uniform,64,1.0,0.0,0.0,64.0,6.0,0.0
decor_scaling,0,dense_contact_only,8,24,12,64,mixed,none,0.0,uniform,64,1.0,0.0,0.0,64.0,8.0,0.0
decor_scaling,0,critical_cell_entropy,2,24,12,64,mixed,none,0.0,uniform,64,0.20833333333333334,0.7916666666666666,3.0451007536467496,67.04510075364679,2.0,0.0
decor_scaling,0,critical_cell_entropy,4,24,12,64,mixed,none,0.0,uniform,64,0.20833333333333334,0.7916666666666666,2.5,66.5,4.0,0.0
decor_scaling,0,critical_cell_entropy,6,24,12,64,mixed,none,0.0,uniform,64,0.4166666666666667,0.5833333333333334,1.615601562950722,65.61560156295072,6.0,0.0
decor_scaling,0,critical_cell_entropy,8,24,12,64,mixed,none,0.0,uniform,64,0.7916666666666666,0.20833333333333334,0.5,64.5,8.0,0.0
decor_scaling,0,contact_equivalence,2,24,12,64,mixed,none,0.0,uniform,64,0.25,0.75,1.5849625007211552,65.58496250072115,2.0,0.0
decor_scaling,0,contact_equivalence,4,24,12,64,mixed,none,0.0,uniform,64,1.0,0.0,0.0,64.0,4.0,0.0
decor_scaling,0,contact_equivalence,6,24,12,64,mixed,none,0.0,uniform,64,1.0,0.0,0.0,64.0,6.0,0.0
decor_scaling,0,contact_equivalence,8,24,12,64,mixed,none,0.0,uniform,64,1.0,0.0,0.0,64.0,8.0,0.0
decor_scaling,0,hybrid_50,2,24,12,64,mixed,none,0.0,uniform,64,0.16666666666666666,0.8333333333333334,3.5849625007211565,59.58496250072114,0.0,2.0
decor_scaling,0,hybrid_50,4,24,12,64,mixed,none,0.0,uniform,64,0.08333333333333333,0.9166666666666666,3.5849625007211565,51.584962500721154,0.0,4.0
decor_scaling,0,hybrid_50,6,24,12,64,mixed,none,0.0,uniform,64,0.08333333333333333,0.9166666666666666,3.5849625007211565,43.58496250072116,0.0,6.0
decor_scaling,0,hybrid_50,8,24,12,64,mixed,none,0.0,uniform,64,0.16666666666666666,0.8333333333333334,3.5849625007211565,35.58496250072116,0.0,8.0
decor_scaling,0,expected_regret,2,24,12,64,mixed,none,0.0,uniform,64,0.25,0.75,1.6666666666666667,65.66666666666667,2.0,0.0
decor_scaling,0,expected_regret,4,24,12,64,mixed,none,0.0,uniform,64,0.9166666666666666,0.08333333333333333,0.3333333333333333,64.33333333333333,4.0,0.0
decor_scaling,0,expected_regret,6,24,12,64,mixed,none,0.0,uniform,64,1.0,0.0,0.0,64.0,6.0,0.0
decor_scaling,0,expected_regret,8,24,12,64,mixed,none,0.0,uniform,64,1.0,0.0,0.0,64.0,8.0,0.0
decor_scaling,1,dense_entropy,2,24,12,64,mixed,none,0.0,uniform,64,0.041666666666666664,0.9583333333333334,3.5849625007211565,59.58496250072114,0.0,2.0
decor_scaling,1,dense_entropy,4,24,12,64,mixed,none,0.0,uniform,64,0.041666666666666664,0.9583333333333334,3.5849625007211565,51.584962500721154,0.0,4.0
decor_scaling,1,dense_entropy,6,24,12,64,mixed,none,0.0,uniform,64,0.08333333333333333,0.9166666666666666,3.5849625007211565,43.58496250072116,0.0,6.0
decor_scaling,1,dense_entropy,8,24,12,64,mixed,none,0.0,uniform,64,0.08333333333333333,0.9166666666666666,3.5849625007211565,35.58496250072116,0.0,8.0
decor_scaling,1,dense_contact_only,2,24,12,64,mixed,none,0.0,uniform,64,0.375,0.625,1.5849625007211552,65.58496250072115,2.0,0.0
decor_scaling,1,dense_contact_only,4,24,12,64,mixed,none,0.0,uniform,64,1.0,0.0,0.0,64.0,4.0,0.0
decor_scaling,1,dense_contact_only,6,24,12,64,mixed,none,0.0,uniform,64,1.0,0.0,0.0,64.0,6.0,0.0
decor_scaling,1,dense_contact_only,8,24,12,64,mixed,none,0.0,uniform,64,1.0,0.0,0.0,64.0,8.0,0.0
decor_scaling,1,critical_cell_entropy,2,24,12,64,mixed,none,0.0,uniform,64,0.2916666666666667,0.7083333333333334,2.4914460711655217,66.49144607116556,2.0,0.0
decor_scaling,1,critical_cell_entropy,4,24,12,64,mixed,none,0.0,uniform,64,0.2916666666666667,0.7083333333333334,2.125,66.125,4.0,0.0
decor_scaling,1,critical_cell_entropy,6,24,12,64,mixed,none,0.0,uniform,64,0.4583333333333333,0.5416666666666666,1.5078947920873407,65.50789479208733,6.0,0.0
decor_scaling,1,critical_cell_entropy,8,24,12,64,mixed,none,0.0,uniform,64,0.6666666666666666,0.3333333333333333,0.75,64.75,8.0,0.0
decor_scaling,1,contact_equivalence,2,24,12,64,mixed,none,0.0,uniform,64,0.4166666666666667,0.5833333333333334,1.5849625007211552,65.58496250072115,2.0,0.0
decor_scaling,1,contact_equivalence,4,24,12,64,mixed,none,0.0,uniform,64,1.0,0.0,0.0,64.0,4.0,0.0
decor_scaling,1,contact_equivalence,6,24,12,64,mixed,none,0.0,uniform,64,1.0,0.0,0.0,64.0,6.0,0.0
decor_scaling,1,contact_equivalence,8,24,12,64,mixed,none,0.0,uniform,64,1.0,0.0,0.0,64.0,8.0,0.0
decor_scaling,1,hybrid_50,2,24,12,64,mixed,none,0.0,uniform,64,0.041666666666666664,0.9583333333333334,3.5849625007211565,59.58496250072114,0.0,2.0
decor_scaling,1,hybrid_50,4,24,12,64,mixed,none,0.0,uniform,64,0.041666666666666664,0.9583333333333334,3.5849625007211565,51.584962500721154,0.0,4.0
decor_scaling,1,hybrid_50,6,24,12,64,mixed,none,0.0,uniform,64,0.0,1.0,3.5849625007211565,43.58496250072116,0.0,6.0
decor_scaling,1,hybrid_50,8,24,12,64,mixed,none,0.0,uniform,64,0.041666666666666664,0.9583333333333334,3.5849625007211565,35.58496250072116,0.0,8.0
decor_scaling,1,expected_regret,2,24,12,64,mixed,none,0.0,uniform,64,0.20833333333333334,0.7916666666666666,1.6666666666666667,65.66666666666667,2.0,0.0
decor_scaling,1,expected_regret,4,24,12,64,mixed,none,0.0,uniform,64,0.7083333333333334,0.2916666666666667,0.375,64.375,4.0,0.0
decor_scaling,1,expected_regret,6,24,12,64,mixed,none,0.0,uniform,64,1.0,0.0,0.0,64.0,6.0,0.0
decor_scaling,1,expected_regret,8,24,12,64,mixed,none,0.0,uniform,64,1.0,0.0,0.0,64.0,8.0,0.0
decor_scaling,2,dense_entropy,2,24,12,64,mixed,none,0.0,uniform,64,0.0,1.0,3.5849625007211565,59.58496250072114,0.0,2.0
decor_scaling,2,dense_entropy,4,24,12,64,mixed,none,0.0,uniform,64,0.041666666666666664,0.9583333333333334,3.5849625007211565,51.584962500721154,0.0,4.0
decor_scaling,2,dense_entropy,6,24,12,64,mixed,none,0.0,uniform,64,0.125,0.875,3.5849625007211565,43.58496250072116,0.0,6.0
decor_scaling,2,dense_entropy,8,24,12,64,mixed,none,0.0,uniform,64,0.041666666666666664,0.9583333333333334,3.5849625007211565,35.58496250072116,0.0,8.0
decor_scaling,2,dense_contact_only,2,24,12,64,mixed,none,0.0,uniform,64,0.25,0.75,1.5849625007211552,65.58496250072115,2.0,0.0
decor_scaling,2,dense_contact_only,4,24,12,64,mixed,none,0.0,uniform,64,1.0,0.0,0.0,64.0,4.0,0.0
decor_scaling,2,dense_contact_only,6,24,12,64,mixed,none,0.0,uniform,64,1.0,0.0,0.0,64.0,6.0,0.0
decor_scaling,2,dense_contact_only,8,24,12,64,mixed,none,0.0,uniform,64,1.0,0.0,0.0,64.0,8.0,0.0
decor_scaling,2,critical_cell_entropy,2,24,12,64,mixed,none,0.0,uniform,64,0.20833333333333334,0.7916666666666666,2.7682734124061352,66.76827341240617,2.0,0.0
decor_scaling,2,critical_cell_entropy,4,24,12,64,mixed,none,0.0,uniform,64,0.5,0.5,2.0,66.0,4.0,0.0
decor_scaling,2,critical_cell_entropy,6,24,12,64,mixed,none,0.0,uniform,64,0.5833333333333334,0.4166666666666667,1.4001880212239592,65.40018802122395,6.0,0.0
decor_scaling,2,critical_cell_entropy,8,24,12,64,mixed,none,0.0,uniform,64,0.7083333333333334,0.2916666666666667,0.9166666666666666,64.91666666666667,8.0,0.0
decor_scaling,2,contact_equivalence,2,24,12,64,mixed,none,0.0,uniform,64,0.2916666666666667,0.7083333333333334,1.5849625007211552,65.58496250072115,2.0,0.0
decor_scaling,2,contact_equivalence,4,24,12,64,mixed,none,0.0,uniform,64,1.0,0.0,0.0,64.0,4.0,0.0
decor_scaling,2,contact_equivalence,6,24,12,64,mixed,none,0.0,uniform,64,1.0,0.0,0.0,64.0,6.0,0.0
decor_scaling,2,contact_equivalence,8,24,12,64,mixed,none,0.0,uniform,64,1.0,0.0,0.0,64.0,8.0,0.0
decor_scaling,2,hybrid_50,2,24,12,64,mixed,none,0.0,uniform,64,0.0,1.0,3.5849625007211565,59.58496250072114,0.0,2.0
decor_scaling,2,hybrid_50,4,24,12,64,mixed,none,0.0,uniform,64,0.08333333333333333,0.9166666666666666,3.5849625007211565,51.584962500721154,0.0,4.0
decor_scaling,2,hybrid_50,6,24,12,64,mixed,none,0.0,uniform,64,0.08333333333333333,0.9166666666666666,3.5849625007211565,43.58496250072116,0.0,6.0
decor_scaling,2,hybrid_50,8,24,12,64,mixed,none,0.0,uniform,64,0.125,0.875,3.5849625007211565,35.58496250072116,0.0,8.0
decor_scaling,2,expected_regret,2,24,12,64,mixed,none,0.0,uniform,64,0.3333333333333333,0.6666666666666666,1.5,65.5,2.0,0.0
decor_scaling,2,expected_regret,4,24,12,64,mixed,none,0.0,uniform,64,0.9166666666666666,0.08333333333333333,0.20833333333333334,64.20833333333333,4.0,0.0
decor_scaling,2,expected_regret,6,24,12,64,mixed,none,0.0,uniform,64,1.0,0.0,0.0,64.0,6.0,0.0
decor_scaling,2,expected_regret,8,24,12,64,mixed,none,0.0,uniform,64,1.0,0.0,0.0,64.0,8.0,0.0
decor_scaling,3,dense_entropy,2,24,12,64,mixed,none,0.0,uniform,64,0.041666666666666664,0.9583333333333334,3.5849625007211565,59.58496250072114,0.0,2.0
decor_scaling,3,dense_entropy,4,24,12,64,mixed,none,0.0,uniform,64,0.041666666666666664,0.9583333333333334,3.5849625007211565,51.584962500721154,0.0,4.0
decor_scaling,3,dense_entropy,6,24,12,64,mixed,none,0.0,uniform,64,0.041666666666666664,0.9583333333333334,3.5849625007211565,43.58496250072116,0.0,6.0
decor_scaling,3,dense_entropy,8,24,12,64,mixed,none,0.0,uniform,64,0.08333333333333333,0.9166666666666666,3.5849625007211565,35.58496250072116,0.0,8.0
decor_scaling,3,dense_contact_only,2,24,12,64,mixed,none,0.0,uniform,64,0.2916666666666667,0.7083333333333334,1.5849625007211552,65.58496250072115,2.0,0.0
decor_scaling,3,dense_contact_only,4,24,12,64,mixed,none,0.0,uniform,64,1.0,0.0,0.0,64.0,4.0,0.0
decor_scaling,3,dense_contact_only,6,24,12,64,mixed,none,0.0,uniform,64,1.0,0.0,0.0,64.0,6.0,0.0
decor_scaling,3,dense_contact_only,8,24,12,64,mixed,none,0.0,uniform,64,1.0,0.0,0.0,64.0,8.0,0.0
decor_scaling,3,critical_cell_entropy,2,24,12,64,mixed,none,0.0,uniform,64,0.25,0.75,3.0451007536467496,67.04510075364679,2.0,0.0
decor_scaling,3,critical_cell_entropy,4,24,12,64,mixed,none,0.0,uniform,64,0.5416666666666666,0.4583333333333333,1.75,65.75,4.0,0.0
decor_scaling,3,critical_cell_entropy,6,24,12,64,mixed,none,0.0,uniform,64,0.5416666666666666,0.4583333333333333,1.2924812503605778,65.29248125036058,6.0,0.0
decor_scaling,3,critical_cell_entropy,8,24,12,64,mixed,none,0.0,uniform,64,0.7083333333333334,0.2916666666666667,0.75,64.75,8.0,0.0
decor_scaling,3,contact_equivalence,2,24,12,64,mixed,none,0.0,uniform,64,0.5,0.5,1.5849625007211552,65.58496250072115,2.0,0.0
decor_scaling,3,contact_equivalence,4,24,12,64,mixed,none,0.0,uniform,64,1.0,0.0,0.0,64.0,4.0,0.0
decor_scaling,3,contact_equivalence,6,24,12,64,mixed,none,0.0,uniform,64,1.0,0.0,0.0,64.0,6.0,0.0
decor_scaling,3,contact_equivalence,8,24,12,64,mixed,none,0.0,uniform,64,1.0,0.0,0.0,64.0,8.0,0.0
decor_scaling,3,hybrid_50,2,24,12,64,mixed,none,0.0,uniform,64,0.125,0.875,3.5849625007211565,59.58496250072114,0.0,2.0
decor_scaling,3,hybrid_50,4,24,12,64,mixed,none,0.0,uniform,64,0.16666666666666666,0.8333333333333334,3.5849625007211565,51.584962500721154,0.0,4.0
decor_scaling,3,hybrid_50,6,24,12,64,mixed,none,0.0,uniform,64,0.08333333333333333,0.9166666666666666,3.5849625007211565,43.58496250072116,0.0,6.0
decor_scaling,3,hybrid_50,8,24,12,64,mixed,none,0.0,uniform,64,0.0,1.0,3.5849625007211565,35.58496250072116,0.0,8.0
decor_scaling,3,expected_regret,2,24,12,64,mixed,none,0.0,uniform,64,0.3333333333333333,0.6666666666666666,1.6666666666666667,65.66666666666667,2.0,0.0
decor_scaling,3,expected_regret,4,24,12,64,mixed,none,0.0,uniform,64,0.8333333333333334,0.16666666666666666,0.3333333333333333,64.33333333333333,4.0,0.0
decor_scaling,3,expected_regret,6,24,12,64,mixed,none,0.0,uniform,64,1.0,0.0,0.0,64.0,6.0,0.0
decor_scaling,3,expected_regret,8,24,12,64,mixed,none,0.0,uniform,64,1.0,0.0,0.0,64.0,8.0,0.0
decor_scaling,4,dense_entropy,2,24,12,64,mixed,none,0.0,uniform,64,0.125,0.875,3.5849625007211565,59.58496250072114,0.0,2.0
decor_scaling,4,dense_entropy,4,24,12,64,mixed,none,0.0,uniform,64,0.0,1.0,3.5849625007211565,51.584962500721154,0.0,4.0
decor_scaling,4,dense_entropy,6,24,12,64,mixed,none,0.0,uniform,64,0.08333333333333333,0.9166666666666666,3.5849625007211565,43.58496250072116,0.0,6.0
decor_scaling,4,dense_entropy,8,24,12,64,mixed,none,0.0,uniform,64,0.08333333333333333,0.9166666666666666,3.5849625007211565,35.58496250072116,0.0,8.0
decor_scaling,4,dense_contact_only,2,24,12,64,mixed,none,0.0,uniform,64,0.25,0.75,1.5849625007211552,65.58496250072115,2.0,0.0
decor_scaling,4,dense_contact_only,4,24,12,64,mixed,none,0.0,uniform,64,1.0,0.0,0.0,64.0,4.0,0.0
decor_scaling,4,dense_contact_only,6,24,12,64,mixed,none,0.0,uniform,64,1.0,0.0,0.0,64.0,6.0,0.0
decor_scaling,4,dense_contact_only,8,24,12,64,mixed,none,0.0,uniform,64,1.0,0.0,0.0,64.0,8.0,0.0
decor_scaling,4,critical_cell_entropy,2,24,12,64,mixed,none,0.0,uniform,64,0.125,0.875,3.0451007536467496,67.04510075364679,2.0,0.0
decor_scaling,4,critical_cell_entropy,4,24,12,64,mixed,none,0.0,uniform,64,0.3333333333333333,0.6666666666666666,2.375,66.375,4.0,0.0
decor_scaling,4,critical_cell_entropy,6,24,12,64,mixed,none,0.0,uniform,64,0.4583333333333333,0.5416666666666666,1.7233083338141035,65.7233083338141,6.0,0.0
decor_scaling,4,critical_cell_entropy,8,24,12,64,mixed,none,0.0,uniform,64,0.7083333333333334,0.2916666666666667,0.6666666666666666,64.66666666666667,8.0,0.0
decor_scaling,4,contact_equivalence,2,24,12,64,mixed,none,0.0,uniform,64,0.4166666666666667,0.5833333333333334,1.5849625007211552,65.58496250072115,2.0,0.0
decor_scaling,4,contact_equivalence,4,24,12,64,mixed,none,0.0,uniform,64,1.0,0.0,0.0,64.0,4.0,0.0
decor_scaling,4,contact_equivalence,6,24,12,64,mixed,none,0.0,uniform,64,1.0,0.0,0.0,64.0,6.0,0.0
decor_scaling,4,contact_equivalence,8,24,12,64,mixed,none,0.0,uniform,64,1.0,0.0,0.0,64.0,8.0,0.0
decor_scaling,4,hybrid_50,2,24,12,64,mixed,none,0.0,uniform,64,0.0,1.0,3.5849625007211565,59.58496250072114,0.0,2.0
decor_scaling,4,hybrid_50,4,24,12,64,mixed,none,0.0,uniform,64,0.08333333333333333,0.9166666666666666,3.5849625007211565,51.584962500721154,0.0,4.0
decor_scaling,4,hybrid_50,6,24,12,64,mixed,none,0.0,uniform,64,0.041666666666666664,0.9583333333333334,3.5849625007211565,43.58496250072116,0.0,6.0
decor_scaling,4,hybrid_50,8,24,12,64,mixed,none,0.0,uniform,64,0.0,1.0,3.5849625007211565,35.58496250072116,0.0,8.0
decor_scaling,4,expected_regret,2,24,12,64,mixed,none,0.0,uniform,64,0.375,0.625,1.7083333333333333,65.70833333333333,2.0,0.0
decor_scaling,4,expected_regret,4,24,12,64,mixed,none,0.0,uniform,64,0.8333333333333334,0.16666666666666666,0.25,64.25,4.0,0.0
decor_scaling,4,expected_regret,6,24,12,64,mixed,none,0.0,uniform,64,1.0,0.0,0.0,64.0,6.0,0.0
decor_scaling,4,expected_regret,8,24,12,64,mixed,none,0.0,uniform,64,1.0,0.0,0.0,64.0,8.0,0.0
decor_scaling,5,dense_entropy,2,24,12,64,mixed,none,0.0,uniform,64,0.08333333333333333,0.9166666666666666,3.5849625007211565,59.58496250072114,0.0,2.0
decor_scaling,5,dense_entropy,4,24,12,64,mixed,none,0.0,uniform,64,0.041666666666666664,0.9583333333333334,3.5849625007211565,51.584962500721154,0.0,4.0
decor_scaling,5,dense_entropy,6,24,12,64,mixed,none,0.0,uniform,64,0.041666666666666664,0.9583333333333334,3.5849625007211565,43.58496250072116,0.0,6.0
decor_scaling,5,dense_entropy,8,24,12,64,mixed,none,0.0,uniform,64,0.16666666666666666,0.8333333333333334,3.5849625007211565,35.58496250072116,0.0,8.0
decor_scaling,5,dense_contact_only,2,24,12,64,mixed,none,0.0,uniform,64,0.5416666666666666,0.4583333333333333,1.5849625007211552,65.58496250072115,2.0,0.0
decor_scaling,5,dense_contact_only,4,24,12,64,mixed,none,0.0,uniform,64,1.0,0.0,0.0,64.0,4.0,0.0
decor_scaling,5,dense_contact_only,6,24,12,64,mixed,none,0.0,uniform,64,1.0,0.0,0.0,64.0,6.0,0.0
decor_scaling,5,dense_contact_only,8,24,12,64,mixed,none,0.0,uniform,64,1.0,0.0,0.0,64.0,8.0,0.0
decor_scaling,5,critical_cell_entropy,2,24,12,64,mixed,none,0.0,uniform,64,0.20833333333333334,0.7916666666666666,2.7682734124061352,66.76827341240617,2.0,0.0
decor_scaling,5,critical_cell_entropy,4,24,12,64,mixed,none,0.0,uniform,64,0.3333333333333333,0.6666666666666666,2.25,66.25,4.0,0.0
decor_scaling,5,critical_cell_entropy,6,24,12,64,mixed,none,0.0,uniform,64,0.5,0.5,1.5078947920873407,65.50789479208733,6.0,0.0
decor_scaling,5,critical_cell_entropy,8,24,12,64,mixed,none,0.0,uniform,64,0.6666666666666666,0.3333333333333333,1.0,65.0,8.0,0.0
decor_scaling,5,contact_equivalence,2,24,12,64,mixed,none,0.0,uniform,64,0.4166666666666667,0.5833333333333334,1.5849625007211552,65.58496250072115,2.0,0.0
decor_scaling,5,contact_equivalence,4,24,12,64,mixed,none,0.0,uniform,64,1.0,0.0,0.0,64.0,4.0,0.0
decor_scaling,5,contact_equivalence,6,24,12,64,mixed,none,0.0,uniform,64,1.0,0.0,0.0,64.0,6.0,0.0
decor_scaling,5,contact_equivalence,8,24,12,64,mixed,none,0.0,uniform,64,1.0,0.0,0.0,64.0,8.0,0.0
decor_scaling,5,hybrid_50,2,24,12,64,mixed,none,0.0,uniform,64,0.08333333333333333,0.9166666666666666,3.5849625007211565,59.58496250072114,0.0,2.0
decor_scaling,5,hybrid_50,4,24,12,64,mixed,none,0.0,uniform,64,0.041666666666666664,0.9583333333333334,3.5849625007211565,51.584962500721154,0.0,4.0
decor_scaling,5,hybrid_50,6,24,12,64,mixed,none,0.0,uniform,64,0.041666666666666664,0.9583333333333334,3.5849625007211565,43.58496250072116,0.0,6.0
decor_scaling,5,hybrid_50,8,24,12,64,mixed,none,0.0,uniform,64,0.041666666666666664,0.9583333333333334,3.5849625007211565,35.58496250072116,0.0,8.0
decor_scaling,5,expected_regret,2,24,12,64,mixed,none,0.0,uniform,64,0.4583333333333333,0.5416666666666666,1.7083333333333333,65.70833333333333,2.0,0.0
decor_scaling,5,expected_regret,4,24,12,64,mixed,none,0.0,uniform,64,0.875,0.125,0.3333333333333333,64.33333333333333,4.0,0.0
decor_scaling,5,expected_regret,6,24,12,64,mixed,none,0.0,uniform,64,1.0,0.0,0.0,64.0,6.0,0.0
decor_scaling,5,expected_regret,8,24,12,64,mixed,none,0.0,uniform,64,1.0,0.0,0.0,64.0,8.0,0.0
decor_scaling,6,dense_entropy,2,24,12,64,mixed,none,0.0,uniform,64,0.0,1.0,3.5849625007211565,59.58496250072114,0.0,2.0
decor_scaling,6,dense_entropy,4,24,12,64,mixed,none,0.0,uniform,64,0.08333333333333333,0.9166666666666666,3.5849625007211565,51.584962500721154,0.0,4.0
decor_scaling,6,dense_entropy,6,24,12,64,mixed,none,0.0,uniform,64,0.125,0.875,3.5849625007211565,43.58496250072116,0.0,6.0
decor_scaling,6,dense_entropy,8,24,12,64,mixed,none,0.0,uniform,64,0.041666666666666664,0.9583333333333334,3.5849625007211565,35.58496250072116,0.0,8.0
decor_scaling,6,dense_contact_only,2,24,12,64,mixed,none,0.0,uniform,64,0.4166666666666667,0.5833333333333334,1.5849625007211552,65.58496250072115,2.0,0.0
decor_scaling,6,dense_contact_only,4,24,12,64,mixed,none,0.0,uniform,64,1.0,0.0,0.0,64.0,4.0,0.0
decor_scaling,6,dense_contact_only,6,24,12,64,mixed,none,0.0,uniform,64,1.0,0.0,0.0,64.0,6.0,0.0
decor_scaling,6,dense_contact_only,8,24,12,64,mixed,none,0.0,uniform,64,1.0,0.0,0.0,64.0,8.0,0.0
decor_scaling,6,critical_cell_entropy,2,24,12,64,mixed,none,0.0,uniform,64,0.3333333333333333,0.6666666666666666,2.6298597417858285,66.62985974178586,2.0,0.0
decor_scaling,6,critical_cell_entropy,4,24,12,64,mixed,none,0.0,uniform,64,0.375,0.625,2.125,66.125,4.0,0.0
decor_scaling,6,critical_cell_entropy,6,24,12,64,mixed,none,0.0,uniform,64,0.4166666666666667,0.5833333333333334,1.615601562950722,65.61560156295072,6.0,0.0
decor_scaling,6,critical_cell_entropy,8,24,12,64,mixed,none,0.0,uniform,64,0.6666666666666666,0.3333333333333333,0.6666666666666666,64.66666666666667,8.0,0.0
decor_scaling,6,contact_equivalence,2,24,12,64,mixed,none,0.0,uniform,64,0.20833333333333334,0.7916666666666666,1.5849625007211552,65.58496250072115,2.0,0.0
decor_scaling,6,contact_equivalence,4,24,12,64,mixed,none,0.0,uniform,64,1.0,0.0,0.0,64.0,4.0,0.0
decor_scaling,6,contact_equivalence,6,24,12,64,mixed,none,0.0,uniform,64,1.0,0.0,0.0,64.0,6.0,0.0
decor_scaling,6,contact_equivalence,8,24,12,64,mixed,none,0.0,uniform,64,1.0,0.0,0.0,64.0,8.0,0.0
decor_scaling,6,hybrid_50,2,24,12,64,mixed,none,0.0,uniform,64,0.125,0.875,3.5849625007211565,59.58496250072114,0.0,2.0
decor_scaling,6,hybrid_50,4,24,12,64,mixed,none,0.0,uniform,64,0.041666666666666664,0.9583333333333334,3.5849625007211565,51.584962500721154,0.0,4.0
decor_scaling,6,hybrid_50,6,24,12,64,mixed,none,0.0,uniform,64,0.0,1.0,3.5849625007211565,43.58496250072116,0.0,6.0
decor_scaling,6,hybrid_50,8,24,12,64,mixed,none,0.0,uniform,64,0.08333333333333333,0.9166666666666666,3.5849625007211565,35.58496250072116,0.0,8.0
decor_scaling,6,expected_regret,2,24,12,64,mixed,none,0.0,uniform,64,0.375,0.625,1.7916666666666667,65.79166666666667,2.0,0.0
decor_scaling,6,expected_regret,4,24,12,64,mixed,none,0.0,uniform,64,0.8333333333333334,0.16666666666666666,0.3333333333333333,64.33333333333333,4.0,0.0
decor_scaling,6,expected_regret,6,24,12,64,mixed,none,0.0,uniform,64,1.0,0.0,0.0,64.0,6.0,0.0
decor_scaling,6,expected_regret,8,24,12,64,mixed,none,0.0,uniform,64,1.0,0.0,0.0,64.0,8.0,0.0
decor_scaling,7,dense_entropy,2,24,12,64,mixed,none,0.0,uniform,64,0.041666666666666664,0.9583333333333334,3.5849625007211565,59.58496250072114,0.0,2.0
decor_scaling,7,dense_entropy,4,24,12,64,mixed,none,0.0,uniform,64,0.0,1.0,3.5849625007211565,51.584962500721154,0.0,4.0
decor_scaling,7,dense_entropy,6,24,12,64,mixed,none,0.0,uniform,64,0.08333333333333333,0.9166666666666666,3.5849625007211565,43.58496250072116,0.0,6.0
decor_scaling,7,dense_entropy,8,24,12,64,mixed,none,0.0,uniform,64,0.041666666666666664,0.9583333333333334,3.5849625007211565,35.58496250072116,0.0,8.0
decor_scaling,7,dense_contact_only,2,24,12,64,mixed,none,0.0,uniform,64,0.3333333333333333,0.6666666666666666,1.5849625007211552,65.58496250072115,2.0,0.0
decor_scaling,7,dense_contact_only,4,24,12,64,mixed,none,0.0,uniform,64,1.0,0.0,0.0,64.0,4.0,0.0
decor_scaling,7,dense_contact_only,6,24,12,64,mixed,none,0.0,uniform,64,1.0,0.0,0.0,64.0,6.0,0.0
decor_scaling,7,dense_contact_only,8,24,12,64,mixed,none,0.0,uniform,64,1.0,0.0,0.0,64.0,8.0,0.0
decor_scaling,7,critical_cell_entropy,2,24,12,64,mixed,none,0.0,uniform,64,0.16666666666666666,0.8333333333333334,2.9066870830264424,66.90668708302648,2.0,0.0
decor_scaling,7,critical_cell_entropy,4,24,12,64,mixed,none,0.0,uniform,64,0.4583333333333333,0.5416666666666666,1.875,65.875,4.0,0.0
decor_scaling,7,critical_cell_entropy,6,24,12,64,mixed,none,0.0,uniform,64,0.625,0.375,1.077067708633815,65.0770677086338,6.0,0.0
decor_scaling,7,critical_cell_entropy,8,24,12,64,mixed,none,0.0,uniform,64,0.7916666666666666,0.20833333333333334,0.5,64.5,8.0,0.0
decor_scaling,7,contact_equivalence,2,24,12,64,mixed,none,0.0,uniform,64,0.25,0.75,1.5849625007211552,65.58496250072115,2.0,0.0
decor_scaling,7,contact_equivalence,4,24,12,64,mixed,none,0.0,uniform,64,1.0,0.0,0.0,64.0,4.0,0.0
decor_scaling,7,contact_equivalence,6,24,12,64,mixed,none,0.0,uniform,64,1.0,0.0,0.0,64.0,6.0,0.0
decor_scaling,7,contact_equivalence,8,24,12,64,mixed,none,0.0,uniform,64,1.0,0.0,0.0,64.0,8.0,0.0
decor_scaling,7,hybrid_50,2,24,12,64,mixed,none,0.0,uniform,64,0.041666666666666664,0.9583333333333334,3.5849625007211565,59.58496250072114,0.0,2.0
decor_scaling,7,hybrid_50,4,24,12,64,mixed,none,0.0,uniform,64,0.125,0.875,3.5849625007211565,51.584962500721154,0.0,4.0
decor_scaling,7,hybrid_50,6,24,12,64,mixed,none,0.0,uniform,64,0.041666666666666664,0.9583333333333334,3.5849625007211565,43.58496250072116,0.0,6.0
decor_scaling,7,hybrid_50,8,24,12,64,mixed,none,0.0,uniform,64,0.08333333333333333,0.9166666666666666,3.5849625007211565,35.58496250072116,0.0,8.0
decor_scaling,7,expected_regret,2,24,12,64,mixed,none,0.0,uniform,64,0.2916666666666667,0.7083333333333334,1.625,65.625,2.0,0.0
decor_scaling,7,expected_regret,4,24,12,64,mixed,none,0.0,uniform,64,0.9166666666666666,0.08333333333333333,0.20833333333333334,64.20833333333333,4.0,0.0
decor_scaling,7,expected_regret,6,24,12,64,mixed,none,0.0,uniform,64,1.0,0.0,0.0,64.0,6.0,0.0
decor_scaling,7,expected_regret,8,24,12,64,mixed,none,0.0,uniform,64,1.0,0.0,0.0,64.0,8.0,0.0
decor_scaling,8,dense_entropy,2,24,12,64,mixed,none,0.0,uniform,64,0.125,0.875,3.5849625007211565,59.58496250072114,0.0,2.0
decor_scaling,8,dense_entropy,4,24,12,64,mixed,none,0.0,uniform,64,0.125,0.875,3.5849625007211565,51.584962500721154,0.0,4.0
decor_scaling,8,dense_entropy,6,24,12,64,mixed,none,0.0,uniform,64,0.041666666666666664,0.9583333333333334,3.5849625007211565,43.58496250072116,0.0,6.0
decor_scaling,8,dense_entropy,8,24,12,64,mixed,none,0.0,uniform,64,0.0,1.0,3.5849625007211565,35.58496250072116,0.0,8.0
decor_scaling,8,dense_contact_only,2,24,12,64,mixed,none,0.0,uniform,64,0.125,0.875,1.5849625007211552,65.58496250072115,2.0,0.0
decor_scaling,8,dense_contact_only,4,24,12,64,mixed,none,0.0,uniform,64,1.0,0.0,0.0,64.0,4.0,0.0
decor_scaling,8,dense_contact_only,6,24,12,64,mixed,none,0.0,uniform,64,1.0,0.0,0.0,64.0,6.0,0.0
decor_scaling,8,dense_contact_only,8,24,12,64,mixed,none,0.0,uniform,64,1.0,0.0,0.0,64.0,8.0,0.0
decor_scaling,8,critical_cell_entropy,2,24,12,64,mixed,none,0.0,uniform,64,0.25,0.75,2.7682734124061352,66.76827341240617,2.0,0.0
decor_scaling,8,critical_cell_entropy,4,24,12,64,mixed,none,0.0,uniform,64,0.3333333333333333,0.6666666666666666,2.125,66.125,4.0,0.0
decor_scaling,8,critical_cell_entropy,6,24,12,64,mixed,none,0.0,uniform,64,0.4583333333333333,0.5416666666666666,1.5078947920873407,65.50789479208733,6.0,0.0
decor_scaling,8,critical_cell_entropy,8,24,12,64,mixed,none,0.0,uniform,64,0.7083333333333334,0.2916666666666667,0.75,64.75,8.0,0.0
decor_scaling,8,contact_equivalence,2,24,12,64,mixed,none,0.0,uniform,64,0.375,0.625,1.5849625007211552,65.58496250072115,2.0,0.0
decor_scaling,8,contact_equivalence,4,24,12,64,mixed,none,0.0,uniform,64,1.0,0.0,0.0,64.0,4.0,0.0
decor_scaling,8,contact_equivalence,6,24,12,64,mixed,none,0.0,uniform,64,1.0,0.0,0.0,64.0,6.0,0.0
decor_scaling,8,contact_equivalence,8,24,12,64,mixed,none,0.0,uniform,64,1.0,0.0,0.0,64.0,8.0,0.0
decor_scaling,8,hybrid_50,2,24,12,64,mixed,none,0.0,uniform,64,0.041666666666666664,0.9583333333333334,3.5849625007211565,59.58496250072114,0.0,2.0
decor_scaling,8,hybrid_50,4,24,12,64,mixed,none,0.0,uniform,64,0.08333333333333333,0.9166666666666666,3.5849625007211565,51.584962500721154,0.0,4.0
decor_scaling,8,hybrid_50,6,24,12,64,mixed,none,0.0,uniform,64,0.125,0.875,3.5849625007211565,43.58496250072116,0.0,6.0
decor_scaling,8,hybrid_50,8,24,12,64,mixed,none,0.0,uniform,64,0.16666666666666666,0.8333333333333334,3.5849625007211565,35.58496250072116,0.0,8.0
decor_scaling,8,expected_regret,2,24,12,64,mixed,none,0.0,uniform,64,0.4166666666666667,0.5833333333333334,1.625,65.625,2.0,0.0
decor_scaling,8,expected_regret,4,24,12,64,mixed,none,0.0,uniform,64,0.9166666666666666,0.08333333333333333,0.25,64.25,4.0,0.0
decor_scaling,8,expected_regret,6,24,12,64,mixed,none,0.0,uniform,64,1.0,0.0,0.0,64.0,6.0,0.0
decor_scaling,8,expected_regret,8,24,12,64,mixed,none,0.0,uniform,64,1.0,0.0,0.0,64.0,8.0,0.0
decor_scaling,9,dense_entropy,2,24,12,64,mixed,none,0.0,uniform,64,0.125,0.875,3.5849625007211565,59.58496250072114,0.0,2.0
decor_scaling,9,dense_entropy,4,24,12,64,mixed,none,0.0,uniform,64,0.08333333333333333,0.9166666666666666,3.5849625007211565,51.584962500721154,0.0,4.0
decor_scaling,9,dense_entropy,6,24,12,64,mixed,none,0.0,uniform,64,0.08333333333333333,0.9166666666666666,3.5849625007211565,43.58496250072116,0.0,6.0
decor_scaling,9,dense_entropy,8,24,12,64,mixed,none,0.0,uniform,64,0.0,1.0,3.5849625007211565,35.58496250072116,0.0,8.0
decor_scaling,9,dense_contact_only,2,24,12,64,mixed,none,0.0,uniform,64,0.20833333333333334,0.7916666666666666,1.5849625007211552,65.58496250072115,2.0,0.0
decor_scaling,9,dense_contact_only,4,24,12,64,mixed,none,0.0,uniform,64,1.0,0.0,0.0,64.0,4.0,0.0
decor_scaling,9,dense_contact_only,6,24,12,64,mixed,none,0.0,uniform,64,1.0,0.0,0.0,64.0,6.0,0.0
decor_scaling,9,dense_contact_only,8,24,12,64,mixed,none,0.0,uniform,64,1.0,0.0,0.0,64.0,8.0,0.0
decor_scaling,9,critical_cell_entropy,2,24,12,64,mixed,none,0.0,uniform,64,0.3333333333333333,0.6666666666666666,2.4914460711655217,66.49144607116556,2.0,0.0
decor_scaling,9,critical_cell_entropy,4,24,12,64,mixed,none,0.0,uniform,64,0.5416666666666666,0.4583333333333333,1.875,65.875,4.0,0.0
decor_scaling,9,critical_cell_entropy,6,24,12,64,mixed,none,0.0,uniform,64,0.625,0.375,1.077067708633815,65.0770677086338,6.0,0.0
decor_scaling,9,critical_cell_entropy,8,24,12,64,mixed,none,0.0,uniform,64,0.7916666666666666,0.20833333333333334,0.5,64.5,8.0,0.0
decor_scaling,9,contact_equivalence,2,24,12,64,mixed,none,0.0,uniform,64,0.375,0.625,1.5849625007211552,65.58496250072115,2.0,0.0
decor_scaling,9,contact_equivalence,4,24,12,64,mixed,none,0.0,uniform,64,1.0,0.0,0.0,64.0,4.0,0.0
decor_scaling,9,contact_equivalence,6,24,12,64,mixed,none,0.0,uniform,64,1.0,0.0,0.0,64.0,6.0,0.0
decor_scaling,9,contact_equivalence,8,24,12,64,mixed,none,0.0,uniform,64,1.0,0.0,0.0,64.0,8.0,0.0
decor_scaling,9,hybrid_50,2,24,12,64,mixed,none,0.0,uniform,64,0.041666666666666664,0.9583333333333334,3.5849625007211565,59.58496250072114,0.0,2.0
decor_scaling,9,hybrid_50,4,24,12,64,mixed,none,0.0,uniform,64,0.08333333333333333,0.9166666666666666,3.5849625007211565,51.584962500721154,0.0,4.0
decor_scaling,9,hybrid_50,6,24,12,64,mixed,none,0.0,uniform,64,0.041666666666666664,0.9583333333333334,3.5849625007211565,43.58496250072116,0.0,6.0
decor_scaling,9,hybrid_50,8,24,12,64,mixed,none,0.0,uniform,64,0.041666666666666664,0.9583333333333334,3.5849625007211565,35.58496250072116,0.0,8.0
decor_scaling,9,expected_regret,2,24,12,64,mixed,none,0.0,uniform,64,0.20833333333333334,0.7916666666666666,1.75,65.75,2.0,0.0
decor_scaling,9,expected_regret,4,24,12,64,mixed,none,0.0,uniform,64,0.875,0.125,0.2916666666666667,64.29166666666667,4.0,0.0
decor_scaling,9,expected_regret,6,24,12,64,mixed,none,0.0,uniform,64,1.0,0.0,0.0,64.0,6.0,0.0
decor_scaling,9,expected_regret,8,24,12,64,mixed,none,0.0,uniform,64,1.0,0.0,0.0,64.0,8.0,0.0
decor_scaling,0,dense_entropy,2,24,12,128,mixed,none,0.0,uniform,128,0.125,0.875,3.5849625007211565,123.58496250072119,0.0,2.0
decor_scaling,0,dense_entropy,4,24,12,128,mixed,none,0.0,uniform,128,0.08333333333333333,0.9166666666666666,3.5849625007211565,115.58496250072118,0.0,4.0
decor_scaling,0,dense_entropy,6,24,12,128,mixed,none,0.0,uniform,128,0.125,0.875,3.5849625007211565,107.58496250072115,0.0,6.0
decor_scaling,0,dense_entropy,8,24,12,128,mixed,none,0.0,uniform,128,0.08333333333333333,0.9166666666666666,3.5849625007211565,99.58496250072115,0.0,8.0
decor_scaling,0,dense_contact_only,2,24,12,128,mixed,none,0.0,uniform,128,0.4166666666666667,0.5833333333333334,1.5849625007211552,129.5849625007212,2.0,0.0
decor_scaling,0,dense_contact_only,4,24,12,128,mixed,none,0.0,uniform,128,1.0,0.0,0.0,128.0,4.0,0.0
decor_scaling,0,dense_contact_only,6,24,12,128,mixed,none,0.0,uniform,128,1.0,0.0,0.0,128.0,6.0,0.0
decor_scaling,0,dense_contact_only,8,24,12,128,mixed,none,0.0,uniform,128,1.0,0.0,0.0,128.0,8.0,0.0
decor_scaling,0,critical_cell_entropy,2,24,12,128,mixed,none,0.0,uniform,128,0.16666666666666666,0.8333333333333334,2.9066870830264424,130.90668708302647,2.0,0.0
decor_scaling,0,critical_cell_entropy,4,24,12,128,mixed,none,0.0,uniform,128,0.375,0.625,2.125,130.125,4.0,0.0
decor_scaling,0,critical_cell_entropy,6,24,12,128,mixed,none,0.0,uniform,128,0.625,0.375,1.2924812503605778,129.2924812503606,6.0,0.0
decor_scaling,0,critical_cell_entropy,8,24,12,128,mixed,none,0.0,uniform,128,0.7916666666666666,0.20833333333333334,0.6666666666666666,128.66666666666666,8.0,0.0
decor_scaling,0,contact_equivalence,2,24,12,128,mixed,none,0.0,uniform,128,0.16666666666666666,0.8333333333333334,1.5849625007211552,129.5849625007212,2.0,0.0
decor_scaling,0,contact_equivalence,4,24,12,128,mixed,none,0.0,uniform,128,1.0,0.0,0.0,128.0,4.0,0.0
decor_scaling,0,contact_equivalence,6,24,12,128,mixed,none,0.0,uniform,128,1.0,0.0,0.0,128.0,6.0,0.0
decor_scaling,0,contact_equivalence,8,24,12,128,mixed,none,0.0,uniform,128,1.0,0.0,0.0,128.0,8.0,0.0
decor_scaling,0,hybrid_50,2,24,12,128,mixed,none,0.0,uniform,128,0.125,0.875,3.5849625007211565,123.58496250072119,0.0,2.0
decor_scaling,0,hybrid_50,4,24,12,128,mixed,none,0.0,uniform,128,0.08333333333333333,0.9166666666666666,3.5849625007211565,115.58496250072118,0.0,4.0
decor_scaling,0,hybrid_50,6,24,12,128,mixed,none,0.0,uniform,128,0.041666666666666664,0.9583333333333334,3.5849625007211565,107.58496250072115,0.0,6.0
decor_scaling,0,hybrid_50,8,24,12,128,mixed,none,0.0,uniform,128,0.041666666666666664,0.9583333333333334,3.5849625007211565,99.58496250072115,0.0,8.0
decor_scaling,0,expected_regret,2,24,12,128,mixed,none,0.0,uniform,128,0.375,0.625,1.625,129.625,2.0,0.0
decor_scaling,0,expected_regret,4,24,12,128,mixed,none,0.0,uniform,128,0.8333333333333334,0.16666666666666666,0.375,128.375,4.0,0.0
decor_scaling,0,expected_regret,6,24,12,128,mixed,none,0.0,uniform,128,1.0,0.0,0.0,128.0,6.0,0.0
decor_scaling,0,expected_regret,8,24,12,128,mixed,none,0.0,uniform,128,1.0,0.0,0.0,128.0,8.0,0.0
decor_scaling,1,dense_entropy,2,24,12,128,mixed,none,0.0,uniform,128,0.08333333333333333,0.9166666666666666,3.5849625007211565,123.58496250072119,0.0,2.0
decor_scaling,1,dense_entropy,4,24,12,128,mixed,none,0.0,uniform,128,0.0,1.0,3.5849625007211565,115.58496250072118,0.0,4.0
decor_scaling,1,dense_entropy,6,24,12,128,mixed,none,0.0,uniform,128,0.08333333333333333,0.9166666666666666,3.5849625007211565,107.58496250072115,0.0,6.0
decor_scaling,1,dense_entropy,8,24,12,128,mixed,none,0.0,uniform,128,0.125,0.875,3.5849625007211565,99.58496250072115,0.0,8.0
decor_scaling,1,dense_contact_only,2,24,12,128,mixed,none,0.0,uniform,128,0.2916666666666667,0.7083333333333334,1.5849625007211552,129.5849625007212,2.0,0.0
decor_scaling,1,dense_contact_only,4,24,12,128,mixed,none,0.0,uniform,128,1.0,0.0,0.0,128.0,4.0,0.0
decor_scaling,1,dense_contact_only,6,24,12,128,mixed,none,0.0,uniform,128,1.0,0.0,0.0,128.0,6.0,0.0
decor_scaling,1,dense_contact_only,8,24,12,128,mixed,none,0.0,uniform,128,1.0,0.0,0.0,128.0,8.0,0.0
decor_scaling,1,critical_cell_entropy,2,24,12,128,mixed,none,0.0,uniform,128,0.20833333333333334,0.7916666666666666,2.9066870830264424,130.90668708302647,2.0,0.0
decor_scaling,1,critical_cell_entropy,4,24,12,128,mixed,none,0.0,uniform,128,0.625,0.375,1.625,129.625,4.0,0.0
decor_scaling,1,critical_cell_entropy,6,24,12,128,mixed,none,0.0,uniform,128,0.625,0.375,1.077067708633815,129.07706770863385,6.0,0.0
decor_scaling,1,critical_cell_entropy,8,24,12,128,mixed,none,0.0,uniform,128,0.75,0.25,0.6666666666666666,128.66666666666666,8.0,0.0
decor_scaling,1,contact_equivalence,2,24,12,128,mixed,none,0.0,uniform,128,0.25,0.75,1.5849625007211552,129.5849625007212,2.0,0.0
decor_scaling,1,contact_equivalence,4,24,12,128,mixed,none,0.0,uniform,128,1.0,0.0,0.0,128.0,4.0,0.0
decor_scaling,1,contact_equivalence,6,24,12,128,mixed,none,0.0,uniform,128,1.0,0.0,0.0,128.0,6.0,0.0
decor_scaling,1,contact_equivalence,8,24,12,128,mixed,none,0.0,uniform,128,1.0,0.0,0.0,128.0,8.0,0.0
decor_scaling,1,hybrid_50,2,24,12,128,mixed,none,0.0,uniform,128,0.125,0.875,3.5849625007211565,123.58496250072119,0.0,2.0
decor_scaling,1,hybrid_50,4,24,12,128,mixed,none,0.0,uniform,128,0.08333333333333333,0.9166666666666666,3.5849625007211565,115.58496250072118,0.0,4.0
decor_scaling,1,hybrid_50,6,24,12,128,mixed,none,0.0,uniform,128,0.041666666666666664,0.9583333333333334,3.5849625007211565,107.58496250072115,0.0,6.0
decor_scaling,1,hybrid_50,8,24,12,128,mixed,none,0.0,uniform,128,0.08333333333333333,0.9166666666666666,3.5849625007211565,99.58496250072115,0.0,8.0
decor_scaling,1,expected_regret,2,24,12,128,mixed,none,0.0,uniform,128,0.375,0.625,1.625,129.625,2.0,0.0
decor_scaling,1,expected_regret,4,24,12,128,mixed,none,0.0,uniform,128,0.9166666666666666,0.08333333333333333,0.2916666666666667,128.29166666666666,4.0,0.0
decor_scaling,1,expected_regret,6,24,12,128,mixed,none,0.0,uniform,128,1.0,0.0,0.0,128.0,6.0,0.0
decor_scaling,1,expected_regret,8,24,12,128,mixed,none,0.0,uniform,128,1.0,0.0,0.0,128.0,8.0,0.0
decor_scaling,2,dense_entropy,2,24,12,128,mixed,none,0.0,uniform,128,0.0,1.0,3.5849625007211565,123.58496250072119,0.0,2.0
decor_scaling,2,dense_entropy,4,24,12,128,mixed,none,0.0,uniform,128,0.041666666666666664,0.9583333333333334,3.5849625007211565,115.58496250072118,0.0,4.0
decor_scaling,2,dense_entropy,6,24,12,128,mixed,none,0.0,uniform,128,0.041666666666666664,0.9583333333333334,3.5849625007211565,107.58496250072115,0.0,6.0
decor_scaling,2,dense_entropy,8,24,12,128,mixed,none,0.0,uniform,128,0.041666666666666664,0.9583333333333334,3.5849625007211565,99.58496250072115,0.0,8.0
decor_scaling,2,dense_contact_only,2,24,12,128,mixed,none,0.0,uniform,128,0.3333333333333333,0.6666666666666666,1.5849625007211552,129.5849625007212,2.0,0.0
decor_scaling,2,dense_contact_only,4,24,12,128,mixed,none,0.0,uniform,128,1.0,0.0,0.0,128.0,4.0,0.0
decor_scaling,2,dense_contact_only,6,24,12,128,mixed,none,0.0,uniform,128,1.0,0.0,0.0,128.0,6.0,0.0
decor_scaling,2,dense_contact_only,8,24,12,128,mixed,none,0.0,uniform,128,1.0,0.0,0.0,128.0,8.0,0.0
decor_scaling,2,critical_cell_entropy,2,24,12,128,mixed,none,0.0,uniform,128,0.20833333333333334,0.7916666666666666,2.9066870830264424,130.90668708302647,2.0,0.0
decor_scaling,2,critical_cell_entropy,4,24,12,128,mixed,none,0.0,uniform,128,0.4166666666666667,0.5833333333333334,2.25,130.25,4.0,0.0
decor_scaling,2,critical_cell_entropy,6,24,12,128,mixed,none,0.0,uniform,128,0.7083333333333334,0.2916666666666667,1.1847744794971964,129.1847744794972,6.0,0.0
decor_scaling,2,critical_cell_entropy,8,24,12,128,mixed,none,0.0,uniform,128,0.75,0.25,0.6666666666666666,128.66666666666666,8.0,0.0
decor_scaling,2,contact_equivalence,2,24,12,128,mixed,none,0.0,uniform,128,0.25,0.75,1.5849625007211552,129.5849625007212,2.0,0.0
decor_scaling,2,contact_equivalence,4,24,12,128,mixed,none,0.0,uniform,128,1.0,0.0,0.0,128.0,4.0,0.0
decor_scaling,2,contact_equivalence,6,24,12,128,mixed,none,0.0,uniform,128,1.0,0.0,0.0,128.0,6.0,0.0
decor_scaling,2,contact_equivalence,8,24,12,128,mixed,none,0.0,uniform,128,1.0,0.0,0.0,128.0,8.0,0.0
decor_scaling,2,hybrid_50,2,24,12,128,mixed,none,0.0,uniform,128,0.125,0.875,3.5849625007211565,123.58496250072119,0.0,2.0
decor_scaling,2,hybrid_50,4,24,12,128,mixed,none,0.0,uniform,128,0.041666666666666664,0.9583333333333334,3.5849625007211565,115.58496250072118,0.0,4.0
decor_scaling,2,hybrid_50,6,24,12,128,mixed,none,0.0,uniform,128,0.16666666666666666,0.8333333333333334,3.5849625007211565,107.58496250072115,0.0,6.0
decor_scaling,2,hybrid_50,8,24,12,128,mixed,none,0.0,uniform,128,0.08333333333333333,0.9166666666666666,3.5849625007211565,99.58496250072115,0.0,8.0
decor_scaling,2,expected_regret,2,24,12,128,mixed,none,0.0,uniform,128,0.25,0.75,1.7083333333333333,129.70833333333334,2.0,0.0
decor_scaling,2,expected_regret,4,24,12,128,mixed,none,0.0,uniform,128,0.8333333333333334,0.16666666666666666,0.375,128.375,4.0,0.0
decor_scaling,2,expected_regret,6,24,12,128,mixed,none,0.0,uniform,128,1.0,0.0,0.0,128.0,6.0,0.0
decor_scaling,2,expected_regret,8,24,12,128,mixed,none,0.0,uniform,128,1.0,0.0,0.0,128.0,8.0,0.0
decor_scaling,3,dense_entropy,2,24,12,128,mixed,none,0.0,uniform,128,0.041666666666666664,0.9583333333333334,3.5849625007211565,123.58496250072119,0.0,2.0
decor_scaling,3,dense_entropy,4,24,12,128,mixed,none,0.0,uniform,128,0.16666666666666666,0.8333333333333334,3.5849625007211565,115.58496250072118,0.0,4.0
decor_scaling,3,dense_entropy,6,24,12,128,mixed,none,0.0,uniform,128,0.0,1.0,3.5849625007211565,107.58496250072115,0.0,6.0
decor_scaling,3,dense_entropy,8,24,12,128,mixed,none,0.0,uniform,128,0.041666666666666664,0.9583333333333334,3.5849625007211565,99.58496250072115,0.0,8.0
decor_scaling,3,dense_contact_only,2,24,12,128,mixed,none,0.0,uniform,128,0.5,0.5,1.5849625007211552,129.5849625007212,2.0,0.0
decor_scaling,3,dense_contact_only,4,24,12,128,mixed,none,0.0,uniform,128,1.0,0.0,0.0,128.0,4.0,0.0
decor_scaling,3,dense_contact_only,6,24,12,128,mixed,none,0.0,uniform,128,1.0,0.0,0.0,128.0,6.0,0.0
decor_scaling,3,dense_contact_only,8,24,12,128,mixed,none,0.0,uniform,128,1.0,0.0,0.0,128.0,8.0,0.0
decor_scaling,3,critical_cell_entropy,2,24,12,128,mixed,none,0.0,uniform,128,0.2916666666666667,0.7083333333333334,2.9066870830264424,130.90668708302647,2.0,0.0
decor_scaling,3,critical_cell_entropy,4,24,12,128,mixed,none,0.0,uniform,128,0.2916666666666667,0.7083333333333334,2.375,130.375,4.0,0.0
decor_scaling,3,critical_cell_entropy,6,24,12,128,mixed,none,0.0,uniform,128,0.4166666666666667,0.5833333333333334,1.7233083338141035,129.72330833381412,6.0,0.0
decor_scaling,3,critical_cell_entropy,8,24,12,128,mixed,none,0.0,uniform,128,0.6666666666666666,0.3333333333333333,0.9166666666666666,128.91666666666666,8.0,0.0
decor_scaling,3,contact_equivalence,2,24,12,128,mixed,none,0.0,uniform,128,0.375,0.625,1.5849625007211552,129.5849625007212,2.0,0.0
decor_scaling,3,contact_equivalence,4,24,12,128,mixed,none,0.0,uniform,128,1.0,0.0,0.0,128.0,4.0,0.0
decor_scaling,3,contact_equivalence,6,24,12,128,mixed,none,0.0,uniform,128,1.0,0.0,0.0,128.0,6.0,0.0
decor_scaling,3,contact_equivalence,8,24,12,128,mixed,none,0.0,uniform,128,1.0,0.0,0.0,128.0,8.0,0.0
decor_scaling,3,hybrid_50,2,24,12,128,mixed,none,0.0,uniform,128,0.125,0.875,3.5849625007211565,123.58496250072119,0.0,2.0
decor_scaling,3,hybrid_50,4,24,12,128,mixed,none,0.0,uniform,128,0.08333333333333333,0.9166666666666666,3.5849625007211565,115.58496250072118,0.0,4.0
decor_scaling,3,hybrid_50,6,24,12,128,mixed,none,0.0,uniform,128,0.125,0.875,3.5849625007211565,107.58496250072115,0.0,6.0
decor_scaling,3,hybrid_50,8,24,12,128,mixed,none,0.0,uniform,128,0.125,0.875,3.5849625007211565,99.58496250072115,0.0,8.0
decor_scaling,3,expected_regret,2,24,12,128,mixed,none,0.0,uniform,128,0.5833333333333334,0.4166666666666667,1.5416666666666667,129.54166666666666,2.0,0.0
decor_scaling,3,expected_regret,4,24,12,128,mixed,none,0.0,uniform,128,0.9166666666666666,0.08333333333333333,0.25,128.25,4.0,0.0
decor_scaling,3,expected_regret,6,24,12,128,mixed,none,0.0,uniform,128,1.0,0.0,0.0,128.0,6.0,0.0
decor_scaling,3,expected_regret,8,24,12,128,mixed,none,0.0,uniform,128,1.0,0.0,0.0,128.0,8.0,0.0
decor_scaling,4,dense_entropy,2,24,12,128,mixed,none,0.0,uniform,128,0.041666666666666664,0.9583333333333334,3.5849625007211565,123.58496250072119,0.0,2.0
decor_scaling,4,dense_entropy,4,24,12,128,mixed,none,0.0,uniform,128,0.041666666666666664,0.9583333333333334,3.5849625007211565,115.58496250072118,0.0,4.0
decor_scaling,4,dense_entropy,6,24,12,128,mixed,none,0.0,uniform,128,0.20833333333333334,0.7916666666666666,3.5849625007211565,107.58496250072115,0.0,6.0
decor_scaling,4,dense_entropy,8,24,12,128,mixed,none,0.0,uniform,128,0.125,0.875,3.5849625007211565,99.58496250072115,0.0,8.0
decor_scaling,4,dense_contact_only,2,24,12,128,mixed,none,0.0,uniform,128,0.25,0.75,1.5849625007211552,129.5849625007212,2.0,0.0
decor_scaling,4,dense_contact_only,4,24,12,128,mixed,none,0.0,uniform,128,1.0,0.0,0.0,128.0,4.0,0.0
decor_scaling,4,dense_contact_only,6,24,12,128,mixed,none,0.0,uniform,128,1.0,0.0,0.0,128.0,6.0,0.0
decor_scaling,4,dense_contact_only,8,24,12,128,mixed,none,0.0,uniform,128,1.0,0.0,0.0,128.0,8.0,0.0
decor_scaling,4,critical_cell_entropy,2,24,12,128,mixed,none,0.0,uniform,128,0.25,0.75,2.6298597417858285,130.62985974178585,2.0,0.0
decor_scaling,4,critical_cell_entropy,4,24,12,128,mixed,none,0.0,uniform,128,0.4583333333333333,0.5416666666666666,2.25,130.25,4.0,0.0
decor_scaling,4,critical_cell_entropy,6,24,12,128,mixed,none,0.0,uniform,128,0.3333333333333333,0.6666666666666666,1.9387218755408664,129.9387218755409,6.0,0.0
decor_scaling,4,critical_cell_entropy,8,24,12,128,mixed,none,0.0,uniform,128,0.7083333333333334,0.2916666666666667,0.75,128.75,8.0,0.0
decor_scaling,4,contact_equivalence,2,24,12,128,mixed,none,0.0,uniform,128,0.375,0.625,1.5849625007211552,129.5849625007212,2.0,0.0
decor_scaling,4,contact_equivalence,4,24,12,128,mixed,none,0.0,uniform,128,1.0,0.0,0.0,128.0,4.0,0.0
decor_scaling,4,contact_equivalence,6,24,12,128,mixed,none,0.0,uniform,128,1.0,0.0,0.0,128.0,6.0,0.0
decor_scaling,4,contact_equivalence,8,24,12,128,mixed,none,0.0,uniform,128,1.0,0.0,0.0,128.0,8.0,0.0
decor_scaling,4,hybrid_50,2,24,12,128,mixed,none,0.0,uniform,128,0.041666666666666664,0.9583333333333334,3.5849625007211565,123.58496250072119,0.0,2.0
decor_scaling,4,hybrid_50,4,24,12,128,mixed,none,0.0,uniform,128,0.041666666666666664,0.9583333333333334,3.5849625007211565,115.58496250072118,0.0,4.0
decor_scaling,4,hybrid_50,6,24,12,128,mixed,none,0.0,uniform,128,0.041666666666666664,0.9583333333333334,3.5849625007211565,107.58496250072115,0.0,6.0
decor_scaling,4,hybrid_50,8,24,12,128,mixed,none,0.0,uniform,128,0.041666666666666664,0.9583333333333334,3.5849625007211565,99.58496250072115,0.0,8.0
decor_scaling,4,expected_regret,2,24,12,128,mixed,none,0.0,uniform,128,0.25,0.75,1.6666666666666667,129.66666666666666,2.0,0.0
decor_scaling,4,expected_regret,4,24,12,128,mixed,none,0.0,uniform,128,0.75,0.25,0.3333333333333333,128.33333333333334,4.0,0.0
decor_scaling,4,expected_regret,6,24,12,128,mixed,none,0.0,uniform,128,1.0,0.0,0.0,128.0,6.0,0.0
decor_scaling,4,expected_regret,8,24,12,128,mixed,none,0.0,uniform,128,1.0,0.0,0.0,128.0,8.0,0.0
decor_scaling,5,dense_entropy,2,24,12,128,mixed,none,0.0,uniform,128,0.125,0.875,3.5849625007211565,123.58496250072119,0.0,2.0
decor_scaling,5,dense_entropy,4,24,12,128,mixed,none,0.0,uniform,128,0.125,0.875,3.5849625007211565,115.58496250072118,0.0,4.0
decor_scaling,5,dense_entropy,6,24,12,128,mixed,none,0.0,uniform,128,0.08333333333333333,0.9166666666666666,3.5849625007211565,107.58496250072115,0.0,6.0
decor_scaling,5,dense_entropy,8,24,12,128,mixed,none,0.0,uniform,128,0.125,0.875,3.5849625007211565,99.58496250072115,0.0,8.0
decor_scaling,5,dense_contact_only,2,24,12,128,mixed,none,0.0,uniform,128,0.25,0.75,1.5849625007211552,129.5849625007212,2.0,0.0
decor_scaling,5,dense_contact_only,4,24,12,128,mixed,none,0.0,uniform,128,1.0,0.0,0.0,128.0,4.0,0.0
decor_scaling,5,dense_contact_only,6,24,12,128,mixed,none,0.0,uniform,128,1.0,0.0,0.0,128.0,6.0,0.0
decor_scaling,5,dense_contact_only,8,24,12,128,mixed,none,0.0,uniform,128,1.0,0.0,0.0,128.0,8.0,0.0
decor_scaling,5,critical_cell_entropy,2,24,12,128,mixed,none,0.0,uniform,128,0.3333333333333333,0.6666666666666666,2.4914460711655217,130.49144607116557,2.0,0.0
decor_scaling,5,critical_cell_entropy,4,24,12,128,mixed,none,0.0,uniform,128,0.375,0.625,1.875,129.875,4.0,0.0
decor_scaling,5,critical_cell_entropy,6,24,12,128,mixed,none,0.0,uniform,128,0.7083333333333334,0.2916666666666667,1.077067708633815,129.07706770863385,6.0,0.0
decor_scaling,5,critical_cell_entropy,8,24,12,128,mixed,none,0.0,uniform,128,0.75,0.25,0.5,128.5,8.0,0.0
decor_scaling,5,contact_equivalence,2,24,12,128,mixed,none,0.0,uniform,128,0.375,0.625,1.5849625007211552,129.5849625007212,2.0,0.0
decor_scaling,5,contact_equivalence,4,24,12,128,mixed,none,0.0,uniform,128,1.0,0.0,0.0,128.0,4.0,0.0
decor_scaling,5,contact_equivalence,6,24,12,128,mixed,none,0.0,uniform,128,1.0,0.0,0.0,128.0,6.0,0.0
decor_scaling,5,contact_equivalence,8,24,12,128,mixed,none,0.0,uniform,128,1.0,0.0,0.0,128.0,8.0,0.0
decor_scaling,5,hybrid_50,2,24,12,128,mixed,none,0.0,uniform,128,0.08333333333333333,0.9166666666666666,3.5849625007211565,123.58496250072119,0.0,2.0
decor_scaling,5,hybrid_50,4,24,12,128,mixed,none,0.0,uniform,128,0.08333333333333333,0.9166666666666666,3.5849625007211565,115.58496250072118,0.0,4.0
decor_scaling,5,hybrid_50,6,24,12,128,mixed,none,0.0,uniform,128,0.0,1.0,3.5849625007211565,107.58496250072115,0.0,6.0
decor_scaling,5,hybrid_50,8,24,12,128,mixed,none,0.0,uniform,128,0.125,0.875,3.5849625007211565,99.58496250072115,0.0,8.0
decor_scaling,5,expected_regret,2,24,12,128,mixed,none,0.0,uniform,128,0.20833333333333334,0.7916666666666666,1.7083333333333333,129.70833333333334,2.0,0.0
decor_scaling,5,expected_regret,4,24,12,128,mixed,none,0.0,uniform,128,0.8333333333333334,0.16666666666666666,0.4166666666666667,128.41666666666666,4.0,0.0
decor_scaling,5,expected_regret,6,24,12,128,mixed,none,0.0,uniform,128,1.0,0.0,0.0,128.0,6.0,0.0
decor_scaling,5,expected_regret,8,24,12,128,mixed,none,0.0,uniform,128,1.0,0.0,0.0,128.0,8.0,0.0
decor_scaling,6,dense_entropy,2,24,12,128,mixed,none,0.0,uniform,128,0.041666666666666664,0.9583333333333334,3.5849625007211565,123.58496250072119,0.0,2.0
decor_scaling,6,dense_entropy,4,24,12,128,mixed,none,0.0,uniform,128,0.16666666666666666,0.8333333333333334,3.5849625007211565,115.58496250072118,0.0,4.0
decor_scaling,6,dense_entropy,6,24,12,128,mixed,none,0.0,uniform,128,0.20833333333333334,0.7916666666666666,3.5849625007211565,107.58496250072115,0.0,6.0
decor_scaling,6,dense_entropy,8,24,12,128,mixed,none,0.0,uniform,128,0.125,0.875,3.5849625007211565,99.58496250072115,0.0,8.0
decor_scaling,6,dense_contact_only,2,24,12,128,mixed,none,0.0,uniform,128,0.4166666666666667,0.5833333333333334,1.5849625007211552,129.5849625007212,2.0,0.0
decor_scaling,6,dense_contact_only,4,24,12,128,mixed,none,0.0,uniform,128,1.0,0.0,0.0,128.0,4.0,0.0
decor_scaling,6,dense_contact_only,6,24,12,128,mixed,none,0.0,uniform,128,1.0,0.0,0.0,128.0,6.0,0.0
decor_scaling,6,dense_contact_only,8,24,12,128,mixed,none,0.0,uniform,128,1.0,0.0,0.0,128.0,8.0,0.0
decor_scaling,6,critical_cell_entropy,2,24,12,128,mixed,none,0.0,uniform,128,0.16666666666666666,0.8333333333333334,2.9066870830264424,130.9066870830265,2.0,0.0
decor_scaling,6,critical_cell_entropy,4,24,12,128,mixed,none,0.0,uniform,128,0.4583333333333333,0.5416666666666666,2.25,130.25,4.0,0.0
decor_scaling,6,critical_cell_entropy,6,24,12,128,mixed,none,0.0,uniform,128,0.5833333333333334,0.4166666666666667,1.4001880212239592,129.40018802122395,6.0,0.0
decor_scaling,6,critical_cell_entropy,8,24,12,128,mixed,none,0.0,uniform,128,0.8333333333333334,0.16666666666666666,0.5,128.5,8.0,0.0
decor_scaling,6,contact_equivalence,2,24,12,128,mixed,none,0.0,uniform,128,0.375,0.625,1.5849625007211552,129.5849625007212,2.0,0.0
decor_scaling,6,contact_equivalence,4,24,12,128,mixed,none,0.0,uniform,128,1.0,0.0,0.0,128.0,4.0,0.0
decor_scaling,6,contact_equivalence,6,24,12,128,mixed,none,0.0,uniform,128,1.0,0.0,0.0,128.0,6.0,0.0
decor_scaling,6,contact_equivalence,8,24,12,128,mixed,none,0.0,uniform,128,1.0,0.0,0.0,128.0,8.0,0.0
decor_scaling,6,hybrid_50,2,24,12,128,mixed,none,0.0,uniform,128,0.08333333333333333,0.9166666666666666,3.5849625007211565,123.58496250072119,0.0,2.0
decor_scaling,6,hybrid_50,4,24,12,128,mixed,none,0.0,uniform,128,0.16666666666666666,0.8333333333333334,3.5849625007211565,115.58496250072118,0.0,4.0
decor_scaling,6,hybrid_50,6,24,12,128,mixed,none,0.0,uniform,128,0.0,1.0,3.5849625007211565,107.58496250072115,0.0,6.0
decor_scaling,6,hybrid_50,8,24,12,128,mixed,none,0.0,uniform,128,0.041666666666666664,0.9583333333333334,3.5849625007211565,99.58496250072115,0.0,8.0
decor_scaling,6,expected_regret,2,24,12,128,mixed,none,0.0,uniform,128,0.5416666666666666,0.4583333333333333,1.6666666666666667,129.66666666666666,2.0,0.0
decor_scaling,6,expected_regret,4,24,12,128,mixed,none,0.0,uniform,128,0.8333333333333334,0.16666666666666666,0.375,128.375,4.0,0.0
decor_scaling,6,expected_regret,6,24,12,128,mixed,none,0.0,uniform,128,1.0,0.0,0.0,128.0,6.0,0.0
decor_scaling,6,expected_regret,8,24,12,128,mixed,none,0.0,uniform,128,1.0,0.0,0.0,128.0,8.0,0.0
decor_scaling,7,dense_entropy,2,24,12,128,mixed,none,0.0,uniform,128,0.0,1.0,3.5849625007211565,123.58496250072119,0.0,2.0
decor_scaling,7,dense_entropy,4,24,12,128,mixed,none,0.0,uniform,128,0.08333333333333333,0.9166666666666666,3.5849625007211565,115.58496250072118,0.0,4.0
decor_scaling,7,dense_entropy,6,24,12,128,mixed,none,0.0,uniform,128,0.08333333333333333,0.9166666666666666,3.5849625007211565,107.58496250072115,0.0,6.0
decor_scaling,7,dense_entropy,8,24,12,128,mixed,none,0.0,uniform,128,0.125,0.875,3.5849625007211565,99.58496250072115,0.0,8.0
decor_scaling,7,dense_contact_only,2,24,12,128,mixed,none,0.0,uniform,128,0.375,0.625,1.5849625007211552,129.5849625007212,2.0,0.0
decor_scaling,7,dense_contact_only,4,24,12,128,mixed,none,0.0,uniform,128,1.0,0.0,0.0,128.0,4.0,0.0
decor_scaling,7,dense_contact_only,6,24,12,128,mixed,none,0.0,uniform,128,1.0,0.0,0.0,128.0,6.0,0.0
decor_scaling,7,dense_contact_only,8,24,12,128,mixed,none,0.0,uniform,128,1.0,0.0,0.0,128.0,8.0,0.0
decor_scaling,7,critical_cell_entropy,2,24,12,128,mixed,none,0.0,uniform,128,0.3333333333333333,0.6666666666666666,2.6298597417858285,130.62985974178585,2.0,0.0
decor_scaling,7,critical_cell_entropy,4,24,12,128,mixed,none,0.0,uniform,128,0.4166666666666667,0.5833333333333334,2.0,130.0,4.0,0.0
decor_scaling,7,critical_cell_entropy,6,24,12,128,mixed,none,0.0,uniform,128,0.625,0.375,1.2924812503605778,129.2924812503606,6.0,0.0
decor_scaling,7,critical_cell_entropy,8,24,12,128,mixed,none,0.0,uniform,128,0.75,0.25,0.75,128.75,8.0,0.0
decor_scaling,7,contact_equivalence,2,24,12,128,mixed,none,0.0,uniform,128,0.3333333333333333,0.6666666666666666,1.5849625007211552,129.5849625007212,2.0,0.0
decor_scaling,7,contact_equivalence,4,24,12,128,mixed,none,0.0,uniform,128,1.0,0.0,0.0,128.0,4.0,0.0
decor_scaling,7,contact_equivalence,6,24,12,128,mixed,none,0.0,uniform,128,1.0,0.0,0.0,128.0,6.0,0.0
decor_scaling,7,contact_equivalence,8,24,12,128,mixed,none,0.0,uniform,128,1.0,0.0,0.0,128.0,8.0,0.0
decor_scaling,7,hybrid_50,2,24,12,128,mixed,none,0.0,uniform,128,0.041666666666666664,0.9583333333333334,3.5849625007211565,123.58496250072119,0.0,2.0
decor_scaling,7,hybrid_50,4,24,12,128,mixed,none,0.0,uniform,128,0.08333333333333333,0.9166666666666666,3.5849625007211565,115.58496250072118,0.0,4.0
decor_scaling,7,hybrid_50,6,24,12,128,mixed,none,0.0,uniform,128,0.041666666666666664,0.9583333333333334,3.5849625007211565,107.58496250072115,0.0,6.0
decor_scaling,7,hybrid_50,8,24,12,128,mixed,none,0.0,uniform,128,0.041666666666666664,0.9583333333333334,3.5849625007211565,99.58496250072115,0.0,8.0
decor_scaling,7,expected_regret,2,24,12,128,mixed,none,0.0,uniform,128,0.375,0.625,1.7083333333333333,129.70833333333334,2.0,0.0
decor_scaling,7,expected_regret,4,24,12,128,mixed,none,0.0,uniform,128,0.8333333333333334,0.16666666666666666,0.2916666666666667,128.29166666666666,4.0,0.0
decor_scaling,7,expected_regret,6,24,12,128,mixed,none,0.0,uniform,128,1.0,0.0,0.0,128.0,6.0,0.0
decor_scaling,7,expected_regret,8,24,12,128,mixed,none,0.0,uniform,128,1.0,0.0,0.0,128.0,8.0,0.0
decor_scaling,8,dense_entropy,2,24,12,128,mixed,none,0.0,uniform,128,0.125,0.875,3.5849625007211565,123.58496250072119,0.0,2.0
decor_scaling,8,dense_entropy,4,24,12,128,mixed,none,0.0,uniform,128,0.08333333333333333,0.9166666666666666,3.5849625007211565,115.58496250072118,0.0,4.0
decor_scaling,8,dense_entropy,6,24,12,128,mixed,none,0.0,uniform,128,0.08333333333333333,0.9166666666666666,3.5849625007211565,107.58496250072115,0.0,6.0
decor_scaling,8,dense_entropy,8,24,12,128,mixed,none,0.0,uniform,128,0.041666666666666664,0.9583333333333334,3.5849625007211565,99.58496250072115,0.0,8.0
decor_scaling,8,dense_contact_only,2,24,12,128,mixed,none,0.0,uniform,128,0.5,0.5,1.5849625007211552,129.5849625007212,2.0,0.0
decor_scaling,8,dense_contact_only,4,24,12,128,mixed,none,0.0,uniform,128,1.0,0.0,0.0,128.0,4.0,0.0
decor_scaling,8,dense_contact_only,6,24,12,128,mixed,none,0.0,uniform,128,1.0,0.0,0.0,128.0,6.0,0.0
decor_scaling,8,dense_contact_only,8,24,12,128,mixed,none,0.0,uniform,128,1.0,0.0,0.0,128.0,8.0,0.0
decor_scaling,8,critical_cell_entropy,2,24,12,128,mixed,none,0.0,uniform,128,0.25,0.75,2.6298597417858285,130.62985974178585,2.0,0.0
decor_scaling,8,critical_cell_entropy,4,24,12,128,mixed,none,0.0,uniform,128,0.3333333333333333,0.6666666666666666,2.125,130.125,4.0,0.0
decor_scaling,8,critical_cell_entropy,6,24,12,128,mixed,none,0.0,uniform,128,0.625,0.375,1.1847744794971964,129.1847744794972,6.0,0.0
decor_scaling,8,critical_cell_entropy,8,24,12,128,mixed,none,0.0,uniform,128,0.7916666666666666,0.20833333333333334,0.6666666666666666,128.66666666666666,8.0,0.0
decor_scaling,8,contact_equivalence,2,24,12,128,mixed,none,0.0,uniform,128,0.4166666666666667,0.5833333333333334,1.5849625007211552,129.5849625007212,2.0,0.0
decor_scaling,8,contact_equivalence,4,24,12,128,mixed,none,0.0,uniform,128,1.0,0.0,0.0,128.0,4.0,0.0
decor_scaling,8,contact_equivalence,6,24,12,128,mixed,none,0.0,uniform,128,1.0,0.0,0.0,128.0,6.0,0.0
decor_scaling,8,contact_equivalence,8,24,12,128,mixed,none,0.0,uniform,128,1.0,0.0,0.0,128.0,8.0,0.0
decor_scaling,8,hybrid_50,2,24,12,128,mixed,none,0.0,uniform,128,0.08333333333333333,0.9166666666666666,3.5849625007211565,123.58496250072119,0.0,2.0
decor_scaling,8,hybrid_50,4,24,12,128,mixed,none,0.0,uniform,128,0.041666666666666664,0.9583333333333334,3.5849625007211565,115.58496250072118,0.0,4.0
decor_scaling,8,hybrid_50,6,24,12,128,mixed,none,0.0,uniform,128,0.125,0.875,3.5849625007211565,107.58496250072115,0.0,6.0
decor_scaling,8,hybrid_50,8,24,12,128,mixed,none,0.0,uniform,128,0.08333333333333333,0.9166666666666666,3.5849625007211565,99.58496250072115,0.0,8.0
decor_scaling,8,expected_regret,2,24,12,128,mixed,none,0.0,uniform,128,0.25,0.75,1.7083333333333333,129.70833333333334,2.0,0.0
decor_scaling,8,expected_regret,4,24,12,128,mixed,none,0.0,uniform,128,0.875,0.125,0.3333333333333333,128.33333333333334,4.0,0.0
decor_scaling,8,expected_regret,6,24,12,128,mixed,none,0.0,uniform,128,1.0,0.0,0.0,128.0,6.0,0.0
decor_scaling,8,expected_regret,8,24,12,128,mixed,none,0.0,uniform,128,1.0,0.0,0.0,128.0,8.0,0.0
decor_scaling,9,dense_entropy,2,24,12,128,mixed,none,0.0,uniform,128,0.125,0.875,3.5849625007211565,123.58496250072119,0.0,2.0
decor_scaling,9,dense_entropy,4,24,12,128,mixed,none,0.0,uniform,128,0.041666666666666664,0.9583333333333334,3.5849625007211565,115.58496250072118,0.0,4.0
decor_scaling,9,dense_entropy,6,24,12,128,mixed,none,0.0,uniform,128,0.125,0.875,3.5849625007211565,107.58496250072115,0.0,6.0
decor_scaling,9,dense_entropy,8,24,12,128,mixed,none,0.0,uniform,128,0.041666666666666664,0.9583333333333334,3.5849625007211565,99.58496250072115,0.0,8.0
decor_scaling,9,dense_contact_only,2,24,12,128,mixed,none,0.0,uniform,128,0.3333333333333333,0.6666666666666666,1.5849625007211552,129.5849625007212,2.0,0.0
decor_scaling,9,dense_contact_only,4,24,12,128,mixed,none,0.0,uniform,128,1.0,0.0,0.0,128.0,4.0,0.0
decor_scaling,9,dense_contact_only,6,24,12,128,mixed,none,0.0,uniform,128,1.0,0.0,0.0,128.0,6.0,0.0
decor_scaling,9,dense_contact_only,8,24,12,128,mixed,none,0.0,uniform,128,1.0,0.0,0.0,128.0,8.0,0.0
decor_scaling,9,critical_cell_entropy,2,24,12,128,mixed,none,0.0,uniform,128,0.3333333333333333,0.6666666666666666,2.4914460711655217,130.49144607116554,2.0,0.0
decor_scaling,9,critical_cell_entropy,4,24,12,128,mixed,none,0.0,uniform,128,0.5,0.5,2.0,130.0,4.0,0.0
decor_scaling,9,critical_cell_entropy,6,24,12,128,mixed,none,0.0,uniform,128,0.5416666666666666,0.4583333333333333,1.4001880212239592,129.400188021224,6.0,0.0
decor_scaling,9,critical_cell_entropy,8,24,12,128,mixed,none,0.0,uniform,128,0.7916666666666666,0.20833333333333334,0.5,128.5,8.0,0.0
decor_scaling,9,contact_equivalence,2,24,12,128,mixed,none,0.0,uniform,128,0.25,0.75,1.5849625007211552,129.5849625007212,2.0,0.0
decor_scaling,9,contact_equivalence,4,24,12,128,mixed,none,0.0,uniform,128,1.0,0.0,0.0,128.0,4.0,0.0
decor_scaling,9,contact_equivalence,6,24,12,128,mixed,none,0.0,uniform,128,1.0,0.0,0.0,128.0,6.0,0.0
decor_scaling,9,contact_equivalence,8,24,12,128,mixed,none,0.0,uniform,128,1.0,0.0,0.0,128.0,8.0,0.0
decor_scaling,9,hybrid_50,2,24,12,128,mixed,none,0.0,uniform,128,0.08333333333333333,0.9166666666666666,3.5849625007211565,123.58496250072119,0.0,2.0
decor_scaling,9,hybrid_50,4,24,12,128,mixed,none,0.0,uniform,128,0.041666666666666664,0.9583333333333334,3.5849625007211565,115.58496250072118,0.0,4.0
decor_scaling,9,hybrid_50,6,24,12,128,mixed,none,0.0,uniform,128,0.08333333333333333,0.9166666666666666,3.5849625007211565,107.58496250072115,0.0,6.0
decor_scaling,9,hybrid_50,8,24,12,128,mixed,none,0.0,uniform,128,0.125,0.875,3.5849625007211565,99.58496250072115,0.0,8.0
decor_scaling,9,expected_regret,2,24,12,128,mixed,none,0.0,uniform,128,0.25,0.75,1.7083333333333333,129.70833333333334,2.0,0.0
decor_scaling,9,expected_regret,4,24,12,128,mixed,none,0.0,uniform,128,0.9583333333333334,0.041666666666666664,0.16666666666666666,128.16666666666666,4.0,0.0
decor_scaling,9,expected_regret,6,24,12,128,mixed,none,0.0,uniform,128,1.0,0.0,0.0,128.0,6.0,0.0
decor_scaling,9,expected_regret,8,24,12,128,mixed,none,0.0,uniform,128,1.0,0.0,0.0,128.0,8.0,0.0
decor_scaling,0,dense_entropy,2,24,12,256,mixed,none,0.0,uniform,256,0.125,0.875,3.5849625007211565,251.58496250072122,0.0,2.0
decor_scaling,0,dense_entropy,4,24,12,256,mixed,none,0.0,uniform,256,0.041666666666666664,0.9583333333333334,3.5849625007211565,243.58496250072122,0.0,4.0
decor_scaling,0,dense_entropy,6,24,12,256,mixed,none,0.0,uniform,256,0.08333333333333333,0.9166666666666666,3.5849625007211565,235.58496250072122,0.0,6.0
decor_scaling,0,dense_entropy,8,24,12,256,mixed,none,0.0,uniform,256,0.041666666666666664,0.9583333333333334,3.5849625007211565,227.58496250072122,0.0,8.0
decor_scaling,0,dense_contact_only,2,24,12,256,mixed,none,0.0,uniform,256,0.125,0.875,1.5849625007211552,257.58496250072125,2.0,0.0
decor_scaling,0,dense_contact_only,4,24,12,256,mixed,none,0.0,uniform,256,1.0,0.0,0.0,256.0,4.0,0.0
decor_scaling,0,dense_contact_only,6,24,12,256,mixed,none,0.0,uniform,256,1.0,0.0,0.0,256.0,6.0,0.0
decor_scaling,0,dense_contact_only,8,24,12,256,mixed,none,0.0,uniform,256,1.0,0.0,0.0,256.0,8.0,0.0
decor_scaling,0,critical_cell_entropy,2,24,12,256,mixed,none,0.0,uniform,256,0.25,0.75,2.4914460711655217,258.4914460711654,2.0,0.0
decor_scaling,0,critical_cell_entropy,4,24,12,256,mixed,none,0.0,uniform,256,0.3333333333333333,0.6666666666666666,2.125,258.125,4.0,0.0
decor_scaling,0,critical_cell_entropy,6,24,12,256,mixed,none,0.0,uniform,256,0.5,0.5,1.615601562950722,257.61560156295076,6.0,0.0
decor_scaling,0,critical_cell_entropy,8,24,12,256,mixed,none,0.0,uniform,256,0.625,0.375,0.9166666666666666,256.9166666666667,8.0,0.0
decor_scaling,0,contact_equivalence,2,24,12,256,mixed,none,0.0,uniform,256,0.20833333333333334,0.7916666666666666,1.5849625007211552,257.58496250072125,2.0,0.0
decor_scaling,0,contact_equivalence,4,24,12,256,mixed,none,0.0,uniform,256,1.0,0.0,0.0,256.0,4.0,0.0
decor_scaling,0,contact_equivalence,6,24,12,256,mixed,none,0.0,uniform,256,1.0,0.0,0.0,256.0,6.0,0.0
decor_scaling,0,contact_equivalence,8,24,12,256,mixed,none,0.0,uniform,256,1.0,0.0,0.0,256.0,8.0,0.0
decor_scaling,0,hybrid_50,2,24,12,256,mixed,none,0.0,uniform,256,0.041666666666666664,0.9583333333333334,3.5849625007211565,251.58496250072122,0.0,2.0
decor_scaling,0,hybrid_50,4,24,12,256,mixed,none,0.0,uniform,256,0.041666666666666664,0.9583333333333334,3.5849625007211565,243.58496250072122,0.0,4.0
decor_scaling,0,hybrid_50,6,24,12,256,mixed,none,0.0,uniform,256,0.125,0.875,3.5849625007211565,235.58496250072122,0.0,6.0
decor_scaling,0,hybrid_50,8,24,12,256,mixed,none,0.0,uniform,256,0.041666666666666664,0.9583333333333334,3.5849625007211565,227.58496250072122,0.0,8.0
decor_scaling,0,expected_regret,2,24,12,256,mixed,none,0.0,uniform,256,0.20833333333333334,0.7916666666666666,1.7916666666666667,257.7916666666667,2.0,0.0
decor_scaling,0,expected_regret,4,24,12,256,mixed,none,0.0,uniform,256,0.875,0.125,0.2916666666666667,256.2916666666667,4.0,0.0
decor_scaling,0,expected_regret,6,24,12,256,mixed,none,0.0,uniform,256,1.0,0.0,0.0,256.0,6.0,0.0
decor_scaling,0,expected_regret,8,24,12,256,mixed,none,0.0,uniform,256,1.0,0.0,0.0,256.0,8.0,0.0
decor_scaling,1,dense_entropy,2,24,12,256,mixed,none,0.0,uniform,256,0.16666666666666666,0.8333333333333334,3.5849625007211565,251.58496250072122,0.0,2.0
decor_scaling,1,dense_entropy,4,24,12,256,mixed,none,0.0,uniform,256,0.041666666666666664,0.9583333333333334,3.5849625007211565,243.58496250072122,0.0,4.0
decor_scaling,1,dense_entropy,6,24,12,256,mixed,none,0.0,uniform,256,0.125,0.875,3.5849625007211565,235.58496250072122,0.0,6.0
decor_scaling,1,dense_entropy,8,24,12,256,mixed,none,0.0,uniform,256,0.08333333333333333,0.9166666666666666,3.5849625007211565,227.58496250072122,0.0,8.0
decor_scaling,1,dense_contact_only,2,24,12,256,mixed,none,0.0,uniform,256,0.3333333333333333,0.6666666666666666,1.5849625007211552,257.58496250072125,2.0,0.0
decor_scaling,1,dense_contact_only,4,24,12,256,mixed,none,0.0,uniform,256,1.0,0.0,0.0,256.0,4.0,0.0
decor_scaling,1,dense_contact_only,6,24,12,256,mixed,none,0.0,uniform,256,1.0,0.0,0.0,256.0,6.0,0.0
decor_scaling,1,dense_contact_only,8,24,12,256,mixed,none,0.0,uniform,256,1.0,0.0,0.0,256.0,8.0,0.0
decor_scaling,1,critical_cell_entropy,2,24,12,256,mixed,none,0.0,uniform,256,0.2916666666666667,0.7083333333333334,2.6298597417858285,258.6298597417857,2.0,0.0
decor_scaling,1,critical_cell_entropy,4,24,12,256,mixed,none,0.0,uniform,256,0.375,0.625,2.125,258.125,4.0,0.0
decor_scaling,1,critical_cell_entropy,6,24,12,256,mixed,none,0.0,uniform,256,0.5,0.5,1.5078947920873407,257.50789479208737,6.0,0.0
decor_scaling,1,critical_cell_entropy,8,24,12,256,mixed,none,0.0,uniform,256,0.6666666666666666,0.3333333333333333,0.75,256.75,8.0,0.0
decor_scaling,1,contact_equivalence,2,24,12,256,mixed,none,0.0,uniform,256,0.2916666666666667,0.7083333333333334,1.5849625007211552,257.58496250072125,2.0,0.0
decor_scaling,1,contact_equivalence,4,24,12,256,mixed,none,0.0,uniform,256,1.0,0.0,0.0,256.0,4.0,0.0
decor_scaling,1,contact_equivalence,6,24,12,256,mixed,none,0.0,uniform,256,1.0,0.0,0.0,256.0,6.0,0.0
decor_scaling,1,contact_equivalence,8,24,12,256,mixed,none,0.0,uniform,256,1.0,0.0,0.0,256.0,8.0,0.0
decor_scaling,1,hybrid_50,2,24,12,256,mixed,none,0.0,uniform,256,0.041666666666666664,0.9583333333333334,3.5849625007211565,251.58496250072122,0.0,2.0
decor_scaling,1,hybrid_50,4,24,12,256,mixed,none,0.0,uniform,256,0.125,0.875,3.5849625007211565,243.58496250072122,0.0,4.0
decor_scaling,1,hybrid_50,6,24,12,256,mixed,none,0.0,uniform,256,0.08333333333333333,0.9166666666666666,3.5849625007211565,235.58496250072122,0.0,6.0
decor_scaling,1,hybrid_50,8,24,12,256,mixed,none,0.0,uniform,256,0.0,1.0,3.5849625007211565,227.58496250072122,0.0,8.0
decor_scaling,1,expected_regret,2,24,12,256,mixed,none,0.0,uniform,256,0.4166666666666667,0.5833333333333334,1.7083333333333333,257.7083333333333,2.0,0.0
decor_scaling,1,expected_regret,4,24,12,256,mixed,none,0.0,uniform,256,0.8333333333333334,0.16666666666666666,0.375,256.375,4.0,0.0
decor_scaling,1,expected_regret,6,24,12,256,mixed,none,0.0,uniform,256,1.0,0.0,0.0,256.0,6.0,0.0
decor_scaling,1,expected_regret,8,24,12,256,mixed,none,0.0,uniform,256,1.0,0.0,0.0,256.0,8.0,0.0
decor_scaling,2,dense_entropy,2,24,12,256,mixed,none,0.0,uniform,256,0.125,0.875,3.5849625007211565,251.58496250072122,0.0,2.0
decor_scaling,2,dense_entropy,4,24,12,256,mixed,none,0.0,uniform,256,0.08333333333333333,0.9166666666666666,3.5849625007211565,243.58496250072122,0.0,4.0
decor_scaling,2,dense_entropy,6,24,12,256,mixed,none,0.0,uniform,256,0.08333333333333333,0.9166666666666666,3.5849625007211565,235.58496250072122,0.0,6.0
decor_scaling,2,dense_entropy,8,24,12,256,mixed,none,0.0,uniform,256,0.125,0.875,3.5849625007211565,227.58496250072122,0.0,8.0
decor_scaling,2,dense_contact_only,2,24,12,256,mixed,none,0.0,uniform,256,0.2916666666666667,0.7083333333333334,1.5849625007211552,257.58496250072125,2.0,0.0
decor_scaling,2,dense_contact_only,4,24,12,256,mixed,none,0.0,uniform,256,1.0,0.0,0.0,256.0,4.0,0.0
decor_scaling,2,dense_contact_only,6,24,12,256,mixed,none,0.0,uniform,256,1.0,0.0,0.0,256.0,6.0,0.0
decor_scaling,2,dense_contact_only,8,24,12,256,mixed,none,0.0,uniform,256,1.0,0.0,0.0,256.0,8.0,0.0
decor_scaling,2,critical_cell_entropy,2,24,12,256,mixed,none,0.0,uniform,256,0.2916666666666667,0.7083333333333334,2.4914460711655217,258.4914460711654,2.0,0.0
decor_scaling,2,critical_cell_entropy,4,24,12,256,mixed,none,0.0,uniform,256,0.4583333333333333,0.5416666666666666,1.75,257.75,4.0,0.0
decor_scaling,2,critical_cell_entropy,6,24,12,256,mixed,none,0.0,uniform,256,0.7083333333333334,0.2916666666666667,0.9693609377704334,256.96936093777043,6.0,0.0
decor_scaling,2,critical_cell_entropy,8,24,12,256,mixed,none,0.0,uniform,256,0.8333333333333334,0.16666666666666666,0.5,256.5,8.0,0.0
decor_scaling,2,contact_equivalence,2,24,12,256,mixed,none,0.0,uniform,256,0.16666666666666666,0.8333333333333334,1.5849625007211552,257.58496250072125,2.0,0.0
decor_scaling,2,contact_equivalence,4,24,12,256,mixed,none,0.0,uniform,256,1.0,0.0,0.0,256.0,4.0,0.0
decor_scaling,2,contact_equivalence,6,24,12,256,mixed,none,0.0,uniform,256,1.0,0.0,0.0,256.0,6.0,0.0
decor_scaling,2,contact_equivalence,8,24,12,256,mixed,none,0.0,uniform,256,1.0,0.0,0.0,256.0,8.0,0.0
decor_scaling,2,hybrid_50,2,24,12,256,mixed,none,0.0,uniform,256,0.041666666666666664,0.9583333333333334,3.5849625007211565,251.58496250072122,0.0,2.0
decor_scaling,2,hybrid_50,4,24,12,256,mixed,none,0.0,uniform,256,0.041666666666666664,0.9583333333333334,3.5849625007211565,243.58496250072122,0.0,4.0
decor_scaling,2,hybrid_50,6,24,12,256,mixed,none,0.0,uniform,256,0.0,1.0,3.5849625007211565,235.58496250072122,0.0,6.0
decor_scaling,2,hybrid_50,8,24,12,256,mixed,none,0.0,uniform,256,0.08333333333333333,0.9166666666666666,3.5849625007211565,227.58496250072122,0.0,8.0
decor_scaling,2,expected_regret,2,24,12,256,mixed,none,0.0,uniform,256,0.4166666666666667,0.5833333333333334,1.5416666666666667,257.5416666666667,2.0,0.0
decor_scaling,2,expected_regret,4,24,12,256,mixed,none,0.0,uniform,256,0.9166666666666666,0.08333333333333333,0.25,256.25,4.0,0.0
decor_scaling,2,expected_regret,6,24,12,256,mixed,none,0.0,uniform,256,1.0,0.0,0.0,256.0,6.0,0.0
decor_scaling,2,expected_regret,8,24,12,256,mixed,none,0.0,uniform,256,1.0,0.0,0.0,256.0,8.0,0.0
decor_scaling,3,dense_entropy,2,24,12,256,mixed,none,0.0,uniform,256,0.08333333333333333,0.9166666666666666,3.5849625007211565,251.58496250072122,0.0,2.0
decor_scaling,3,dense_entropy,4,24,12,256,mixed,none,0.0,uniform,256,0.08333333333333333,0.9166666666666666,3.5849625007211565,243.58496250072122,0.0,4.0
decor_scaling,3,dense_entropy,6,24,12,256,mixed,none,0.0,uniform,256,0.125,0.875,3.5849625007211565,235.58496250072122,0.0,6.0
decor_scaling,3,dense_entropy,8,24,12,256,mixed,none,0.0,uniform,256,0.08333333333333333,0.9166666666666666,3.5849625007211565,227.58496250072122,0.0,8.0
decor_scaling,3,dense_contact_only,2,24,12,256,mixed,none,0.0,uniform,256,0.375,0.625,1.5849625007211552,257.58496250072125,2.0,0.0
decor_scaling,3,dense_contact_only,4,24,12,256,mixed,none,0.0,uniform,256,1.0,0.0,0.0,256.0,4.0,0.0
decor_scaling,3,dense_contact_only,6,24,12,256,mixed,none,0.0,uniform,256,1.0,0.0,0.0,256.0,6.0,0.0
decor_scaling,3,dense_contact_only,8,24,12,256,mixed,none,0.0,uniform,256,1.0,0.0,0.0,256.0,8.0,0.0
decor_scaling,3,critical_cell_entropy,2,24,12,256,mixed,none,0.0,uniform,256,0.25,0.75,2.7682734124061352,258.768273412406,2.0,0.0
decor_scaling,3,critical_cell_entropy,4,24,12,256,mixed,none,0.0,uniform,256,0.5,0.5,1.875,257.875,4.0,0.0
decor_scaling,3,critical_cell_entropy,6,24,12,256,mixed,none,0.0,uniform,256,0.75,0.25,0.9693609377704334,256.96936093777043,6.0,0.0
decor_scaling,3,critical_cell_entropy,8,24,12,256,mixed,none,0.0,uniform,256,0.9583333333333334,0.041666666666666664,0.3333333333333333,256.3333333333333,8.0,0.0
decor_scaling,3,contact_equivalence,2,24,12,256,mixed,none,0.0,uniform,256,0.5,0.5,1.5849625007211552,257.58496250072125,2.0,0.0
decor_scaling,3,contact_equivalence,4,24,12,256,mixed,none,0.0,uniform,256,1.0,0.0,0.0,256.0,4.0,0.0
decor_scaling,3,contact_equivalence,6,24,12,256,mixed,none,0.0,uniform,256,1.0,0.0,0.0,256.0,6.0,0.0
decor_scaling,3,contact_equivalence,8,24,12,256,mixed,none,0.0,uniform,256,1.0,0.0,0.0,256.0,8.0,0.0
decor_scaling,3,hybrid_50,2,24,12,256,mixed,none,0.0,uniform,256,0.041666666666666664,0.9583333333333334,3.5849625007211565,251.58496250072122,0.0,2.0
decor_scaling,3,hybrid_50,4,24,12,256,mixed,none,0.0,uniform,256,0.041666666666666664,0.9583333333333334,3.5849625007211565,243.58496250072122,0.0,4.0
decor_scaling,3,hybrid_50,6,24,12,256,mixed,none,0.0,uniform,256,0.08333333333333333,0.9166666666666666,3.5849625007211565,235.58496250072122,0.0,6.0
decor_scaling,3,hybrid_50,8,24,12,256,mixed,none,0.0,uniform,256,0.08333333333333333,0.9166666666666666,3.5849625007211565,227.58496250072122,0.0,8.0
decor_scaling,3,expected_regret,2,24,12,256,mixed,none,0.0,uniform,256,0.4166666666666667,0.5833333333333334,1.7083333333333333,257.7083333333333,2.0,0.0
decor_scaling,3,expected_regret,4,24,12,256,mixed,none,0.0,uniform,256,1.0,0.0,0.125,256.125,4.0,0.0
decor_scaling,3,expected_regret,6,24,12,256,mixed,none,0.0,uniform,256,1.0,0.0,0.0,256.0,6.0,0.0
decor_scaling,3,expected_regret,8,24,12,256,mixed,none,0.0,uniform,256,1.0,0.0,0.0,256.0,8.0,0.0
decor_scaling,4,dense_entropy,2,24,12,256,mixed,none,0.0,uniform,256,0.0,1.0,3.5849625007211565,251.58496250072122,0.0,2.0
decor_scaling,4,dense_entropy,4,24,12,256,mixed,none,0.0,uniform,256,0.08333333333333333,0.9166666666666666,3.5849625007211565,243.58496250072122,0.0,4.0
decor_scaling,4,dense_entropy,6,24,12,256,mixed,none,0.0,uniform,256,0.041666666666666664,0.9583333333333334,3.5849625007211565,235.58496250072122,0.0,6.0
decor_scaling,4,dense_entropy,8,24,12,256,mixed,none,0.0,uniform,256,0.041666666666666664,0.9583333333333334,3.5849625007211565,227.58496250072122,0.0,8.0
decor_scaling,4,dense_contact_only,2,24,12,256,mixed,none,0.0,uniform,256,0.25,0.75,1.5849625007211552,257.58496250072125,2.0,0.0
decor_scaling,4,dense_contact_only,4,24,12,256,mixed,none,0.0,uniform,256,1.0,0.0,0.0,256.0,4.0,0.0
decor_scaling,4,dense_contact_only,6,24,12,256,mixed,none,0.0,uniform,256,1.0,0.0,0.0,256.0,6.0,0.0
decor_scaling,4,dense_contact_only,8,24,12,256,mixed,none,0.0,uniform,256,1.0,0.0,0.0,256.0,8.0,0.0
decor_scaling,4,critical_cell_entropy,2,24,12,256,mixed,none,0.0,uniform,256,0.2916666666666667,0.7083333333333334,2.7682734124061352,258.7682734124061,2.0,0.0
decor_scaling,4,critical_cell_entropy,4,24,12,256,mixed,none,0.0,uniform,256,0.375,0.625,2.0,258.0,4.0,0.0
decor_scaling,4,critical_cell_entropy,6,24,12,256,mixed,none,0.0,uniform,256,0.5833333333333334,0.4166666666666667,1.2924812503605778,257.2924812503606,6.0,0.0
decor_scaling,4,critical_cell_entropy,8,24,12,256,mixed,none,0.0,uniform,256,0.6666666666666666,0.3333333333333333,0.8333333333333334,256.8333333333333,8.0,0.0
decor_scaling,4,contact_equivalence,2,24,12,256,mixed,none,0.0,uniform,256,0.4166666666666667,0.5833333333333334,1.5849625007211552,257.58496250072125,2.0,0.0
decor_scaling,4,contact_equivalence,4,24,12,256,mixed,none,0.0,uniform,256,1.0,0.0,0.0,256.0,4.0,0.0
decor_scaling,4,contact_equivalence,6,24,12,256,mixed,none,0.0,uniform,256,1.0,0.0,0.0,256.0,6.0,0.0
decor_scaling,4,contact_equivalence,8,24,12,256,mixed,none,0.0,uniform,256,1.0,0.0,0.0,256.0,8.0,0.0
decor_scaling,4,hybrid_50,2,24,12,256,mixed,none,0.0,uniform,256,0.0,1.0,3.5849625007211565,251.58496250072122,0.0,2.0
decor_scaling,4,hybrid_50,4,24,12,256,mixed,none,0.0,uniform,256,0.041666666666666664,0.9583333333333334,3.5849625007211565,243.58496250072122,0.0,4.0
decor_scaling,4,hybrid_50,6,24,12,256,mixed,none,0.0,uniform,256,0.08333333333333333,0.9166666666666666,3.5849625007211565,235.58496250072122,0.0,6.0
decor_scaling,4,hybrid_50,8,24,12,256,mixed,none,0.0,uniform,256,0.08333333333333333,0.9166666666666666,3.5849625007211565,227.58496250072122,0.0,8.0
decor_scaling,4,expected_regret,2,24,12,256,mixed,none,0.0,uniform,256,0.375,0.625,1.6666666666666667,257.6666666666667,2.0,0.0
decor_scaling,4,expected_regret,4,24,12,256,mixed,none,0.0,uniform,256,0.8333333333333334,0.16666666666666666,0.375,256.375,4.0,0.0
decor_scaling,4,expected_regret,6,24,12,256,mixed,none,0.0,uniform,256,1.0,0.0,0.0,256.0,6.0,0.0
decor_scaling,4,expected_regret,8,24,12,256,mixed,none,0.0,uniform,256,1.0,0.0,0.0,256.0,8.0,0.0
decor_scaling,5,dense_entropy,2,24,12,256,mixed,none,0.0,uniform,256,0.16666666666666666,0.8333333333333334,3.5849625007211565,251.58496250072122,0.0,2.0
decor_scaling,5,dense_entropy,4,24,12,256,mixed,none,0.0,uniform,256,0.16666666666666666,0.8333333333333334,3.5849625007211565,243.58496250072122,0.0,4.0
decor_scaling,5,dense_entropy,6,24,12,256,mixed,none,0.0,uniform,256,0.08333333333333333,0.9166666666666666,3.5849625007211565,235.58496250072122,0.0,6.0
decor_scaling,5,dense_entropy,8,24,12,256,mixed,none,0.0,uniform,256,0.08333333333333333,0.9166666666666666,3.5849625007211565,227.58496250072122,0.0,8.0
decor_scaling,5,dense_contact_only,2,24,12,256,mixed,none,0.0,uniform,256,0.125,0.875,1.5849625007211552,257.58496250072125,2.0,0.0
decor_scaling,5,dense_contact_only,4,24,12,256,mixed,none,0.0,uniform,256,1.0,0.0,0.0,256.0,4.0,0.0
decor_scaling,5,dense_contact_only,6,24,12,256,mixed,none,0.0,uniform,256,1.0,0.0,0.0,256.0,6.0,0.0
decor_scaling,5,dense_contact_only,8,24,12,256,mixed,none,0.0,uniform,256,1.0,0.0,0.0,256.0,8.0,0.0
decor_scaling,5,critical_cell_entropy,2,24,12,256,mixed,none,0.0,uniform,256,0.3333333333333333,0.6666666666666666,2.353032400545215,258.35303240054515,2.0,0.0
decor_scaling,5,critical_cell_entropy,4,24,12,256,mixed,none,0.0,uniform,256,0.625,0.375,1.5,257.5,4.0,0.0
decor_scaling,5,critical_cell_entropy,6,24,12,256,mixed,none,0.0,uniform,256,0.625,0.375,1.077067708633815,257.0770677086339,6.0,0.0
decor_scaling,5,critical_cell_entropy,8,24,12,256,mixed,none,0.0,uniform,256,0.8333333333333334,0.16666666666666666,0.4166666666666667,256.4166666666667,8.0,0.0
decor_scaling,5,contact_equivalence,2,24,12,256,mixed,none,0.0,uniform,256,0.25,0.75,1.5849625007211552,257.58496250072125,2.0,0.0
decor_scaling,5,contact_equivalence,4,24,12,256,mixed,none,0.0,uniform,256,1.0,0.0,0.0,256.0,4.0,0.0
decor_scaling,5,contact_equivalence,6,24,12,256,mixed,none,0.0,uniform,256,1.0,0.0,0.0,256.0,6.0,0.0
decor_scaling,5,contact_equivalence,8,24,12,256,mixed,none,0.0,uniform,256,1.0,0.0,0.0,256.0,8.0,0.0
decor_scaling,5,hybrid_50,2,24,12,256,mixed,none,0.0,uniform,256,0.041666666666666664,0.9583333333333334,3.5849625007211565,251.58496250072122,0.0,2.0
decor_scaling,5,hybrid_50,4,24,12,256,mixed,none,0.0,uniform,256,0.041666666666666664,0.9583333333333334,3.5849625007211565,243.58496250072122,0.0,4.0
decor_scaling,5,hybrid_50,6,24,12,256,mixed,none,0.0,uniform,256,0.041666666666666664,0.9583333333333334,3.5849625007211565,235.58496250072122,0.0,6.0
decor_scaling,5,hybrid_50,8,24,12,256,mixed,none,0.0,uniform,256,0.08333333333333333,0.9166666666666666,3.5849625007211565,227.58496250072122,0.0,8.0
decor_scaling,5,expected_regret,2,24,12,256,mixed,none,0.0,uniform,256,0.5,0.5,1.625,257.625,2.0,0.0
decor_scaling,5,expected_regret,4,24,12,256,mixed,none,0.0,uniform,256,0.875,0.125,0.3333333333333333,256.3333333333333,4.0,0.0
decor_scaling,5,expected_regret,6,24,12,256,mixed,none,0.0,uniform,256,1.0,0.0,0.0,256.0,6.0,0.0
decor_scaling,5,expected_regret,8,24,12,256,mixed,none,0.0,uniform,256,1.0,0.0,0.0,256.0,8.0,0.0
decor_scaling,6,dense_entropy,2,24,12,256,mixed,none,0.0,uniform,256,0.125,0.875,3.5849625007211565,251.58496250072122,0.0,2.0
decor_scaling,6,dense_entropy,4,24,12,256,mixed,none,0.0,uniform,256,0.041666666666666664,0.9583333333333334,3.5849625007211565,243.58496250072122,0.0,4.0
decor_scaling,6,dense_entropy,6,24,12,256,mixed,none,0.0,uniform,256,0.125,0.875,3.5849625007211565,235.58496250072122,0.0,6.0
decor_scaling,6,dense_entropy,8,24,12,256,mixed,none,0.0,uniform,256,0.08333333333333333,0.9166666666666666,3.5849625007211565,227.58496250072122,0.0,8.0
decor_scaling,6,dense_contact_only,2,24,12,256,mixed,none,0.0,uniform,256,0.375,0.625,1.5849625007211552,257.58496250072125,2.0,0.0
decor_scaling,6,dense_contact_only,4,24,12,256,mixed,none,0.0,uniform,256,1.0,0.0,0.0,256.0,4.0,0.0
decor_scaling,6,dense_contact_only,6,24,12,256,mixed,none,0.0,uniform,256,1.0,0.0,0.0,256.0,6.0,0.0
decor_scaling,6,dense_contact_only,8,24,12,256,mixed,none,0.0,uniform,256,1.0,0.0,0.0,256.0,8.0,0.0
decor_scaling,6,critical_cell_entropy,2,24,12,256,mixed,none,0.0,uniform,256,0.5416666666666666,0.4583333333333333,2.0762050593046015,258.0762050593045,2.0,0.0
decor_scaling,6,critical_cell_entropy,4,24,12,256,mixed,none,0.0,uniform,256,0.5416666666666666,0.4583333333333333,1.5,257.5,4.0,0.0
decor_scaling,6,critical_cell_entropy,6,24,12,256,mixed,none,0.0,uniform,256,0.7083333333333334,0.2916666666666667,0.9693609377704334,256.96936093777043,6.0,0.0
decor_scaling,6,critical_cell_entropy,8,24,12,256,mixed,none,0.0,uniform,256,0.75,0.25,0.5833333333333334,256.5833333333333,8.0,0.0
decor_scaling,6,contact_equivalence,2,24,12,256,mixed,none,0.0,uniform,256,0.5416666666666666,0.4583333333333333,1.5849625007211552,257.58496250072125,2.0,0.0
decor_scaling,6,contact_equivalence,4,24,12,256,mixed,none,0.0,uniform,256,1.0,0.0,0.0,256.0,4.0,0.0
decor_scaling,6,contact_equivalence,6,24,12,256,mixed,none,0.0,uniform,256,1.0,0.0,0.0,256.0,6.0,0.0
decor_scaling,6,contact_equivalence,8,24,12,256,mixed,none,0.0,uniform,256,1.0,0.0,0.0,256.0,8.0,0.0
decor_scaling,6,hybrid_50,2,24,12,256,mixed,none,0.0,uniform,256,0.041666666666666664,0.9583333333333334,3.5849625007211565,251.58496250072122,0.0,2.0
decor_scaling,6,hybrid_50,4,24,12,256,mixed,none,0.0,uniform,256,0.125,0.875,3.5849625007211565,243.58496250072122,0.0,4.0
decor_scaling,6,hybrid_50,6,24,12,256,mixed,none,0.0,uniform,256,0.041666666666666664,0.9583333333333334,3.5849625007211565,235.58496250072122,0.0,6.0
decor_scaling,6,hybrid_50,8,24,12,256,mixed,none,0.0,uniform,256,0.041666666666666664,0.9583333333333334,3.5849625007211565,227.58496250072122,0.0,8.0
decor_scaling,6,expected_regret,2,24,12,256,mixed,none,0.0,uniform,256,0.375,0.625,1.5833333333333333,257.5833333333333,2.0,0.0
decor_scaling,6,expected_regret,4,24,12,256,mixed,none,0.0,uniform,256,1.0,0.0,0.20833333333333334,256.2083333333333,4.0,0.0
decor_scaling,6,expected_regret,6,24,12,256,mixed,none,0.0,uniform,256,1.0,0.0,0.0,256.0,6.0,0.0
decor_scaling,6,expected_regret,8,24,12,256,mixed,none,0.0,uniform,256,1.0,0.0,0.0,256.0,8.0,0.0
decor_scaling,7,dense_entropy,2,24,12,256,mixed,none,0.0,uniform,256,0.125,0.875,3.5849625007211565,251.58496250072122,0.0,2.0
decor_scaling,7,dense_entropy,4,24,12,256,mixed,none,0.0,uniform,256,0.041666666666666664,0.9583333333333334,3.5849625007211565,243.58496250072122,0.0,4.0
decor_scaling,7,dense_entropy,6,24,12,256,mixed,none,0.0,uniform,256,0.08333333333333333,0.9166666666666666,3.5849625007211565,235.58496250072122,0.0,6.0
decor_scaling,7,dense_entropy,8,24,12,256,mixed,none,0.0,uniform,256,0.08333333333333333,0.9166666666666666,3.5849625007211565,227.58496250072122,0.0,8.0
decor_scaling,7,dense_contact_only,2,24,12,256,mixed,none,0.0,uniform,256,0.25,0.75,1.5849625007211552,257.58496250072125,2.0,0.0
decor_scaling,7,dense_contact_only,4,24,12,256,mixed,none,0.0,uniform,256,1.0,0.0,0.0,256.0,4.0,0.0
decor_scaling,7,dense_contact_only,6,24,12,256,mixed,none,0.0,uniform,256,1.0,0.0,0.0,256.0,6.0,0.0
decor_scaling,7,dense_contact_only,8,24,12,256,mixed,none,0.0,uniform,256,1.0,0.0,0.0,256.0,8.0,0.0
decor_scaling,7,critical_cell_entropy,2,24,12,256,mixed,none,0.0,uniform,256,0.2916666666666667,0.7083333333333334,2.4914460711655217,258.4914460711654,2.0,0.0
decor_scaling,7,critical_cell_entropy,4,24,12,256,mixed,none,0.0,uniform,256,0.4166666666666667,0.5833333333333334,2.125,258.125,4.0,0.0
decor_scaling,7,critical_cell_entropy,6,24,12,256,mixed,none,0.0,uniform,256,0.5,0.5,1.4001880212239592,257.400188021224,6.0,0.0
decor_scaling,7,critical_cell_entropy,8,24,12,256,mixed,none,0.0,uniform,256,0.7083333333333334,0.2916666666666667,0.75,256.75,8.0,0.0
decor_scaling,7,contact_equivalence,2,24,12,256,mixed,none,0.0,uniform,256,0.4166666666666667,0.5833333333333334,1.5849625007211552,257.58496250072125,2.0,0.0
decor_scaling,7,contact_equivalence,4,24,12,256,mixed,none,0.0,uniform,256,1.0,0.0,0.0,256.0,4.0,0.0
decor_scaling,7,contact_equivalence,6,24,12,256,mixed,none,0.0,uniform,256,1.0,0.0,0.0,256.0,6.0,0.0
decor_scaling,7,contact_equivalence,8,24,12,256,mixed,none,0.0,uniform,256,1.0,0.0,0.0,256.0,8.0,0.0
decor_scaling,7,hybrid_50,2,24,12,256,mixed,none,0.0,uniform,256,0.041666666666666664,0.9583333333333334,3.5849625007211565,251.58496250072122,0.0,2.0
decor_scaling,7,hybrid_50,4,24,12,256,mixed,none,0.0,uniform,256,0.25,0.75,3.5849625007211565,243.58496250072122,0.0,4.0
decor_scaling,7,hybrid_50,6,24,12,256,mixed,none,0.0,uniform,256,0.125,0.875,3.5849625007211565,235.58496250072122,0.0,6.0
decor_scaling,7,hybrid_50,8,24,12,256,mixed,none,0.0,uniform,256,0.20833333333333334,0.7916666666666666,3.5849625007211565,227.58496250072122,0.0,8.0
decor_scaling,7,expected_regret,2,24,12,256,mixed,none,0.0,uniform,256,0.2916666666666667,0.7083333333333334,1.75,257.75,2.0,0.0
decor_scaling,7,expected_regret,4,24,12,256,mixed,none,0.0,uniform,256,0.8333333333333334,0.16666666666666666,0.375,256.375,4.0,0.0
decor_scaling,7,expected_regret,6,24,12,256,mixed,none,0.0,uniform,256,1.0,0.0,0.0,256.0,6.0,0.0
decor_scaling,7,expected_regret,8,24,12,256,mixed,none,0.0,uniform,256,1.0,0.0,0.0,256.0,8.0,0.0
decor_scaling,8,dense_entropy,2,24,12,256,mixed,none,0.0,uniform,256,0.0,1.0,3.5849625007211565,251.58496250072122,0.0,2.0
decor_scaling,8,dense_entropy,4,24,12,256,mixed,none,0.0,uniform,256,0.08333333333333333,0.9166666666666666,3.5849625007211565,243.58496250072122,0.0,4.0
decor_scaling,8,dense_entropy,6,24,12,256,mixed,none,0.0,uniform,256,0.08333333333333333,0.9166666666666666,3.5849625007211565,235.58496250072122,0.0,6.0
decor_scaling,8,dense_entropy,8,24,12,256,mixed,none,0.0,uniform,256,0.125,0.875,3.5849625007211565,227.58496250072122,0.0,8.0
decor_scaling,8,dense_contact_only,2,24,12,256,mixed,none,0.0,uniform,256,0.25,0.75,1.5849625007211552,257.58496250072125,2.0,0.0
decor_scaling,8,dense_contact_only,4,24,12,256,mixed,none,0.0,uniform,256,1.0,0.0,0.0,256.0,4.0,0.0
decor_scaling,8,dense_contact_only,6,24,12,256,mixed,none,0.0,uniform,256,1.0,0.0,0.0,256.0,6.0,0.0
decor_scaling,8,dense_contact_only,8,24,12,256,mixed,none,0.0,uniform,256,1.0,0.0,0.0,256.0,8.0,0.0
decor_scaling,8,critical_cell_entropy,2,24,12,256,mixed,none,0.0,uniform,256,0.25,0.75,2.9066870830264424,258.9066870830264,2.0,0.0
decor_scaling,8,critical_cell_entropy,4,24,12,256,mixed,none,0.0,uniform,256,0.5416666666666666,0.4583333333333333,2.0,258.0,4.0,0.0
decor_scaling,8,critical_cell_entropy,6,24,12,256,mixed,none,0.0,uniform,256,0.6666666666666666,0.3333333333333333,1.2924812503605778,257.2924812503606,6.0,0.0
decor_scaling,8,critical_cell_entropy,8,24,12,256,mixed,none,0.0,uniform,256,0.6666666666666666,0.3333333333333333,0.75,256.75,8.0,0.0
decor_scaling,8,contact_equivalence,2,24,12,256,mixed,none,0.0,uniform,256,0.375,0.625,1.5849625007211552,257.58496250072125,2.0,0.0
decor_scaling,8,contact_equivalence,4,24,12,256,mixed,none,0.0,uniform,256,1.0,0.0,0.0,256.0,4.0,0.0
decor_scaling,8,contact_equivalence,6,24,12,256,mixed,none,0.0,uniform,256,1.0,0.0,0.0,256.0,6.0,0.0
decor_scaling,8,contact_equivalence,8,24,12,256,mixed,none,0.0,uniform,256,1.0,0.0,0.0,256.0,8.0,0.0
decor_scaling,8,hybrid_50,2,24,12,256,mixed,none,0.0,uniform,256,0.08333333333333333,0.9166666666666666,3.5849625007211565,251.58496250072122,0.0,2.0
decor_scaling,8,hybrid_50,4,24,12,256,mixed,none,0.0,uniform,256,0.125,0.875,3.5849625007211565,243.58496250072122,0.0,4.0
decor_scaling,8,hybrid_50,6,24,12,256,mixed,none,0.0,uniform,256,0.08333333333333333,0.9166666666666666,3.5849625007211565,235.58496250072122,0.0,6.0
decor_scaling,8,hybrid_50,8,24,12,256,mixed,none,0.0,uniform,256,0.08333333333333333,0.9166666666666666,3.5849625007211565,227.58496250072122,0.0,8.0
decor_scaling,8,expected_regret,2,24,12,256,mixed,none,0.0,uniform,256,0.25,0.75,1.625,257.625,2.0,0.0
decor_scaling,8,expected_regret,4,24,12,256,mixed,none,0.0,uniform,256,0.7916666666666666,0.20833333333333334,0.4166666666666667,256.4166666666667,4.0,0.0
decor_scaling,8,expected_regret,6,24,12,256,mixed,none,0.0,uniform,256,1.0,0.0,0.0,256.0,6.0,0.0
decor_scaling,8,expected_regret,8,24,12,256,mixed,none,0.0,uniform,256,1.0,0.0,0.0,256.0,8.0,0.0
decor_scaling,9,dense_entropy,2,24,12,256,mixed,none,0.0,uniform,256,0.125,0.875,3.5849625007211565,251.58496250072122,0.0,2.0
decor_scaling,9,dense_entropy,4,24,12,256,mixed,none,0.0,uniform,256,0.125,0.875,3.5849625007211565,243.58496250072122,0.0,4.0
decor_scaling,9,dense_entropy,6,24,12,256,mixed,none,0.0,uniform,256,0.0,1.0,3.5849625007211565,235.58496250072122,0.0,6.0
decor_scaling,9,dense_entropy,8,24,12,256,mixed,none,0.0,uniform,256,0.0,1.0,3.5849625007211565,227.58496250072122,0.0,8.0
decor_scaling,9,dense_contact_only,2,24,12,256,mixed,none,0.0,uniform,256,0.4166666666666667,0.5833333333333334,1.5849625007211552,257.58496250072125,2.0,0.0
decor_scaling,9,dense_contact_only,4,24,12,256,mixed,none,0.0,uniform,256,1.0,0.0,0.0,256.0,4.0,0.0
decor_scaling,9,dense_contact_only,6,24,12,256,mixed,none,0.0,uniform,256,1.0,0.0,0.0,256.0,6.0,0.0
decor_scaling,9,dense_contact_only,8,24,12,256,mixed,none,0.0,uniform,256,1.0,0.0,0.0,256.0,8.0,0.0
decor_scaling,9,critical_cell_entropy,2,24,12,256,mixed,none,0.0,uniform,256,0.125,0.875,3.0451007536467496,259.04510075364664,2.0,0.0
decor_scaling,9,critical_cell_entropy,4,24,12,256,mixed,none,0.0,uniform,256,0.375,0.625,1.875,257.875,4.0,0.0
decor_scaling,9,critical_cell_entropy,6,24,12,256,mixed,none,0.0,uniform,256,0.7083333333333334,0.2916666666666667,1.1847744794971964,257.1847744794972,6.0,0.0
decor_scaling,9,critical_cell_entropy,8,24,12,256,mixed,none,0.0,uniform,256,0.7916666666666666,0.20833333333333334,0.5833333333333334,256.5833333333333,8.0,0.0
decor_scaling,9,contact_equivalence,2,24,12,256,mixed,none,0.0,uniform,256,0.5416666666666666,0.4583333333333333,1.5849625007211552,257.58496250072125,2.0,0.0
decor_scaling,9,contact_equivalence,4,24,12,256,mixed,none,0.0,uniform,256,1.0,0.0,0.0,256.0,4.0,0.0
decor_scaling,9,contact_equivalence,6,24,12,256,mixed,none,0.0,uniform,256,1.0,0.0,0.0,256.0,6.0,0.0
decor_scaling,9,contact_equivalence,8,24,12,256,mixed,none,0.0,uniform,256,1.0,0.0,0.0,256.0,8.0,0.0
decor_scaling,9,hybrid_50,2,24,12,256,mixed,none,0.0,uniform,256,0.08333333333333333,0.9166666666666666,3.5849625007211565,251.58496250072122,0.0,2.0
decor_scaling,9,hybrid_50,4,24,12,256,mixed,none,0.0,uniform,256,0.20833333333333334,0.7916666666666666,3.5849625007211565,243.58496250072122,0.0,4.0
decor_scaling,9,hybrid_50,6,24,12,256,mixed,none,0.0,uniform,256,0.0,1.0,3.5849625007211565,235.58496250072122,0.0,6.0
decor_scaling,9,hybrid_50,8,24,12,256,mixed,none,0.0,uniform,256,0.041666666666666664,0.9583333333333334,3.5849625007211565,227.58496250072122,0.0,8.0
decor_scaling,9,expected_regret,2,24,12,256,mixed,none,0.0,uniform,256,0.3333333333333333,0.6666666666666666,1.75,257.75,2.0,0.0
decor_scaling,9,expected_regret,4,24,12,256,mixed,none,0.0,uniform,256,0.75,0.25,0.5833333333333334,256.5833333333333,4.0,0.0
decor_scaling,9,expected_regret,6,24,12,256,mixed,none,0.0,uniform,256,1.0,0.0,0.0,256.0,6.0,0.0
decor_scaling,9,expected_regret,8,24,12,256,mixed,none,0.0,uniform,256,1.0,0.0,0.0,256.0,8.0,0.0
