suite,seed,method,budget,trials,lanes,decor_bits,library,noise_mode,noise_rate,prior_mode,lane_setting,success_rate,mean_regret,posterior_contact_entropy,posterior_full_entropy,contact_probes,decor_probes
lane_scaling,0,dense_entropy,2,24,8,64,mixed,none,0.0,uniform,8,0.16666666666666666,0.8333333333333334,3.0,59.0,0.0,2.0
lane_scaling,0,dense_entropy,4,24,8,64,mixed,none,0.0,uniform,8,0.125,0.875,3.0,51.0,0.0,4.0
lane_scaling,0,dense_entropy,6,24,8,64,mixed,none,0.0,uniform,8,0.041666666666666664,0.9583333333333334,3.0,43.0,0.0,6.0
lane_scaling,0,dense_entropy,8,24,8,64,mixed,none,0.0,uniform,8,0.20833333333333334,0.7916666666666666,3.0,35.0,0.0,8.0
lane_scaling,0,dense_entropy,10,24,8,64,mixed,none,0.0,uniform,8,0.125,0.875,3.0,27.0,0.0,10.0
lane_scaling,0,dense_contact_only,2,24,8,64,mixed,none,0.0,uniform,8,0.6666666666666666,0.3333333333333333,1.0,65.0,2.0,0.0
lane_scaling,0,dense_contact_only,4,24,8,64,mixed,none,0.0,uniform,8,1.0,0.0,0.0,64.0,4.0,0.0
lane_scaling,0,dense_contact_only,6,24,8,64,mixed,none,0.0,uniform,8,1.0,0.0,0.0,64.0,6.0,0.0
lane_scaling,0,dense_contact_only,8,24,8,64,mixed,none,0.0,uniform,8,1.0,0.0,0.0,64.0,8.0,0.0
lane_scaling,0,dense_contact_only,10,24,8,64,mixed,none,0.0,uniform,8,1.0,0.0,0.0,64.0,10.0,0.0
lane_scaling,0,critical_cell_entropy,2,24,8,64,mixed,none,0.0,uniform,8,0.20833333333333334,0.7916666666666666,2.154135417267629,66.15413541726763,2.0,0.0
lane_scaling,0,critical_cell_entropy,4,24,8,64,mixed,none,0.0,uniform,8,0.6666666666666666,0.3333333333333333,1.0,65.0,4.0,0.0
lane_scaling,0,critical_cell_entropy,6,24,8,64,mixed,none,0.0,uniform,8,0.9583333333333334,0.041666666666666664,0.20833333333333334,64.20833333333333,6.0,0.0
lane_scaling,0,critical_cell_entropy,8,24,8,64,mixed,none,0.0,uniform,8,1.0,0.0,0.0,64.0,8.0,0.0
lane_scaling,0,critical_cell_entropy,10,24,8,64,mixed,none,0.0,uniform,8,1.0,0.0,0.0,64.0,8.0,0.0
lane_scaling,0,contact_equivalence,2,24,8,64,mixed,none,0.0,uniform,8,0.4166666666666667,0.5833333333333334,1.0,65.0,2.0,0.0
lane_scaling,0,contact_equivalence,4,24,8,64,mixed,none,0.0,uniform,8,1.0,0.0,0.0,64.0,4.0,0.0
lane_scaling,0,contact_equivalence,6,24,8,64,mixed,none,0.0,uniform,8,1.0,0.0,0.0,64.0,6.0,0.0
lane_scaling,0,contact_equivalence,8,24,8,64,mixed,none,0.0,uniform,8,1.0,0.0,0.0,64.0,8.0,0.0
lane_scaling,0,contact_equivalence,10,24,8,64,mixed,none,0.0,uniform,8,1.0,0.0,0.0,64.0,10.0,0.0
lane_scaling,0,expected_regret,2,24,8,64,mixed,none,0.0,uniform,8,0.5,0.5,1.0,65.0,2.0,0.0
lane_scaling,0,expected_regret,4,24,8,64,mixed,none,0.0,uniform,8,1.0,0.0,0.0,64.0,4.0,0.0
lane_scaling,0,expected_regret,6,24,8,64,mixed,none,0.0,uniform,8,1.0,0.0,0.0,64.0,6.0,0.0
lane_scaling,0,expected_regret,8,24,8,64,mixed,none,0.0,uniform,8,1.0,0.0,0.0,64.0,8.0,0.0
lane_scaling,0,expected_regret,10,24,8,64,mixed,none,0.0,uniform,8,1.0,0.0,0.0,64.0,10.0,0.0
lane_scaling,0,sampled_equivalence,2,24,8,64,mixed,none,0.0,uniform,8,0.4166666666666667,0.5833333333333334,1.170614062710337,65.17061406271034,2.0,0.0
lane_scaling,0,sampled_equivalence,4,24,8,64,mixed,none,0.0,uniform,8,1.0,0.0,0.0,64.0,4.0,0.0
lane_scaling,0,sampled_equivalence,6,24,8,64,mixed,none,0.0,uniform,8,1.0,0.0,0.0,64.0,6.0,0.0
lane_scaling,0,sampled_equivalence,8,24,8,64,mixed,none,0.0,uniform,8,1.0,0.0,0.0,64.0,8.0,0.0
lane_scaling,0,sampled_equivalence,10,24,8,64,mixed,none,0.0,uniform,8,1.0,0.0,0.0,64.0,10.0,0.0
lane_scaling,1,dense_entropy,2,24,8,64,mixed,none,0.0,uniform,8,0.041666666666666664,0.9583333333333334,3.0,59.0,0.0,2.0
lane_scaling,1,dense_entropy,4,24,8,64,mixed,none,0.0,uniform,8,0.16666666666666666,0.8333333333333334,3.0,51.0,0.0,4.0
lane_scaling,1,dense_entropy,6,24,8,64,mixed,none,0.0,uniform,8,0.16666666666666666,0.8333333333333334,3.0,43.0,0.0,6.0
lane_scaling,1,dense_entropy,8,24,8,64,mixed,none,0.0,uniform,8,0.16666666666666666,0.8333333333333334,3.0,35.0,0.0,8.0
lane_scaling,1,dense_entropy,10,24,8,64,mixed,none,0.0,uniform,8,0.16666666666666666,0.8333333333333334,3.0,27.0,0.0,10.0
lane_scaling,1,dense_contact_only,2,24,8,64,mixed,none,0.0,uniform,8,0.4166666666666667,0.5833333333333334,1.0,65.0,2.0,0.0
lane_scaling,1,dense_contact_only,4,24,8,64,mixed,none,0.0,uniform,8,1.0,0.0,0.0,64.0,4.0,0.0
lane_scaling,1,dense_contact_only,6,24,8,64,mixed,none,0.0,uniform,8,1.0,0.0,0.0,64.0,6.0,0.0
lane_scaling,1,dense_contact_only,8,24,8,64,mixed,none,0.0,uniform,8,1.0,0.0,0.0,64.0,8.0,0.0
lane_scaling,1,dense_contact_only,10,24,8,64,mixed,none,0.0,uniform,8,1.0,0.0,0.0,64.0,10.0,0.0
lane_scaling,1,critical_cell_entropy,2,24,8,64,mixed,none,0.0,uniform,8,0.3333333333333333,0.6666666666666666,1.9387218755408664,65.93872187554085,2.0,0.0
lane_scaling,1,critical_cell_entropy,4,24,8,64,mixed,none,0.0,uniform,8,0.5416666666666666,0.4583333333333333,1.0,65.0,4.0,0.0
lane_scaling,1,critical_cell_entropy,6,24,8,64,mixed,none,0.0,uniform,8,0.9166666666666666,0.08333333333333333,0.08333333333333333,64.08333333333333,6.0,0.0
lane_scaling,1,critical_cell_entropy,8,24,8,64,mixed,none,0.0,uniform,8,1.0,0.0,0.0,64.0,8.0,0.0
lane_scaling,1,critical_cell_entropy,10,24,8,64,mixed,none,0.0,uniform,8,1.0,0.0,0.0,64.0,8.0,0.0
lane_scaling,1,contact_equivalence,2,24,8,64,mixed,none,0.0,uniform,8,0.3333333333333333,0.6666666666666666,1.0,65.0,2.0,0.0
lane_scaling,1,contact_equivalence,4,24,8,64,mixed,none,0.0,uniform,8,1.0,0.0,0.0,64.0,4.0,0.0
lane_scaling,1,contact_equivalence,6,24,8,64,mixed,none,0.0,uniform,8,1.0,0.0,0.0,64.0,6.0,0.0
lane_scaling,1,contact_equivalence,8,24,8,64,mixed,none,0.0,uniform,8,1.0,0.0,0.0,64.0,8.0,0.0
lane_scaling,1,contact_equivalence,10,24,8,64,mixed,none,0.0,uniform,8,1.0,0.0,0.0,64.0,10.0,0.0
lane_scaling,1,expected_regret,2,24,8,64,mixed,none,0.0,uniform,8,0.5833333333333334,0.4166666666666667,1.0,65.0,2.0,0.0
lane_scaling,1,expected_regret,4,24,8,64,mixed,none,0.0,uniform,8,1.0,0.0,0.0,64.0,4.0,0.0
lane_scaling,1,expected_regret,6,24,8,64,mixed,none,0.0,uniform,8,1.0,0.0,0.0,64.0,6.0,0.0
lane_scaling,1,expected_regret,8,24,8,64,mixed,none,0.0,uniform,8,1.0,0.0,0.0,64.0,8.0,0.0
lane_scaling,1,expected_regret,10,24,8,64,mixed,none,0.0,uniform,8,1.0,0.0,0.0,64.0,10.0,0.0
lane_scaling,1,sampled_equivalence,2,24,8,64,mixed,none,0.0,uniform,8,0.75,0.25,1.031453645923478,65.03145364592348,2.0,0.0
lane_scaling,1,sampled_equivalence,4,24,8,64,mixed,none,0.0,uniform,8,1.0,0.0,0.0,64.0,4.0,0.0
lane_scaling,1,sampled_equivalence,6,24,8,64,mixed,none,0.0,uniform,8,1.0,0.0,0.0,64.0,6.0,0.0
lane_scaling,1,sampled_equivalence,8,24,8,64,mixed,none,0.0,uniform,8,1.0,0.0,0.0,64.0,8.0,0.0
lane_scaling,1,sampled_equivalence,10,24,8,64,mixed,none,0.0,uniform,8,1.0,0.0,0.0,64.0,10.0,0.0
lane_scaling,2,dense_entropy,2,24,8,64,mixed,none,0.0,uniform,8,0.08333333333333333,0.9166666666666666,3.0,59.0,0.0,2.0
lane_scaling,2,dense_entropy,4,24,8,64,mixed,none,0.0,uniform,8,0.041666666666666664,0.9583333333333334,3.0,51.0,0.0,4.0
lane_scaling,2,dense_entropy,6,24,8,64,mixed,none,0.0,uniform,8,0.0,1.0,3.0,43.0,0.0,6.0
lane_scaling,2,dense_entropy,8,24,8,64,mixed,none,0.0,uniform,8,0.16666666666666666,0.8333333333333334,3.0,35.0,0.0,8.0
lane_scaling,2,dense_entropy,10,24,8,64,mixed,none,0.0,uniform,8,0.20833333333333334,0.7916666666666666,3.0,27.0,0.0,10.0
lane_scaling,2,dense_contact_only,2,24,8,64,mixed,none,0.0,uniform,8,0.625,0.375,1.0,65.0,2.0,0.0
lane_scaling,2,dense_contact_only,4,24,8,64,mixed,none,0.0,uniform,8,1.0,0.0,0.0,64.0,4.0,0.0
lane_scaling,2,dense_contact_only,6,24,8,64,mixed,none,0.0,uniform,8,1.0,0.0,0.0,64.0,6.0,0.0
lane_scaling,2,dense_contact_only,8,24,8,64,mixed,none,0.0,uniform,8,1.0,0.0,0.0,64.0,8.0,0.0
lane_scaling,2,dense_contact_only,10,24,8,64,mixed,none,0.0,uniform,8,1.0,0.0,0.0,64.0,10.0,0.0
lane_scaling,2,critical_cell_entropy,2,24,8,64,mixed,none,0.0,uniform,8,0.5,0.5,1.5078947920873407,65.50789479208733,2.0,0.0
lane_scaling,2,critical_cell_entropy,4,24,8,64,mixed,none,0.0,uniform,8,0.6666666666666666,0.3333333333333333,0.9166666666666666,64.91666666666667,4.0,0.0
lane_scaling,2,critical_cell_entropy,6,24,8,64,mixed,none,0.0,uniform,8,0.8333333333333334,0.16666666666666666,0.20833333333333334,64.20833333333333,6.0,0.0
lane_scaling,2,critical_cell_entropy,8,24,8,64,mixed,none,0.0,uniform,8,1.0,0.0,0.0,64.0,8.0,0.0
lane_scaling,2,critical_cell_entropy,10,24,8,64,mixed,none,0.0,uniform,8,1.0,0.0,0.0,64.0,8.0,0.0
lane_scaling,2,contact_equivalence,2,24,8,64,mixed,none,0.0,uniform,8,0.4583333333333333,0.5416666666666666,1.0,65.0,2.0,0.0
lane_scaling,2,contact_equivalence,4,24,8,64,mixed,none,0.0,uniform,8,1.0,0.0,0.0,64.0,4.0,0.0
lane_scaling,2,contact_equivalence,6,24,8,64,mixed,none,0.0,uniform,8,1.0,0.0,0.0,64.0,6.0,0.0
lane_scaling,2,contact_equivalence,8,24,8,64,mixed,none,0.0,uniform,8,1.0,0.0,0.0,64.0,8.0,0.0
lane_scaling,2,contact_equivalence,10,24,8,64,mixed,none,0.0,uniform,8,1.0,0.0,0.0,64.0,10.0,0.0
lane_scaling,2,expected_regret,2,24,8,64,mixed,none,0.0,uniform,8,0.625,0.375,1.0,65.0,2.0,0.0
lane_scaling,2,expected_regret,4,24,8,64,mixed,none,0.0,uniform,8,1.0,0.0,0.0,64.0,4.0,0.0
lane_scaling,2,expected_regret,6,24,8,64,mixed,none,0.0,uniform,8,1.0,0.0,0.0,64.0,6.0,0.0
lane_scaling,2,expected_regret,8,24,8,64,mixed,none,0.0,uniform,8,1.0,0.0,0.0,64.0,8.0,0.0
lane_scaling,2,expected_regret,10,24,8,64,mixed,none,0.0,uniform,8,1.0,0.0,0.0,64.0,10.0,0.0
lane_scaling,2,sampled_equivalence,2,24,8,64,mixed,none,0.0,uniform,8,0.5,0.5,0.8333333333333334,64.83333333333333,2.0,0.0
lane_scaling,2,sampled_equivalence,4,24,8,64,mixed,none,0.0,uniform,8,0.9583333333333334,0.041666666666666664,0.041666666666666664,64.04166666666667,4.0,0.0
lane_scaling,2,sampled_equivalence,6,24,8,64,mixed,none,0.0,uniform,8,1.0,0.0,0.0,64.0,6.0,0.0
lane_scaling,2,sampled_equivalence,8,24,8,64,mixed,none,0.0,uniform,8,1.0,0.0,0.0,64.0,8.0,0.0
lane_scaling,2,sampled_equivalence,10,24,8,64,mixed,none,0.0,uniform,8,1.0,0.0,0.0,64.0,10.0,0.0
lane_scaling,3,dense_entropy,2,24,8,64,mixed,none,0.0,uniform,8,0.16666666666666666,0.8333333333333334,3.0,59.0,0.0,2.0
lane_scaling,3,dense_entropy,4,24,8,64,mixed,none,0.0,uniform,8,0.125,0.875,3.0,51.0,0.0,4.0
lane_scaling,3,dense_entropy,6,24,8,64,mixed,none,0.0,uniform,8,0.125,0.875,3.0,43.0,0.0,6.0
lane_scaling,3,dense_entropy,8,24,8,64,mixed,none,0.0,uniform,8,0.041666666666666664,0.9583333333333334,3.0,35.0,0.0,8.0
lane_scaling,3,dense_entropy,10,24,8,64,mixed,none,0.0,uniform,8,0.08333333333333333,0.9166666666666666,3.0,27.0,0.0,10.0
lane_scaling,3,dense_contact_only,2,24,8,64,mixed,none,0.0,uniform,8,0.5416666666666666,0.4583333333333333,1.0,65.0,2.0,0.0
lane_scaling,3,dense_contact_only,4,24,8,64,mixed,none,0.0,uniform,8,1.0,0.0,0.0,64.0,4.0,0.0
lane_scaling,3,dense_contact_only,6,24,8,64,mixed,none,0.0,uniform,8,1.0,0.0,0.0,64.0,6.0,0.0
lane_scaling,3,dense_contact_only,8,24,8,64,mixed,none,0.0,uniform,8,1.0,0.0,0.0,64.0,8.0,0.0
lane_scaling,3,dense_contact_only,10,24,8,64,mixed,none,0.0,uniform,8,1.0,0.0,0.0,64.0,10.0,0.0
lane_scaling,3,critical_cell_entropy,2,24,8,64,mixed,none,0.0,uniform,8,0.4166666666666667,0.5833333333333334,1.9387218755408664,65.93872187554085,2.0,0.0
lane_scaling,3,critical_cell_entropy,4,24,8,64,mixed,none,0.0,uniform,8,0.5,0.5,1.1666666666666667,65.16666666666667,4.0,0.0
lane_scaling,3,critical_cell_entropy,6,24,8,64,mixed,none,0.0,uniform,8,0.9166666666666666,0.08333333333333333,0.2916666666666667,64.29166666666667,6.0,0.0
lane_scaling,3,critical_cell_entropy,8,24,8,64,mixed,none,0.0,uniform,8,1.0,0.0,0.0,64.0,8.0,0.0
lane_scaling,3,critical_cell_entropy,10,24,8,64,mixed,none,0.0,uniform,8,1.0,0.0,0.0,64.0,8.0,0.0
lane_scaling,3,contact_equivalence,2,24,8,64,mixed,none,0.0,uniform,8,0.6666666666666666,0.3333333333333333,1.0,65.0,2.0,0.0
lane_scaling,3,contact_equivalence,4,24,8,64,mixed,none,0.0,uniform,8,1.0,0.0,0.0,64.0,4.0,0.0
lane_scaling,3,contact_equivalence,6,24,8,64,mixed,none,0.0,uniform,8,1.0,0.0,0.0,64.0,6.0,0.0
lane_scaling,3,contact_equivalence,8,24,8,64,mixed,none,0.0,uniform,8,1.0,0.0,0.0,64.0,8.0,0.0
lane_scaling,3,contact_equivalence,10,24,8,64,mixed,none,0.0,uniform,8,1.0,0.0,0.0,64.0,10.0,0.0
lane_scaling,3,expected_regret,2,24,8,64,mixed,none,0.0,uniform,8,0.4166666666666667,0.5833333333333334,1.0,65.0,2.0,0.0
lane_scaling,3,expected_regret,4,24,8,64,mixed,none,0.0,uniform,8,1.0,0.0,0.0,64.0,4.0,0.0
lane_scaling,3,expected_regret,6,24,8,64,mixed,none,0.0,uniform,8,1.0,0.0,0.0,64.0,6.0,0.0
lane_scaling,3,expected_regret,8,24,8,64,mixed,none,0.0,uniform,8,1.0,0.0,0.0,64.0,8.0,0.0
lane_scaling,3,expected_regret,10,24,8,64,mixed,none,0.0,uniform,8,1.0,0.0,0.0,64.0,10.0,0.0
lane_scaling,3,sampled_equivalence,2,24,8,64,mixed,none,0.0,uniform,8,0.5416666666666666,0.4583333333333333,1.1320802083934296,65.13208020839343,2.0,0.0
lane_scaling,3,sampled_equivalence,4,24,8,64,mixed,none,0.0,uniform,8,1.0,0.0,0.0,64.0,4.0,0.0
lane_scaling,3,sampled_equivalence,6,24,8,64,mixed,none,0.0,uniform,8,1.0,0.0,0.0,64.0,6.0,0.0
lane_scaling,3,sampled_equivalence,8,24,8,64,mixed,none,0.0,uniform,8,1.0,0.0,0.0,64.0,8.0,0.0
lane_scaling,3,sampled_equivalence,10,24,8,64,mixed,none,0.0,uniform,8,1.0,0.0,0.0,64.0,10.0,0.0
lane_scaling,4,dense_entropy,2,24,8,64,mixed,none,0.0,uniform,8,0.08333333333333333,0.9166666666666666,3.0,59.0,0.0,2.0
lane_scaling,4,dense_entropy,4,24,8,64,mixed,none,0.0,uniform,8,0.16666666666666666,0.8333333333333334,3.0,51.0,0.0,4.0
lane_scaling,4,dense_entropy,6,24,8,64,mixed,none,0.0,uniform,8,0.25,0.75,3.0,43.0,0.0,6.0
lane_scaling,4,dense_entropy,8,24,8,64,mixed,none,0.0,uniform,8,0.08333333333333333,0.9166666666666666,3.0,35.0,0.0,8.0
lane_scaling,4,dense_entropy,10,24,8,64,mixed,none,0.0,uniform,8,0.20833333333333334,0.7916666666666666,3.0,27.0,0.0,10.0
lane_scaling,4,dense_contact_only,2,24,8,64,mixed,none,0.0,uniform,8,0.4583333333333333,0.5416666666666666,1.0,65.0,2.0,0.0
lane_scaling,4,dense_contact_only,4,24,8,64,mixed,none,0.0,uniform,8,1.0,0.0,0.0,64.0,4.0,0.0
lane_scaling,4,dense_contact_only,6,24,8,64,mixed,none,0.0,uniform,8,1.0,0.0,0.0,64.0,6.0,0.0
lane_scaling,4,dense_contact_only,8,24,8,64,mixed,none,0.0,uniform,8,1.0,0.0,0.0,64.0,8.0,0.0
lane_scaling,4,dense_contact_only,10,24,8,64,mixed,none,0.0,uniform,8,1.0,0.0,0.0,64.0,10.0,0.0
lane_scaling,4,critical_cell_entropy,2,24,8,64,mixed,none,0.0,uniform,8,0.2916666666666667,0.7083333333333334,2.154135417267629,66.15413541726763,2.0,0.0
lane_scaling,4,critical_cell_entropy,4,24,8,64,mixed,none,0.0,uniform,8,0.5416666666666666,0.4583333333333333,1.25,65.25,4.0,0.0
lane_scaling,4,critical_cell_entropy,6,24,8,64,mixed,none,0.0,uniform,8,0.875,0.125,0.3333333333333333,64.33333333333333,6.0,0.0
lane_scaling,4,critical_cell_entropy,8,24,8,64,mixed,none,0.0,uniform,8,1.0,0.0,0.0,64.0,8.0,0.0
lane_scaling,4,critical_cell_entropy,10,24,8,64,mixed,none,0.0,uniform,8,1.0,0.0,0.0,64.0,8.0,0.0
lane_scaling,4,contact_equivalence,2,24,8,64,mixed,none,0.0,uniform,8,0.6666666666666666,0.3333333333333333,1.0,65.0,2.0,0.0
lane_scaling,4,contact_equivalence,4,24,8,64,mixed,none,0.0,uniform,8,1.0,0.0,0.0,64.0,4.0,0.0
lane_scaling,4,contact_equivalence,6,24,8,64,mixed,none,0.0,uniform,8,1.0,0.0,0.0,64.0,6.0,0.0
lane_scaling,4,contact_equivalence,8,24,8,64,mixed,none,0.0,uniform,8,1.0,0.0,0.0,64.0,8.0,0.0
lane_scaling,4,contact_equivalence,10,24,8,64,mixed,none,0.0,uniform,8,1.0,0.0,0.0,64.0,10.0,0.0
lane_scaling,4,expected_regret,2,24,8,64,mixed,none,0.0,uniform,8,0.2916666666666667,0.7083333333333334,1.0,65.0,2.0,0.0
lane_scaling,4,expected_regret,4,24,8,64,mixed,none,0.0,uniform,8,1.0,0.0,0.0,64.0,4.0,0.0
lane_scaling,4,expected_regret,6,24,8,64,mixed,none,0.0,uniform,8,1.0,0.0,0.0,64.0,6.0,0.0
lane_scaling,4,expected_regret,8,24,8,64,mixed,none,0.0,uniform,8,1.0,0.0,0.0,64.0,8.0,0.0
lane_scaling,4,expected_regret,10,24,8,64,mixed,none,0.0,uniform,8,1.0,0.0,0.0,64.0,10.0,0.0
lane_scaling,4,sampled_equivalence,2,24,8,64,mixed,none,0.0,uniform,8,0.5,0.5,0.9827067708633814,64.98270677086339,2.0,0.0
lane_scaling,4,sampled_equivalence,4,24,8,64,mixed,none,0.0,uniform,8,1.0,0.0,0.0,64.0,4.0,0.0
lane_scaling,4,sampled_equivalence,6,24,8,64,mixed,none,0.0,uniform,8,1.0,0.0,0.0,64.0,6.0,0.0
lane_scaling,4,sampled_equivalence,8,24,8,64,mixed,none,0.0,uniform,8,1.0,0.0,0.0,64.0,8.0,0.0
lane_scaling,4,sampled_equivalence,10,24,8,64,mixed,none,0.0,uniform,8,1.0,0.0,0.0,64.0,10.0,0.0
lane_scaling,5,dense_entropy,2,24,8,64,mixed,none,0.0,uniform,8,0.041666666666666664,0.9583333333333334,3.0,59.0,0.0,2.0
lane_scaling,5,dense_entropy,4,24,8,64,mixed,none,0.0,uniform,8,0.125,0.875,3.0,51.0,0.0,4.0
lane_scaling,5,dense_entropy,6,24,8,64,mixed,none,0.0,uniform,8,0.20833333333333334,0.7916666666666666,3.0,43.0,0.0,6.0
lane_scaling,5,dense_entropy,8,24,8,64,mixed,none,0.0,uniform,8,0.125,0.875,3.0,35.0,0.0,8.0
lane_scaling,5,dense_entropy,10,24,8,64,mixed,none,0.0,uniform,8,0.125,0.875,3.0,27.0,0.0,10.0
lane_scaling,5,dense_contact_only,2,24,8,64,mixed,none,0.0,uniform,8,0.4166666666666667,0.5833333333333334,1.0,65.0,2.0,0.0
lane_scaling,5,dense_contact_only,4,24,8,64,mixed,none,0.0,uniform,8,1.0,0.0,0.0,64.0,4.0,0.0
lane_scaling,5,dense_contact_only,6,24,8,64,mixed,none,0.0,uniform,8,1.0,0.0,0.0,64.0,6.0,0.0
lane_scaling,5,dense_contact_only,8,24,8,64,mixed,none,0.0,uniform,8,1.0,0.0,0.0,64.0,8.0,0.0
lane_scaling,5,dense_contact_only,10,24,8,64,mixed,none,0.0,uniform,8,1.0,0.0,0.0,64.0,10.0,0.0
lane_scaling,5,critical_cell_entropy,2,24,8,64,mixed,none,0.0,uniform,8,0.3333333333333333,0.6666666666666666,1.9387218755408664,65.93872187554085,2.0,0.0
lane_scaling,5,critical_cell_entropy,4,24,8,64,mixed,none,0.0,uniform,8,0.7083333333333334,0.2916666666666667,1.0833333333333333,65.08333333333333,4.0,0.0
lane_scaling,5,critical_cell_entropy,6,24,8,64,mixed,none,0.0,uniform,8,0.875,0.125,0.375,64.375,6.0,0.0
lane_scaling,5,critical_cell_entropy,8,24,8,64,mixed,none,0.0,uniform,8,1.0,0.0,0.0,64.0,8.0,0.0
lane_scaling,5,critical_cell_entropy,10,24,8,64,mixed,none,0.0,uniform,8,1.0,0.0,0.0,64.0,8.0,0.0
lane_scaling,5,contact_equivalence,2,24,8,64,mixed,none,0.0,uniform,8,0.4583333333333333,0.5416666666666666,1.0,65.0,2.0,0.0
lane_scaling,5,contact_equivalence,4,24,8,64,mixed,none,0.0,uniform,8,1.0,0.0,0.0,64.0,4.0,0.0
lane_scaling,5,contact_equivalence,6,24,8,64,mixed,none,0.0,uniform,8,1.0,0.0,0.0,64.0,6.0,0.0
lane_scaling,5,contact_equivalence,8,24,8,64,mixed,none,0.0,uniform,8,1.0,0.0,0.0,64.0,8.0,0.0
lane_scaling,5,contact_equivalence,10,24,8,64,mixed,none,0.0,uniform,8,1.0,0.0,0.0,64.0,10.0,0.0
lane_scaling,5,expected_regret,2,24,8,64,mixed,none,0.0,uniform,8,0.4583333333333333,0.5416666666666666,1.0,65.0,2.0,0.0
lane_scaling,5,expected_regret,4,24,8,64,mixed,none,0.0,uniform,8,1.0,0.0,0.0,64.0,4.0,0.0
lane_scaling,5,expected_regret,6,24,8,64,mixed,none,0.0,uniform,8,1.0,0.0,0.0,64.0,6.0,0.0
lane_scaling,5,expected_regret,8,24,8,64,mixed,none,0.0,uniform,8,1.0,0.0,0.0,64.0,8.0,0.0
lane_scaling,5,expected_regret,10,24,8,64,mixed,none,0.0,uniform,8,1.0,0.0,0.0,64.0,10.0,0.0
lane_scaling,5,sampled_equivalence,2,24,8,64,mixed,none,0.0,uniform,8,0.6666666666666666,0.3333333333333333,1.1981203125901445,65.19812031259015,2.0,0.0
lane_scaling,5,sampled_equivalence,4,24,8,64,mixed,none,0.0,uniform,8,1.0,0.0,0.0,64.0,4.0,0.0
lane_scaling,5,sampled_equivalence,6,24,8,64,mixed,none,0.0,uniform,8,1.0,0.0,0.0,64.0,6.0,0.0
lane_scaling,5,sampled_equivalence,8,24,8,64,mixed,none,0.0,uniform,8,1.0,0.0,0.0,64.0,8.0,0.0
lane_scaling,5,sampled_equivalence,10,24,8,64,mixed,none,0.0,uniform,8,1.0,0.0,0.0,64.0,10.0,0.0
lane_scaling,6,dense_entropy,2,24,8,64,mixed,none,0.0,uniform,8,0.041666666666666664,0.9583333333333334,3.0,59.0,0.0,2.0
lane_scaling,6,dense_entropy,4,24,8,64,mixed,none,0.0,uniform,8,0.16666666666666666,0.8333333333333334,3.0,51.0,0.0,4.0
lane_scaling,6,dense_entropy,6,24,8,64,mixed,none,0.0,uniform,8,0.125,0.875,3.0,43.0,0.0,6.0
lane_scaling,6,dense_entropy,8,24,8,64,mixed,none,0.0,uniform,8,0.20833333333333334,0.7916666666666666,3.0,35.0,0.0,8.0
lane_scaling,6,dense_entropy,10,24,8,64,mixed,none,0.0,uniform,8,0.125,0.875,3.0,27.0,0.0,10.0
lane_scaling,6,dense_contact_only,2,24,8,64,mixed,none,0.0,uniform,8,0.5,0.5,1.0,65.0,2.0,0.0
lane_scaling,6,dense_contact_only,4,24,8,64,mixed,none,0.0,uniform,8,1.0,0.0,0.0,64.0,4.0,0.0
lane_scaling,6,dense_contact_only,6,24,8,64,mixed,none,0.0,uniform,8,1.0,0.0,0.0,64.0,6.0,0.0
lane_scaling,6,dense_contact_only,8,24,8,64,mixed,none,0.0,uniform,8,1.0,0.0,0.0,64.0,8.0,0.0
lane_scaling,6,dense_contact_only,10,24,8,64,mixed,none,0.0,uniform,8,1.0,0.0,0.0,64.0,10.0,0.0
lane_scaling,6,critical_cell_entropy,2,24,8,64,mixed,none,0.0,uniform,8,0.2916666666666667,0.7083333333333334,2.154135417267629,66.15413541726763,2.0,0.0
lane_scaling,6,critical_cell_entropy,4,24,8,64,mixed,none,0.0,uniform,8,0.7916666666666666,0.20833333333333334,0.9166666666666666,64.91666666666667,4.0,0.0
lane_scaling,6,critical_cell_entropy,6,24,8,64,mixed,none,0.0,uniform,8,0.9583333333333334,0.041666666666666664,0.16666666666666666,64.16666666666667,6.0,0.0
lane_scaling,6,critical_cell_entropy,8,24,8,64,mixed,none,0.0,uniform,8,1.0,0.0,0.0,64.0,8.0,0.0
lane_scaling,6,critical_cell_entropy,10,24,8,64,mixed,none,0.0,uniform,8,1.0,0.0,0.0,64.0,8.0,0.0
lane_scaling,6,contact_equivalence,2,24,8,64,mixed,none,0.0,uniform,8,0.4583333333333333,0.5416666666666666,1.0,65.0,2.0,0.0
lane_scaling,6,contact_equivalence,4,24,8,64,mixed,none,0.0,uniform,8,1.0,0.0,0.0,64.0,4.0,0.0
lane_scaling,6,contact_equivalence,6,24,8,64,mixed,none,0.0,uniform,8,1.0,0.0,0.0,64.0,6.0,0.0
lane_scaling,6,contact_equivalence,8,24,8,64,mixed,none,0.0,uniform,8,1.0,0.0,0.0,64.0,8.0,0.0
lane_scaling,6,contact_equivalence,10,24,8,64,mixed,none,0.0,uniform,8,1.0,0.0,0.0,64.0,10.0,0.0
lane_scaling,6,expected_regret,2,24,8,64,mixed,none,0.0,uniform,8,0.4166666666666667,0.5833333333333334,1.0,65.0,2.0,0.0
lane_scaling,6,expected_regret,4,24,8,64,mixed,none,0.0,uniform,8,1.0,0.0,0.0,64.0,4.0,0.0
lane_scaling,6,expected_regret,6,24,8,64,mixed,none,0.0,uniform,8,1.0,0.0,0.0,64.0,6.0,0.0
lane_scaling,6,expected_regret,8,24,8,64,mixed,none,0.0,uniform,8,1.0,0.0,0.0,64.0,8.0,0.0
lane_scaling,6,expected_regret,10,24,8,64,mixed,none,0.0,uniform,8,1.0,0.0,0.0,64.0,10.0,0.0
lane_scaling,6,sampled_equivalence,2,24,8,64,mixed,none,0.0,uniform,8,0.4166666666666667,0.5833333333333334,1.055827083453526,65.05582708345352,2.0,0.0
lane_scaling,6,sampled_equivalence,4,24,8,64,mixed,none,0.0,uniform,8,1.0,0.0,0.0,64.0,4.0,0.0
lane_scaling,6,sampled_equivalence,6,24,8,64,mixed,none,0.0,uniform,8,1.0,0.0,0.0,64.0,6.0,0.0
lane_scaling,6,sampled_equivalence,8,24,8,64,mixed,none,0.0,uniform,8,1.0,0.0,0.0,64.0,8.0,0.0
lane_scaling,6,sampled_equivalence,10,24,8,64,mixed,none,0.0,uniform,8,1.0,0.0,0.0,64.0,10.0,0.0
lane_scaling,7,dense_entropy,2,24,8,64,mixed,none,0.0,uniform,8,0.16666666666666666,0.8333333333333334,3.0,59.0,0.0,2.0
lane_scaling,7,dense_entropy,4,24,8,64,mixed,none,0.0,uniform,8,0.16666666666666666,0.8333333333333334,3.0,51.0,0.0,4.0
lane_scaling,7,dense_entropy,6,24,8,64,mixed,none,0.0,uniform,8,0.20833333333333334,0.7916666666666666,3.0,43.0,0.0,6.0
lane_scaling,7,dense_entropy,8,24,8,64,mixed,none,0.0,uniform,8,0.16666666666666666,0.8333333333333334,3.0,35.0,0.0,8.0
lane_scaling,7,dense_entropy,10,24,8,64,mixed,none,0.0,uniform,8,0.20833333333333334,0.7916666666666666,3.0,27.0,0.0,10.0
lane_scaling,7,dense_contact_only,2,24,8,64,mixed,none,0.0,uniform,8,0.5416666666666666,0.4583333333333333,1.0,65.0,2.0,0.0
lane_scaling,7,dense_contact_only,4,24,8,64,mixed,none,0.0,uniform,8,1.0,0.0,0.0,64.0,4.0,0.0
lane_scaling,7,dense_contact_only,6,24,8,64,mixed,none,0.0,uniform,8,1.0,0.0,0.0,64.0,6.0,0.0
lane_scaling,7,dense_contact_only,8,24,8,64,mixed,none,0.0,uniform,8,1.0,0.0,0.0,64.0,8.0,0.0
lane_scaling,7,dense_contact_only,10,24,8,64,mixed,none,0.0,uniform,8,1.0,0.0,0.0,64.0,10.0,0.0
lane_scaling,7,critical_cell_entropy,2,24,8,64,mixed,none,0.0,uniform,8,0.4583333333333333,0.5416666666666666,1.7233083338141035,65.72330833381409,2.0,0.0
lane_scaling,7,critical_cell_entropy,4,24,8,64,mixed,none,0.0,uniform,8,0.5833333333333334,0.4166666666666667,0.9166666666666666,64.91666666666667,4.0,0.0
lane_scaling,7,critical_cell_entropy,6,24,8,64,mixed,none,0.0,uniform,8,0.875,0.125,0.20833333333333334,64.20833333333333,6.0,0.0
lane_scaling,7,critical_cell_entropy,8,24,8,64,mixed,none,0.0,uniform,8,1.0,0.0,0.0,64.0,8.0,0.0
lane_scaling,7,critical_cell_entropy,10,24,8,64,mixed,none,0.0,uniform,8,1.0,0.0,0.0,64.0,8.0,0.0
lane_scaling,7,contact_equivalence,2,24,8,64,mixed,none,0.0,uniform,8,0.5416666666666666,0.4583333333333333,1.0,65.0,2.0,0.0
lane_scaling,7,contact_equivalence,4,24,8,64,mixed,none,0.0,uniform,8,1.0,0.0,0.0,64.0,4.0,0.0
lane_scaling,7,contact_equivalence,6,24,8,64,mixed,none,0.0,uniform,8,1.0,0.0,0.0,64.0,6.0,0.0
lane_scaling,7,contact_equivalence,8,24,8,64,mixed,none,0.0,uniform,8,1.0,0.0,0.0,64.0,8.0,0.0
lane_scaling,7,contact_equivalence,10,24,8,64,mixed,none,0.0,uniform,8,1.0,0.0,0.0,64.0,10.0,0.0
lane_scaling,7,expected_regret,2,24,8,64,mixed,none,0.0,uniform,8,0.625,0.375,1.0,65.0,2.0,0.0
lane_scaling,7,expected_regret,4,24,8,64,mixed,none,0.0,uniform,8,1.0,0.0,0.0,64.0,4.0,0.0
lane_scaling,7,expected_regret,6,24,8,64,mixed,none,0.0,uniform,8,1.0,0.0,0.0,64.0,6.0,0.0
lane_scaling,7,expected_regret,8,24,8,64,mixed,none,0.0,uniform,8,1.0,0.0,0.0,64.0,8.0,0.0
lane_scaling,7,expected_regret,10,24,8,64,mixed,none,0.0,uniform,8,1.0,0.0,0.0,64.0,10.0,0.0
lane_scaling,7,sampled_equivalence,2,24,8,64,mixed,none,0.0,uniform,8,0.625,0.375,0.9481203125901446,64.94812031259015,2.0,0.0
lane_scaling,7,sampled_equivalence,4,24,8,64,mixed,none,0.0,uniform,8,1.0,0.0,0.0,64.0,4.0,0.0
lane_scaling,7,sampled_equivalence,6,24,8,64,mixed,none,0.0,uniform,8,1.0,0.0,0.0,64.0,6.0,0.0
lane_scaling,7,sampled_equivalence,8,24,8,64,mixed,none,0.0,uniform,8,1.0,0.0,0.0,64.0,8.0,0.0
lane_scaling,7,sampled_equivalence,10,24,8,64,mixed,none,0.0,uniform,8,1.0,0.0,0.0,64.0,10.0,0.0
lane_scaling,8,dense_entropy,2,24,8,64,mixed,none,0.0,uniform,8,0.041666666666666664,0.9583333333333334,3.0,59.0,0.0,2.0
lane_scaling,8,dense_entropy,4,24,8,64,mixed,none,0.0,uniform,8,0.08333333333333333,0.9166666666666666,3.0,51.0,0.0,4.0
lane_scaling,8,dense_entropy,6,24,8,64,mixed,none,0.0,uniform,8,0.125,0.875,3.0,43.0,0.0,6.0
lane_scaling,8,dense_entropy,8,24,8,64,mixed,none,0.0,uniform,8,0.0,1.0,3.0,35.0,0.0,8.0
lane_scaling,8,dense_entropy,10,24,8,64,mixed,none,0.0,uniform,8,0.08333333333333333,0.9166666666666666,3.0,27.0,0.0,10.0
lane_scaling,8,dense_contact_only,2,24,8,64,mixed,none,0.0,uniform,8,0.5833333333333334,0.4166666666666667,1.0,65.0,2.0,0.0
lane_scaling,8,dense_contact_only,4,24,8,64,mixed,none,0.0,uniform,8,1.0,0.0,0.0,64.0,4.0,0.0
lane_scaling,8,dense_contact_only,6,24,8,64,mixed,none,0.0,uniform,8,1.0,0.0,0.0,64.0,6.0,0.0
lane_scaling,8,dense_contact_only,8,24,8,64,mixed,none,0.0,uniform,8,1.0,0.0,0.0,64.0,8.0,0.0
lane_scaling,8,dense_contact_only,10,24,8,64,mixed,none,0.0,uniform,8,1.0,0.0,0.0,64.0,10.0,0.0
lane_scaling,8,critical_cell_entropy,2,24,8,64,mixed,none,0.0,uniform,8,0.4166666666666667,0.5833333333333334,2.0464286464042476,66.04642864640424,2.0,0.0
lane_scaling,8,critical_cell_entropy,4,24,8,64,mixed,none,0.0,uniform,8,0.5833333333333334,0.4166666666666667,1.25,65.25,4.0,0.0
lane_scaling,8,critical_cell_entropy,6,24,8,64,mixed,none,0.0,uniform,8,0.8333333333333334,0.16666666666666666,0.2916666666666667,64.29166666666667,6.0,0.0
lane_scaling,8,critical_cell_entropy,8,24,8,64,mixed,none,0.0,uniform,8,1.0,0.0,0.0,64.0,8.0,0.0
lane_scaling,8,critical_cell_entropy,10,24,8,64,mixed,none,0.0,uniform,8,1.0,0.0,0.0,64.0,8.0,0.0
lane_scaling,8,contact_equivalence,2,24,8,64,mixed,none,0.0,uniform,8,0.5,0.5,1.0,65.0,2.0,0.0
lane_scaling,8,contact_equivalence,4,24,8,64,mixed,none,0.0,uniform,8,1.0,0.0,0.0,64.0,4.0,0.0
lane_scaling,8,contact_equivalence,6,24,8,64,mixed,none,0.0,uniform,8,1.0,0.0,0.0,64.0,6.0,0.0
lane_scaling,8,contact_equivalence,8,24,8,64,mixed,none,0.0,uniform,8,1.0,0.0,0.0,64.0,8.0,0.0
lane_scaling,8,contact_equivalence,10,24,8,64,mixed,none,0.0,uniform,8,1.0,0.0,0.0,64.0,10.0,0.0
lane_scaling,8,expected_regret,2,24,8,64,mixed,none,0.0,uniform,8,0.625,0.375,1.0,65.0,2.0,0.0
lane_scaling,8,expected_regret,4,24,8,64,mixed,none,0.0,uniform,8,1.0,0.0,0.0,64.0,4.0,0.0
lane_scaling,8,expected_regret,6,24,8,64,mixed,none,0.0,uniform,8,1.0,0.0,0.0,64.0,6.0,0.0
lane_scaling,8,expected_regret,8,24,8,64,mixed,none,0.0,uniform,8,1.0,0.0,0.0,64.0,8.0,0.0
lane_scaling,8,expected_regret,10,24,8,64,mixed,none,0.0,uniform,8,1.0,0.0,0.0,64.0,10.0,0.0
lane_scaling,8,sampled_equivalence,2,24,8,64,mixed,none,0.0,uniform,8,0.375,0.625,1.1147869792568113,65.1147869792568,2.0,0.0
lane_scaling,8,sampled_equivalence,4,24,8,64,mixed,none,0.0,uniform,8,1.0,0.0,0.0,64.0,4.0,0.0
lane_scaling,8,sampled_equivalence,6,24,8,64,mixed,none,0.0,uniform,8,1.0,0.0,0.0,64.0,6.0,0.0
lane_scaling,8,sampled_equivalence,8,24,8,64,mixed,none,0.0,uniform,8,1.0,0.0,0.0,64.0,8.0,0.0
lane_scaling,8,sampled_equivalence,10,24,8,64,mixed,none,0.0,uniform,8,1.0,0.0,0.0,64.0,10.0,0.0
lane_scaling,9,dense_entropy,2,24,8,64,mixed,none,0.0,uniform,8,0.125,0.875,3.0,59.0,0.0,2.0
lane_scaling,9,dense_entropy,4,24,8,64,mixed,none,0.0,uniform,8,0.08333333333333333,0.9166666666666666,3.0,51.0,0.0,4.0
lane_scaling,9,dense_entropy,6,24,8,64,mixed,none,0.0,uniform,8,0.08333333333333333,0.9166666666666666,3.0,43.0,0.0,6.0
lane_scaling,9,dense_entropy,8,24,8,64,mixed,none,0.0,uniform,8,0.08333333333333333,0.9166666666666666,3.0,35.0,0.0,8.0
lane_scaling,9,dense_entropy,10,24,8,64,mixed,none,0.0,uniform,8,0.041666666666666664,0.9583333333333334,3.0,27.0,0.0,10.0
lane_scaling,9,dense_contact_only,2,24,8,64,mixed,none,0.0,uniform,8,0.5833333333333334,0.4166666666666667,1.0,65.0,2.0,0.0
lane_scaling,9,dense_contact_only,4,24,8,64,mixed,none,0.0,uniform,8,1.0,0.0,0.0,64.0,4.0,0.0
lane_scaling,9,dense_contact_only,6,24,8,64,mixed,none,0.0,uniform,8,1.0,0.0,0.0,64.0,6.0,0.0
lane_scaling,9,dense_contact_only,8,24,8,64,mixed,none,0.0,uniform,8,1.0,0.0,0.0,64.0,8.0,0.0
lane_scaling,9,dense_contact_only,10,24,8,64,mixed,none,0.0,uniform,8,1.0,0.0,0.0,64.0,10.0,0.0
lane_scaling,9,critical_cell_entropy,2,24,8,64,mixed,none,0.0,uniform,8,0.3333333333333333,0.6666666666666666,2.154135417267629,66.15413541726763,2.0,0.0
lane_scaling,9,critical_cell_entropy,4,24,8,64,mixed,none,0.0,uniform,8,0.5416666666666666,0.4583333333333333,1.0833333333333333,65.08333333333333,4.0,0.0
lane_scaling,9,critical_cell_entropy,6,24,8,64,mixed,none,0.0,uniform,8,0.8333333333333334,0.16666666666666666,0.2916666666666667,64.29166666666667,6.0,0.0
lane_scaling,9,critical_cell_entropy,8,24,8,64,mixed,none,0.0,uniform,8,1.0,0.0,0.0,64.0,8.0,0.0
lane_scaling,9,critical_cell_entropy,10,24,8,64,mixed,none,0.0,uniform,8,1.0,0.0,0.0,64.0,8.0,0.0
lane_scaling,9,contact_equivalence,2,24,8,64,mixed,none,0.0,uniform,8,0.625,0.375,1.0,65.0,2.0,0.0
lane_scaling,9,contact_equivalence,4,24,8,64,mixed,none,0.0,uniform,8,1.0,0.0,0.0,64.0,4.0,0.0
lane_scaling,9,contact_equivalence,6,24,8,64,mixed,none,0.0,uniform,8,1.0,0.0,0.0,64.0,6.0,0.0
lane_scaling,9,contact_equivalence,8,24,8,64,mixed,none,0.0,uniform,8,1.0,0.0,0.0,64.0,8.0,0.0
lane_scaling,9,contact_equivalence,10,24,8,64,mixed,none,0.0,uniform,8,1.0,0.0,0.0,64.0,10.0,0.0
lane_scaling,9,expected_regret,2,24,8,64,mixed,none,0.0,uniform,8,0.6666666666666666,0.3333333333333333,1.0,65.0,2.0,0.0
lane_scaling,9,expected_regret,4,24,8,64,mixed,none,0.0,uniform,8,1.0,0.0,0.0,64.0,4.0,0.0
lane_scaling,9,expected_regret,6,24,8,64,mixed,none,0.0,uniform,8,1.0,0.0,0.0,64.0,6.0,0.0
lane_scaling,9,expected_regret,8,24,8,64,mixed,none,0.0,uniform,8,1.0,0.0,0.0,64.0,8.0,0.0
lane_scaling,9,expected_regret,10,24,8,64,mixed,none,0.0,uniform,8,1.0,0.0,0.0,64.0,10.0,0.0
lane_scaling,9,sampled_equivalence,2,24,8,64,mixed,none,0.0,uniform,8,0.5,0.5,0.9827067708633814,64.98270677086339,2.0,0.0
lane_scaling,9,sampled_equivalence,4,24,8,64,mixed,none,0.0,uniform,8,1.0,0.0,0.0,64.0,4.0,0.0
lane_scaling,9,sampled_equivalence,6,24,8,64,mixed,none,0.0,uniform,8,1.0,0.0,0.0,64.0,6.0,0.0
lane_scaling,9,sampled_equivalence,8,24,8,64,mixed,none,0.0,uniform,8,1.0,0.0,0.0,64.0,8.0,0.0
lane_scaling,9,sampled_equivalence,10,24,8,64,mixed,none,0.0,uniform,8,1.0,0.0,0.0,64.0,10.0,0.0
lane_scaling,0,dense_entropy,2,24,12,64,mixed,none,0.0,uniform,12,0.08333333333333333,0.9166666666666666,3.5849625007211565,59.58496250072114,0.0,2.0
lane_scaling,0,dense_entropy,4,24,12,64,mixed,none,0.0,uniform,12,0.08333333333333333,0.9166666666666666,3.5849625007211565,51.584962500721154,0.0,4.0
lane_scaling,0,dense_entropy,6,24,12,64,mixed,none,0.0,uniform,12,0.125,0.875,3.5849625007211565,43.58496250072116,0.0,6.0
lane_scaling,0,dense_entropy,8,24,12,64,mixed,none,0.0,uniform,12,0.041666666666666664,0.9583333333333334,3.5849625007211565,35.58496250072116,0.0,8.0
lane_scaling,0,dense_entropy,10,24,12,64,mixed,none,0.0,uniform,12,0.0,1.0,3.5849625007211565,27.584962500721158,0.0,10.0
lane_scaling,0,dense_contact_only,2,24,12,64,mixed,none,0.0,uniform,12,0.3333333333333333,0.6666666666666666,1.5849625007211552,65.58496250072115,2.0,0.0
lane_scaling,0,dense_contact_only,4,24,12,64,mixed,none,0.0,uniform,12,1.0,0.0,0.0,64.0,4.0,0.0
lane_scaling,0,dense_contact_only,6,24,12,64,mixed,none,0.0,uniform,12,1.0,0.0,0.0,64.0,6.0,0.0
lane_scaling,0,dense_contact_only,8,24,12,64,mixed,none,0.0,uniform,12,1.0,0.0,0.0,64.0,8.0,0.0
lane_scaling,0,dense_contact_only,10,24,12,64,mixed,none,0.0,uniform,12,1.0,0.0,0.0,64.0,10.0,0.0
lane_scaling,0,critical_cell_entropy,2,24,12,64,mixed,none,0.0,uniform,12,0.125,0.875,3.1835144242670563,67.1835144242671,2.0,0.0
lane_scaling,0,critical_cell_entropy,4,24,12,64,mixed,none,0.0,uniform,12,0.3333333333333333,0.6666666666666666,2.25,66.25,4.0,0.0
lane_scaling,0,critical_cell_entropy,6,24,12,64,mixed,none,0.0,uniform,12,0.5833333333333334,0.4166666666666667,1.1847744794971964,65.1847744794972,6.0,0.0
lane_scaling,0,critical_cell_entropy,8,24,12,64,mixed,none,0.0,uniform,12,0.7083333333333334,0.2916666666666667,0.75,64.75,8.0,0.0
lane_scaling,0,critical_cell_entropy,10,24,12,64,mixed,none,0.0,uniform,12,0.75,0.25,0.2916666666666667,64.29166666666667,10.0,0.0
lane_scaling,0,contact_equivalence,2,24,12,64,mixed,none,0.0,uniform,12,0.625,0.375,1.5849625007211552,65.58496250072115,2.0,0.0
lane_scaling,0,contact_equivalence,4,24,12,64,mixed,none,0.0,uniform,12,1.0,0.0,0.0,64.0,4.0,0.0
lane_scaling,0,contact_equivalence,6,24,12,64,mixed,none,0.0,uniform,12,1.0,0.0,0.0,64.0,6.0,0.0
lane_scaling,0,contact_equivalence,8,24,12,64,mixed,none,0.0,uniform,12,1.0,0.0,0.0,64.0,8.0,0.0
lane_scaling,0,contact_equivalence,10,24,12,64,mixed,none,0.0,uniform,12,1.0,0.0,0.0,64.0,10.0,0.0
lane_scaling,0,expected_regret,2,24,12,64,mixed,none,0.0,uniform,12,0.16666666666666666,0.8333333333333334,1.7916666666666667,65.79166666666667,2.0,0.0
lane_scaling,0,expected_regret,4,24,12,64,mixed,none,0.0,uniform,12,0.6666666666666666,0.3333333333333333,0.4166666666666667,64.41666666666667,4.0,0.0
lane_scaling,0,expected_regret,6,24,12,64,mixed,none,0.0,uniform,12,1.0,0.0,0.0,64.0,6.0,0.0
lane_scaling,0,expected_regret,8,24,12,64,mixed,none,0.0,uniform,12,1.0,0.0,0.0,64.0,8.0,0.0
lane_scaling,0,expected_regret,10,24,12,64,mixed,none,0.0,uniform,12,1.0,0.0,0.0,64.0,10.0,0.0
lane_scaling,0,sampled_equivalence,2,24,12,64,mixed,none,0.0,uniform,12,0.125,0.875,1.746935025177599,65.74693502517759,2.0,0.0
lane_scaling,0,sampled_equivalence,4,24,12,64,mixed,none,0.0,uniform,12,0.9583333333333334,0.041666666666666664,0.08333333333333333,64.08333333333333,4.0,0.0
lane_scaling,0,sampled_equivalence,6,24,12,64,mixed,none,0.0,uniform,12,1.0,0.0,0.0,64.0,6.0,0.0
lane_scaling,0,sampled_equivalence,8,24,12,64,mixed,none,0.0,uniform,12,1.0,0.0,0.0,64.0,8.0,0.0
lane_scaling,0,sampled_equivalence,10,24,12,64,mixed,none,0.0,uniform,12,1.0,0.0,0.0,64.0,10.0,0.0
lane_scaling,1,dense_entropy,2,24,12,64,mixed,none,0.0,uniform,12,0.08333333333333333,0.9166666666666666,3.5849625007211565,59.58496250072114,0.0,2.0
lane_scaling,1,dense_entropy,4,24,12,64,mixed,none,0.0,uniform,12,0.08333333333333333,0.9166666666666666,3.5849625007211565,51.584962500721154,0.0,4.0
lane_scaling,1,dense_entropy,6,24,12,64,mixed,none,0.0,uniform,12,0.08333333333333333,0.9166666666666666,3.5849625007211565,43.58496250072116,0.0,6.0
lane_scaling,1,dense_entropy,8,24,12,64,mixed,none,0.0,uniform,12,0.125,0.875,3.5849625007211565,35.58496250072116,0.0,8.0
lane_scaling,1,dense_entropy,10,24,12,64,mixed,none,0.0,uniform,12,0.0,1.0,3.5849625007211565,27.584962500721158,0.0,10.0
lane_scaling,1,dense_contact_only,2,24,12,64,mixed,none,0.0,uniform,12,0.16666666666666666,0.8333333333333334,1.5849625007211552,65.58496250072115,2.0,0.0
lane_scaling,1,dense_contact_only,4,24,12,64,mixed,none,0.0,uniform,12,1.0,0.0,0.0,64.0,4.0,0.0
lane_scaling,1,dense_contact_only,6,24,12,64,mixed,none,0.0,uniform,12,1.0,0.0,0.0,64.0,6.0,0.0
lane_scaling,1,dense_contact_only,8,24,12,64,mixed,none,0.0,uniform,12,1.0,0.0,0.0,64.0,8.0,0.0
lane_scaling,1,dense_contact_only,10,24,12,64,mixed,none,0.0,uniform,12,1.0,0.0,0.0,64.0,10.0,0.0
lane_scaling,1,critical_cell_entropy,2,24,12,64,mixed,none,0.0,uniform,12,0.25,0.75,2.9066870830264424,66.90668708302648,2.0,0.0
lane_scaling,1,critical_cell_entropy,4,24,12,64,mixed,none,0.0,uniform,12,0.2916666666666667,0.7083333333333334,2.25,66.25,4.0,0.0
lane_scaling,1,critical_cell_entropy,6,24,12,64,mixed,none,0.0,uniform,12,0.5,0.5,1.615601562950722,65.61560156295072,6.0,0.0
lane_scaling,1,critical_cell_entropy,8,24,12,64,mixed,none,0.0,uniform,12,0.6666666666666666,0.3333333333333333,0.9166666666666666,64.91666666666667,8.0,0.0
lane_scaling,1,critical_cell_entropy,10,24,12,64,mixed,none,0.0,uniform,12,0.9166666666666666,0.08333333333333333,0.16666666666666666,64.16666666666667,10.0,0.0
lane_scaling,1,contact_equivalence,2,24,12,64,mixed,none,0.0,uniform,12,0.3333333333333333,0.6666666666666666,1.5849625007211552,65.58496250072115,2.0,0.0
lane_scaling,1,contact_equivalence,4,24,12,64,mixed,none,0.0,uniform,12,1.0,0.0,0.0,64.0,4.0,0.0
lane_scaling,1,contact_equivalence,6,24,12,64,mixed,none,0.0,uniform,12,1.0,0.0,0.0,64.0,6.0,0.0
lane_scaling,1,contact_equivalence,8,24,12,64,mixed,none,0.0,uniform,12,1.0,0.0,0.0,64.0,8.0,0.0
lane_scaling,1,contact_equivalence,10,24,12,64,mixed,none,0.0,uniform,12,1.0,0.0,0.0,64.0,10.0,0.0
lane_scaling,1,expected_regret,2,24,12,64,mixed,none,0.0,uniform,12,0.375,0.625,1.7083333333333333,65.70833333333333,2.0,0.0
lane_scaling,1,expected_regret,4,24,12,64,mixed,none,0.0,uniform,12,0.8333333333333334,0.16666666666666666,0.3333333333333333,64.33333333333333,4.0,0.0
lane_scaling,1,expected_regret,6,24,12,64,mixed,none,0.0,uniform,12,1.0,0.0,0.0,64.0,6.0,0.0
lane_scaling,1,expected_regret,8,24,12,64,mixed,none,0.0,uniform,12,1.0,0.0,0.0,64.0,8.0,0.0
lane_scaling,1,expected_regret,10,24,12,64,mixed,none,0.0,uniform,12,1.0,0.0,0.0,64.0,10.0,0.0
lane_scaling,1,sampled_equivalence,2,24,12,64,mixed,none,0.0,uniform,12,0.2916666666666667,0.7083333333333334,1.767361066663977,65.76736106666398,2.0,0.0
lane_scaling,1,sampled_equivalence,4,24,12,64,mixed,none,0.0,uniform,12,0.9583333333333334,0.041666666666666664,0.041666666666666664,64.04166666666667,4.0,0.0
lane_scaling,1,sampled_equivalence,6,24,12,64,mixed,none,0.0,uniform,12,1.0,0.0,0.0,64.0,6.0,0.0
lane_scaling,1,sampled_equivalence,8,24,12,64,mixed,none,0.0,uniform,12,1.0,0.0,0.0,64.0,8.0,0.0
lane_scaling,1,sampled_equivalence,10,24,12,64,mixed,none,0.0,uniform,12,1.0,0.0,0.0,64.0,10.0,0.0
lane_scaling,2,dense_entropy,2,24,12,64,mixed,none,0.0,uniform,12,0.125,0.875,3.5849625007211565,59.58496250072114,0.0,2.0
lane_scaling,2,dense_entropy,4,24,12,64,mixed,none,0.0,uniform,12,0.125,0.875,3.5849625007211565,51.584962500721154,0.0,4.0
lane_scaling,2,dense_entropy,6,24,12,64,mixed,none,0.0,uniform,12,0.041666666666666664,0.9583333333333334,3.5849625007211565,43.58496250072116,0.0,6.0
lane_scaling,2,dense_entropy,8,24,12,64,mixed,none,0.0,uniform,12,0.041666666666666664,0.9583333333333334,3.5849625007211565,35.58496250072116,0.0,8.0
lane_scaling,2,dense_entropy,10,24,12,64,mixed,none,0.0,uniform,12,0.08333333333333333,0.9166666666666666,3.5849625007211565,27.584962500721158,0.0,10.0
lane_scaling,2,dense_contact_only,2,24,12,64,mixed,none,0.0,uniform,12,0.20833333333333334,0.7916666666666666,1.5849625007211552,65.58496250072115,2.0,0.0
lane_scaling,2,dense_contact_only,4,24,12,64,mixed,none,0.0,uniform,12,1.0,0.0,0.0,64.0,4.0,0.0
lane_scaling,2,dense_contact_only,6,24,12,64,mixed,none,0.0,uniform,12,1.0,0.0,0.0,64.0,6.0,0.0
lane_scaling,2,dense_contact_only,8,24,12,64,mixed,none,0.0,uniform,12,1.0,0.0,0.0,64.0,8.0,0.0
lane_scaling,2,dense_contact_only,10,24,12,64,mixed,none,0.0,uniform,12,1.0,0.0,0.0,64.0,10.0,0.0
lane_scaling,2,critical_cell_entropy,2,24,12,64,mixed,none,0.0,uniform,12,0.4166666666666667,0.5833333333333334,2.2146187299249083,66.21461872992494,2.0,0.0
lane_scaling,2,critical_cell_entropy,4,24,12,64,mixed,none,0.0,uniform,12,0.5833333333333334,0.4166666666666667,1.625,65.625,4.0,0.0
lane_scaling,2,critical_cell_entropy,6,24,12,64,mixed,none,0.0,uniform,12,0.7083333333333334,0.2916666666666667,1.1847744794971964,65.1847744794972,6.0,0.0
lane_scaling,2,critical_cell_entropy,8,24,12,64,mixed,none,0.0,uniform,12,0.875,0.125,0.6666666666666666,64.66666666666667,8.0,0.0
lane_scaling,2,critical_cell_entropy,10,24,12,64,mixed,none,0.0,uniform,12,0.9166666666666666,0.08333333333333333,0.16666666666666666,64.16666666666667,10.0,0.0
lane_scaling,2,contact_equivalence,2,24,12,64,mixed,none,0.0,uniform,12,0.25,0.75,1.5849625007211552,65.58496250072115,2.0,0.0
lane_scaling,2,contact_equivalence,4,24,12,64,mixed,none,0.0,uniform,12,1.0,0.0,0.0,64.0,4.0,0.0
lane_scaling,2,contact_equivalence,6,24,12,64,mixed,none,0.0,uniform,12,1.0,0.0,0.0,64.0,6.0,0.0
lane_scaling,2,contact_equivalence,8,24,12,64,mixed,none,0.0,uniform,12,1.0,0.0,0.0,64.0,8.0,0.0
lane_scaling,2,contact_equivalence,10,24,12,64,mixed,none,0.0,uniform,12,1.0,0.0,0.0,64.0,10.0,0.0
lane_scaling,2,expected_regret,2,24,12,64,mixed,none,0.0,uniform,12,0.20833333333333334,0.7916666666666666,1.625,65.625,2.0,0.0
lane_scaling,2,expected_regret,4,24,12,64,mixed,none,0.0,uniform,12,0.875,0.125,0.20833333333333334,64.20833333333333,4.0,0.0
lane_scaling,2,expected_regret,6,24,12,64,mixed,none,0.0,uniform,12,1.0,0.0,0.0,64.0,6.0,0.0
lane_scaling,2,expected_regret,8,24,12,64,mixed,none,0.0,uniform,12,1.0,0.0,0.0,64.0,8.0,0.0
lane_scaling,2,expected_regret,10,24,12,64,mixed,none,0.0,uniform,12,1.0,0.0,0.0,64.0,10.0,0.0
lane_scaling,2,sampled_equivalence,2,24,12,64,mixed,none,0.0,uniform,12,0.375,0.625,1.6014411461638627,65.60144114616385,2.0,0.0
lane_scaling,2,sampled_equivalence,4,24,12,64,mixed,none,0.0,uniform,12,1.0,0.0,0.0,64.0,4.0,0.0
lane_scaling,2,sampled_equivalence,6,24,12,64,mixed,none,0.0,uniform,12,1.0,0.0,0.0,64.0,6.0,0.0
lane_scaling,2,sampled_equivalence,8,24,12,64,mixed,none,0.0,uniform,12,1.0,0.0,0.0,64.0,8.0,0.0
lane_scaling,2,sampled_equivalence,10,24,12,64,mixed,none,0.0,uniform,12,1.0,0.0,0.0,64.0,10.0,0.0
lane_scaling,3,dense_entropy,2,24,12,64,mixed,none,0.0,uniform,12,0.25,0.75,3.5849625007211565,59.58496250072114,0.0,2.0
lane_scaling,3,dense_entropy,4,24,12,64,mixed,none,0.0,uniform,12,0.125,0.875,3.5849625007211565,51.584962500721154,0.0,4.0
lane_scaling,3,dense_entropy,6,24,12,64,mixed,none,0.0,uniform,12,0.16666666666666666,0.8333333333333334,3.5849625007211565,43.58496250072116,0.0,6.0
lane_scaling,3,dense_entropy,8,24,12,64,mixed,none,0.0,uniform,12,0.0,1.0,3.5849625007211565,35.58496250072116,0.0,8.0
lane_scaling,3,dense_entropy,10,24,12,64,mixed,none,0.0,uniform,12,0.041666666666666664,0.9583333333333334,3.5849625007211565,27.584962500721158,0.0,10.0
lane_scaling,3,dense_contact_only,2,24,12,64,mixed,none,0.0,uniform,12,0.25,0.75,1.5849625007211552,65.58496250072115,2.0,0.0
lane_scaling,3,dense_contact_only,4,24,12,64,mixed,none,0.0,uniform,12,1.0,0.0,0.0,64.0,4.0,0.0
lane_scaling,3,dense_contact_only,6,24,12,64,mixed,none,0.0,uniform,12,1.0,0.0,0.0,64.0,6.0,0.0
lane_scaling,3,dense_contact_only,8,24,12,64,mixed,none,0.0,uniform,12,1.0,0.0,0.0,64.0,8.0,0.0
lane_scaling,3,dense_contact_only,10,24,12,64,mixed,none,0.0,uniform,12,1.0,0.0,0.0,64.0,10.0,0.0
lane_scaling,3,critical_cell_entropy,2,24,12,64,mixed,none,0.0,uniform,12,0.2916666666666667,0.7083333333333334,2.4914460711655217,66.49144607116556,2.0,0.0
lane_scaling,3,critical_cell_entropy,4,24,12,64,mixed,none,0.0,uniform,12,0.5,0.5,1.625,65.625,4.0,0.0
lane_scaling,3,critical_cell_entropy,6,24,12,64,mixed,none,0.0,uniform,12,0.5833333333333334,0.4166666666666667,1.1847744794971964,65.1847744794972,6.0,0.0
lane_scaling,3,critical_cell_entropy,8,24,12,64,mixed,none,0.0,uniform,12,0.7916666666666666,0.20833333333333334,0.6666666666666666,64.66666666666667,8.0,0.0
lane_scaling,3,critical_cell_entropy,10,24,12,64,mixed,none,0.0,uniform,12,0.875,0.125,0.25,64.25,10.0,0.0
lane_scaling,3,contact_equivalence,2,24,12,64,mixed,none,0.0,uniform,12,0.375,0.625,1.5849625007211552,65.58496250072115,2.0,0.0
lane_scaling,3,contact_equivalence,4,24,12,64,mixed,none,0.0,uniform,12,1.0,0.0,0.0,64.0,4.0,0.0
lane_scaling,3,contact_equivalence,6,24,12,64,mixed,none,0.0,uniform,12,1.0,0.0,0.0,64.0,6.0,0.0
lane_scaling,3,contact_equivalence,8,24,12,64,mixed,none,0.0,uniform,12,1.0,0.0,0.0,64.0,8.0,0.0
lane_scaling,3,contact_equivalence,10,24,12,64,mixed,none,0.0,uniform,12,1.0,0.0,0.0,64.0,10.0,0.0
lane_scaling,3,expected_regret,2,24,12,64,mixed,none,0.0,uniform,12,0.25,0.75,1.7083333333333333,65.70833333333333,2.0,0.0
lane_scaling,3,expected_regret,4,24,12,64,mixed,none,0.0,uniform,12,0.7916666666666666,0.20833333333333334,0.375,64.375,4.0,0.0
lane_scaling,3,expected_regret,6,24,12,64,mixed,none,0.0,uniform,12,1.0,0.0,0.0,64.0,6.0,0.0
lane_scaling,3,expected_regret,8,24,12,64,mixed,none,0.0,uniform,12,1.0,0.0,0.0,64.0,8.0,0.0
lane_scaling,3,expected_regret,10,24,12,64,mixed,none,0.0,uniform,12,1.0,0.0,0.0,64.0,10.0,0.0
lane_scaling,3,sampled_equivalence,2,24,12,64,mixed,none,0.0,uniform,12,0.2916666666666667,0.7083333333333334,1.625135675054717,65.6251356750547,2.0,0.0
lane_scaling,3,sampled_equivalence,4,24,12,64,mixed,none,0.0,uniform,12,1.0,0.0,0.0,64.0,4.0,0.0
lane_scaling,3,sampled_equivalence,6,24,12,64,mixed,none,0.0,uniform,12,1.0,0.0,0.0,64.0,6.0,0.0
lane_scaling,3,sampled_equivalence,8,24,12,64,mixed,none,0.0,uniform,12,1.0,0.0,0.0,64.0,8.0,0.0
lane_scaling,3,sampled_equivalence,10,24,12,64,mixed,none,0.0,uniform,12,1.0,0.0,0.0,64.0,10.0,0.0
lane_scaling,4,dense_entropy,2,24,12,64,mixed,none,0.0,uniform,12,0.16666666666666666,0.8333333333333334,3.5849625007211565,59.58496250072114,0.0,2.0
lane_scaling,4,dense_entropy,4,24,12,64,mixed,none,0.0,uniform,12,0.0,1.0,3.5849625007211565,51.584962500721154,0.0,4.0
lane_scaling,4,dense_entropy,6,24,12,64,mixed,none,0.0,uniform,12,0.08333333333333333,0.9166666666666666,3.5849625007211565,43.58496250072116,0.0,6.0
lane_scaling,4,dense_entropy,8,24,12,64,mixed,none,0.0,uniform,12,0.125,0.875,3.5849625007211565,35.58496250072116,0.0,8.0
lane_scaling,4,dense_entropy,10,24,12,64,mixed,none,0.0,uniform,12,0.25,0.75,3.5849625007211565,27.584962500721158,0.0,10.0
lane_scaling,4,dense_contact_only,2,24,12,64,mixed,none,0.0,uniform,12,0.4166666666666667,0.5833333333333334,1.5849625007211552,65.58496250072115,2.0,0.0
lane_scaling,4,dense_contact_only,4,24,12,64,mixed,none,0.0,uniform,12,1.0,0.0,0.0,64.0,4.0,0.0
lane_scaling,4,dense_contact_only,6,24,12,64,mixed,none,0.0,uniform,12,1.0,0.0,0.0,64.0,6.0,0.0
lane_scaling,4,dense_contact_only,8,24,12,64,mixed,none,0.0,uniform,12,1.0,0.0,0.0,64.0,8.0,0.0
lane_scaling,4,dense_contact_only,10,24,12,64,mixed,none,0.0,uniform,12,1.0,0.0,0.0,64.0,10.0,0.0
lane_scaling,4,critical_cell_entropy,2,24,12,64,mixed,none,0.0,uniform,12,0.20833333333333334,0.7916666666666666,2.6298597417858285,66.62985974178586,2.0,0.0
lane_scaling,4,critical_cell_entropy,4,24,12,64,mixed,none,0.0,uniform,12,0.5416666666666666,0.4583333333333333,1.625,65.625,4.0,0.0
lane_scaling,4,critical_cell_entropy,6,24,12,64,mixed,none,0.0,uniform,12,0.7083333333333334,0.2916666666666667,0.9693609377704334,64.96936093777042,6.0,0.0
lane_scaling,4,critical_cell_entropy,8,24,12,64,mixed,none,0.0,uniform,12,0.8333333333333334,0.16666666666666666,0.5833333333333334,64.58333333333333,8.0,0.0
lane_scaling,4,critical_cell_entropy,10,24,12,64,mixed,none,0.0,uniform,12,0.9583333333333334,0.041666666666666664,0.16666666666666666,64.16666666666667,10.0,0.0
lane_scaling,4,contact_equivalence,2,24,12,64,mixed,none,0.0,uniform,12,0.375,0.625,1.5849625007211552,65.58496250072115,2.0,0.0
lane_scaling,4,contact_equivalence,4,24,12,64,mixed,none,0.0,uniform,12,1.0,0.0,0.0,64.0,4.0,0.0
lane_scaling,4,contact_equivalence,6,24,12,64,mixed,none,0.0,uniform,12,1.0,0.0,0.0,64.0,6.0,0.0
lane_scaling,4,contact_equivalence,8,24,12,64,mixed,none,0.0,uniform,12,1.0,0.0,0.0,64.0,8.0,0.0
lane_scaling,4,contact_equivalence,10,24,12,64,mixed,none,0.0,uniform,12,1.0,0.0,0.0,64.0,10.0,0.0
lane_scaling,4,expected_regret,2,24,12,64,mixed,none,0.0,uniform,12,0.20833333333333334,0.7916666666666666,1.75,65.75,2.0,0.0
lane_scaling,4,expected_regret,4,24,12,64,mixed,none,0.0,uniform,12,0.75,0.25,0.4166666666666667,64.41666666666667,4.0,0.0
lane_scaling,4,expected_regret,6,24,12,64,mixed,none,0.0,uniform,12,1.0,0.0,0.0,64.0,6.0,0.0
lane_scaling,4,expected_regret,8,24,12,64,mixed,none,0.0,uniform,12,1.0,0.0,0.0,64.0,8.0,0.0
lane_scaling,4,expected_regret,10,24,12,64,mixed,none,0.0,uniform,12,1.0,0.0,0.0,64.0,10.0,0.0
lane_scaling,4,sampled_equivalence,2,24,12,64,mixed,none,0.0,uniform,12,0.3333333333333333,0.6666666666666666,1.7508145836939109,65.75081458369391,2.0,0.0
lane_scaling,4,sampled_equivalence,4,24,12,64,mixed,none,0.0,uniform,12,1.0,0.0,0.0,64.0,4.0,0.0
lane_scaling,4,sampled_equivalence,6,24,12,64,mixed,none,0.0,uniform,12,1.0,0.0,0.0,64.0,6.0,0.0
lane_scaling,4,sampled_equivalence,8,24,12,64,mixed,none,0.0,uniform,12,1.0,0.0,0.0,64.0,8.0,0.0
lane_scaling,4,sampled_equivalence,10,24,12,64,mixed,none,0.0,uniform,12,1.0,0.0,0.0,64.0,10.0,0.0
lane_scaling,5,dense_entropy,2,24,12,64,mixed,none,0.0,uniform,12,0.041666666666666664,0.9583333333333334,3.5849625007211565,59.58496250072114,0.0,2.0
lane_scaling,5,dense_entropy,4,24,12,64,mixed,none,0.0,uniform,12,0.08333333333333333,0.9166666666666666,3.5849625007211565,51.584962500721154,0.0,4.0
lane_scaling,5,dense_entropy,6,24,12,64,mixed,none,0.0,uniform,12,0.125,0.875,3.5849625007211565,43.58496250072116,0.0,6.0
lane_scaling,5,dense_entropy,8,24,12,64,mixed,none,0.0,uniform,12,0.125,0.875,3.5849625007211565,35.58496250072116,0.0,8.0
lane_scaling,5,dense_entropy,10,24,12,64,mixed,none,0.0,uniform,12,0.08333333333333333,0.9166666666666666,3.5849625007211565,27.584962500721158,0.0,10.0
lane_scaling,5,dense_contact_only,2,24,12,64,mixed,none,0.0,uniform,12,0.5416666666666666,0.4583333333333333,1.5849625007211552,65.58496250072115,2.0,0.0
lane_scaling,5,dense_contact_only,4,24,12,64,mixed,none,0.0,uniform,12,1.0,0.0,0.0,64.0,4.0,0.0
lane_scaling,5,dense_contact_only,6,24,12,64,mixed,none,0.0,uniform,12,1.0,0.0,0.0,64.0,6.0,0.0
lane_scaling,5,dense_contact_only,8,24,12,64,mixed,none,0.0,uniform,12,1.0,0.0,0.0,64.0,8.0,0.0
lane_scaling,5,dense_contact_only,10,24,12,64,mixed,none,0.0,uniform,12,1.0,0.0,0.0,64.0,10.0,0.0
lane_scaling,5,critical_cell_entropy,2,24,12,64,mixed,none,0.0,uniform,12,0.2916666666666667,0.7083333333333334,3.0451007536467496,67.04510075364679,2.0,0.0
lane_scaling,5,critical_cell_entropy,4,24,12,64,mixed,none,0.0,uniform,12,0.5416666666666666,0.4583333333333333,2.0,66.0,4.0,0.0
lane_scaling,5,critical_cell_entropy,6,24,12,64,mixed,none,0.0,uniform,12,0.5416666666666666,0.4583333333333333,1.4001880212239592,65.40018802122394,6.0,0.0
lane_scaling,5,critical_cell_entropy,8,24,12,64,mixed,none,0.0,uniform,12,0.75,0.25,0.5833333333333334,64.58333333333333,8.0,0.0
lane_scaling,5,critical_cell_entropy,10,24,12,64,mixed,none,0.0,uniform,12,0.875,0.125,0.16666666666666666,64.16666666666667,10.0,0.0
lane_scaling,5,contact_equivalence,2,24,12,64,mixed,none,0.0,uniform,12,0.3333333333333333,0.6666666666666666,1.5849625007211552,65.58496250072115,2.0,0.0
lane_scaling,5,contact_equivalence,4,24,12,64,mixed,none,0.0,uniform,12,1.0,0.0,0.0,64.0,4.0,0.0
lane_scaling,5,contact_equivalence,6,24,12,64,mixed,none,0.0,uniform,12,1.0,0.0,0.0,64.0,6.0,0.0
lane_scaling,5,contact_equivalence,8,24,12,64,mixed,none,0.0,uniform,12,1.0,0.0,0.0,64.0,8.0,0.0
lane_scaling,5,contact_equivalence,10,24,12,64,mixed,none,0.0,uniform,12,1.0,0.0,0.0,64.0,10.0,0.0
lane_scaling,5,expected_regret,2,24,12,64,mixed,none,0.0,uniform,12,0.25,0.75,1.625,65.625,2.0,0.0
lane_scaling,5,expected_regret,4,24,12,64,mixed,none,0.0,uniform,12,0.7083333333333334,0.2916666666666667,0.375,64.375,4.0,0.0
lane_scaling,5,expected_regret,6,24,12,64,mixed,none,0.0,uniform,12,1.0,0.0,0.0,64.0,6.0,0.0
lane_scaling,5,expected_regret,8,24,12,64,mixed,none,0.0,uniform,12,1.0,0.0,0.0,64.0,8.0,0.0
lane_scaling,5,expected_regret,10,24,12,64,mixed,none,0.0,uniform,12,1.0,0.0,0.0,64.0,10.0,0.0
lane_scaling,5,sampled_equivalence,2,24,12,64,mixed,none,0.0,uniform,12,0.3333333333333333,0.6666666666666666,1.5526942711037668,65.55269427110376,2.0,0.0
lane_scaling,5,sampled_equivalence,4,24,12,64,mixed,none,0.0,uniform,12,1.0,0.0,0.0,64.0,4.0,0.0
lane_scaling,5,sampled_equivalence,6,24,12,64,mixed,none,0.0,uniform,12,1.0,0.0,0.0,64.0,6.0,0.0
lane_scaling,5,sampled_equivalence,8,24,12,64,mixed,none,0.0,uniform,12,1.0,0.0,0.0,64.0,8.0,0.0
lane_scaling,5,sampled_equivalence,10,24,12,64,mixed,none,0.0,uniform,12,1.0,0.0,0.0,64.0,10.0,0.0
lane_scaling,6,dense_entropy,2,24,12,64,mixed,none,0.0,uniform,12,0.08333333333333333,0.9166666666666666,3.5849625007211565,59.58496250072114,0.0,2.0
lane_scaling,6,dense_entropy,4,24,12,64,mixed,none,0.0,uniform,12,0.041666666666666664,0.9583333333333334,3.5849625007211565,51.584962500721154,0.0,4.0
lane_scaling,6,dense_entropy,6,24,12,64,mixed,none,0.0,uniform,12,0.16666666666666666,0.8333333333333334,3.5849625007211565,43.58496250072116,0.0,6.0
lane_scaling,6,dense_entropy,8,24,12,64,mixed,none,0.0,uniform,12,0.041666666666666664,0.9583333333333334,3.5849625007211565,35.58496250072116,0.0,8.0
lane_scaling,6,dense_entropy,10,24,12,64,mixed,none,0.0,uniform,12,0.041666666666666664,0.9583333333333334,3.5849625007211565,27.584962500721158,0.0,10.0
lane_scaling,6,dense_contact_only,2,24,12,64,mixed,none,0.0,uniform,12,0.4166666666666667,0.5833333333333334,1.5849625007211552,65.58496250072115,2.0,0.0
lane_scaling,6,dense_contact_only,4,24,12,64,mixed,none,0.0,uniform,12,1.0,0.0,0.0,64.0,4.0,0.0
lane_scaling,6,dense_contact_only,6,24,12,64,mixed,none,0.0,uniform,12,1.0,0.0,0.0,64.0,6.0,0.0
lane_scaling,6,dense_contact_only,8,24,12,64,mixed,none,0.0,uniform,12,1.0,0.0,0.0,64.0,8.0,0.0
lane_scaling,6,dense_contact_only,10,24,12,64,mixed,none,0.0,uniform,12,1.0,0.0,0.0,64.0,10.0,0.0
lane_scaling,6,critical_cell_entropy,2,24,12,64,mixed,none,0.0,uniform,12,0.25,0.75,2.9066870830264424,66.90668708302648,2.0,0.0
lane_scaling,6,critical_cell_entropy,4,24,12,64,mixed,none,0.0,uniform,12,0.4583333333333333,0.5416666666666666,1.75,65.75,4.0,0.0
lane_scaling,6,critical_cell_entropy,6,24,12,64,mixed,none,0.0,uniform,12,0.5833333333333334,0.4166666666666667,1.1847744794971964,65.1847744794972,6.0,0.0
lane_scaling,6,critical_cell_entropy,8,24,12,64,mixed,none,0.0,uniform,12,0.75,0.25,0.6666666666666666,64.66666666666667,8.0,0.0
lane_scaling,6,critical_cell_entropy,10,24,12,64,mixed,none,0.0,uniform,12,0.9166666666666666,0.08333333333333333,0.125,64.125,10.0,0.0
lane_scaling,6,contact_equivalence,2,24,12,64,mixed,none,0.0,uniform,12,0.20833333333333334,0.7916666666666666,1.5849625007211552,65.58496250072115,2.0,0.0
lane_scaling,6,contact_equivalence,4,24,12,64,mixed,none,0.0,uniform,12,1.0,0.0,0.0,64.0,4.0,0.0
lane_scaling,6,contact_equivalence,6,24,12,64,mixed,none,0.0,uniform,12,1.0,0.0,0.0,64.0,6.0,0.0
lane_scaling,6,contact_equivalence,8,24,12,64,mixed,none,0.0,uniform,12,1.0,0.0,0.0,64.0,8.0,0.0
lane_scaling,6,contact_equivalence,10,24,12,64,mixed,none,0.0,uniform,12,1.0,0.0,0.0,64.0,10.0,0.0
lane_scaling,6,expected_regret,2,24,12,64,mixed,none,0.0,uniform,12,0.25,0.75,1.7083333333333333,65.70833333333333,2.0,0.0
lane_scaling,6,expected_regret,4,24,12,64,mixed,none,0.0,uniform,12,0.7916666666666666,0.20833333333333334,0.3333333333333333,64.33333333333333,4.0,0.0
lane_scaling,6,expected_regret,6,24,12,64,mixed,none,0.0,uniform,12,1.0,0.0,0.0,64.0,6.0,0.0
lane_scaling,6,expected_regret,8,24,12,64,mixed,none,0.0,uniform,12,1.0,0.0,0.0,64.0,8.0,0.0
lane_scaling,6,expected_regret,10,24,12,64,mixed,none,0.0,uniform,12,1.0,0.0,0.0,64.0,10.0,0.0
lane_scaling,6,sampled_equivalence,2,24,12,64,mixed,none,0.0,uniform,12,0.2916666666666667,0.7083333333333334,1.5668546878906258,65.56685468789063,2.0,0.0
lane_scaling,6,sampled_equivalence,4,24,12,64,mixed,none,0.0,uniform,12,1.0,0.0,0.0,64.0,4.0,0.0
lane_scaling,6,sampled_equivalence,6,24,12,64,mixed,none,0.0,uniform,12,1.0,0.0,0.0,64.0,6.0,0.0
lane_scaling,6,sampled_equivalence,8,24,12,64,mixed,none,0.0,uniform,12,1.0,0.0,0.0,64.0,8.0,0.0
lane_scaling,6,sampled_equivalence,10,24,12,64,mixed,none,0.0,uniform,12,1.0,0.0,0.0,64.0,10.0,0.0
lane_scaling,7,dense_entropy,2,24,12,64,mixed,none,0.0,uniform,12,0.041666666666666664,0.9583333333333334,3.5849625007211565,59.58496250072114,0.0,2.0
lane_scaling,7,dense_entropy,4,24,12,64,mixed,none,0.0,uniform,12,0.16666666666666666,0.8333333333333334,3.5849625007211565,51.584962500721154,0.0,4.0
lane_scaling,7,dense_entropy,6,24,12,64,mixed,none,0.0,uniform,12,0.08333333333333333,0.9166666666666666,3.5849625007211565,43.58496250072116,0.0,6.0
lane_scaling,7,dense_entropy,8,24,12,64,mixed,none,0.0,uniform,12,0.125,0.875,3.5849625007211565,35.58496250072116,0.0,8.0
lane_scaling,7,dense_entropy,10,24,12,64,mixed,none,0.0,uniform,12,0.20833333333333334,0.7916666666666666,3.5849625007211565,27.584962500721158,0.0,10.0
lane_scaling,7,dense_contact_only,2,24,12,64,mixed,none,0.0,uniform,12,0.4166666666666667,0.5833333333333334,1.5849625007211552,65.58496250072115,2.0,0.0
lane_scaling,7,dense_contact_only,4,24,12,64,mixed,none,0.0,uniform,12,1.0,0.0,0.0,64.0,4.0,0.0
lane_scaling,7,dense_contact_only,6,24,12,64,mixed,none,0.0,uniform,12,1.0,0.0,0.0,64.0,6.0,0.0
lane_scaling,7,dense_contact_only,8,24,12,64,mixed,none,0.0,uniform,12,1.0,0.0,0.0,64.0,8.0,0.0
lane_scaling,7,dense_contact_only,10,24,12,64,mixed,none,0.0,uniform,12,1.0,0.0,0.0,64.0,10.0,0.0
lane_scaling,7,critical_cell_entropy,2,24,12,64,mixed,none,0.0,uniform,12,0.041666666666666664,0.9583333333333334,3.1835144242670563,67.1835144242671,2.0,0.0
lane_scaling,7,critical_cell_entropy,4,24,12,64,mixed,none,0.0,uniform,12,0.375,0.625,2.375,66.375,4.0,0.0
lane_scaling,7,critical_cell_entropy,6,24,12,64,mixed,none,0.0,uniform,12,0.5416666666666666,0.4583333333333333,1.4001880212239592,65.40018802122395,6.0,0.0
lane_scaling,7,critical_cell_entropy,8,24,12,64,mixed,none,0.0,uniform,12,0.6666666666666666,0.3333333333333333,0.8333333333333334,64.83333333333333,8.0,0.0
lane_scaling,7,critical_cell_entropy,10,24,12,64,mixed,none,0.0,uniform,12,0.9583333333333334,0.041666666666666664,0.20833333333333334,64.20833333333333,10.0,0.0
lane_scaling,7,contact_equivalence,2,24,12,64,mixed,none,0.0,uniform,12,0.375,0.625,1.5849625007211552,65.58496250072115,2.0,0.0
lane_scaling,7,contact_equivalence,4,24,12,64,mixed,none,0.0,uniform,12,1.0,0.0,0.0,64.0,4.0,0.0
lane_scaling,7,contact_equivalence,6,24,12,64,mixed,none,0.0,uniform,12,1.0,0.0,0.0,64.0,6.0,0.0
lane_scaling,7,contact_equivalence,8,24,12,64,mixed,none,0.0,uniform,12,1.0,0.0,0.0,64.0,8.0,0.0
lane_scaling,7,contact_equivalence,10,24,12,64,mixed,none,0.0,uniform,12,1.0,0.0,0.0,64.0,10.0,0.0
lane_scaling,7,expected_regret,2,24,12,64,mixed,none,0.0,uniform,12,0.375,0.625,1.75,65.75,2.0,0.0
lane_scaling,7,expected_regret,4,24,12,64,mixed,none,0.0,uniform,12,0.8333333333333334,0.16666666666666666,0.375,64.375,4.0,0.0
lane_scaling,7,expected_regret,6,24,12,64,mixed,none,0.0,uniform,12,1.0,0.0,0.0,64.0,6.0,0.0
lane_scaling,7,expected_regret,8,24,12,64,mixed,none,0.0,uniform,12,1.0,0.0,0.0,64.0,8.0,0.0
lane_scaling,7,expected_regret,10,24,12,64,mixed,none,0.0,uniform,12,1.0,0.0,0.0,64.0,10.0,0.0
lane_scaling,7,sampled_equivalence,2,24,12,64,mixed,none,0.0,uniform,12,0.4166666666666667,0.5833333333333334,1.7052683585109323,65.70526835851092,2.0,0.0
lane_scaling,7,sampled_equivalence,4,24,12,64,mixed,none,0.0,uniform,12,0.9583333333333334,0.041666666666666664,0.041666666666666664,64.04166666666667,4.0,0.0
lane_scaling,7,sampled_equivalence,6,24,12,64,mixed,none,0.0,uniform,12,1.0,0.0,0.0,64.0,6.0,0.0
lane_scaling,7,sampled_equivalence,8,24,12,64,mixed,none,0.0,uniform,12,1.0,0.0,0.0,64.0,8.0,0.0
lane_scaling,7,sampled_equivalence,10,24,12,64,mixed,none,0.0,uniform,12,1.0,0.0,0.0,64.0,10.0,0.0
lane_scaling,8,dense_entropy,2,24,12,64,mixed,none,0.0,uniform,12,0.08333333333333333,0.9166666666666666,3.5849625007211565,59.58496250072114,0.0,2.0
lane_scaling,8,dense_entropy,4,24,12,64,mixed,none,0.0,uniform,12,0.20833333333333334,0.7916666666666666,3.5849625007211565,51.584962500721154,0.0,4.0
lane_scaling,8,dense_entropy,6,24,12,64,mixed,none,0.0,uniform,12,0.125,0.875,3.5849625007211565,43.58496250072116,0.0,6.0
lane_scaling,8,dense_entropy,8,24,12,64,mixed,none,0.0,uniform,12,0.125,0.875,3.5849625007211565,35.58496250072116,0.0,8.0
lane_scaling,8,dense_entropy,10,24,12,64,mixed,none,0.0,uniform,12,0.041666666666666664,0.9583333333333334,3.5849625007211565,27.584962500721158,0.0,10.0
lane_scaling,8,dense_contact_only,2,24,12,64,mixed,none,0.0,uniform,12,0.375,0.625,1.5849625007211552,65.58496250072115,2.0,0.0
lane_scaling,8,dense_contact_only,4,24,12,64,mixed,none,0.0,uniform,12,1.0,0.0,0.0,64.0,4.0,0.0
lane_scaling,8,dense_contact_only,6,24,12,64,mixed,none,0.0,uniform,12,1.0,0.0,0.0,64.0,6.0,0.0
lane_scaling,8,dense_contact_only,8,24,12,64,mixed,none,0.0,uniform,12,1.0,0.0,0.0,64.0,8.0,0.0
lane_scaling,8,dense_contact_only,10,24,12,64,mixed,none,0.0,uniform,12,1.0,0.0,0.0,64.0,10.0,0.0
lane_scaling,8,critical_cell_entropy,2,24,12,64,mixed,none,0.0,uniform,12,0.16666666666666666,0.8333333333333334,2.9066870830264424,66.90668708302648,2.0,0.0
lane_scaling,8,critical_cell_entropy,4,24,12,64,mixed,none,0.0,uniform,12,0.4583333333333333,0.5416666666666666,1.875,65.875,4.0,0.0
lane_scaling,8,critical_cell_entropy,6,24,12,64,mixed,none,0.0,uniform,12,0.5,0.5,1.4001880212239592,65.40018802122395,6.0,0.0
lane_scaling,8,critical_cell_entropy,8,24,12,64,mixed,none,0.0,uniform,12,0.625,0.375,0.8333333333333334,64.83333333333333,8.0,0.0
lane_scaling,8,critical_cell_entropy,10,24,12,64,mixed,none,0.0,uniform,12,0.875,0.125,0.2916666666666667,64.29166666666667,10.0,0.0
lane_scaling,8,contact_equivalence,2,24,12,64,mixed,none,0.0,uniform,12,0.3333333333333333,0.6666666666666666,1.5849625007211552,65.58496250072115,2.0,0.0
lane_scaling,8,contact_equivalence,4,24,12,64,mixed,none,0.0,uniform,12,1.0,0.0,0.0,64.0,4.0,0.0
lane_scaling,8,contact_equivalence,6,24,12,64,mixed,none,0.0,uniform,12,1.0,0.0,0.0,64.0,6.0,0.0
lane_scaling,8,contact_equivalence,8,24,12,64,mixed,none,0.0,uniform,12,1.0,0.0,0.0,64.0,8.0,0.0
lane_scaling,8,contact_equivalence,10,24,12,64,mixed,none,0.0,uniform,12,1.0,0.0,0.0,64.0,10.0,0.0
lane_scaling,8,expected_regret,2,24,12,64,mixed,none,0.0,uniform,12,0.25,0.75,1.7916666666666667,65.79166666666667,2.0,0.0
lane_scaling,8,expected_regret,4,24,12,64,mixed,none,0.0,uniform,12,0.75,0.25,0.375,64.375,4.0,0.0
lane_scaling,8,expected_regret,6,24,12,64,mixed,none,0.0,uniform,12,1.0,0.0,0.0,64.0,6.0,0.0
lane_scaling,8,expected_regret,8,24,12,64,mixed,none,0.0,uniform,12,1.0,0.0,0.0,64.0,8.0,0.0
lane_scaling,8,expected_regret,10,24,12,64,mixed,none,0.0,uniform,12,1.0,0.0,0.0,64.0,10.0,0.0
lane_scaling,8,sampled_equivalence,2,24,12,64,mixed,none,0.0,uniform,12,0.3333333333333333,0.6666666666666666,1.7006420538280682,65.70064205382808,2.0,0.0
lane_scaling,8,sampled_equivalence,4,24,12,64,mixed,none,0.0,uniform,12,0.9583333333333334,0.041666666666666664,0.125,64.125,4.0,0.0
lane_scaling,8,sampled_equivalence,6,24,12,64,mixed,none,0.0,uniform,12,1.0,0.0,0.0,64.0,6.0,0.0
lane_scaling,8,sampled_equivalence,8,24,12,64,mixed,none,0.0,uniform,12,1.0,0.0,0.0,64.0,8.0,0.0
lane_scaling,8,sampled_equivalence,10,24,12,64,mixed,none,0.0,uniform,12,1.0,0.0,0.0,64.0,10.0,0.0
lane_scaling,9,dense_entropy,2,24,12,64,mixed,none,0.0,uniform,12,0.25,0.75,3.5849625007211565,59.58496250072114,0.0,2.0
lane_scaling,9,dense_entropy,4,24,12,64,mixed,none,0.0,uniform,12,0.125,0.875,3.5849625007211565,51.584962500721154,0.0,4.0
lane_scaling,9,dense_entropy,6,24,12,64,mixed,none,0.0,uniform,12,0.08333333333333333,0.9166666666666666,3.5849625007211565,43.58496250072116,0.0,6.0
lane_scaling,9,dense_entropy,8,24,12,64,mixed,none,0.0,uniform,12,0.125,0.875,3.5849625007211565,35.58496250072116,0.0,8.0
lane_scaling,9,dense_entropy,10,24,12,64,mixed,none,0.0,uniform,12,0.0,1.0,3.5849625007211565,27.584962500721158,0.0,10.0
lane_scaling,9,dense_contact_only,2,24,12,64,mixed,none,0.0,uniform,12,0.16666666666666666,0.8333333333333334,1.5849625007211552,65.58496250072115,2.0,0.0
lane_scaling,9,dense_contact_only,4,24,12,64,mixed,none,0.0,uniform,12,1.0,0.0,0.0,64.0,4.0,0.0
lane_scaling,9,dense_contact_only,6,24,12,64,mixed,none,0.0,uniform,12,1.0,0.0,0.0,64.0,6.0,0.0
lane_scaling,9,dense_contact_only,8,24,12,64,mixed,none,0.0,uniform,12,1.0,0.0,0.0,64.0,8.0,0.0
lane_scaling,9,dense_contact_only,10,24,12,64,mixed,none,0.0,uniform,12,1.0,0.0,0.0,64.0,10.0,0.0
lane_scaling,9,critical_cell_entropy,2,24,12,64,mixed,none,0.0,uniform,12,0.2916666666666667,0.7083333333333334,2.6298597417858285,66.62985974178586,2.0,0.0
lane_scaling,9,critical_cell_entropy,4,24,12,64,mixed,none,0.0,uniform,12,0.4166666666666667,0.5833333333333334,1.875,65.875,4.0,0.0
lane_scaling,9,critical_cell_entropy,6,24,12,64,mixed,none,0.0,uniform,12,0.625,0.375,0.9693609377704334,64.96936093777042,6.0,0.0
lane_scaling,9,critical_cell_entropy,8,24,12,64,mixed,none,0.0,uniform,12,0.8333333333333334,0.16666666666666666,0.5833333333333334,64.58333333333333,8.0,0.0
lane_scaling,9,critical_cell_entropy,10,24,12,64,mixed,none,0.0,uniform,12,0.9166666666666666,0.08333333333333333,0.16666666666666666,64.16666666666667,10.0,0.0
lane_scaling,9,contact_equivalence,2,24,12,64,mixed,none,0.0,uniform,12,0.20833333333333334,0.7916666666666666,1.5849625007211552,65.58496250072115,2.0,0.0
lane_scaling,9,contact_equivalence,4,24,12,64,mixed,none,0.0,uniform,12,1.0,0.0,0.0,64.0,4.0,0.0
lane_scaling,9,contact_equivalence,6,24,12,64,mixed,none,0.0,uniform,12,1.0,0.0,0.0,64.0,6.0,0.0
lane_scaling,9,contact_equivalence,8,24,12,64,mixed,none,0.0,uniform,12,1.0,0.0,0.0,64.0,8.0,0.0
lane_scaling,9,contact_equivalence,10,24,12,64,mixed,none,0.0,uniform,12,1.0,0.0,0.0,64.0,10.0,0.0
lane_scaling,9,expected_regret,2,24,12,64,mixed,none,0.0,uniform,12,0.25,0.75,1.75,65.75,2.0,0.0
lane_scaling,9,expected_regret,4,24,12,64,mixed,none,0.0,uniform,12,0.875,0.125,0.25,64.25,4.0,0.0
lane_scaling,9,expected_regret,6,24,12,64,mixed,none,0.0,uniform,12,1.0,0.0,0.0,64.0,6.0,0.0
lane_scaling,9,expected_regret,8,24,12,64,mixed,none,0.0,uniform,12,1.0,0.0,0.0,64.0,8.0,0.0
lane_scaling,9,expected_regret,10,24,12,64,mixed,none,0.0,uniform,12,1.0,0.0,0.0,64.0,10.0,0.0
lane_scaling,9,sampled_equivalence,2,24,12,64,mixed,none,0.0,uniform,12,0.25,0.75,1.7532684874044762,65.75326848740447,2.0,0.0
lane_scaling,9,sampled_equivalence,4,24,12,64,mixed,none,0.0,uniform,12,1.0,0.0,0.08333333333333333,64.08333333333333,4.0,0.0
lane_scaling,9,sampled_equivalence,6,24,12,64,mixed,none,0.0,uniform,12,1.0,0.0,0.0,64.0,6.0,0.0
lane_scaling,9,sampled_equivalence,8,24,12,64,mixed,none,0.0,uniform,12,1.0,0.0,0.0,64.0,8.0,0.0
lane_scaling,9,sampled_equivalence,10,24,12,64,mixed,none,0.0,uniform,12,1.0,0.0,0.0,64.0,10.0,0.0
lane_scaling,0,dense_entropy,2,24,16,64,mixed,none,0.0,uniform,16,0.08333333333333333,0.9166666666666666,4.0,60.0,0.0,2.0
lane_scaling,0,dense_entropy,4,24,16,64,mixed,none,0.0,uniform,16,0.125,0.875,4.0,52.0,0.0,4.0
lane_scaling,0,dense_entropy,6,24,16,64,mixed,none,0.0,uniform,16,0.08333333333333333,0.9166666666666666,4.0,44.0,0.0,6.0
lane_scaling,0,dense_entropy,8,24,16,64,mixed,none,0.0,uniform,16,0.041666666666666664,0.9583333333333334,4.0,36.0,0.0,8.0
lane_scaling,0,dense_entropy,10,24,16,64,mixed,none,0.0,uniform,16,0.0,1.0,4.0,28.0,0.0,10.0
lane_scaling,0,dense_contact_only,2,24,16,64,mixed,none,0.0,uniform,16,0.16666666666666666,0.8333333333333334,2.0,66.0,2.0,0.0
lane_scaling,0,dense_contact_only,4,24,16,64,mixed,none,0.0,uniform,16,1.0,0.0,0.0,64.0,4.0,0.0
lane_scaling,0,dense_contact_only,6,24,16,64,mixed,none,0.0,uniform,16,1.0,0.0,0.0,64.0,6.0,0.0
lane_scaling,0,dense_contact_only,8,24,16,64,mixed,none,0.0,uniform,16,1.0,0.0,0.0,64.0,8.0,0.0
lane_scaling,0,dense_contact_only,10,24,16,64,mixed,none,0.0,uniform,16,1.0,0.0,0.0,64.0,10.0,0.0
lane_scaling,0,critical_cell_entropy,2,24,16,64,mixed,none,0.0,uniform,16,0.08333333333333333,0.9166666666666666,3.4900753452194735,67.49007534521945,2.0,0.0
lane_scaling,0,critical_cell_entropy,4,24,16,64,mixed,none,0.0,uniform,16,0.25,0.75,2.987468750600964,66.98746875060095,4.0,0.0
lane_scaling,0,critical_cell_entropy,6,24,16,64,mixed,none,0.0,uniform,16,0.3333333333333333,0.6666666666666666,2.353032400545215,66.35303240054525,6.0,0.0
lane_scaling,0,critical_cell_entropy,8,24,16,64,mixed,none,0.0,uniform,16,0.6666666666666666,0.3333333333333333,1.5,65.5,8.0,0.0
lane_scaling,0,critical_cell_entropy,10,24,16,64,mixed,none,0.0,uniform,16,0.75,0.25,0.861654166907052,64.86165416690704,10.0,0.0
lane_scaling,0,contact_equivalence,2,24,16,64,mixed,none,0.0,uniform,16,0.4166666666666667,0.5833333333333334,2.0,66.0,2.0,0.0
lane_scaling,0,contact_equivalence,4,24,16,64,mixed,none,0.0,uniform,16,1.0,0.0,0.0,64.0,4.0,0.0
lane_scaling,0,contact_equivalence,6,24,16,64,mixed,none,0.0,uniform,16,1.0,0.0,0.0,64.0,6.0,0.0
lane_scaling,0,contact_equivalence,8,24,16,64,mixed,none,0.0,uniform,16,1.0,0.0,0.0,64.0,8.0,0.0
lane_scaling,0,contact_equivalence,10,24,16,64,mixed,none,0.0,uniform,16,1.0,0.0,0.0,64.0,10.0,0.0
lane_scaling,0,expected_regret,2,24,16,64,mixed,none,0.0,uniform,16,0.20833333333333334,0.7916666666666666,2.211951161003435,66.21195116100344,2.0,0.0
lane_scaling,0,expected_regret,4,24,16,64,mixed,none,0.0,uniform,16,0.7083333333333334,0.2916666666666667,0.7885338543169075,64.7885338543169,4.0,0.0
lane_scaling,0,expected_regret,6,24,16,64,mixed,none,0.0,uniform,16,1.0,0.0,0.0,64.0,6.0,0.0
lane_scaling,0,expected_regret,8,24,16,64,mixed,none,0.0,uniform,16,1.0,0.0,0.0,64.0,8.0,0.0
lane_scaling,0,expected_regret,10,24,16,64,mixed,none,0.0,uniform,16,1.0,0.0,0.0,64.0,10.0,0.0
lane_scaling,0,sampled_equivalence,2,24,16,64,mixed,none,0.0,uniform,16,0.3333333333333333,0.6666666666666666,2.1438683005203725,66.14386830052038,2.0,0.0
lane_scaling,0,sampled_equivalence,4,24,16,64,mixed,none,0.0,uniform,16,0.7083333333333334,0.2916666666666667,0.39937343753004817,64.39937343753006,4.0,0.0
lane_scaling,0,sampled_equivalence,6,24,16,64,mixed,none,0.0,uniform,16,1.0,0.0,0.0,64.0,6.0,0.0
lane_scaling,0,sampled_equivalence,8,24,16,64,mixed,none,0.0,uniform,16,1.0,0.0,0.0,64.0,8.0,0.0
lane_scaling,0,sampled_equivalence,10,24,16,64,mixed,none,0.0,uniform,16,1.0,0.0,0.0,64.0,10.0,0.0
lane_scaling,1,dense_entropy,2,24,16,64,mixed,none,0.0,uniform,16,0.041666666666666664,0.9583333333333334,4.0,60.0,0.0,2.0
lane_scaling,1,dense_entropy,4,24,16,64,mixed,none,0.0,uniform,16,0.08333333333333333,0.9166666666666666,4.0,52.0,0.0,4.0
lane_scaling,1,dense_entropy,6,24,16,64,mixed,none,0.0,uniform,16,0.08333333333333333,0.9166666666666666,4.0,44.0,0.0,6.0
lane_scaling,1,dense_entropy,8,24,16,64,mixed,none,0.0,uniform,16,0.0,1.0,4.0,36.0,0.0,8.0
lane_scaling,1,dense_entropy,10,24,16,64,mixed,none,0.0,uniform,16,0.08333333333333333,0.9166666666666666,4.0,28.0,0.0,10.0
lane_scaling,1,dense_contact_only,2,24,16,64,mixed,none,0.0,uniform,16,0.16666666666666666,0.8333333333333334,2.0,66.0,2.0,0.0
lane_scaling,1,dense_contact_only,4,24,16,64,mixed,none,0.0,uniform,16,1.0,0.0,0.0,64.0,4.0,0.0
lane_scaling,1,dense_contact_only,6,24,16,64,mixed,none,0.0,uniform,16,1.0,0.0,0.0,64.0,6.0,0.0
lane_scaling,1,dense_contact_only,8,24,16,64,mixed,none,0.0,uniform,16,1.0,0.0,0.0,64.0,8.0,0.0
lane_scaling,1,dense_contact_only,10,24,16,64,mixed,none,0.0,uniform,16,1.0,0.0,0.0,64.0,10.0,0.0
lane_scaling,1,critical_cell_entropy,2,24,16,64,mixed,none,0.0,uniform,16,0.16666666666666666,0.8333333333333334,3.4900753452194735,67.49007534521947,2.0,0.0
lane_scaling,1,critical_cell_entropy,4,24,16,64,mixed,none,0.0,uniform,16,0.4166666666666667,0.5833333333333334,2.987468750600964,66.98746875060095,4.0,0.0
lane_scaling,1,critical_cell_entropy,6,24,16,64,mixed,none,0.0,uniform,16,0.4583333333333333,0.5416666666666666,2.353032400545215,66.35303240054525,6.0,0.0
lane_scaling,1,critical_cell_entropy,8,24,16,64,mixed,none,0.0,uniform,16,0.5,0.5,1.625,65.625,8.0,0.0
lane_scaling,1,critical_cell_entropy,10,24,16,64,mixed,none,0.0,uniform,16,0.6666666666666666,0.3333333333333333,1.077067708633815,65.07706770863382,10.0,0.0
lane_scaling,1,contact_equivalence,2,24,16,64,mixed,none,0.0,uniform,16,0.20833333333333334,0.7916666666666666,2.0,66.0,2.0,0.0
lane_scaling,1,contact_equivalence,4,24,16,64,mixed,none,0.0,uniform,16,1.0,0.0,0.0,64.0,4.0,0.0
lane_scaling,1,contact_equivalence,6,24,16,64,mixed,none,0.0,uniform,16,1.0,0.0,0.0,64.0,6.0,0.0
lane_scaling,1,contact_equivalence,8,24,16,64,mixed,none,0.0,uniform,16,1.0,0.0,0.0,64.0,8.0,0.0
lane_scaling,1,contact_equivalence,10,24,16,64,mixed,none,0.0,uniform,16,1.0,0.0,0.0,64.0,10.0,0.0
lane_scaling,1,expected_regret,2,24,16,64,mixed,none,0.0,uniform,16,0.16666666666666666,0.8333333333333334,2.0121236908692777,66.01212369086927,2.0,0.0
lane_scaling,1,expected_regret,4,24,16,64,mixed,none,0.0,uniform,16,0.625,0.375,0.465413541726763,64.46541354172676,4.0,0.0
lane_scaling,1,expected_regret,6,24,16,64,mixed,none,0.0,uniform,16,1.0,0.0,0.0,64.0,6.0,0.0
lane_scaling,1,expected_regret,8,24,16,64,mixed,none,0.0,uniform,16,1.0,0.0,0.0,64.0,8.0,0.0
lane_scaling,1,expected_regret,10,24,16,64,mixed,none,0.0,uniform,16,1.0,0.0,0.0,64.0,10.0,0.0
lane_scaling,1,sampled_equivalence,2,24,16,64,mixed,none,0.0,uniform,16,0.2916666666666667,0.7083333333333334,2.0907628819923882,66.09076288199238,2.0,0.0
lane_scaling,1,sampled_equivalence,4,24,16,64,mixed,none,0.0,uniform,16,0.875,0.125,0.20833333333333334,64.20833333333333,4.0,0.0
lane_scaling,1,sampled_equivalence,6,24,16,64,mixed,none,0.0,uniform,16,1.0,0.0,0.0,64.0,6.0,0.0
lane_scaling,1,sampled_equivalence,8,24,16,64,mixed,none,0.0,uniform,16,1.0,0.0,0.0,64.0,8.0,0.0
lane_scaling,1,sampled_equivalence,10,24,16,64,mixed,none,0.0,uniform,16,1.0,0.0,0.0,64.0,10.0,0.0
lane_scaling,2,dense_entropy,2,24,16,64,mixed,none,0.0,uniform,16,0.08333333333333333,0.9166666666666666,4.0,60.0,0.0,2.0
lane_scaling,2,dense_entropy,4,24,16,64,mixed,none,0.0,uniform,16,0.125,0.875,4.0,52.0,0.0,4.0
lane_scaling,2,dense_entropy,6,24,16,64,mixed,none,0.0,uniform,16,0.0,1.0,4.0,44.0,0.0,6.0
lane_scaling,2,dense_entropy,8,24,16,64,mixed,none,0.0,uniform,16,0.08333333333333333,0.9166666666666666,4.0,36.0,0.0,8.0
lane_scaling,2,dense_entropy,10,24,16,64,mixed,none,0.0,uniform,16,0.08333333333333333,0.9166666666666666,4.0,28.0,0.0,10.0
lane_scaling,2,dense_contact_only,2,24,16,64,mixed,none,0.0,uniform,16,0.20833333333333334,0.7916666666666666,2.0,66.0,2.0,0.0
lane_scaling,2,dense_contact_only,4,24,16,64,mixed,none,0.0,uniform,16,1.0,0.0,0.0,64.0,4.0,0.0
lane_scaling,2,dense_contact_only,6,24,16,64,mixed,none,0.0,uniform,16,1.0,0.0,0.0,64.0,6.0,0.0
lane_scaling,2,dense_contact_only,8,24,16,64,mixed,none,0.0,uniform,16,1.0,0.0,0.0,64.0,8.0,0.0
lane_scaling,2,dense_contact_only,10,24,16,64,mixed,none,0.0,uniform,16,1.0,0.0,0.0,64.0,10.0,0.0
lane_scaling,2,critical_cell_entropy,2,24,16,64,mixed,none,0.0,uniform,16,0.20833333333333334,0.7916666666666666,3.1727957683813393,67.17279576838133,2.0,0.0
lane_scaling,2,critical_cell_entropy,4,24,16,64,mixed,none,0.0,uniform,16,0.4166666666666667,0.5833333333333334,2.2406015629507223,66.24060156295072,4.0,0.0
lane_scaling,2,critical_cell_entropy,6,24,16,64,mixed,none,0.0,uniform,16,0.5,0.5,1.660964047443681,65.6609640474437,6.0,0.0
lane_scaling,2,critical_cell_entropy,8,24,16,64,mixed,none,0.0,uniform,16,0.6666666666666666,0.3333333333333333,1.0,65.0,8.0,0.0
lane_scaling,2,critical_cell_entropy,10,24,16,64,mixed,none,0.0,uniform,16,0.7916666666666666,0.20833333333333334,0.5385338543169075,64.53853385431691,10.0,0.0
lane_scaling,2,contact_equivalence,2,24,16,64,mixed,none,0.0,uniform,16,0.20833333333333334,0.7916666666666666,2.0,66.0,2.0,0.0
lane_scaling,2,contact_equivalence,4,24,16,64,mixed,none,0.0,uniform,16,1.0,0.0,0.0,64.0,4.0,0.0
lane_scaling,2,contact_equivalence,6,24,16,64,mixed,none,0.0,uniform,16,1.0,0.0,0.0,64.0,6.0,0.0
lane_scaling,2,contact_equivalence,8,24,16,64,mixed,none,0.0,uniform,16,1.0,0.0,0.0,64.0,8.0,0.0
lane_scaling,2,contact_equivalence,10,24,16,64,mixed,none,0.0,uniform,16,1.0,0.0,0.0,64.0,10.0,0.0
lane_scaling,2,expected_regret,2,24,16,64,mixed,none,0.0,uniform,16,0.2916666666666667,0.7083333333333334,2.0979109279131767,66.09791092791318,2.0,0.0
lane_scaling,2,expected_regret,4,24,16,64,mixed,none,0.0,uniform,16,0.7083333333333334,0.2916666666666667,0.5731203125901445,64.57312031259015,4.0,0.0
lane_scaling,2,expected_regret,6,24,16,64,mixed,none,0.0,uniform,16,1.0,0.0,0.0,64.0,6.0,0.0
lane_scaling,2,expected_regret,8,24,16,64,mixed,none,0.0,uniform,16,1.0,0.0,0.0,64.0,8.0,0.0
lane_scaling,2,expected_regret,10,24,16,64,mixed,none,0.0,uniform,16,1.0,0.0,0.0,64.0,10.0,0.0
lane_scaling,2,sampled_equivalence,2,24,16,64,mixed,none,0.0,uniform,16,0.20833333333333334,0.7916666666666666,2.042762753098844,66.04276275309886,2.0,0.0
lane_scaling,2,sampled_equivalence,4,24,16,64,mixed,none,0.0,uniform,16,0.9166666666666666,0.08333333333333333,0.16666666666666666,64.16666666666667,4.0,0.0
lane_scaling,2,sampled_equivalence,6,24,16,64,mixed,none,0.0,uniform,16,1.0,0.0,0.0,64.0,6.0,0.0
lane_scaling,2,sampled_equivalence,8,24,16,64,mixed,none,0.0,uniform,16,1.0,0.0,0.0,64.0,8.0,0.0
lane_scaling,2,sampled_equivalence,10,24,16,64,mixed,none,0.0,uniform,16,1.0,0.0,0.0,64.0,10.0,0.0
lane_scaling,3,dense_entropy,2,24,16,64,mixed,none,0.0,uniform,16,0.0,1.0,4.0,60.0,0.0,2.0
lane_scaling,3,dense_entropy,4,24,16,64,mixed,none,0.0,uniform,16,0.041666666666666664,0.9583333333333334,4.0,52.0,0.0,4.0
lane_scaling,3,dense_entropy,6,24,16,64,mixed,none,0.0,uniform,16,0.041666666666666664,0.9583333333333334,4.0,44.0,0.0,6.0
lane_scaling,3,dense_entropy,8,24,16,64,mixed,none,0.0,uniform,16,0.125,0.875,4.0,36.0,0.0,8.0
lane_scaling,3,dense_entropy,10,24,16,64,mixed,none,0.0,uniform,16,0.0,1.0,4.0,28.0,0.0,10.0
lane_scaling,3,dense_contact_only,2,24,16,64,mixed,none,0.0,uniform,16,0.25,0.75,2.0,66.0,2.0,0.0
lane_scaling,3,dense_contact_only,4,24,16,64,mixed,none,0.0,uniform,16,1.0,0.0,0.0,64.0,4.0,0.0
lane_scaling,3,dense_contact_only,6,24,16,64,mixed,none,0.0,uniform,16,1.0,0.0,0.0,64.0,6.0,0.0
lane_scaling,3,dense_contact_only,8,24,16,64,mixed,none,0.0,uniform,16,1.0,0.0,0.0,64.0,8.0,0.0
lane_scaling,3,dense_contact_only,10,24,16,64,mixed,none,0.0,uniform,16,1.0,0.0,0.0,64.0,10.0,0.0
lane_scaling,3,critical_cell_entropy,2,24,16,64,mixed,none,0.0,uniform,16,0.25,0.75,3.331435556800406,67.3314355568004,2.0,0.0
lane_scaling,3,critical_cell_entropy,4,24,16,64,mixed,none,0.0,uniform,16,0.25,0.75,2.8380953130709154,66.83809531307091,4.0,0.0
lane_scaling,3,critical_cell_entropy,6,24,16,64,mixed,none,0.0,uniform,16,0.4166666666666667,0.5833333333333334,2.2146187299249083,66.21461872992494,6.0,0.0
lane_scaling,3,critical_cell_entropy,8,24,16,64,mixed,none,0.0,uniform,16,0.625,0.375,1.375,65.375,8.0,0.0
lane_scaling,3,critical_cell_entropy,10,24,16,64,mixed,none,0.0,uniform,16,0.75,0.25,0.7539473960436706,64.75394739604366,10.0,0.0
lane_scaling,3,contact_equivalence,2,24,16,64,mixed,none,0.0,uniform,16,0.25,0.75,2.0,66.0,2.0,0.0
lane_scaling,3,contact_equivalence,4,24,16,64,mixed,none,0.0,uniform,16,1.0,0.0,0.0,64.0,4.0,0.0
lane_scaling,3,contact_equivalence,6,24,16,64,mixed,none,0.0,uniform,16,1.0,0.0,0.0,64.0,6.0,0.0
lane_scaling,3,contact_equivalence,8,24,16,64,mixed,none,0.0,uniform,16,1.0,0.0,0.0,64.0,8.0,0.0
lane_scaling,3,contact_equivalence,10,24,16,64,mixed,none,0.0,uniform,16,1.0,0.0,0.0,64.0,10.0,0.0
lane_scaling,3,expected_regret,2,24,16,64,mixed,none,0.0,uniform,16,0.2916666666666667,0.7083333333333334,2.1568708237164613,66.15687082371646,2.0,0.0
lane_scaling,3,expected_regret,4,24,16,64,mixed,none,0.0,uniform,16,0.7083333333333334,0.2916666666666667,0.5731203125901445,64.57312031259015,4.0,0.0
lane_scaling,3,expected_regret,6,24,16,64,mixed,none,0.0,uniform,16,1.0,0.0,0.0,64.0,6.0,0.0
lane_scaling,3,expected_regret,8,24,16,64,mixed,none,0.0,uniform,16,1.0,0.0,0.0,64.0,8.0,0.0
lane_scaling,3,expected_regret,10,24,16,64,mixed,none,0.0,uniform,16,1.0,0.0,0.0,64.0,10.0,0.0
lane_scaling,3,sampled_equivalence,2,24,16,64,mixed,none,0.0,uniform,16,0.25,0.75,2.0256807476988254,66.02568074769881,2.0,0.0
lane_scaling,3,sampled_equivalence,4,24,16,64,mixed,none,0.0,uniform,16,0.875,0.125,0.20833333333333334,64.20833333333333,4.0,0.0
lane_scaling,3,sampled_equivalence,6,24,16,64,mixed,none,0.0,uniform,16,1.0,0.0,0.0,64.0,6.0,0.0
lane_scaling,3,sampled_equivalence,8,24,16,64,mixed,none,0.0,uniform,16,1.0,0.0,0.0,64.0,8.0,0.0
lane_scaling,3,sampled_equivalence,10,24,16,64,mixed,none,0.0,uniform,16,1.0,0.0,0.0,64.0,10.0,0.0
lane_scaling,4,dense_entropy,2,24,16,64,mixed,none,0.0,uniform,16,0.0,1.0,4.0,60.0,0.0,2.0
lane_scaling,4,dense_entropy,4,24,16,64,mixed,none,0.0,uniform,16,0.041666666666666664,0.9583333333333334,4.0,52.0,0.0,4.0
lane_scaling,4,dense_entropy,6,24,16,64,mixed,none,0.0,uniform,16,0.041666666666666664,0.9583333333333334,4.0,44.0,0.0,6.0
lane_scaling,4,dense_entropy,8,24,16,64,mixed,none,0.0,uniform,16,0.041666666666666664,0.9583333333333334,4.0,36.0,0.0,8.0
lane_scaling,4,dense_entropy,10,24,16,64,mixed,none,0.0,uniform,16,0.041666666666666664,0.9583333333333334,4.0,28.0,0.0,10.0
lane_scaling,4,dense_contact_only,2,24,16,64,mixed,none,0.0,uniform,16,0.25,0.75,2.0,66.0,2.0,0.0
lane_scaling,4,dense_contact_only,4,24,16,64,mixed,none,0.0,uniform,16,1.0,0.0,0.0,64.0,4.0,0.0
lane_scaling,4,dense_contact_only,6,24,16,64,mixed,none,0.0,uniform,16,1.0,0.0,0.0,64.0,6.0,0.0
lane_scaling,4,dense_contact_only,8,24,16,64,mixed,none,0.0,uniform,16,1.0,0.0,0.0,64.0,8.0,0.0
lane_scaling,4,dense_contact_only,10,24,16,64,mixed,none,0.0,uniform,16,1.0,0.0,0.0,64.0,10.0,0.0
lane_scaling,4,critical_cell_entropy,2,24,16,64,mixed,none,0.0,uniform,16,0.375,0.625,3.014155979962272,67.01415597996225,2.0,0.0
lane_scaling,4,critical_cell_entropy,4,24,16,64,mixed,none,0.0,uniform,16,0.5416666666666666,0.4583333333333333,2.3899750004807703,66.38997500048077,4.0,0.0
lane_scaling,4,critical_cell_entropy,6,24,16,64,mixed,none,0.0,uniform,16,0.375,0.625,2.0762050593046015,66.07620505930463,6.0,0.0
lane_scaling,4,critical_cell_entropy,8,24,16,64,mixed,none,0.0,uniform,16,0.5,0.5,1.625,65.625,8.0,0.0
lane_scaling,4,critical_cell_entropy,10,24,16,64,mixed,none,0.0,uniform,16,0.7083333333333334,0.2916666666666667,0.9693609377704334,64.96936093777043,10.0,0.0
lane_scaling,4,contact_equivalence,2,24,16,64,mixed,none,0.0,uniform,16,0.4166666666666667,0.5833333333333334,2.0,66.0,2.0,0.0
lane_scaling,4,contact_equivalence,4,24,16,64,mixed,none,0.0,uniform,16,1.0,0.0,0.0,64.0,4.0,0.0
lane_scaling,4,contact_equivalence,6,24,16,64,mixed,none,0.0,uniform,16,1.0,0.0,0.0,64.0,6.0,0.0
lane_scaling,4,contact_equivalence,8,24,16,64,mixed,none,0.0,uniform,16,1.0,0.0,0.0,64.0,8.0,0.0
lane_scaling,4,contact_equivalence,10,24,16,64,mixed,none,0.0,uniform,16,1.0,0.0,0.0,64.0,10.0,0.0
lane_scaling,4,expected_regret,2,24,16,64,mixed,none,0.0,uniform,16,0.16666666666666666,0.8333333333333334,2.1261639239595365,66.12616392395954,2.0,0.0
lane_scaling,4,expected_regret,4,24,16,64,mixed,none,0.0,uniform,16,0.75,0.25,0.6218671876502408,64.62186718765024,4.0,0.0
lane_scaling,4,expected_regret,6,24,16,64,mixed,none,0.0,uniform,16,1.0,0.0,0.0,64.0,6.0,0.0
lane_scaling,4,expected_regret,8,24,16,64,mixed,none,0.0,uniform,16,1.0,0.0,0.0,64.0,8.0,0.0
lane_scaling,4,expected_regret,10,24,16,64,mixed,none,0.0,uniform,16,1.0,0.0,0.0,64.0,10.0,0.0
lane_scaling,4,sampled_equivalence,2,24,16,64,mixed,none,0.0,uniform,16,0.3333333333333333,0.6666666666666666,2.077349211372081,66.07734921137208,2.0,0.0
lane_scaling,4,sampled_equivalence,4,24,16,64,mixed,none,0.0,uniform,16,0.9166666666666666,0.08333333333333333,0.25,64.25,4.0,0.0
lane_scaling,4,sampled_equivalence,6,24,16,64,mixed,none,0.0,uniform,16,1.0,0.0,0.0,64.0,6.0,0.0
lane_scaling,4,sampled_equivalence,8,24,16,64,mixed,none,0.0,uniform,16,1.0,0.0,0.0,64.0,8.0,0.0
lane_scaling,4,sampled_equivalence,10,24,16,64,mixed,none,0.0,uniform,16,1.0,0.0,0.0,64.0,10.0,0.0
lane_scaling,5,dense_entropy,2,24,16,64,mixed,none,0.0,uniform,16,0.16666666666666666,0.8333333333333334,4.0,60.0,0.0,2.0
lane_scaling,5,dense_entropy,4,24,16,64,mixed,none,0.0,uniform,16,0.08333333333333333,0.9166666666666666,4.0,52.0,0.0,4.0
lane_scaling,5,dense_entropy,6,24,16,64,mixed,none,0.0,uniform,16,0.08333333333333333,0.9166666666666666,4.0,44.0,0.0,6.0
lane_scaling,5,dense_entropy,8,24,16,64,mixed,none,0.0,uniform,16,0.041666666666666664,0.9583333333333334,4.0,36.0,0.0,8.0
lane_scaling,5,dense_entropy,10,24,16,64,mixed,none,0.0,uniform,16,0.0,1.0,4.0,28.0,0.0,10.0
lane_scaling,5,dense_contact_only,2,24,16,64,mixed,none,0.0,uniform,16,0.25,0.75,2.0,66.0,2.0,0.0
lane_scaling,5,dense_contact_only,4,24,16,64,mixed,none,0.0,uniform,16,1.0,0.0,0.0,64.0,4.0,0.0
lane_scaling,5,dense_contact_only,6,24,16,64,mixed,none,0.0,uniform,16,1.0,0.0,0.0,64.0,6.0,0.0
lane_scaling,5,dense_contact_only,8,24,16,64,mixed,none,0.0,uniform,16,1.0,0.0,0.0,64.0,8.0,0.0
lane_scaling,5,dense_contact_only,10,24,16,64,mixed,none,0.0,uniform,16,1.0,0.0,0.0,64.0,10.0,0.0
lane_scaling,5,critical_cell_entropy,2,24,16,64,mixed,none,0.0,uniform,16,0.2916666666666667,0.7083333333333334,3.014155979962272,67.01415597996227,2.0,0.0
lane_scaling,5,critical_cell_entropy,4,24,16,64,mixed,none,0.0,uniform,16,0.5416666666666666,0.4583333333333333,1.792481250360578,65.79248125036057,4.0,0.0
lane_scaling,5,critical_cell_entropy,6,24,16,64,mixed,none,0.0,uniform,16,0.6666666666666666,0.3333333333333333,1.2457230355827609,65.24572303558277,6.0,0.0
lane_scaling,5,critical_cell_entropy,8,24,16,64,mixed,none,0.0,uniform,16,0.6666666666666666,0.3333333333333333,1.125,65.125,8.0,0.0
lane_scaling,5,critical_cell_entropy,10,24,16,64,mixed,none,0.0,uniform,16,0.75,0.25,0.861654166907052,64.86165416690704,10.0,0.0
lane_scaling,5,contact_equivalence,2,24,16,64,mixed,none,0.0,uniform,16,0.125,0.875,2.0,66.0,2.0,0.0
lane_scaling,5,contact_equivalence,4,24,16,64,mixed,none,0.0,uniform,16,1.0,0.0,0.0,64.0,4.0,0.0
lane_scaling,5,contact_equivalence,6,24,16,64,mixed,none,0.0,uniform,16,1.0,0.0,0.0,64.0,6.0,0.0
lane_scaling,5,contact_equivalence,8,24,16,64,mixed,none,0.0,uniform,16,1.0,0.0,0.0,64.0,8.0,0.0
lane_scaling,5,contact_equivalence,10,24,16,64,mixed,none,0.0,uniform,16,1.0,0.0,0.0,64.0,10.0,0.0
lane_scaling,5,expected_regret,2,24,16,64,mixed,none,0.0,uniform,16,0.25,0.75,2.2204570242026107,66.22045702420262,2.0,0.0
lane_scaling,5,expected_regret,4,24,16,64,mixed,none,0.0,uniform,16,0.75,0.25,0.7468671876502407,64.74686718765024,4.0,0.0
lane_scaling,5,expected_regret,6,24,16,64,mixed,none,0.0,uniform,16,1.0,0.0,0.0,64.0,6.0,0.0
lane_scaling,5,expected_regret,8,24,16,64,mixed,none,0.0,uniform,16,1.0,0.0,0.0,64.0,8.0,0.0
lane_scaling,5,expected_regret,10,24,16,64,mixed,none,0.0,uniform,16,1.0,0.0,0.0,64.0,10.0,0.0
lane_scaling,5,sampled_equivalence,2,24,16,64,mixed,none,0.0,uniform,16,0.125,0.875,2.0900274358748177,66.09002743587482,2.0,0.0
lane_scaling,5,sampled_equivalence,4,24,16,64,mixed,none,0.0,uniform,16,0.875,0.125,0.25,64.25,4.0,0.0
lane_scaling,5,sampled_equivalence,6,24,16,64,mixed,none,0.0,uniform,16,1.0,0.0,0.0,64.0,6.0,0.0
lane_scaling,5,sampled_equivalence,8,24,16,64,mixed,none,0.0,uniform,16,1.0,0.0,0.0,64.0,8.0,0.0
lane_scaling,5,sampled_equivalence,10,24,16,64,mixed,none,0.0,uniform,16,1.0,0.0,0.0,64.0,10.0,0.0
lane_scaling,6,dense_entropy,2,24,16,64,mixed,none,0.0,uniform,16,0.08333333333333333,0.9166666666666666,4.0,60.0,0.0,2.0
lane_scaling,6,dense_entropy,4,24,16,64,mixed,none,0.0,uniform,16,0.0,1.0,4.0,52.0,0.0,4.0
lane_scaling,6,dense_entropy,6,24,16,64,mixed,none,0.0,uniform,16,0.08333333333333333,0.9166666666666666,4.0,44.0,0.0,6.0
lane_scaling,6,dense_entropy,8,24,16,64,mixed,none,0.0,uniform,16,0.08333333333333333,0.9166666666666666,4.0,36.0,0.0,8.0
lane_scaling,6,dense_entropy,10,24,16,64,mixed,none,0.0,uniform,16,0.125,0.875,4.0,28.0,0.0,10.0
lane_scaling,6,dense_contact_only,2,24,16,64,mixed,none,0.0,uniform,16,0.25,0.75,2.0,66.0,2.0,0.0
lane_scaling,6,dense_contact_only,4,24,16,64,mixed,none,0.0,uniform,16,1.0,0.0,0.0,64.0,4.0,0.0
lane_scaling,6,dense_contact_only,6,24,16,64,mixed,none,0.0,uniform,16,1.0,0.0,0.0,64.0,6.0,0.0
lane_scaling,6,dense_contact_only,8,24,16,64,mixed,none,0.0,uniform,16,1.0,0.0,0.0,64.0,8.0,0.0
lane_scaling,6,dense_contact_only,10,24,16,64,mixed,none,0.0,uniform,16,1.0,0.0,0.0,64.0,10.0,0.0
lane_scaling,6,critical_cell_entropy,2,24,16,64,mixed,none,0.0,uniform,16,0.2916666666666667,0.7083333333333334,3.1727957683813393,67.17279576838132,2.0,0.0
lane_scaling,6,critical_cell_entropy,4,24,16,64,mixed,none,0.0,uniform,16,0.3333333333333333,0.6666666666666666,2.688721875540867,66.68872187554085,4.0,0.0
lane_scaling,6,critical_cell_entropy,6,24,16,64,mixed,none,0.0,uniform,16,0.375,0.625,2.4914460711655217,66.49144607116556,6.0,0.0
lane_scaling,6,critical_cell_entropy,8,24,16,64,mixed,none,0.0,uniform,16,0.4583333333333333,0.5416666666666666,2.0,66.0,8.0,0.0
lane_scaling,6,critical_cell_entropy,10,24,16,64,mixed,none,0.0,uniform,16,0.625,0.375,1.077067708633815,65.0770677086338,10.0,0.0
lane_scaling,6,contact_equivalence,2,24,16,64,mixed,none,0.0,uniform,16,0.2916666666666667,0.7083333333333334,2.0,66.0,2.0,0.0
lane_scaling,6,contact_equivalence,4,24,16,64,mixed,none,0.0,uniform,16,1.0,0.0,0.0,64.0,4.0,0.0
lane_scaling,6,contact_equivalence,6,24,16,64,mixed,none,0.0,uniform,16,1.0,0.0,0.0,64.0,6.0,0.0
lane_scaling,6,contact_equivalence,8,24,16,64,mixed,none,0.0,uniform,16,1.0,0.0,0.0,64.0,8.0,0.0
lane_scaling,6,contact_equivalence,10,24,16,64,mixed,none,0.0,uniform,16,1.0,0.0,0.0,64.0,10.0,0.0
lane_scaling,6,expected_regret,2,24,16,64,mixed,none,0.0,uniform,16,0.2916666666666667,0.7083333333333334,2.3062442612465097,66.3062442612465,2.0,0.0
lane_scaling,6,expected_regret,4,24,16,64,mixed,none,0.0,uniform,16,0.5833333333333334,0.4166666666666667,0.9206140627103373,64.92061406271033,4.0,0.0
lane_scaling,6,expected_regret,6,24,16,64,mixed,none,0.0,uniform,16,1.0,0.0,0.0,64.0,6.0,0.0
lane_scaling,6,expected_regret,8,24,16,64,mixed,none,0.0,uniform,16,1.0,0.0,0.0,64.0,8.0,0.0
lane_scaling,6,expected_regret,10,24,16,64,mixed,none,0.0,uniform,16,1.0,0.0,0.0,64.0,10.0,0.0
lane_scaling,6,sampled_equivalence,2,24,16,64,mixed,none,0.0,uniform,16,0.4166666666666667,0.5833333333333334,1.972307567955865,65.97230756795587,2.0,0.0
lane_scaling,6,sampled_equivalence,4,24,16,64,mixed,none,0.0,uniform,16,0.9166666666666666,0.08333333333333333,0.14937343753004817,64.14937343753004,4.0,0.0
lane_scaling,6,sampled_equivalence,6,24,16,64,mixed,none,0.0,uniform,16,1.0,0.0,0.0,64.0,6.0,0.0
lane_scaling,6,sampled_equivalence,8,24,16,64,mixed,none,0.0,uniform,16,1.0,0.0,0.0,64.0,8.0,0.0
lane_scaling,6,sampled_equivalence,10,24,16,64,mixed,none,0.0,uniform,16,1.0,0.0,0.0,64.0,10.0,0.0
lane_scaling,7,dense_entropy,2,24,16,64,mixed,none,0.0,uniform,16,0.08333333333333333,0.9166666666666666,4.0,60.0,0.0,2.0
lane_scaling,7,dense_entropy,4,24,16,64,mixed,none,0.0,uniform,16,0.08333333333333333,0.9166666666666666,4.0,52.0,0.0,4.0
lane_scaling,7,dense_entropy,6,24,16,64,mixed,none,0.0,uniform,16,0.041666666666666664,0.9583333333333334,4.0,44.0,0.0,6.0
lane_scaling,7,dense_entropy,8,24,16,64,mixed,none,0.0,uniform,16,0.0,1.0,4.0,36.0,0.0,8.0
lane_scaling,7,dense_entropy,10,24,16,64,mixed,none,0.0,uniform,16,0.20833333333333334,0.7916666666666666,4.0,28.0,0.0,10.0
lane_scaling,7,dense_contact_only,2,24,16,64,mixed,none,0.0,uniform,16,0.25,0.75,2.0,66.0,2.0,0.0
lane_scaling,7,dense_contact_only,4,24,16,64,mixed,none,0.0,uniform,16,1.0,0.0,0.0,64.0,4.0,0.0
lane_scaling,7,dense_contact_only,6,24,16,64,mixed,none,0.0,uniform,16,1.0,0.0,0.0,64.0,6.0,0.0
lane_scaling,7,dense_contact_only,8,24,16,64,mixed,none,0.0,uniform,16,1.0,0.0,0.0,64.0,8.0,0.0
lane_scaling,7,dense_contact_only,10,24,16,64,mixed,none,0.0,uniform,16,1.0,0.0,0.0,64.0,10.0,0.0
lane_scaling,7,critical_cell_entropy,2,24,16,64,mixed,none,0.0,uniform,16,0.041666666666666664,0.9583333333333334,3.648715133638541,67.64871513363853,2.0,0.0
lane_scaling,7,critical_cell_entropy,4,24,16,64,mixed,none,0.0,uniform,16,0.16666666666666666,0.8333333333333334,3.1368421881310122,67.136842188131,4.0,0.0
lane_scaling,7,critical_cell_entropy,6,24,16,64,mixed,none,0.0,uniform,16,0.3333333333333333,0.6666666666666666,2.353032400545215,66.35303240054525,6.0,0.0
lane_scaling,7,critical_cell_entropy,8,24,16,64,mixed,none,0.0,uniform,16,0.5833333333333334,0.4166666666666667,1.5,65.5,8.0,0.0
lane_scaling,7,critical_cell_entropy,10,24,16,64,mixed,none,0.0,uniform,16,0.75,0.25,1.077067708633815,65.0770677086338,10.0,0.0
lane_scaling,7,contact_equivalence,2,24,16,64,mixed,none,0.0,uniform,16,0.16666666666666666,0.8333333333333334,2.0,66.0,2.0,0.0
lane_scaling,7,contact_equivalence,4,24,16,64,mixed,none,0.0,uniform,16,1.0,0.0,0.0,64.0,4.0,0.0
lane_scaling,7,contact_equivalence,6,24,16,64,mixed,none,0.0,uniform,16,1.0,0.0,0.0,64.0,6.0,0.0
lane_scaling,7,contact_equivalence,8,24,16,64,mixed,none,0.0,uniform,16,1.0,0.0,0.0,64.0,8.0,0.0
lane_scaling,7,contact_equivalence,10,24,16,64,mixed,none,0.0,uniform,16,1.0,0.0,0.0,64.0,10.0,0.0
lane_scaling,7,expected_regret,2,24,16,64,mixed,none,0.0,uniform,16,0.2916666666666667,0.7083333333333334,2.0915774656862993,66.0915774656863,2.0,0.0
lane_scaling,7,expected_regret,4,24,16,64,mixed,none,0.0,uniform,16,0.75,0.25,0.555827083453526,64.55582708345352,4.0,0.0
lane_scaling,7,expected_regret,6,24,16,64,mixed,none,0.0,uniform,16,1.0,0.0,0.0,64.0,6.0,0.0
lane_scaling,7,expected_regret,8,24,16,64,mixed,none,0.0,uniform,16,1.0,0.0,0.0,64.0,8.0,0.0
lane_scaling,7,expected_regret,10,24,16,64,mixed,none,0.0,uniform,16,1.0,0.0,0.0,64.0,10.0,0.0
lane_scaling,7,sampled_equivalence,2,24,16,64,mixed,none,0.0,uniform,16,0.20833333333333334,0.7916666666666666,2.1536023363119847,66.15360233631198,2.0,0.0
lane_scaling,7,sampled_equivalence,4,24,16,64,mixed,none,0.0,uniform,16,0.9166666666666666,0.08333333333333333,0.2327067708633815,64.23270677086339,4.0,0.0
lane_scaling,7,sampled_equivalence,6,24,16,64,mixed,none,0.0,uniform,16,1.0,0.0,0.0,64.0,6.0,0.0
lane_scaling,7,sampled_equivalence,8,24,16,64,mixed,none,0.0,uniform,16,1.0,0.0,0.0,64.0,8.0,0.0
lane_scaling,7,sampled_equivalence,10,24,16,64,mixed,none,0.0,uniform,16,1.0,0.0,0.0,64.0,10.0,0.0
lane_scaling,8,dense_entropy,2,24,16,64,mixed,none,0.0,uniform,16,0.041666666666666664,0.9583333333333334,4.0,60.0,0.0,2.0
lane_scaling,8,dense_entropy,4,24,16,64,mixed,none,0.0,uniform,16,0.0,1.0,4.0,52.0,0.0,4.0
lane_scaling,8,dense_entropy,6,24,16,64,mixed,none,0.0,uniform,16,0.08333333333333333,0.9166666666666666,4.0,44.0,0.0,6.0
lane_scaling,8,dense_entropy,8,24,16,64,mixed,none,0.0,uniform,16,0.0,1.0,4.0,36.0,0.0,8.0
lane_scaling,8,dense_entropy,10,24,16,64,mixed,none,0.0,uniform,16,0.08333333333333333,0.9166666666666666,4.0,28.0,0.0,10.0
lane_scaling,8,dense_contact_only,2,24,16,64,mixed,none,0.0,uniform,16,0.375,0.625,2.0,66.0,2.0,0.0
lane_scaling,8,dense_contact_only,4,24,16,64,mixed,none,0.0,uniform,16,1.0,0.0,0.0,64.0,4.0,0.0
lane_scaling,8,dense_contact_only,6,24,16,64,mixed,none,0.0,uniform,16,1.0,0.0,0.0,64.0,6.0,0.0
lane_scaling,8,dense_contact_only,8,24,16,64,mixed,none,0.0,uniform,16,1.0,0.0,0.0,64.0,8.0,0.0
lane_scaling,8,dense_contact_only,10,24,16,64,mixed,none,0.0,uniform,16,1.0,0.0,0.0,64.0,10.0,0.0
lane_scaling,8,critical_cell_entropy,2,24,16,64,mixed,none,0.0,uniform,16,0.08333333333333333,0.9166666666666666,3.4900753452194735,67.49007534521947,2.0,0.0
lane_scaling,8,critical_cell_entropy,4,24,16,64,mixed,none,0.0,uniform,16,0.25,0.75,2.8380953130709154,66.8380953130709,4.0,0.0
lane_scaling,8,critical_cell_entropy,6,24,16,64,mixed,none,0.0,uniform,16,0.2916666666666667,0.7083333333333334,2.353032400545215,66.35303240054525,6.0,0.0
lane_scaling,8,critical_cell_entropy,8,24,16,64,mixed,none,0.0,uniform,16,0.4166666666666667,0.5833333333333334,1.875,65.875,8.0,0.0
lane_scaling,8,critical_cell_entropy,10,24,16,64,mixed,none,0.0,uniform,16,0.5416666666666666,0.4583333333333333,1.4001880212239592,65.40018802122397,10.0,0.0
lane_scaling,8,contact_equivalence,2,24,16,64,mixed,none,0.0,uniform,16,0.08333333333333333,0.9166666666666666,2.0,66.0,2.0,0.0
lane_scaling,8,contact_equivalence,4,24,16,64,mixed,none,0.0,uniform,16,1.0,0.0,0.0,64.0,4.0,0.0
lane_scaling,8,contact_equivalence,6,24,16,64,mixed,none,0.0,uniform,16,1.0,0.0,0.0,64.0,6.0,0.0
lane_scaling,8,contact_equivalence,8,24,16,64,mixed,none,0.0,uniform,16,1.0,0.0,0.0,64.0,8.0,0.0
lane_scaling,8,contact_equivalence,10,24,16,64,mixed,none,0.0,uniform,16,1.0,0.0,0.0,64.0,10.0,0.0
lane_scaling,8,expected_regret,2,24,16,64,mixed,none,0.0,uniform,16,0.3333333333333333,0.6666666666666666,2.1039628874017873,66.10396288740178,2.0,0.0
lane_scaling,8,expected_regret,4,24,16,64,mixed,none,0.0,uniform,16,0.6666666666666666,0.3333333333333333,0.7052005209835741,64.70520052098357,4.0,0.0
lane_scaling,8,expected_regret,6,24,16,64,mixed,none,0.0,uniform,16,1.0,0.0,0.0,64.0,6.0,0.0
lane_scaling,8,expected_regret,8,24,16,64,mixed,none,0.0,uniform,16,1.0,0.0,0.0,64.0,8.0,0.0
lane_scaling,8,expected_regret,10,24,16,64,mixed,none,0.0,uniform,16,1.0,0.0,0.0,64.0,10.0,0.0
lane_scaling,8,sampled_equivalence,2,24,16,64,mixed,none,0.0,uniform,16,0.375,0.625,2.0600559822354625,66.06005598223548,2.0,0.0
lane_scaling,8,sampled_equivalence,4,24,16,64,mixed,none,0.0,uniform,16,0.875,0.125,0.2916666666666667,64.29166666666667,4.0,0.0
lane_scaling,8,sampled_equivalence,6,24,16,64,mixed,none,0.0,uniform,16,1.0,0.0,0.0,64.0,6.0,0.0
lane_scaling,8,sampled_equivalence,8,24,16,64,mixed,none,0.0,uniform,16,1.0,0.0,0.0,64.0,8.0,0.0
lane_scaling,8,sampled_equivalence,10,24,16,64,mixed,none,0.0,uniform,16,1.0,0.0,0.0,64.0,10.0,0.0
lane_scaling,9,dense_entropy,2,24,16,64,mixed,none,0.0,uniform,16,0.08333333333333333,0.9166666666666666,4.0,60.0,0.0,2.0
lane_scaling,9,dense_entropy,4,24,16,64,mixed,none,0.0,uniform,16,0.041666666666666664,0.9583333333333334,4.0,52.0,0.0,4.0
lane_scaling,9,dense_entropy,6,24,16,64,mixed,none,0.0,uniform,16,0.0,1.0,4.0,44.0,0.0,6.0
lane_scaling,9,dense_entropy,8,24,16,64,mixed,none,0.0,uniform,16,0.041666666666666664,0.9583333333333334,4.0,36.0,0.0,8.0
lane_scaling,9,dense_entropy,10,24,16,64,mixed,none,0.0,uniform,16,0.08333333333333333,0.9166666666666666,4.0,28.0,0.0,10.0
lane_scaling,9,dense_contact_only,2,24,16,64,mixed,none,0.0,uniform,16,0.375,0.625,2.0,66.0,2.0,0.0
lane_scaling,9,dense_contact_only,4,24,16,64,mixed,none,0.0,uniform,16,1.0,0.0,0.0,64.0,4.0,0.0
lane_scaling,9,dense_contact_only,6,24,16,64,mixed,none,0.0,uniform,16,1.0,0.0,0.0,64.0,6.0,0.0
lane_scaling,9,dense_contact_only,8,24,16,64,mixed,none,0.0,uniform,16,1.0,0.0,0.0,64.0,8.0,0.0
lane_scaling,9,dense_contact_only,10,24,16,64,mixed,none,0.0,uniform,16,1.0,0.0,0.0,64.0,10.0,0.0
lane_scaling,9,critical_cell_entropy,2,24,16,64,mixed,none,0.0,uniform,16,0.125,0.875,3.4900753452194735,67.49007534521947,2.0,0.0
lane_scaling,9,critical_cell_entropy,4,24,16,64,mixed,none,0.0,uniform,16,0.20833333333333334,0.7916666666666666,2.987468750600964,66.98746875060095,4.0,0.0
lane_scaling,9,critical_cell_entropy,6,24,16,64,mixed,none,0.0,uniform,16,0.5,0.5,1.9377913886842946,65.93779138868432,6.0,0.0
lane_scaling,9,critical_cell_entropy,8,24,16,64,mixed,none,0.0,uniform,16,0.75,0.25,1.375,65.375,8.0,0.0
lane_scaling,9,critical_cell_entropy,10,24,16,64,mixed,none,0.0,uniform,16,0.75,0.25,1.077067708633815,65.0770677086338,10.0,0.0
lane_scaling,9,contact_equivalence,2,24,16,64,mixed,none,0.0,uniform,16,0.3333333333333333,0.6666666666666666,2.0,66.0,2.0,0.0
lane_scaling,9,contact_equivalence,4,24,16,64,mixed,none,0.0,uniform,16,1.0,0.0,0.0,64.0,4.0,0.0
lane_scaling,9,contact_equivalence,6,24,16,64,mixed,none,0.0,uniform,16,1.0,0.0,0.0,64.0,6.0,0.0
lane_scaling,9,contact_equivalence,8,24,16,64,mixed,none,0.0,uniform,16,1.0,0.0,0.0,64.0,8.0,0.0
lane_scaling,9,contact_equivalence,10,24,16,64,mixed,none,0.0,uniform,16,1.0,0.0,0.0,64.0,10.0,0.0
lane_scaling,9,expected_regret,2,24,16,64,mixed,none,0.0,uniform,16,0.16666666666666666,0.8333333333333334,2.1395775945798428,66.13957759457985,2.0,0.0
lane_scaling,9,expected_regret,4,24,16,64,mixed,none,0.0,uniform,16,0.75,0.25,0.7052005209835741,64.70520052098357,4.0,0.0
lane_scaling,9,expected_regret,6,24,16,64,mixed,none,0.0,uniform,16,1.0,0.0,0.0,64.0,6.0,0.0
lane_scaling,9,expected_regret,8,24,16,64,mixed,none,0.0,uniform,16,1.0,0.0,0.0,64.0,8.0,0.0
lane_scaling,9,expected_regret,10,24,16,64,mixed,none,0.0,uniform,16,1.0,0.0,0.0,64.0,10.0,0.0
lane_scaling,9,sampled_equivalence,2,24,16,64,mixed,none,0.0,uniform,16,0.20833333333333334,0.7916666666666666,1.9089753871614017,65.90897538716139,2.0,0.0
lane_scaling,9,sampled_equivalence,4,24,16,64,mixed,none,0.0,uniform,16,0.9166666666666666,0.08333333333333333,0.16666666666666666,64.16666666666667,4.0,0.0
lane_scaling,9,sampled_equivalence,6,24,16,64,mixed,none,0.0,uniform,16,1.0,0.0,0.0,64.0,6.0,0.0
lane_scaling,9,sampled_equivalence,8,24,16,64,mixed,none,0.0,uniform,16,1.0,0.0,0.0,64.0,8.0,0.0
lane_scaling,9,sampled_equivalence,10,24,16,64,mixed,none,0.0,uniform,16,1.0,0.0,0.0,64.0,10.0,0.0
lane_scaling,0,dense_entropy,2,24,24,64,mixed,none,0.0,uniform,24,0.041666666666666664,0.9583333333333334,4.584962500721158,60.58496250072114,0.0,2.0
lane_scaling,0,dense_entropy,4,24,24,64,mixed,none,0.0,uniform,24,0.041666666666666664,0.9583333333333334,4.584962500721158,52.584962500721154,0.0,4.0
lane_scaling,0,dense_entropy,6,24,24,64,mixed,none,0.0,uniform,24,0.0,1.0,4.584962500721158,44.58496250072116,0.0,6.0
lane_scaling,0,dense_entropy,8,24,24,64,mixed,none,0.0,uniform,24,0.041666666666666664,0.9583333333333334,4.584962500721158,36.58496250072117,0.0,8.0
lane_scaling,0,dense_entropy,10,24,24,64,mixed,none,0.0,uniform,24,0.08333333333333333,0.9166666666666666,4.584962500721158,28.584962500721158,0.0,10.0
lane_scaling,0,dense_contact_only,2,24,24,64,mixed,none,0.0,uniform,24,0.20833333333333334,0.7916666666666666,2.5849625007211547,66.58496250072115,2.0,0.0
lane_scaling,0,dense_contact_only,4,24,24,64,mixed,none,0.0,uniform,24,0.7083333333333334,0.2916666666666667,0.7083333333333334,64.70833333333333,4.0,0.0
lane_scaling,0,dense_contact_only,6,24,24,64,mixed,none,0.0,uniform,24,1.0,0.0,0.0,64.0,6.0,0.0
lane_scaling,0,dense_contact_only,8,24,24,64,mixed,none,0.0,uniform,24,1.0,0.0,0.0,64.0,8.0,0.0
lane_scaling,0,dense_contact_only,10,24,24,64,mixed,none,0.0,uniform,24,1.0,0.0,0.0,64.0,10.0,0.0
lane_scaling,0,critical_cell_entropy,2,24,24,64,mixed,none,0.0,uniform,24,0.125,0.875,3.9020026663076357,67.90200266630765,2.0,0.0
lane_scaling,0,critical_cell_entropy,4,24,24,64,mixed,none,0.0,uniform,24,0.16666666666666666,0.8333333333333334,3.60160674573947,67.6016067457395,4.0,0.0
lane_scaling,0,critical_cell_entropy,6,24,24,64,mixed,none,0.0,uniform,24,0.2916666666666667,0.7083333333333334,2.9536968760216364,66.95369687602165,6.0,0.0
lane_scaling,0,critical_cell_entropy,8,24,24,64,mixed,none,0.0,uniform,24,0.3333333333333333,0.6666666666666666,2.8333333333333326,66.83333333333333,8.0,0.0
lane_scaling,0,critical_cell_entropy,10,24,24,64,mixed,none,0.0,uniform,24,0.375,0.625,2.379596826286004,66.37959682628599,10.0,0.0
lane_scaling,0,contact_equivalence,2,24,24,64,mixed,none,0.0,uniform,24,0.25,0.75,2.5849625007211547,66.58496250072115,2.0,0.0
lane_scaling,0,contact_equivalence,4,24,24,64,mixed,none,0.0,uniform,24,0.7083333333333334,0.2916666666666667,0.5833333333333334,64.58333333333333,4.0,0.0
lane_scaling,0,contact_equivalence,6,24,24,64,mixed,none,0.0,uniform,24,1.0,0.0,0.0,64.0,6.0,0.0
lane_scaling,0,contact_equivalence,8,24,24,64,mixed,none,0.0,uniform,24,1.0,0.0,0.0,64.0,8.0,0.0
lane_scaling,0,contact_equivalence,10,24,24,64,mixed,none,0.0,uniform,24,1.0,0.0,0.0,64.0,10.0,0.0
lane_scaling,0,expected_regret,2,24,24,64,mixed,none,0.0,uniform,24,0.08333333333333333,0.9166666666666666,2.9446579318668165,66.94465793186683,2.0,0.0
lane_scaling,0,expected_regret,4,24,24,64,mixed,none,0.0,uniform,24,0.5,0.5,1.2956140627103376,65.29561406271033,4.0,0.0
lane_scaling,0,expected_regret,6,24,24,64,mixed,none,0.0,uniform,24,0.8333333333333334,0.16666666666666666,0.25,64.25,6.0,0.0
lane_scaling,0,expected_regret,8,24,24,64,mixed,none,0.0,uniform,24,1.0,0.0,0.0,64.0,8.0,0.0
lane_scaling,0,expected_regret,10,24,24,64,mixed,none,0.0,uniform,24,1.0,0.0,0.0,64.0,10.0,0.0
lane_scaling,0,sampled_equivalence,2,24,24,64,mixed,none,0.0,uniform,24,0.25,0.75,2.5961359328418046,66.59613593284179,2.0,0.0
lane_scaling,0,sampled_equivalence,4,24,24,64,mixed,none,0.0,uniform,24,0.75,0.25,0.7083333333333334,64.70833333333333,4.0,0.0
lane_scaling,0,sampled_equivalence,6,24,24,64,mixed,none,0.0,uniform,24,1.0,0.0,0.0,64.0,6.0,0.0
lane_scaling,0,sampled_equivalence,8,24,24,64,mixed,none,0.0,uniform,24,1.0,0.0,0.0,64.0,8.0,0.0
lane_scaling,0,sampled_equivalence,10,24,24,64,mixed,none,0.0,uniform,24,1.0,0.0,0.0,64.0,10.0,0.0
lane_scaling,1,dense_entropy,2,24,24,64,mixed,none,0.0,uniform,24,0.08333333333333333,0.9166666666666666,4.584962500721158,60.58496250072114,0.0,2.0
lane_scaling,1,dense_entropy,4,24,24,64,mixed,none,0.0,uniform,24,0.0,1.0,4.584962500721158,52.584962500721154,0.0,4.0
lane_scaling,1,dense_entropy,6,24,24,64,mixed,none,0.0,uniform,24,0.125,0.875,4.584962500721158,44.58496250072116,0.0,6.0
lane_scaling,1,dense_entropy,8,24,24,64,mixed,none,0.0,uniform,24,0.08333333333333333,0.9166666666666666,4.584962500721158,36.58496250072117,0.0,8.0
lane_scaling,1,dense_entropy,10,24,24,64,mixed,none,0.0,uniform,24,0.125,0.875,4.584962500721158,28.584962500721158,0.0,10.0
lane_scaling,1,dense_contact_only,2,24,24,64,mixed,none,0.0,uniform,24,0.16666666666666666,0.8333333333333334,2.5849625007211547,66.58496250072115,2.0,0.0
lane_scaling,1,dense_contact_only,4,24,24,64,mixed,none,0.0,uniform,24,0.75,0.25,0.5833333333333334,64.58333333333333,4.0,0.0
lane_scaling,1,dense_contact_only,6,24,24,64,mixed,none,0.0,uniform,24,1.0,0.0,0.0,64.0,6.0,0.0
lane_scaling,1,dense_contact_only,8,24,24,64,mixed,none,0.0,uniform,24,1.0,0.0,0.0,64.0,8.0,0.0
lane_scaling,1,dense_contact_only,10,24,24,64,mixed,none,0.0,uniform,24,1.0,0.0,0.0,64.0,10.0,0.0
lane_scaling,1,critical_cell_entropy,2,24,24,64,mixed,none,0.0,uniform,24,0.20833333333333334,0.7916666666666666,4.08781231708419,68.08781231708421,2.0,0.0
lane_scaling,1,critical_cell_entropy,4,24,24,64,mixed,none,0.0,uniform,24,0.2916666666666667,0.7083333333333334,3.061365733878549,67.06136573387857,4.0,0.0
lane_scaling,1,critical_cell_entropy,6,24,24,64,mixed,none,0.0,uniform,24,0.375,0.625,2.77995000096154,66.77995000096153,6.0,0.0
lane_scaling,1,critical_cell_entropy,8,24,24,64,mixed,none,0.0,uniform,24,0.4166666666666667,0.5833333333333334,2.4999999999999996,66.5,8.0,0.0
lane_scaling,1,critical_cell_entropy,10,24,24,64,mixed,none,0.0,uniform,24,0.5416666666666666,0.4583333333333333,1.745037672609736,65.74503767260974,10.0,0.0
lane_scaling,1,contact_equivalence,2,24,24,64,mixed,none,0.0,uniform,24,0.16666666666666666,0.8333333333333334,2.5849625007211547,66.58496250072115,2.0,0.0
lane_scaling,1,contact_equivalence,4,24,24,64,mixed,none,0.0,uniform,24,0.5833333333333334,0.4166666666666667,0.7083333333333334,64.70833333333333,4.0,0.0
lane_scaling,1,contact_equivalence,6,24,24,64,mixed,none,0.0,uniform,24,1.0,0.0,0.0,64.0,6.0,0.0
lane_scaling,1,contact_equivalence,8,24,24,64,mixed,none,0.0,uniform,24,1.0,0.0,0.0,64.0,8.0,0.0
lane_scaling,1,contact_equivalence,10,24,24,64,mixed,none,0.0,uniform,24,1.0,0.0,0.0,64.0,10.0,0.0
lane_scaling,1,expected_regret,2,24,24,64,mixed,none,0.0,uniform,24,0.16666666666666666,0.8333333333333334,2.7338706948229174,66.73387069482291,2.0,0.0
lane_scaling,1,expected_regret,4,24,24,64,mixed,none,0.0,uniform,24,0.5416666666666666,0.4583333333333333,1.1635338543169078,65.1635338543169,4.0,0.0
lane_scaling,1,expected_regret,6,24,24,64,mixed,none,0.0,uniform,24,1.0,0.0,0.125,64.125,6.0,0.0
lane_scaling,1,expected_regret,8,24,24,64,mixed,none,0.0,uniform,24,1.0,0.0,0.0,64.0,8.0,0.0
lane_scaling,1,expected_regret,10,24,24,64,mixed,none,0.0,uniform,24,1.0,0.0,0.0,64.0,10.0,0.0
lane_scaling,1,sampled_equivalence,2,24,24,64,mixed,none,0.0,uniform,24,0.041666666666666664,0.9583333333333334,2.7367220044344105,66.7367220044344,2.0,0.0
lane_scaling,1,sampled_equivalence,4,24,24,64,mixed,none,0.0,uniform,24,0.5416666666666666,0.4583333333333333,0.9064536459234777,64.90645364592348,4.0,0.0
lane_scaling,1,sampled_equivalence,6,24,24,64,mixed,none,0.0,uniform,24,1.0,0.0,0.0,64.0,6.0,0.0
lane_scaling,1,sampled_equivalence,8,24,24,64,mixed,none,0.0,uniform,24,1.0,0.0,0.0,64.0,8.0,0.0
lane_scaling,1,sampled_equivalence,10,24,24,64,mixed,none,0.0,uniform,24,1.0,0.0,0.0,64.0,10.0,0.0
lane_scaling,2,dense_entropy,2,24,24,64,mixed,none,0.0,uniform,24,0.041666666666666664,0.9583333333333334,4.584962500721158,60.58496250072114,0.0,2.0
lane_scaling,2,dense_entropy,4,24,24,64,mixed,none,0.0,uniform,24,0.041666666666666664,0.9583333333333334,4.584962500721158,52.584962500721154,0.0,4.0
lane_scaling,2,dense_entropy,6,24,24,64,mixed,none,0.0,uniform,24,0.08333333333333333,0.9166666666666666,4.584962500721158,44.58496250072116,0.0,6.0
lane_scaling,2,dense_entropy,8,24,24,64,mixed,none,0.0,uniform,24,0.041666666666666664,0.9583333333333334,4.584962500721158,36.58496250072117,0.0,8.0
lane_scaling,2,dense_entropy,10,24,24,64,mixed,none,0.0,uniform,24,0.041666666666666664,0.9583333333333334,4.584962500721158,28.584962500721158,0.0,10.0
lane_scaling,2,dense_contact_only,2,24,24,64,mixed,none,0.0,uniform,24,0.25,0.75,2.5849625007211547,66.58496250072115,2.0,0.0
lane_scaling,2,dense_contact_only,4,24,24,64,mixed,none,0.0,uniform,24,0.6666666666666666,0.3333333333333333,0.75,64.75,4.0,0.0
lane_scaling,2,dense_contact_only,6,24,24,64,mixed,none,0.0,uniform,24,1.0,0.0,0.0,64.0,6.0,0.0
lane_scaling,2,dense_contact_only,8,24,24,64,mixed,none,0.0,uniform,24,1.0,0.0,0.0,64.0,8.0,0.0
lane_scaling,2,dense_contact_only,10,24,24,64,mixed,none,0.0,uniform,24,1.0,0.0,0.0,64.0,10.0,0.0
lane_scaling,2,critical_cell_entropy,2,24,24,64,mixed,none,0.0,uniform,24,0.125,0.875,3.9020026663076357,67.90200266630764,2.0,0.0
lane_scaling,2,critical_cell_entropy,4,24,24,64,mixed,none,0.0,uniform,24,0.3333333333333333,0.6666666666666666,3.2414460711655226,67.24144607116556,4.0,0.0
lane_scaling,2,critical_cell_entropy,6,24,24,64,mixed,none,0.0,uniform,24,0.375,0.625,2.9536968760216364,66.95369687602165,6.0,0.0
lane_scaling,2,critical_cell_entropy,8,24,24,64,mixed,none,0.0,uniform,24,0.3333333333333333,0.6666666666666666,2.6666666666666665,66.66666666666667,8.0,0.0
lane_scaling,2,critical_cell_entropy,10,24,24,64,mixed,none,0.0,uniform,24,0.375,0.625,2.538236614705071,66.53823661470507,10.0,0.0
lane_scaling,2,contact_equivalence,2,24,24,64,mixed,none,0.0,uniform,24,0.041666666666666664,0.9583333333333334,2.5849625007211547,66.58496250072115,2.0,0.0
lane_scaling,2,contact_equivalence,4,24,24,64,mixed,none,0.0,uniform,24,0.4583333333333333,0.5416666666666666,0.6666666666666666,64.66666666666667,4.0,0.0
lane_scaling,2,contact_equivalence,6,24,24,64,mixed,none,0.0,uniform,24,1.0,0.0,0.0,64.0,6.0,0.0
lane_scaling,2,contact_equivalence,8,24,24,64,mixed,none,0.0,uniform,24,1.0,0.0,0.0,64.0,8.0,0.0
lane_scaling,2,contact_equivalence,10,24,24,64,mixed,none,0.0,uniform,24,1.0,0.0,0.0,64.0,10.0,0.0
lane_scaling,2,expected_regret,2,24,24,64,mixed,none,0.0,uniform,24,0.3333333333333333,0.6666666666666666,2.781589320978194,66.7815893209782,2.0,0.0
lane_scaling,2,expected_regret,4,24,24,64,mixed,none,0.0,uniform,24,0.375,0.625,1.097493750120193,65.0974937501202,4.0,0.0
lane_scaling,2,expected_regret,6,24,24,64,mixed,none,0.0,uniform,24,0.9166666666666666,0.08333333333333333,0.125,64.125,6.0,0.0
lane_scaling,2,expected_regret,8,24,24,64,mixed,none,0.0,uniform,24,1.0,0.0,0.0,64.0,8.0,0.0
lane_scaling,2,expected_regret,10,24,24,64,mixed,none,0.0,uniform,24,1.0,0.0,0.0,64.0,10.0,0.0
lane_scaling,2,sampled_equivalence,2,24,24,64,mixed,none,0.0,uniform,24,0.08333333333333333,0.9166666666666666,2.7540152335710286,66.75401523357102,2.0,0.0
lane_scaling,2,sampled_equivalence,4,24,24,64,mixed,none,0.0,uniform,24,0.4583333333333333,0.5416666666666666,0.9583333333333334,64.95833333333333,4.0,0.0
lane_scaling,2,sampled_equivalence,6,24,24,64,mixed,none,0.0,uniform,24,1.0,0.0,0.0,64.0,6.0,0.0
lane_scaling,2,sampled_equivalence,8,24,24,64,mixed,none,0.0,uniform,24,1.0,0.0,0.0,64.0,8.0,0.0
lane_scaling,2,sampled_equivalence,10,24,24,64,mixed,none,0.0,uniform,24,1.0,0.0,0.0,64.0,10.0,0.0
lane_scaling,3,dense_entropy,2,24,24,64,mixed,none,0.0,uniform,24,0.0,1.0,4.584962500721158,60.58496250072114,0.0,2.0
lane_scaling,3,dense_entropy,4,24,24,64,mixed,none,0.0,uniform,24,0.041666666666666664,0.9583333333333334,4.584962500721158,52.584962500721154,0.0,4.0
lane_scaling,3,dense_entropy,6,24,24,64,mixed,none,0.0,uniform,24,0.0,1.0,4.584962500721158,44.58496250072116,0.0,6.0
lane_scaling,3,dense_entropy,8,24,24,64,mixed,none,0.0,uniform,24,0.041666666666666664,0.9583333333333334,4.584962500721158,36.58496250072117,0.0,8.0
lane_scaling,3,dense_entropy,10,24,24,64,mixed,none,0.0,uniform,24,0.08333333333333333,0.9166666666666666,4.584962500721158,28.584962500721158,0.0,10.0
lane_scaling,3,dense_contact_only,2,24,24,64,mixed,none,0.0,uniform,24,0.25,0.75,2.5849625007211547,66.58496250072115,2.0,0.0
lane_scaling,3,dense_contact_only,4,24,24,64,mixed,none,0.0,uniform,24,0.7916666666666666,0.20833333333333334,0.6666666666666666,64.66666666666667,4.0,0.0
lane_scaling,3,dense_contact_only,6,24,24,64,mixed,none,0.0,uniform,24,1.0,0.0,0.0,64.0,6.0,0.0
lane_scaling,3,dense_contact_only,8,24,24,64,mixed,none,0.0,uniform,24,1.0,0.0,0.0,64.0,8.0,0.0
lane_scaling,3,dense_contact_only,10,24,24,64,mixed,none,0.0,uniform,24,1.0,0.0,0.0,64.0,10.0,0.0
lane_scaling,3,critical_cell_entropy,2,24,24,64,mixed,none,0.0,uniform,24,0.041666666666666664,0.9583333333333334,4.459431618637297,68.45943161863731,2.0,0.0
lane_scaling,3,critical_cell_entropy,4,24,24,64,mixed,none,0.0,uniform,24,0.20833333333333334,0.7916666666666666,3.9617674203134174,67.96176742031345,4.0,0.0
lane_scaling,3,critical_cell_entropy,6,24,24,64,mixed,none,0.0,uniform,24,0.25,0.75,3.474937501201925,67.47493750120192,6.0,0.0
lane_scaling,3,critical_cell_entropy,8,24,24,64,mixed,none,0.0,uniform,24,0.3333333333333333,0.6666666666666666,2.6666666666666665,66.66666666666667,8.0,0.0
lane_scaling,3,critical_cell_entropy,10,24,24,64,mixed,none,0.0,uniform,24,0.5,0.5,1.903677461028803,65.90367746102879,10.0,0.0
lane_scaling,3,contact_equivalence,2,24,24,64,mixed,none,0.0,uniform,24,0.20833333333333334,0.7916666666666666,2.5849625007211547,66.58496250072115,2.0,0.0
lane_scaling,3,contact_equivalence,4,24,24,64,mixed,none,0.0,uniform,24,0.7083333333333334,0.2916666666666667,0.7083333333333334,64.70833333333333,4.0,0.0
lane_scaling,3,contact_equivalence,6,24,24,64,mixed,none,0.0,uniform,24,1.0,0.0,0.0,64.0,6.0,0.0
lane_scaling,3,contact_equivalence,8,24,24,64,mixed,none,0.0,uniform,24,1.0,0.0,0.0,64.0,8.0,0.0
lane_scaling,3,contact_equivalence,10,24,24,64,mixed,none,0.0,uniform,24,1.0,0.0,0.0,64.0,10.0,0.0
lane_scaling,3,expected_regret,2,24,24,64,mixed,none,0.0,uniform,24,0.2916666666666667,0.7083333333333334,2.6371236908692777,66.63712369086927,2.0,0.0
lane_scaling,3,expected_regret,4,24,24,64,mixed,none,0.0,uniform,24,0.625,0.375,1.0385338543169078,65.0385338543169,4.0,0.0
lane_scaling,3,expected_regret,6,24,24,64,mixed,none,0.0,uniform,24,0.9166666666666666,0.08333333333333333,0.16666666666666666,64.16666666666667,6.0,0.0
lane_scaling,3,expected_regret,8,24,24,64,mixed,none,0.0,uniform,24,1.0,0.0,0.0,64.0,8.0,0.0
lane_scaling,3,expected_regret,10,24,24,64,mixed,none,0.0,uniform,24,1.0,0.0,0.0,64.0,10.0,0.0
lane_scaling,3,sampled_equivalence,2,24,24,64,mixed,none,0.0,uniform,24,0.16666666666666666,0.8333333333333334,2.6731358039482607,66.67313580394826,2.0,0.0
lane_scaling,3,sampled_equivalence,4,24,24,64,mixed,none,0.0,uniform,24,0.5833333333333334,0.4166666666666667,0.7570802083934295,64.75708020839343,4.0,0.0
lane_scaling,3,sampled_equivalence,6,24,24,64,mixed,none,0.0,uniform,24,1.0,0.0,0.0,64.0,6.0,0.0
lane_scaling,3,sampled_equivalence,8,24,24,64,mixed,none,0.0,uniform,24,1.0,0.0,0.0,64.0,8.0,0.0
lane_scaling,3,sampled_equivalence,10,24,24,64,mixed,none,0.0,uniform,24,1.0,0.0,0.0,64.0,10.0,0.0
lane_scaling,4,dense_entropy,2,24,24,64,mixed,none,0.0,uniform,24,0.0,1.0,4.584962500721158,60.58496250072114,0.0,2.0
lane_scaling,4,dense_entropy,4,24,24,64,mixed,none,0.0,uniform,24,0.0,1.0,4.584962500721158,52.584962500721154,0.0,4.0
lane_scaling,4,dense_entropy,6,24,24,64,mixed,none,0.0,uniform,24,0.08333333333333333,0.9166666666666666,4.584962500721158,44.58496250072116,0.0,6.0
lane_scaling,4,dense_entropy,8,24,24,64,mixed,none,0.0,uniform,24,0.041666666666666664,0.9583333333333334,4.584962500721158,36.58496250072117,0.0,8.0
lane_scaling,4,dense_entropy,10,24,24,64,mixed,none,0.0,uniform,24,0.0,1.0,4.584962500721158,28.584962500721158,0.0,10.0
lane_scaling,4,dense_contact_only,2,24,24,64,mixed,none,0.0,uniform,24,0.25,0.75,2.5849625007211547,66.58496250072115,2.0,0.0
lane_scaling,4,dense_contact_only,4,24,24,64,mixed,none,0.0,uniform,24,0.6666666666666666,0.3333333333333333,0.625,64.625,4.0,0.0
lane_scaling,4,dense_contact_only,6,24,24,64,mixed,none,0.0,uniform,24,1.0,0.0,0.0,64.0,6.0,0.0
lane_scaling,4,dense_contact_only,8,24,24,64,mixed,none,0.0,uniform,24,1.0,0.0,0.0,64.0,8.0,0.0
lane_scaling,4,dense_contact_only,10,24,24,64,mixed,none,0.0,uniform,24,1.0,0.0,0.0,64.0,10.0,0.0
lane_scaling,4,critical_cell_entropy,2,24,24,64,mixed,none,0.0,uniform,24,0.125,0.875,4.08781231708419,68.08781231708421,2.0,0.0
lane_scaling,4,critical_cell_entropy,4,24,24,64,mixed,none,0.0,uniform,24,0.125,0.875,3.7816870830264437,67.78168708302648,4.0,0.0
lane_scaling,4,critical_cell_entropy,6,24,24,64,mixed,none,0.0,uniform,24,0.25,0.75,3.3011906261418287,67.30119062614185,6.0,0.0
lane_scaling,4,critical_cell_entropy,8,24,24,64,mixed,none,0.0,uniform,24,0.4583333333333333,0.5416666666666666,2.4999999999999996,66.5,8.0,0.0
lane_scaling,4,critical_cell_entropy,10,24,24,64,mixed,none,0.0,uniform,24,0.4583333333333333,0.5416666666666666,2.06231724944787,66.06231724944786,10.0,0.0
lane_scaling,4,contact_equivalence,2,24,24,64,mixed,none,0.0,uniform,24,0.20833333333333334,0.7916666666666666,2.5849625007211547,66.58496250072115,2.0,0.0
lane_scaling,4,contact_equivalence,4,24,24,64,mixed,none,0.0,uniform,24,0.5,0.5,0.8333333333333334,64.83333333333333,4.0,0.0
lane_scaling,4,contact_equivalence,6,24,24,64,mixed,none,0.0,uniform,24,1.0,0.0,0.0,64.0,6.0,0.0
lane_scaling,4,contact_equivalence,8,24,24,64,mixed,none,0.0,uniform,24,1.0,0.0,0.0,64.0,8.0,0.0
lane_scaling,4,contact_equivalence,10,24,24,64,mixed,none,0.0,uniform,24,1.0,0.0,0.0,64.0,10.0,0.0
lane_scaling,4,expected_regret,2,24,24,64,mixed,none,0.0,uniform,24,0.08333333333333333,0.9166666666666666,2.7840432246887605,66.78404322468874,2.0,0.0
lane_scaling,4,expected_regret,4,24,24,64,mixed,none,0.0,uniform,24,0.625,0.375,1.1218671876502408,65.12186718765024,4.0,0.0
lane_scaling,4,expected_regret,6,24,24,64,mixed,none,0.0,uniform,24,0.9166666666666666,0.08333333333333333,0.125,64.125,6.0,0.0
lane_scaling,4,expected_regret,8,24,24,64,mixed,none,0.0,uniform,24,1.0,0.0,0.0,64.0,8.0,0.0
lane_scaling,4,expected_regret,10,24,24,64,mixed,none,0.0,uniform,24,1.0,0.0,0.0,64.0,10.0,0.0
lane_scaling,4,sampled_equivalence,2,24,24,64,mixed,none,0.0,uniform,24,0.16666666666666666,0.8333333333333334,2.643175650357888,66.64317565035789,2.0,0.0
lane_scaling,4,sampled_equivalence,4,24,24,64,mixed,none,0.0,uniform,24,0.75,0.25,0.7397869792568113,64.7397869792568,4.0,0.0
lane_scaling,4,sampled_equivalence,6,24,24,64,mixed,none,0.0,uniform,24,1.0,0.0,0.0,64.0,6.0,0.0
lane_scaling,4,sampled_equivalence,8,24,24,64,mixed,none,0.0,uniform,24,1.0,0.0,0.0,64.0,8.0,0.0
lane_scaling,4,sampled_equivalence,10,24,24,64,mixed,none,0.0,uniform,24,1.0,0.0,0.0,64.0,10.0,0.0
lane_scaling,5,dense_entropy,2,24,24,64,mixed,none,0.0,uniform,24,0.0,1.0,4.584962500721158,60.58496250072114,0.0,2.0
lane_scaling,5,dense_entropy,4,24,24,64,mixed,none,0.0,uniform,24,0.0,1.0,4.584962500721158,52.584962500721154,0.0,4.0
lane_scaling,5,dense_entropy,6,24,24,64,mixed,none,0.0,uniform,24,0.0,1.0,4.584962500721158,44.58496250072116,0.0,6.0
lane_scaling,5,dense_entropy,8,24,24,64,mixed,none,0.0,uniform,24,0.041666666666666664,0.9583333333333334,4.584962500721158,36.58496250072117,0.0,8.0
lane_scaling,5,dense_entropy,10,24,24,64,mixed,none,0.0,uniform,24,0.08333333333333333,0.9166666666666666,4.584962500721158,28.584962500721158,0.0,10.0
lane_scaling,5,dense_contact_only,2,24,24,64,mixed,none,0.0,uniform,24,0.20833333333333334,0.7916666666666666,2.5849625007211547,66.58496250072115,2.0,0.0
lane_scaling,5,dense_contact_only,4,24,24,64,mixed,none,0.0,uniform,24,0.6666666666666666,0.3333333333333333,0.875,64.875,4.0,0.0
lane_scaling,5,dense_contact_only,6,24,24,64,mixed,none,0.0,uniform,24,1.0,0.0,0.0,64.0,6.0,0.0
lane_scaling,5,dense_contact_only,8,24,24,64,mixed,none,0.0,uniform,24,1.0,0.0,0.0,64.0,8.0,0.0
lane_scaling,5,dense_contact_only,10,24,24,64,mixed,none,0.0,uniform,24,1.0,0.0,0.0,64.0,10.0,0.0
lane_scaling,5,critical_cell_entropy,2,24,24,64,mixed,none,0.0,uniform,24,0.125,0.875,4.08781231708419,68.0878123170842,2.0,0.0
lane_scaling,5,critical_cell_entropy,4,24,24,64,mixed,none,0.0,uniform,24,0.20833333333333334,0.7916666666666666,3.7816870830264437,67.78168708302648,4.0,0.0
lane_scaling,5,critical_cell_entropy,6,24,24,64,mixed,none,0.0,uniform,24,0.3333333333333333,0.6666666666666666,3.127443751081733,67.12744375108174,6.0,0.0
lane_scaling,5,critical_cell_entropy,8,24,24,64,mixed,none,0.0,uniform,24,0.2916666666666667,0.7083333333333334,2.9999999999999996,67.0,8.0,0.0
lane_scaling,5,critical_cell_entropy,10,24,24,64,mixed,none,0.0,uniform,24,0.2916666666666667,0.7083333333333334,2.6968764031241377,66.69687640312414,10.0,0.0
lane_scaling,5,contact_equivalence,2,24,24,64,mixed,none,0.0,uniform,24,0.20833333333333334,0.7916666666666666,2.5849625007211547,66.58496250072115,2.0,0.0
lane_scaling,5,contact_equivalence,4,24,24,64,mixed,none,0.0,uniform,24,0.7083333333333334,0.2916666666666667,0.6666666666666666,64.66666666666667,4.0,0.0
lane_scaling,5,contact_equivalence,6,24,24,64,mixed,none,0.0,uniform,24,1.0,0.0,0.0,64.0,6.0,0.0
lane_scaling,5,contact_equivalence,8,24,24,64,mixed,none,0.0,uniform,24,1.0,0.0,0.0,64.0,8.0,0.0
lane_scaling,5,contact_equivalence,10,24,24,64,mixed,none,0.0,uniform,24,1.0,0.0,0.0,64.0,10.0,0.0
lane_scaling,5,expected_regret,2,24,24,64,mixed,none,0.0,uniform,24,0.20833333333333334,0.7916666666666666,2.8147501244456854,66.81475012444567,2.0,0.0
lane_scaling,5,expected_regret,4,24,24,64,mixed,none,0.0,uniform,24,0.625,0.375,1.0141604167868594,65.01416041678685,4.0,0.0
lane_scaling,5,expected_regret,6,24,24,64,mixed,none,0.0,uniform,24,0.9166666666666666,0.08333333333333333,0.125,64.125,6.0,0.0
lane_scaling,5,expected_regret,8,24,24,64,mixed,none,0.0,uniform,24,1.0,0.0,0.0,64.0,8.0,0.0
lane_scaling,5,expected_regret,10,24,24,64,mixed,none,0.0,uniform,24,1.0,0.0,0.0,64.0,10.0,0.0
lane_scaling,5,sampled_equivalence,2,24,24,64,mixed,none,0.0,uniform,24,0.125,0.875,2.615601562950722,66.6156015629507,2.0,0.0
lane_scaling,5,sampled_equivalence,4,24,24,64,mixed,none,0.0,uniform,24,0.5416666666666666,0.4583333333333333,1.0314536459234775,65.03145364592346,4.0,0.0
lane_scaling,5,sampled_equivalence,6,24,24,64,mixed,none,0.0,uniform,24,1.0,0.0,0.0,64.0,6.0,0.0
lane_scaling,5,sampled_equivalence,8,24,24,64,mixed,none,0.0,uniform,24,1.0,0.0,0.0,64.0,8.0,0.0
lane_scaling,5,sampled_equivalence,10,24,24,64,mixed,none,0.0,uniform,24,1.0,0.0,0.0,64.0,10.0,0.0
lane_scaling,6,dense_entropy,2,24,24,64,mixed,none,0.0,uniform,24,0.0,1.0,4.584962500721158,60.58496250072114,0.0,2.0
lane_scaling,6,dense_entropy,4,24,24,64,mixed,none,0.0,uniform,24,0.041666666666666664,0.9583333333333334,4.584962500721158,52.584962500721154,0.0,4.0
lane_scaling,6,dense_entropy,6,24,24,64,mixed,none,0.0,uniform,24,0.041666666666666664,0.9583333333333334,4.584962500721158,44.58496250072116,0.0,6.0
lane_scaling,6,dense_entropy,8,24,24,64,mixed,none,0.0,uniform,24,0.041666666666666664,0.9583333333333334,4.584962500721158,36.58496250072117,0.0,8.0
lane_scaling,6,dense_entropy,10,24,24,64,mixed,none,0.0,uniform,24,0.0,1.0,4.584962500721158,28.584962500721158,0.0,10.0
lane_scaling,6,dense_contact_only,2,24,24,64,mixed,none,0.0,uniform,24,0.16666666666666666,0.8333333333333334,2.5849625007211547,66.58496250072115,2.0,0.0
lane_scaling,6,dense_contact_only,4,24,24,64,mixed,none,0.0,uniform,24,0.7083333333333334,0.2916666666666667,0.5833333333333334,64.58333333333333,4.0,0.0
lane_scaling,6,dense_contact_only,6,24,24,64,mixed,none,0.0,uniform,24,1.0,0.0,0.0,64.0,6.0,0.0
lane_scaling,6,dense_contact_only,8,24,24,64,mixed,none,0.0,uniform,24,1.0,0.0,0.0,64.0,8.0,0.0
lane_scaling,6,dense_contact_only,10,24,24,64,mixed,none,0.0,uniform,24,1.0,0.0,0.0,64.0,10.0,0.0
lane_scaling,6,critical_cell_entropy,2,24,24,64,mixed,none,0.0,uniform,24,0.2916666666666667,0.7083333333333334,3.7161930155310814,67.71619301553109,2.0,0.0
lane_scaling,6,critical_cell_entropy,4,24,24,64,mixed,none,0.0,uniform,24,0.3333333333333333,0.6666666666666666,3.2414460711655226,67.24144607116556,4.0,0.0
lane_scaling,6,critical_cell_entropy,6,24,24,64,mixed,none,0.0,uniform,24,0.4166666666666667,0.5833333333333334,2.77995000096154,66.77995000096155,6.0,0.0
lane_scaling,6,critical_cell_entropy,8,24,24,64,mixed,none,0.0,uniform,24,0.375,0.625,2.4999999999999996,66.5,8.0,0.0
lane_scaling,6,critical_cell_entropy,10,24,24,64,mixed,none,0.0,uniform,24,0.5,0.5,2.379596826286004,66.379596826286,10.0,0.0
lane_scaling,6,contact_equivalence,2,24,24,64,mixed,none,0.0,uniform,24,0.125,0.875,2.5849625007211547,66.58496250072115,2.0,0.0
lane_scaling,6,contact_equivalence,4,24,24,64,mixed,none,0.0,uniform,24,0.6666666666666666,0.3333333333333333,0.7083333333333334,64.70833333333333,4.0,0.0
lane_scaling,6,contact_equivalence,6,24,24,64,mixed,none,0.0,uniform,24,1.0,0.0,0.0,64.0,6.0,0.0
lane_scaling,6,contact_equivalence,8,24,24,64,mixed,none,0.0,uniform,24,1.0,0.0,0.0,64.0,8.0,0.0
lane_scaling,6,contact_equivalence,10,24,24,64,mixed,none,0.0,uniform,24,1.0,0.0,0.0,64.0,10.0,0.0
lane_scaling,6,expected_regret,2,24,24,64,mixed,none,0.0,uniform,24,0.16666666666666666,0.8333333333333334,2.7925490878879367,66.79254908788793,2.0,0.0
lane_scaling,6,expected_regret,4,24,24,64,mixed,none,0.0,uniform,24,0.6666666666666666,0.3333333333333333,1.3199875002403856,65.31998750024039,4.0,0.0
lane_scaling,6,expected_regret,6,24,24,64,mixed,none,0.0,uniform,24,0.7916666666666666,0.20833333333333334,0.25,64.25,6.0,0.0
lane_scaling,6,expected_regret,8,24,24,64,mixed,none,0.0,uniform,24,1.0,0.0,0.0,64.0,8.0,0.0
lane_scaling,6,expected_regret,10,24,24,64,mixed,none,0.0,uniform,24,1.0,0.0,0.0,64.0,10.0,0.0
lane_scaling,6,sampled_equivalence,2,24,24,64,mixed,none,0.0,uniform,24,0.125,0.875,2.7084690083880507,66.70846900838804,2.0,0.0
lane_scaling,6,sampled_equivalence,4,24,24,64,mixed,none,0.0,uniform,24,0.5833333333333334,0.4166666666666667,0.7327067708633814,64.73270677086339,4.0,0.0
lane_scaling,6,sampled_equivalence,6,24,24,64,mixed,none,0.0,uniform,24,1.0,0.0,0.0,64.0,6.0,0.0
lane_scaling,6,sampled_equivalence,8,24,24,64,mixed,none,0.0,uniform,24,1.0,0.0,0.0,64.0,8.0,0.0
lane_scaling,6,sampled_equivalence,10,24,24,64,mixed,none,0.0,uniform,24,1.0,0.0,0.0,64.0,10.0,0.0
lane_scaling,7,dense_entropy,2,24,24,64,mixed,none,0.0,uniform,24,0.0,1.0,4.584962500721158,60.58496250072114,0.0,2.0
lane_scaling,7,dense_entropy,4,24,24,64,mixed,none,0.0,uniform,24,0.0,1.0,4.584962500721158,52.584962500721154,0.0,4.0
lane_scaling,7,dense_entropy,6,24,24,64,mixed,none,0.0,uniform,24,0.041666666666666664,0.9583333333333334,4.584962500721158,44.58496250072116,0.0,6.0
lane_scaling,7,dense_entropy,8,24,24,64,mixed,none,0.0,uniform,24,0.0,1.0,4.584962500721158,36.58496250072117,0.0,8.0
lane_scaling,7,dense_entropy,10,24,24,64,mixed,none,0.0,uniform,24,0.0,1.0,4.584962500721158,28.584962500721158,0.0,10.0
lane_scaling,7,dense_contact_only,2,24,24,64,mixed,none,0.0,uniform,24,0.2916666666666667,0.7083333333333334,2.5849625007211547,66.58496250072115,2.0,0.0
lane_scaling,7,dense_contact_only,4,24,24,64,mixed,none,0.0,uniform,24,0.8333333333333334,0.16666666666666666,0.7083333333333334,64.70833333333333,4.0,0.0
lane_scaling,7,dense_contact_only,6,24,24,64,mixed,none,0.0,uniform,24,1.0,0.0,0.0,64.0,6.0,0.0
lane_scaling,7,dense_contact_only,8,24,24,64,mixed,none,0.0,uniform,24,1.0,0.0,0.0,64.0,8.0,0.0
lane_scaling,7,dense_contact_only,10,24,24,64,mixed,none,0.0,uniform,24,1.0,0.0,0.0,64.0,10.0,0.0
lane_scaling,7,critical_cell_entropy,2,24,24,64,mixed,none,0.0,uniform,24,0.16666666666666666,0.8333333333333334,3.7161930155310814,67.7161930155311,2.0,0.0
lane_scaling,7,critical_cell_entropy,4,24,24,64,mixed,none,0.0,uniform,24,0.25,0.75,3.4215264084524963,67.42152640845252,4.0,0.0
lane_scaling,7,critical_cell_entropy,6,24,24,64,mixed,none,0.0,uniform,24,0.4166666666666667,0.5833333333333334,2.606203125901444,66.60620312590146,6.0,0.0
lane_scaling,7,critical_cell_entropy,8,24,24,64,mixed,none,0.0,uniform,24,0.5416666666666666,0.4583333333333333,1.9999999999999998,66.0,8.0,0.0
lane_scaling,7,critical_cell_entropy,10,24,24,64,mixed,none,0.0,uniform,24,0.5833333333333334,0.4166666666666667,1.745037672609736,65.74503767260973,10.0,0.0
lane_scaling,7,contact_equivalence,2,24,24,64,mixed,none,0.0,uniform,24,0.20833333333333334,0.7916666666666666,2.5849625007211547,66.58496250072115,2.0,0.0
lane_scaling,7,contact_equivalence,4,24,24,64,mixed,none,0.0,uniform,24,0.7083333333333334,0.2916666666666667,0.6666666666666666,64.66666666666667,4.0,0.0
lane_scaling,7,contact_equivalence,6,24,24,64,mixed,none,0.0,uniform,24,1.0,0.0,0.0,64.0,6.0,0.0
lane_scaling,7,contact_equivalence,8,24,24,64,mixed,none,0.0,uniform,24,1.0,0.0,0.0,64.0,8.0,0.0
lane_scaling,7,contact_equivalence,10,24,24,64,mixed,none,0.0,uniform,24,1.0,0.0,0.0,64.0,10.0,0.0
lane_scaling,7,expected_regret,2,24,24,64,mixed,none,0.0,uniform,24,0.16666666666666666,0.8333333333333334,2.864922654311528,66.86492265431153,2.0,0.0
lane_scaling,7,expected_regret,4,24,24,64,mixed,none,0.0,uniform,24,0.6666666666666666,0.3333333333333333,1.1045739585136225,65.10457395851363,4.0,0.0
lane_scaling,7,expected_regret,6,24,24,64,mixed,none,0.0,uniform,24,0.875,0.125,0.16666666666666666,64.16666666666667,6.0,0.0
lane_scaling,7,expected_regret,8,24,24,64,mixed,none,0.0,uniform,24,1.0,0.0,0.0,64.0,8.0,0.0
lane_scaling,7,expected_regret,10,24,24,64,mixed,none,0.0,uniform,24,1.0,0.0,0.0,64.0,10.0,0.0
lane_scaling,7,sampled_equivalence,2,24,24,64,mixed,none,0.0,uniform,24,0.25,0.75,2.646308462707647,66.64630846270764,2.0,0.0
lane_scaling,7,sampled_equivalence,4,24,24,64,mixed,none,0.0,uniform,24,0.6666666666666666,0.3333333333333333,0.6666666666666666,64.66666666666667,4.0,0.0
lane_scaling,7,sampled_equivalence,6,24,24,64,mixed,none,0.0,uniform,24,1.0,0.0,0.0,64.0,6.0,0.0
lane_scaling,7,sampled_equivalence,8,24,24,64,mixed,none,0.0,uniform,24,1.0,0.0,0.0,64.0,8.0,0.0
lane_scaling,7,sampled_equivalence,10,24,24,64,mixed,none,0.0,uniform,24,1.0,0.0,0.0,64.0,10.0,0.0
lane_scaling,8,dense_entropy,2,24,24,64,mixed,none,0.0,uniform,24,0.125,0.875,4.584962500721158,60.58496250072114,0.0,2.0
lane_scaling,8,dense_entropy,4,24,24,64,mixed,none,0.0,uniform,24,0.041666666666666664,0.9583333333333334,4.584962500721158,52.584962500721154,0.0,4.0
lane_scaling,8,dense_entropy,6,24,24,64,mixed,none,0.0,uniform,24,0.08333333333333333,0.9166666666666666,4.584962500721158,44.58496250072116,0.0,6.0
lane_scaling,8,dense_entropy,8,24,24,64,mixed,none,0.0,uniform,24,0.041666666666666664,0.9583333333333334,4.584962500721158,36.58496250072117,0.0,8.0
lane_scaling,8,dense_entropy,10,24,24,64,mixed,none,0.0,uniform,24,0.041666666666666664,0.9583333333333334,4.584962500721158,28.584962500721158,0.0,10.0
lane_scaling,8,dense_contact_only,2,24,24,64,mixed,none,0.0,uniform,24,0.2916666666666667,0.7083333333333334,2.5849625007211547,66.58496250072115,2.0,0.0
lane_scaling,8,dense_contact_only,4,24,24,64,mixed,none,0.0,uniform,24,0.8333333333333334,0.16666666666666666,0.625,64.625,4.0,0.0
lane_scaling,8,dense_contact_only,6,24,24,64,mixed,none,0.0,uniform,24,1.0,0.0,0.0,64.0,6.0,0.0
lane_scaling,8,dense_contact_only,8,24,24,64,mixed,none,0.0,uniform,24,1.0,0.0,0.0,64.0,8.0,0.0
lane_scaling,8,dense_contact_only,10,24,24,64,mixed,none,0.0,uniform,24,1.0,0.0,0.0,64.0,10.0,0.0
lane_scaling,8,critical_cell_entropy,2,24,24,64,mixed,none,0.0,uniform,24,0.08333333333333333,0.9166666666666666,4.08781231708419,68.08781231708421,2.0,0.0
lane_scaling,8,critical_cell_entropy,4,24,24,64,mixed,none,0.0,uniform,24,0.2916666666666667,0.7083333333333334,3.4215264084524963,67.42152640845252,4.0,0.0
lane_scaling,8,critical_cell_entropy,6,24,24,64,mixed,none,0.0,uniform,24,0.375,0.625,3.127443751081733,67.12744375108174,6.0,0.0
lane_scaling,8,critical_cell_entropy,8,24,24,64,mixed,none,0.0,uniform,24,0.2916666666666667,0.7083333333333334,2.8333333333333326,66.83333333333333,8.0,0.0
lane_scaling,8,critical_cell_entropy,10,24,24,64,mixed,none,0.0,uniform,24,0.5,0.5,2.06231724944787,66.06231724944787,10.0,0.0
lane_scaling,8,contact_equivalence,2,24,24,64,mixed,none,0.0,uniform,24,0.08333333333333333,0.9166666666666666,2.5849625007211547,66.58496250072115,2.0,0.0
lane_scaling,8,contact_equivalence,4,24,24,64,mixed,none,0.0,uniform,24,0.375,0.625,0.875,64.875,4.0,0.0
lane_scaling,8,contact_equivalence,6,24,24,64,mixed,none,0.0,uniform,24,1.0,0.0,0.0,64.0,6.0,0.0
lane_scaling,8,contact_equivalence,8,24,24,64,mixed,none,0.0,uniform,24,1.0,0.0,0.0,64.0,8.0,0.0
lane_scaling,8,contact_equivalence,10,24,24,64,mixed,none,0.0,uniform,24,1.0,0.0,0.0,64.0,10.0,0.0
lane_scaling,8,expected_regret,2,24,24,64,mixed,none,0.0,uniform,24,0.125,0.875,2.8588706948229174,66.85887069482291,2.0,0.0
lane_scaling,8,expected_regret,4,24,24,64,mixed,none,0.0,uniform,24,0.5,0.5,0.9724937501201927,64.9724937501202,4.0,0.0
lane_scaling,8,expected_regret,6,24,24,64,mixed,none,0.0,uniform,24,0.9166666666666666,0.08333333333333333,0.125,64.125,6.0,0.0
lane_scaling,8,expected_regret,8,24,24,64,mixed,none,0.0,uniform,24,1.0,0.0,0.0,64.0,8.0,0.0
lane_scaling,8,expected_regret,10,24,24,64,mixed,none,0.0,uniform,24,1.0,0.0,0.0,64.0,10.0,0.0
lane_scaling,8,sampled_equivalence,2,24,24,64,mixed,none,0.0,uniform,24,0.125,0.875,2.7233083338141033,66.72330833381409,2.0,0.0
lane_scaling,8,sampled_equivalence,4,24,24,64,mixed,none,0.0,uniform,24,0.5416666666666666,0.4583333333333333,0.8577067708633814,64.85770677086339,4.0,0.0
lane_scaling,8,sampled_equivalence,6,24,24,64,mixed,none,0.0,uniform,24,1.0,0.0,0.0,64.0,6.0,0.0
lane_scaling,8,sampled_equivalence,8,24,24,64,mixed,none,0.0,uniform,24,1.0,0.0,0.0,64.0,8.0,0.0
lane_scaling,8,sampled_equivalence,10,24,24,64,mixed,none,0.0,uniform,24,1.0,0.0,0.0,64.0,10.0,0.0
lane_scaling,9,dense_entropy,2,24,24,64,mixed,none,0.0,uniform,24,0.0,1.0,4.584962500721158,60.58496250072114,0.0,2.0
lane_scaling,9,dense_entropy,4,24,24,64,mixed,none,0.0,uniform,24,0.0,1.0,4.584962500721158,52.584962500721154,0.0,4.0
lane_scaling,9,dense_entropy,6,24,24,64,mixed,none,0.0,uniform,24,0.0,1.0,4.584962500721158,44.58496250072116,0.0,6.0
lane_scaling,9,dense_entropy,8,24,24,64,mixed,none,0.0,uniform,24,0.125,0.875,4.584962500721158,36.58496250072117,0.0,8.0
lane_scaling,9,dense_entropy,10,24,24,64,mixed,none,0.0,uniform,24,0.041666666666666664,0.9583333333333334,4.584962500721158,28.584962500721158,0.0,10.0
lane_scaling,9,dense_contact_only,2,24,24,64,mixed,none,0.0,uniform,24,0.16666666666666666,0.8333333333333334,2.5849625007211547,66.58496250072115,2.0,0.0
lane_scaling,9,dense_contact_only,4,24,24,64,mixed,none,0.0,uniform,24,0.6666666666666666,0.3333333333333333,0.7083333333333334,64.70833333333333,4.0,0.0
lane_scaling,9,dense_contact_only,6,24,24,64,mixed,none,0.0,uniform,24,1.0,0.0,0.0,64.0,6.0,0.0
lane_scaling,9,dense_contact_only,8,24,24,64,mixed,none,0.0,uniform,24,1.0,0.0,0.0,64.0,8.0,0.0
lane_scaling,9,dense_contact_only,10,24,24,64,mixed,none,0.0,uniform,24,1.0,0.0,0.0,64.0,10.0,0.0
lane_scaling,9,critical_cell_entropy,2,24,24,64,mixed,none,0.0,uniform,24,0.20833333333333334,0.7916666666666666,3.9020026663076357,67.90200266630764,2.0,0.0
lane_scaling,9,critical_cell_entropy,4,24,24,64,mixed,none,0.0,uniform,24,0.3333333333333333,0.6666666666666666,3.4215264084524963,67.42152640845252,4.0,0.0
lane_scaling,9,critical_cell_entropy,6,24,24,64,mixed,none,0.0,uniform,24,0.2916666666666667,0.7083333333333334,2.9536968760216364,66.95369687602165,6.0,0.0
lane_scaling,9,critical_cell_entropy,8,24,24,64,mixed,none,0.0,uniform,24,0.4166666666666667,0.5833333333333334,2.6666666666666665,66.66666666666667,8.0,0.0
lane_scaling,9,critical_cell_entropy,10,24,24,64,mixed,none,0.0,uniform,24,0.5416666666666666,0.4583333333333333,2.06231724944787,66.06231724944787,10.0,0.0
lane_scaling,9,contact_equivalence,2,24,24,64,mixed,none,0.0,uniform,24,0.08333333333333333,0.9166666666666666,2.5849625007211547,66.58496250072115,2.0,0.0
lane_scaling,9,contact_equivalence,4,24,24,64,mixed,none,0.0,uniform,24,0.7083333333333334,0.2916666666666667,0.7083333333333334,64.70833333333333,4.0,0.0
lane_scaling,9,contact_equivalence,6,24,24,64,mixed,none,0.0,uniform,24,1.0,0.0,0.0,64.0,6.0,0.0
lane_scaling,9,contact_equivalence,8,24,24,64,mixed,none,0.0,uniform,24,1.0,0.0,0.0,64.0,8.0,0.0
lane_scaling,9,contact_equivalence,10,24,24,64,mixed,none,0.0,uniform,24,1.0,0.0,0.0,64.0,10.0,0.0
lane_scaling,9,expected_regret,2,24,24,64,mixed,none,0.0,uniform,24,0.125,0.875,3.0340432246887605,67.03404322468876,2.0,0.0
lane_scaling,9,expected_regret,4,24,24,64,mixed,none,0.0,uniform,24,0.375,0.625,1.5770677086338152,65.5770677086338,4.0,0.0
lane_scaling,9,expected_regret,6,24,24,64,mixed,none,0.0,uniform,24,0.9166666666666666,0.08333333333333333,0.3333333333333333,64.33333333333333,6.0,0.0
lane_scaling,9,expected_regret,8,24,24,64,mixed,none,0.0,uniform,24,1.0,0.0,0.0,64.0,8.0,0.0
lane_scaling,9,expected_regret,10,24,24,64,mixed,none,0.0,uniform,24,1.0,0.0,0.0,64.0,10.0,0.0
lane_scaling,9,sampled_equivalence,2,24,24,64,mixed,none,0.0,uniform,24,0.25,0.75,2.7564691372815937,66.7564691372816,2.0,0.0
lane_scaling,9,sampled_equivalence,4,24,24,64,mixed,none,0.0,uniform,24,0.5,0.5,0.9410401041967148,64.94104010419672,4.0,0.0
lane_scaling,9,sampled_equivalence,6,24,24,64,mixed,none,0.0,uniform,24,1.0,0.0,0.0,64.0,6.0,0.0
lane_scaling,9,sampled_equivalence,8,24,24,64,mixed,none,0.0,uniform,24,1.0,0.0,0.0,64.0,8.0,0.0
lane_scaling,9,sampled_equivalence,10,24,24,64,mixed,none,0.0,uniform,24,1.0,0.0,0.0,64.0,10.0,0.0
lane_scaling,0,dense_entropy,2,24,32,64,mixed,none,0.0,uniform,32,0.041666666666666664,0.9583333333333334,5.0,61.0,0.0,2.0
lane_scaling,0,dense_entropy,4,24,32,64,mixed,none,0.0,uniform,32,0.125,0.875,5.0,53.0,0.0,4.0
lane_scaling,0,dense_entropy,6,24,32,64,mixed,none,0.0,uniform,32,0.0,1.0,5.0,45.0,0.0,6.0
lane_scaling,0,dense_entropy,8,24,32,64,mixed,none,0.0,uniform,32,0.041666666666666664,0.9583333333333334,5.0,37.0,0.0,8.0
lane_scaling,0,dense_entropy,10,24,32,64,mixed,none,0.0,uniform,32,0.041666666666666664,0.9583333333333334,5.0,29.0,0.0,10.0
lane_scaling,0,dense_contact_only,2,24,32,64,mixed,none,0.0,uniform,32,0.125,0.875,3.0,67.0,2.0,0.0
lane_scaling,0,dense_contact_only,4,24,32,64,mixed,none,0.0,uniform,32,0.5416666666666666,0.4583333333333333,0.9166666666666666,64.91666666666667,4.0,0.0
lane_scaling,0,dense_contact_only,6,24,32,64,mixed,none,0.0,uniform,32,1.0,0.0,0.0,64.0,6.0,0.0
lane_scaling,0,dense_contact_only,8,24,32,64,mixed,none,0.0,uniform,32,1.0,0.0,0.0,64.0,8.0,0.0
lane_scaling,0,dense_contact_only,10,24,32,64,mixed,none,0.0,uniform,32,1.0,0.0,0.0,64.0,10.0,0.0
lane_scaling,0,critical_cell_entropy,2,24,32,64,mixed,none,0.0,uniform,32,0.041666666666666664,0.9583333333333334,4.906890595608519,68.90689059560852,2.0,0.0
lane_scaling,0,critical_cell_entropy,4,24,32,64,mixed,none,0.0,uniform,32,0.041666666666666664,0.9583333333333334,4.607048466971866,68.60704846697185,4.0,0.0
lane_scaling,0,critical_cell_entropy,6,24,32,64,mixed,none,0.0,uniform,32,0.125,0.875,4.308736408296003,68.30873640829599,6.0,0.0
lane_scaling,0,critical_cell_entropy,8,24,32,64,mixed,none,0.0,uniform,32,0.08333333333333333,0.9166666666666666,4.202882292327728,68.20288229232771,8.0,0.0
lane_scaling,0,critical_cell_entropy,10,24,32,64,mixed,none,0.0,uniform,32,0.20833333333333334,0.7916666666666666,3.902002666307633,67.90200266630765,10.0,0.0
lane_scaling,0,contact_equivalence,2,24,32,64,mixed,none,0.0,uniform,32,0.08333333333333333,0.9166666666666666,3.0,67.0,2.0,0.0
lane_scaling,0,contact_equivalence,4,24,32,64,mixed,none,0.0,uniform,32,0.4583333333333333,0.5416666666666666,1.1666666666666667,65.16666666666667,4.0,0.0
lane_scaling,0,contact_equivalence,6,24,32,64,mixed,none,0.0,uniform,32,1.0,0.0,0.0,64.0,6.0,0.0
lane_scaling,0,contact_equivalence,8,24,32,64,mixed,none,0.0,uniform,32,1.0,0.0,0.0,64.0,8.0,0.0
lane_scaling,0,contact_equivalence,10,24,32,64,mixed,none,0.0,uniform,32,1.0,0.0,0.0,64.0,10.0,0.0
lane_scaling,0,expected_regret,2,24,32,64,mixed,none,0.0,uniform,32,0.041666666666666664,0.9583333333333334,3.292830590626204,67.2928305906262,2.0,0.0
lane_scaling,0,expected_regret,4,24,32,64,mixed,none,0.0,uniform,32,0.4166666666666667,0.5833333333333334,1.8970552088742003,65.8970552088742,4.0,0.0
lane_scaling,0,expected_regret,6,24,32,64,mixed,none,0.0,uniform,32,0.6666666666666666,0.3333333333333333,1.0858550745712572,65.08585507457126,6.0,0.0
lane_scaling,0,expected_regret,8,24,32,64,mixed,none,0.0,uniform,32,0.8333333333333334,0.16666666666666666,0.5,64.5,8.0,0.0
lane_scaling,0,expected_regret,10,24,32,64,mixed,none,0.0,uniform,32,1.0,0.0,0.0,64.0,10.0,0.0
lane_scaling,0,sampled_equivalence,2,24,32,64,mixed,none,0.0,uniform,32,0.16666666666666666,0.8333333333333334,3.034256889899669,67.03425688989968,2.0,0.0
lane_scaling,0,sampled_equivalence,4,24,32,64,mixed,none,0.0,uniform,32,0.625,0.375,1.156453645923478,65.15645364592348,4.0,0.0
lane_scaling,0,sampled_equivalence,6,24,32,64,mixed,none,0.0,uniform,32,0.9583333333333334,0.041666666666666664,0.08333333333333333,64.08333333333333,6.0,0.0
lane_scaling,0,sampled_equivalence,8,24,32,64,mixed,none,0.0,uniform,32,1.0,0.0,0.0,64.0,8.0,0.0
lane_scaling,0,sampled_equivalence,10,24,32,64,mixed,none,0.0,uniform,32,1.0,0.0,0.0,64.0,10.0,0.0
lane_scaling,1,dense_entropy,2,24,32,64,mixed,none,0.0,uniform,32,0.08333333333333333,0.9166666666666666,5.0,61.0,0.0,2.0
lane_scaling,1,dense_entropy,4,24,32,64,mixed,none,0.0,uniform,32,0.0,1.0,5.0,53.0,0.0,4.0
lane_scaling,1,dense_entropy,6,24,32,64,mixed,none,0.0,uniform,32,0.0,1.0,5.0,45.0,0.0,6.0
lane_scaling,1,dense_entropy,8,24,32,64,mixed,none,0.0,uniform,32,0.041666666666666664,0.9583333333333334,5.0,37.0,0.0,8.0
lane_scaling,1,dense_entropy,10,24,32,64,mixed,none,0.0,uniform,32,0.125,0.875,5.0,29.0,0.0,10.0
lane_scaling,1,dense_contact_only,2,24,32,64,mixed,none,0.0,uniform,32,0.0,1.0,3.0,67.0,2.0,0.0
lane_scaling,1,dense_contact_only,4,24,32,64,mixed,none,0.0,uniform,32,0.5416666666666666,0.4583333333333333,1.4583333333333333,65.45833333333333,4.0,0.0
lane_scaling,1,dense_contact_only,6,24,32,64,mixed,none,0.0,uniform,32,1.0,0.0,0.0,64.0,6.0,0.0
lane_scaling,1,dense_contact_only,8,24,32,64,mixed,none,0.0,uniform,32,1.0,0.0,0.0,64.0,8.0,0.0
lane_scaling,1,dense_contact_only,10,24,32,64,mixed,none,0.0,uniform,32,1.0,0.0,0.0,64.0,10.0,0.0
lane_scaling,1,critical_cell_entropy,2,24,32,64,mixed,none,0.0,uniform,32,0.25,0.75,4.7024368207914975,68.70243682079149,2.0,0.0
lane_scaling,1,critical_cell_entropy,4,24,32,64,mixed,none,0.0,uniform,32,0.16666666666666666,0.8333333333333334,4.0061291017146665,68.00612910171465,4.0,0.0
lane_scaling,1,critical_cell_entropy,6,24,32,64,mixed,none,0.0,uniform,32,0.20833333333333334,0.7916666666666666,3.7211814435283657,67.72118144352835,6.0,0.0
lane_scaling,1,critical_cell_entropy,8,24,32,64,mixed,none,0.0,uniform,32,0.375,0.625,3.2476817713441526,67.24768177134415,8.0,0.0
lane_scaling,1,critical_cell_entropy,10,24,32,64,mixed,none,0.0,uniform,32,0.2916666666666667,0.7083333333333334,3.158764063201417,67.15876406320142,10.0,0.0
lane_scaling,1,contact_equivalence,2,24,32,64,mixed,none,0.0,uniform,32,0.20833333333333334,0.7916666666666666,3.0,67.0,2.0,0.0
lane_scaling,1,contact_equivalence,4,24,32,64,mixed,none,0.0,uniform,32,0.5416666666666666,0.4583333333333333,1.2083333333333333,65.20833333333333,4.0,0.0
lane_scaling,1,contact_equivalence,6,24,32,64,mixed,none,0.0,uniform,32,1.0,0.0,0.0,64.0,6.0,0.0
lane_scaling,1,contact_equivalence,8,24,32,64,mixed,none,0.0,uniform,32,1.0,0.0,0.0,64.0,8.0,0.0
lane_scaling,1,contact_equivalence,10,24,32,64,mixed,none,0.0,uniform,32,1.0,0.0,0.0,64.0,10.0,0.0
lane_scaling,1,expected_regret,2,24,32,64,mixed,none,0.0,uniform,32,0.125,0.875,3.1017904864294885,67.1017904864295,2.0,0.0
lane_scaling,1,expected_regret,4,24,32,64,mixed,none,0.0,uniform,32,0.5,0.5,1.542481250360578,65.54248125036058,4.0,0.0
lane_scaling,1,expected_regret,6,24,32,64,mixed,none,0.0,uniform,32,0.7083333333333334,0.2916666666666667,1.0222688740851078,65.02226887408513,6.0,0.0
lane_scaling,1,expected_regret,8,24,32,64,mixed,none,0.0,uniform,32,0.9166666666666666,0.08333333333333333,0.375,64.375,8.0,0.0
lane_scaling,1,expected_regret,10,24,32,64,mixed,none,0.0,uniform,32,1.0,0.0,0.0,64.0,10.0,0.0
lane_scaling,1,sampled_equivalence,2,24,32,64,mixed,none,0.0,uniform,32,0.125,0.875,3.066868429413917,67.06686842941392,2.0,0.0
lane_scaling,1,sampled_equivalence,4,24,32,64,mixed,none,0.0,uniform,32,0.7083333333333334,0.2916666666666667,0.9897869792568113,64.9897869792568,4.0,0.0
lane_scaling,1,sampled_equivalence,6,24,32,64,mixed,none,0.0,uniform,32,0.875,0.125,0.14937343753004817,64.14937343753004,6.0,0.0
lane_scaling,1,sampled_equivalence,8,24,32,64,mixed,none,0.0,uniform,32,1.0,0.0,0.0,64.0,8.0,0.0
lane_scaling,1,sampled_equivalence,10,24,32,64,mixed,none,0.0,uniform,32,1.0,0.0,0.0,64.0,10.0,0.0
lane_scaling,2,dense_entropy,2,24,32,64,mixed,none,0.0,uniform,32,0.0,1.0,5.0,61.0,0.0,2.0
lane_scaling,2,dense_entropy,4,24,32,64,mixed,none,0.0,uniform,32,0.041666666666666664,0.9583333333333334,5.0,53.0,0.0,4.0
lane_scaling,2,dense_entropy,6,24,32,64,mixed,none,0.0,uniform,32,0.08333333333333333,0.9166666666666666,5.0,45.0,0.0,6.0
lane_scaling,2,dense_entropy,8,24,32,64,mixed,none,0.0,uniform,32,0.0,1.0,5.0,37.0,0.0,8.0
lane_scaling,2,dense_entropy,10,24,32,64,mixed,none,0.0,uniform,32,0.0,1.0,5.0,29.0,0.0,10.0
lane_scaling,2,dense_contact_only,2,24,32,64,mixed,none,0.0,uniform,32,0.16666666666666666,0.8333333333333334,3.0,67.0,2.0,0.0
lane_scaling,2,dense_contact_only,4,24,32,64,mixed,none,0.0,uniform,32,0.5833333333333334,0.4166666666666667,1.2083333333333333,65.20833333333333,4.0,0.0
lane_scaling,2,dense_contact_only,6,24,32,64,mixed,none,0.0,uniform,32,1.0,0.0,0.0,64.0,6.0,0.0
lane_scaling,2,dense_contact_only,8,24,32,64,mixed,none,0.0,uniform,32,1.0,0.0,0.0,64.0,8.0,0.0
lane_scaling,2,dense_contact_only,10,24,32,64,mixed,none,0.0,uniform,32,1.0,0.0,0.0,64.0,10.0,0.0
lane_scaling,2,critical_cell_entropy,2,24,32,64,mixed,none,0.0,uniform,32,0.0,1.0,4.906890595608519,68.90689059560852,2.0,0.0
lane_scaling,2,critical_cell_entropy,4,24,32,64,mixed,none,0.0,uniform,32,0.08333333333333333,0.9166666666666666,4.406742011886133,68.40674201188612,4.0,0.0
lane_scaling,2,critical_cell_entropy,6,24,32,64,mixed,none,0.0,uniform,32,0.125,0.875,4.112884753373457,68.11288475337345,6.0,0.0
lane_scaling,2,critical_cell_entropy,8,24,32,64,mixed,none,0.0,uniform,32,0.16666666666666666,0.8333333333333334,3.8208020839342978,67.82080208393428,8.0,0.0
lane_scaling,2,critical_cell_entropy,10,24,32,64,mixed,none,0.0,uniform,32,0.25,0.75,3.5303833647545253,67.53038336475454,10.0,0.0
lane_scaling,2,contact_equivalence,2,24,32,64,mixed,none,0.0,uniform,32,0.125,0.875,3.0,67.0,2.0,0.0
lane_scaling,2,contact_equivalence,4,24,32,64,mixed,none,0.0,uniform,32,0.4166666666666667,0.5833333333333334,1.2083333333333333,65.20833333333333,4.0,0.0
lane_scaling,2,contact_equivalence,6,24,32,64,mixed,none,0.0,uniform,32,1.0,0.0,0.0,64.0,6.0,0.0
lane_scaling,2,contact_equivalence,8,24,32,64,mixed,none,0.0,uniform,32,1.0,0.0,0.0,64.0,8.0,0.0
lane_scaling,2,contact_equivalence,10,24,32,64,mixed,none,0.0,uniform,32,1.0,0.0,0.0,64.0,10.0,0.0
lane_scaling,2,expected_regret,2,24,32,64,mixed,none,0.0,uniform,32,0.041666666666666664,0.9583333333333334,2.9806700449458,66.9806700449458,2.0,0.0
lane_scaling,2,expected_regret,4,24,32,64,mixed,none,0.0,uniform,32,0.4166666666666667,0.5833333333333334,1.5495614587540079,65.54956145875401,4.0,0.0
lane_scaling,2,expected_regret,6,24,32,64,mixed,none,0.0,uniform,32,0.75,0.25,0.8460680953144463,64.84606809531444,6.0,0.0
lane_scaling,2,expected_regret,8,24,32,64,mixed,none,0.0,uniform,32,0.875,0.125,0.2916666666666667,64.29166666666667,8.0,0.0
lane_scaling,2,expected_regret,10,24,32,64,mixed,none,0.0,uniform,32,1.0,0.0,0.0,64.0,10.0,0.0
lane_scaling,2,sampled_equivalence,2,24,32,64,mixed,none,0.0,uniform,32,0.08333333333333333,0.9166666666666666,3.1938433481729063,67.1938433481729,2.0,0.0
lane_scaling,2,sampled_equivalence,4,24,32,64,mixed,none,0.0,uniform,32,0.4166666666666667,0.5833333333333334,1.555827083453526,65.55582708345352,4.0,0.0
lane_scaling,2,sampled_equivalence,6,24,32,64,mixed,none,0.0,uniform,32,0.9583333333333334,0.041666666666666664,0.125,64.125,6.0,0.0
lane_scaling,2,sampled_equivalence,8,24,32,64,mixed,none,0.0,uniform,32,1.0,0.0,0.0,64.0,8.0,0.0
lane_scaling,2,sampled_equivalence,10,24,32,64,mixed,none,0.0,uniform,32,1.0,0.0,0.0,64.0,10.0,0.0
lane_scaling,3,dense_entropy,2,24,32,64,mixed,none,0.0,uniform,32,0.0,1.0,5.0,61.0,0.0,2.0
lane_scaling,3,dense_entropy,4,24,32,64,mixed,none,0.0,uniform,32,0.125,0.875,5.0,53.0,0.0,4.0
lane_scaling,3,dense_entropy,6,24,32,64,mixed,none,0.0,uniform,32,0.041666666666666664,0.9583333333333334,5.0,45.0,0.0,6.0
lane_scaling,3,dense_entropy,8,24,32,64,mixed,none,0.0,uniform,32,0.041666666666666664,0.9583333333333334,5.0,37.0,0.0,8.0
lane_scaling,3,dense_entropy,10,24,32,64,mixed,none,0.0,uniform,32,0.08333333333333333,0.9166666666666666,5.0,29.0,0.0,10.0
lane_scaling,3,dense_contact_only,2,24,32,64,mixed,none,0.0,uniform,32,0.125,0.875,3.0,67.0,2.0,0.0
lane_scaling,3,dense_contact_only,4,24,32,64,mixed,none,0.0,uniform,32,0.5833333333333334,0.4166666666666667,1.0416666666666667,65.04166666666667,4.0,0.0
lane_scaling,3,dense_contact_only,6,24,32,64,mixed,none,0.0,uniform,32,1.0,0.0,0.0,64.0,6.0,0.0
lane_scaling,3,dense_contact_only,8,24,32,64,mixed,none,0.0,uniform,32,1.0,0.0,0.0,64.0,8.0,0.0
lane_scaling,3,dense_contact_only,10,24,32,64,mixed,none,0.0,uniform,32,1.0,0.0,0.0,64.0,10.0,0.0
lane_scaling,3,critical_cell_entropy,2,24,32,64,mixed,none,0.0,uniform,32,0.041666666666666664,0.9583333333333334,4.7024368207914975,68.70243682079149,2.0,0.0
lane_scaling,3,critical_cell_entropy,4,24,32,64,mixed,none,0.0,uniform,32,0.08333333333333333,0.9166666666666666,4.406742011886133,68.40674201188612,4.0,0.0
lane_scaling,3,critical_cell_entropy,6,24,32,64,mixed,none,0.0,uniform,32,0.20833333333333334,0.7916666666666666,3.7211814435283657,67.72118144352835,6.0,0.0
lane_scaling,3,critical_cell_entropy,8,24,32,64,mixed,none,0.0,uniform,32,0.2916666666666667,0.7083333333333334,3.2476817713441526,67.24768177134415,8.0,0.0
lane_scaling,3,critical_cell_entropy,10,24,32,64,mixed,none,0.0,uniform,32,0.2916666666666667,0.7083333333333334,3.158764063201417,67.15876406320143,10.0,0.0
lane_scaling,3,contact_equivalence,2,24,32,64,mixed,none,0.0,uniform,32,0.08333333333333333,0.9166666666666666,3.0,67.0,2.0,0.0
lane_scaling,3,contact_equivalence,4,24,32,64,mixed,none,0.0,uniform,32,0.4583333333333333,0.5416666666666666,1.4166666666666667,65.41666666666667,4.0,0.0
lane_scaling,3,contact_equivalence,6,24,32,64,mixed,none,0.0,uniform,32,1.0,0.0,0.0,64.0,6.0,0.0
lane_scaling,3,contact_equivalence,8,24,32,64,mixed,none,0.0,uniform,32,1.0,0.0,0.0,64.0,8.0,0.0
lane_scaling,3,contact_equivalence,10,24,32,64,mixed,none,0.0,uniform,32,1.0,0.0,0.0,64.0,10.0,0.0
lane_scaling,3,expected_regret,2,24,32,64,mixed,none,0.0,uniform,32,0.0,1.0,3.3701119644709263,67.37011196447094,2.0,0.0
lane_scaling,3,expected_regret,4,24,32,64,mixed,none,0.0,uniform,32,0.25,0.75,2.250814583693911,66.25081458369392,4.0,0.0
lane_scaling,3,expected_regret,6,24,32,64,mixed,none,0.0,uniform,32,0.6666666666666666,0.3333333333333333,1.072722906689217,65.07272290668922,6.0,0.0
lane_scaling,3,expected_regret,8,24,32,64,mixed,none,0.0,uniform,32,0.7916666666666666,0.20833333333333334,0.2916666666666667,64.29166666666667,8.0,0.0
lane_scaling,3,expected_regret,10,24,32,64,mixed,none,0.0,uniform,32,1.0,0.0,0.0,64.0,10.0,0.0
lane_scaling,3,sampled_equivalence,2,24,32,64,mixed,none,0.0,uniform,32,0.16666666666666666,0.8333333333333334,3.1153475432590363,67.11534754325903,2.0,0.0
lane_scaling,3,sampled_equivalence,4,24,32,64,mixed,none,0.0,uniform,32,0.5,0.5,1.1737468750600963,65.1737468750601,4.0,0.0
lane_scaling,3,sampled_equivalence,6,24,32,64,mixed,none,0.0,uniform,32,1.0,0.0,0.0,64.0,6.0,0.0
lane_scaling,3,sampled_equivalence,8,24,32,64,mixed,none,0.0,uniform,32,1.0,0.0,0.0,64.0,8.0,0.0
lane_scaling,3,sampled_equivalence,10,24,32,64,mixed,none,0.0,uniform,32,1.0,0.0,0.0,64.0,10.0,0.0
lane_scaling,4,dense_entropy,2,24,32,64,mixed,none,0.0,uniform,32,0.08333333333333333,0.9166666666666666,5.0,61.0,0.0,2.0
lane_scaling,4,dense_entropy,4,24,32,64,mixed,none,0.0,uniform,32,0.041666666666666664,0.9583333333333334,5.0,53.0,0.0,4.0
lane_scaling,4,dense_entropy,6,24,32,64,mixed,none,0.0,uniform,32,0.08333333333333333,0.9166666666666666,5.0,45.0,0.0,6.0
lane_scaling,4,dense_entropy,8,24,32,64,mixed,none,0.0,uniform,32,0.041666666666666664,0.9583333333333334,5.0,37.0,0.0,8.0
lane_scaling,4,dense_entropy,10,24,32,64,mixed,none,0.0,uniform,32,0.041666666666666664,0.9583333333333334,5.0,29.0,0.0,10.0
lane_scaling,4,dense_contact_only,2,24,32,64,mixed,none,0.0,uniform,32,0.16666666666666666,0.8333333333333334,3.0,67.0,2.0,0.0
lane_scaling,4,dense_contact_only,4,24,32,64,mixed,none,0.0,uniform,32,0.6666666666666666,0.3333333333333333,1.125,65.125,4.0,0.0
lane_scaling,4,dense_contact_only,6,24,32,64,mixed,none,0.0,uniform,32,1.0,0.0,0.0,64.0,6.0,0.0
lane_scaling,4,dense_contact_only,8,24,32,64,mixed,none,0.0,uniform,32,1.0,0.0,0.0,64.0,8.0,0.0
lane_scaling,4,dense_contact_only,10,24,32,64,mixed,none,0.0,uniform,32,1.0,0.0,0.0,64.0,10.0,0.0
lane_scaling,4,critical_cell_entropy,2,24,32,64,mixed,none,0.0,uniform,32,0.0,1.0,4.906890595608519,68.90689059560852,2.0,0.0
lane_scaling,4,critical_cell_entropy,4,24,32,64,mixed,none,0.0,uniform,32,0.25,0.75,4.2064355568003995,68.2064355568004,4.0,0.0
lane_scaling,4,critical_cell_entropy,6,24,32,64,mixed,none,0.0,uniform,32,0.2916666666666667,0.7083333333333334,3.52532978860582,67.52532978860582,6.0,0.0
lane_scaling,4,critical_cell_entropy,8,24,32,64,mixed,none,0.0,uniform,32,0.25,0.75,3.4387218755408675,67.43872187554085,8.0,0.0
lane_scaling,4,critical_cell_entropy,10,24,32,64,mixed,none,0.0,uniform,32,0.3333333333333333,0.6666666666666666,3.158764063201417,67.15876406320143,10.0,0.0
lane_scaling,4,contact_equivalence,2,24,32,64,mixed,none,0.0,uniform,32,0.20833333333333334,0.7916666666666666,3.0,67.0,2.0,0.0
lane_scaling,4,contact_equivalence,4,24,32,64,mixed,none,0.0,uniform,32,0.375,0.625,1.2083333333333333,65.20833333333333,4.0,0.0
lane_scaling,4,contact_equivalence,6,24,32,64,mixed,none,0.0,uniform,32,1.0,0.0,0.0,64.0,6.0,0.0
lane_scaling,4,contact_equivalence,8,24,32,64,mixed,none,0.0,uniform,32,1.0,0.0,0.0,64.0,8.0,0.0
lane_scaling,4,contact_equivalence,10,24,32,64,mixed,none,0.0,uniform,32,1.0,0.0,0.0,64.0,10.0,0.0
lane_scaling,4,expected_regret,2,24,32,64,mixed,none,0.0,uniform,32,0.125,0.875,3.218284623230313,67.21828462323032,2.0,0.0
lane_scaling,4,expected_regret,4,24,32,64,mixed,none,0.0,uniform,32,0.5416666666666666,0.4583333333333333,1.4795739585136225,65.47957395851363,4.0,0.0
lane_scaling,4,expected_regret,6,24,32,64,mixed,none,0.0,uniform,32,0.7083333333333334,0.2916666666666667,0.8375622321152701,64.83756223211527,6.0,0.0
lane_scaling,4,expected_regret,8,24,32,64,mixed,none,0.0,uniform,32,0.9583333333333334,0.041666666666666664,0.20833333333333334,64.20833333333333,8.0,0.0
lane_scaling,4,expected_regret,10,24,32,64,mixed,none,0.0,uniform,32,1.0,0.0,0.0,64.0,10.0,0.0
lane_scaling,4,sampled_equivalence,2,24,32,64,mixed,none,0.0,uniform,32,0.16666666666666666,0.8333333333333334,3.188481597372471,67.18848159737247,2.0,0.0
lane_scaling,4,sampled_equivalence,4,24,32,64,mixed,none,0.0,uniform,32,0.3333333333333333,0.6666666666666666,1.7397869792568113,65.7397869792568,4.0,0.0
lane_scaling,4,sampled_equivalence,6,24,32,64,mixed,none,0.0,uniform,32,0.875,0.125,0.16666666666666666,64.16666666666667,6.0,0.0
lane_scaling,4,sampled_equivalence,8,24,32,64,mixed,none,0.0,uniform,32,1.0,0.0,0.0,64.0,8.0,0.0
lane_scaling,4,sampled_equivalence,10,24,32,64,mixed,none,0.0,uniform,32,1.0,0.0,0.0,64.0,10.0,0.0
lane_scaling,5,dense_entropy,2,24,32,64,mixed,none,0.0,uniform,32,0.041666666666666664,0.9583333333333334,5.0,61.0,0.0,2.0
lane_scaling,5,dense_entropy,4,24,32,64,mixed,none,0.0,uniform,32,0.08333333333333333,0.9166666666666666,5.0,53.0,0.0,4.0
lane_scaling,5,dense_entropy,6,24,32,64,mixed,none,0.0,uniform,32,0.0,1.0,5.0,45.0,0.0,6.0
lane_scaling,5,dense_entropy,8,24,32,64,mixed,none,0.0,uniform,32,0.041666666666666664,0.9583333333333334,5.0,37.0,0.0,8.0
lane_scaling,5,dense_entropy,10,24,32,64,mixed,none,0.0,uniform,32,0.0,1.0,5.0,29.0,0.0,10.0
lane_scaling,5,dense_contact_only,2,24,32,64,mixed,none,0.0,uniform,32,0.041666666666666664,0.9583333333333334,3.0,67.0,2.0,0.0
lane_scaling,5,dense_contact_only,4,24,32,64,mixed,none,0.0,uniform,32,0.5,0.5,1.0,65.0,4.0,0.0
lane_scaling,5,dense_contact_only,6,24,32,64,mixed,none,0.0,uniform,32,1.0,0.0,0.0,64.0,6.0,0.0
lane_scaling,5,dense_contact_only,8,24,32,64,mixed,none,0.0,uniform,32,1.0,0.0,0.0,64.0,8.0,0.0
lane_scaling,5,dense_contact_only,10,24,32,64,mixed,none,0.0,uniform,32,1.0,0.0,0.0,64.0,10.0,0.0
lane_scaling,5,critical_cell_entropy,2,24,32,64,mixed,none,0.0,uniform,32,0.08333333333333333,0.9166666666666666,4.7024368207914975,68.70243682079148,2.0,0.0
lane_scaling,5,critical_cell_entropy,4,24,32,64,mixed,none,0.0,uniform,32,0.08333333333333333,0.9166666666666666,4.406742011886133,68.40674201188612,4.0,0.0
lane_scaling,5,critical_cell_entropy,6,24,32,64,mixed,none,0.0,uniform,32,0.16666666666666666,0.8333333333333334,4.308736408296003,68.30873640829599,6.0,0.0
lane_scaling,5,critical_cell_entropy,8,24,32,64,mixed,none,0.0,uniform,32,0.20833333333333334,0.7916666666666666,3.6297619797375824,67.62976197973758,8.0,0.0
lane_scaling,5,critical_cell_entropy,10,24,32,64,mixed,none,0.0,uniform,32,0.2916666666666667,0.7083333333333334,3.158764063201417,67.15876406320143,10.0,0.0
lane_scaling,5,contact_equivalence,2,24,32,64,mixed,none,0.0,uniform,32,0.041666666666666664,0.9583333333333334,3.0,67.0,2.0,0.0
lane_scaling,5,contact_equivalence,4,24,32,64,mixed,none,0.0,uniform,32,0.4583333333333333,0.5416666666666666,1.3333333333333333,65.33333333333333,4.0,0.0
lane_scaling,5,contact_equivalence,6,24,32,64,mixed,none,0.0,uniform,32,1.0,0.0,0.0,64.0,6.0,0.0
lane_scaling,5,contact_equivalence,8,24,32,64,mixed,none,0.0,uniform,32,1.0,0.0,0.0,64.0,8.0,0.0
lane_scaling,5,contact_equivalence,10,24,32,64,mixed,none,0.0,uniform,32,1.0,0.0,0.0,64.0,10.0,0.0
lane_scaling,5,expected_regret,2,24,32,64,mixed,none,0.0,uniform,32,0.125,0.875,3.2796984227441635,67.27969842274418,2.0,0.0
lane_scaling,5,expected_regret,4,24,32,64,mixed,none,0.0,uniform,32,0.375,0.625,2.299561458754008,66.29956145875401,4.0,0.0
lane_scaling,5,expected_regret,6,24,32,64,mixed,none,0.0,uniform,32,0.5833333333333334,0.4166666666666667,1.2023492113720813,65.2023492113721,6.0,0.0
lane_scaling,5,expected_regret,8,24,32,64,mixed,none,0.0,uniform,32,0.75,0.25,0.4583333333333333,64.45833333333333,8.0,0.0
lane_scaling,5,expected_regret,10,24,32,64,mixed,none,0.0,uniform,32,1.0,0.0,0.0,64.0,10.0,0.0
lane_scaling,5,sampled_equivalence,2,24,32,64,mixed,none,0.0,uniform,32,0.125,0.875,3.12289543655506,67.12289543655505,2.0,0.0
lane_scaling,5,sampled_equivalence,4,24,32,64,mixed,none,0.0,uniform,32,0.5,0.5,1.2468671876502408,65.24686718765025,4.0,0.0
lane_scaling,5,sampled_equivalence,6,24,32,64,mixed,none,0.0,uniform,32,0.9166666666666666,0.08333333333333333,0.16666666666666666,64.16666666666667,6.0,0.0
lane_scaling,5,sampled_equivalence,8,24,32,64,mixed,none,0.0,uniform,32,1.0,0.0,0.0,64.0,8.0,0.0
lane_scaling,5,sampled_equivalence,10,24,32,64,mixed,none,0.0,uniform,32,1.0,0.0,0.0,64.0,10.0,0.0
lane_scaling,6,dense_entropy,2,24,32,64,mixed,none,0.0,uniform,32,0.041666666666666664,0.9583333333333334,5.0,61.0,0.0,2.0
lane_scaling,6,dense_entropy,4,24,32,64,mixed,none,0.0,uniform,32,0.0,1.0,5.0,53.0,0.0,4.0
lane_scaling,6,dense_entropy,6,24,32,64,mixed,none,0.0,uniform,32,0.0,1.0,5.0,45.0,0.0,6.0
lane_scaling,6,dense_entropy,8,24,32,64,mixed,none,0.0,uniform,32,0.08333333333333333,0.9166666666666666,5.0,37.0,0.0,8.0
lane_scaling,6,dense_entropy,10,24,32,64,mixed,none,0.0,uniform,32,0.041666666666666664,0.9583333333333334,5.0,29.0,0.0,10.0
lane_scaling,6,dense_contact_only,2,24,32,64,mixed,none,0.0,uniform,32,0.08333333333333333,0.9166666666666666,3.0,67.0,2.0,0.0
lane_scaling,6,dense_contact_only,4,24,32,64,mixed,none,0.0,uniform,32,0.4583333333333333,0.5416666666666666,1.0833333333333333,65.08333333333333,4.0,0.0
lane_scaling,6,dense_contact_only,6,24,32,64,mixed,none,0.0,uniform,32,1.0,0.0,0.0,64.0,6.0,0.0
lane_scaling,6,dense_contact_only,8,24,32,64,mixed,none,0.0,uniform,32,1.0,0.0,0.0,64.0,8.0,0.0
lane_scaling,6,dense_contact_only,10,24,32,64,mixed,none,0.0,uniform,32,1.0,0.0,0.0,64.0,10.0,0.0
lane_scaling,6,critical_cell_entropy,2,24,32,64,mixed,none,0.0,uniform,32,0.125,0.875,4.293529271157454,68.29352927115744,2.0,0.0
lane_scaling,6,critical_cell_entropy,4,24,32,64,mixed,none,0.0,uniform,32,0.2916666666666667,0.7083333333333334,4.0061291017146665,68.00612910171465,4.0,0.0
lane_scaling,6,critical_cell_entropy,6,24,32,64,mixed,none,0.0,uniform,32,0.25,0.75,3.9170330984509114,67.9170330984509,6.0,0.0
lane_scaling,6,critical_cell_entropy,8,24,32,64,mixed,none,0.0,uniform,32,0.20833333333333334,0.7916666666666666,3.8208020839342978,67.82080208393428,8.0,0.0
lane_scaling,6,critical_cell_entropy,10,24,32,64,mixed,none,0.0,uniform,32,0.25,0.75,3.344573713977971,67.344573713978,10.0,0.0
lane_scaling,6,contact_equivalence,2,24,32,64,mixed,none,0.0,uniform,32,0.16666666666666666,0.8333333333333334,3.0,67.0,2.0,0.0
lane_scaling,6,contact_equivalence,4,24,32,64,mixed,none,0.0,uniform,32,0.5,0.5,1.125,65.125,4.0,0.0
lane_scaling,6,contact_equivalence,6,24,32,64,mixed,none,0.0,uniform,32,1.0,0.0,0.0,64.0,6.0,0.0
lane_scaling,6,contact_equivalence,8,24,32,64,mixed,none,0.0,uniform,32,1.0,0.0,0.0,64.0,8.0,0.0
lane_scaling,6,contact_equivalence,10,24,32,64,mixed,none,0.0,uniform,32,1.0,0.0,0.0,64.0,10.0,0.0
lane_scaling,6,expected_regret,2,24,32,64,mixed,none,0.0,uniform,32,0.08333333333333333,0.9166666666666666,3.006750640019862,67.00675064001987,2.0,0.0
lane_scaling,6,expected_regret,4,24,32,64,mixed,none,0.0,uniform,32,0.4166666666666667,0.5833333333333334,1.827067708633815,65.82706770863382,4.0,0.0
lane_scaling,6,expected_regret,6,24,32,64,mixed,none,0.0,uniform,32,0.6666666666666666,0.3333333333333333,0.8792288987819368,64.87922889878195,6.0,0.0
lane_scaling,6,expected_regret,8,24,32,64,mixed,none,0.0,uniform,32,0.8333333333333334,0.16666666666666666,0.2916666666666667,64.29166666666667,8.0,0.0
lane_scaling,6,expected_regret,10,24,32,64,mixed,none,0.0,uniform,32,1.0,0.0,0.0,64.0,10.0,0.0
lane_scaling,6,sampled_equivalence,2,24,32,64,mixed,none,0.0,uniform,32,0.2916666666666667,0.7083333333333334,3.0312674637591503,67.03126746375915,2.0,0.0
lane_scaling,6,sampled_equivalence,4,24,32,64,mixed,none,0.0,uniform,32,0.375,0.625,1.3577067708633817,65.35770677086337,4.0,0.0
lane_scaling,6,sampled_equivalence,6,24,32,64,mixed,none,0.0,uniform,32,0.9583333333333334,0.041666666666666664,0.041666666666666664,64.04166666666667,6.0,0.0
lane_scaling,6,sampled_equivalence,8,24,32,64,mixed,none,0.0,uniform,32,1.0,0.0,0.0,64.0,8.0,0.0
lane_scaling,6,sampled_equivalence,10,24,32,64,mixed,none,0.0,uniform,32,1.0,0.0,0.0,64.0,10.0,0.0
lane_scaling,7,dense_entropy,2,24,32,64,mixed,none,0.0,uniform,32,0.041666666666666664,0.9583333333333334,5.0,61.0,0.0,2.0
lane_scaling,7,dense_entropy,4,24,32,64,mixed,none,0.0,uniform,32,0.08333333333333333,0.9166666666666666,5.0,53.0,0.0,4.0
lane_scaling,7,dense_entropy,6,24,32,64,mixed,none,0.0,uniform,32,0.0,1.0,5.0,45.0,0.0,6.0
lane_scaling,7,dense_entropy,8,24,32,64,mixed,none,0.0,uniform,32,0.041666666666666664,0.9583333333333334,5.0,37.0,0.0,8.0
lane_scaling,7,dense_entropy,10,24,32,64,mixed,none,0.0,uniform,32,0.08333333333333333,0.9166666666666666,5.0,29.0,0.0,10.0
lane_scaling,7,dense_contact_only,2,24,32,64,mixed,none,0.0,uniform,32,0.0,1.0,3.0,67.0,2.0,0.0
lane_scaling,7,dense_contact_only,4,24,32,64,mixed,none,0.0,uniform,32,0.625,0.375,1.375,65.375,4.0,0.0
lane_scaling,7,dense_contact_only,6,24,32,64,mixed,none,0.0,uniform,32,1.0,0.0,0.0,64.0,6.0,0.0
lane_scaling,7,dense_contact_only,8,24,32,64,mixed,none,0.0,uniform,32,1.0,0.0,0.0,64.0,8.0,0.0
lane_scaling,7,dense_contact_only,10,24,32,64,mixed,none,0.0,uniform,32,1.0,0.0,0.0,64.0,10.0,0.0
lane_scaling,7,critical_cell_entropy,2,24,32,64,mixed,none,0.0,uniform,32,0.041666666666666664,0.9583333333333334,4.7024368207914975,68.70243682079149,2.0,0.0
lane_scaling,7,critical_cell_entropy,4,24,32,64,mixed,none,0.0,uniform,32,0.125,0.875,4.406742011886133,68.40674201188612,4.0,0.0
lane_scaling,7,critical_cell_entropy,6,24,32,64,mixed,none,0.0,uniform,32,0.25,0.75,3.52532978860582,67.52532978860582,6.0,0.0
lane_scaling,7,critical_cell_entropy,8,24,32,64,mixed,none,0.0,uniform,32,0.25,0.75,3.4387218755408675,67.43872187554086,8.0,0.0
lane_scaling,7,critical_cell_entropy,10,24,32,64,mixed,none,0.0,uniform,32,0.375,0.625,3.158764063201417,67.15876406320142,10.0,0.0
lane_scaling,7,contact_equivalence,2,24,32,64,mixed,none,0.0,uniform,32,0.08333333333333333,0.9166666666666666,3.0,67.0,2.0,0.0
lane_scaling,7,contact_equivalence,4,24,32,64,mixed,none,0.0,uniform,32,0.375,0.625,1.375,65.375,4.0,0.0
lane_scaling,7,contact_equivalence,6,24,32,64,mixed,none,0.0,uniform,32,1.0,0.0,0.0,64.0,6.0,0.0
lane_scaling,7,contact_equivalence,8,24,32,64,mixed,none,0.0,uniform,32,1.0,0.0,0.0,64.0,8.0,0.0
lane_scaling,7,contact_equivalence,10,24,32,64,mixed,none,0.0,uniform,32,1.0,0.0,0.0,64.0,10.0,0.0
lane_scaling,7,expected_regret,2,24,32,64,mixed,none,0.0,uniform,32,0.125,0.875,3.046710149142515,67.04671014914251,2.0,0.0
lane_scaling,7,expected_regret,4,24,32,64,mixed,none,0.0,uniform,32,0.3333333333333333,0.6666666666666666,1.9803885422075336,65.98038854220754,4.0,0.0
lane_scaling,7,expected_regret,6,24,32,64,mixed,none,0.0,uniform,32,0.5416666666666666,0.4583333333333333,1.127521741237924,65.12752174123791,6.0,0.0
lane_scaling,7,expected_regret,8,24,32,64,mixed,none,0.0,uniform,32,0.75,0.25,0.625,64.625,8.0,0.0
lane_scaling,7,expected_regret,10,24,32,64,mixed,none,0.0,uniform,32,1.0,0.0,0.0,64.0,10.0,0.0
lane_scaling,7,sampled_equivalence,2,24,32,64,mixed,none,0.0,uniform,32,0.125,0.875,3.0707479879302277,67.07074798793023,2.0,0.0
lane_scaling,7,sampled_equivalence,4,24,32,64,mixed,none,0.0,uniform,32,0.5,0.5,1.1493734375300482,65.14937343753006,4.0,0.0
lane_scaling,7,sampled_equivalence,6,24,32,64,mixed,none,0.0,uniform,32,0.9583333333333334,0.041666666666666664,0.125,64.125,6.0,0.0
lane_scaling,7,sampled_equivalence,8,24,32,64,mixed,none,0.0,uniform,32,1.0,0.0,0.0,64.0,8.0,0.0
lane_scaling,7,sampled_equivalence,10,24,32,64,mixed,none,0.0,uniform,32,1.0,0.0,0.0,64.0,10.0,0.0
lane_scaling,8,dense_entropy,2,24,32,64,mixed,none,0.0,uniform,32,0.041666666666666664,0.9583333333333334,5.0,61.0,0.0,2.0
lane_scaling,8,dense_entropy,4,24,32,64,mixed,none,0.0,uniform,32,0.0,1.0,5.0,53.0,0.0,4.0
lane_scaling,8,dense_entropy,6,24,32,64,mixed,none,0.0,uniform,32,0.0,1.0,5.0,45.0,0.0,6.0
lane_scaling,8,dense_entropy,8,24,32,64,mixed,none,0.0,uniform,32,0.20833333333333334,0.7916666666666666,5.0,37.0,0.0,8.0
lane_scaling,8,dense_entropy,10,24,32,64,mixed,none,0.0,uniform,32,0.0,1.0,5.0,29.0,0.0,10.0
lane_scaling,8,dense_contact_only,2,24,32,64,mixed,none,0.0,uniform,32,0.125,0.875,3.0,67.0,2.0,0.0
lane_scaling,8,dense_contact_only,4,24,32,64,mixed,none,0.0,uniform,32,0.625,0.375,1.0,65.0,4.0,0.0
lane_scaling,8,dense_contact_only,6,24,32,64,mixed,none,0.0,uniform,32,1.0,0.0,0.0,64.0,6.0,0.0
lane_scaling,8,dense_contact_only,8,24,32,64,mixed,none,0.0,uniform,32,1.0,0.0,0.0,64.0,8.0,0.0
lane_scaling,8,dense_contact_only,10,24,32,64,mixed,none,0.0,uniform,32,1.0,0.0,0.0,64.0,10.0,0.0
lane_scaling,8,critical_cell_entropy,2,24,32,64,mixed,none,0.0,uniform,32,0.08333333333333333,0.9166666666666666,4.7024368207914975,68.70243682079149,2.0,0.0
lane_scaling,8,critical_cell_entropy,4,24,32,64,mixed,none,0.0,uniform,32,0.125,0.875,4.2064355568003995,68.20643555680039,4.0,0.0
lane_scaling,8,critical_cell_entropy,6,24,32,64,mixed,none,0.0,uniform,32,0.25,0.75,3.9170330984509114,67.9170330984509,6.0,0.0
lane_scaling,8,critical_cell_entropy,8,24,32,64,mixed,none,0.0,uniform,32,0.25,0.75,3.6297619797375824,67.62976197973757,8.0,0.0
lane_scaling,8,critical_cell_entropy,10,24,32,64,mixed,none,0.0,uniform,32,0.375,0.625,3.158764063201417,67.15876406320143,10.0,0.0
lane_scaling,8,contact_equivalence,2,24,32,64,mixed,none,0.0,uniform,32,0.08333333333333333,0.9166666666666666,3.0,67.0,2.0,0.0
lane_scaling,8,contact_equivalence,4,24,32,64,mixed,none,0.0,uniform,32,0.4583333333333333,0.5416666666666666,1.125,65.125,4.0,0.0
lane_scaling,8,contact_equivalence,6,24,32,64,mixed,none,0.0,uniform,32,1.0,0.0,0.0,64.0,6.0,0.0
lane_scaling,8,contact_equivalence,8,24,32,64,mixed,none,0.0,uniform,32,1.0,0.0,0.0,64.0,8.0,0.0
lane_scaling,8,contact_equivalence,10,24,32,64,mixed,none,0.0,uniform,32,1.0,0.0,0.0,64.0,10.0,0.0
lane_scaling,8,expected_regret,2,24,32,64,mixed,none,0.0,uniform,32,0.16666666666666666,0.8333333333333334,3.0420838444596505,67.04208384445967,2.0,0.0
lane_scaling,8,expected_regret,4,24,32,64,mixed,none,0.0,uniform,32,0.2916666666666667,0.7083333333333334,2.1816416671474372,66.18164166714743,4.0,0.0
lane_scaling,8,expected_regret,6,24,32,64,mixed,none,0.0,uniform,32,0.6666666666666666,0.3333333333333333,1.0529757738420331,65.05297577384205,6.0,0.0
lane_scaling,8,expected_regret,8,24,32,64,mixed,none,0.0,uniform,32,0.7083333333333334,0.2916666666666667,0.4166666666666667,64.41666666666667,8.0,0.0
lane_scaling,8,expected_regret,10,24,32,64,mixed,none,0.0,uniform,32,1.0,0.0,0.0,64.0,10.0,0.0
lane_scaling,8,sampled_equivalence,2,24,32,64,mixed,none,0.0,uniform,32,0.08333333333333333,0.9166666666666666,3.1780008154143062,67.17800081541431,2.0,0.0
lane_scaling,8,sampled_equivalence,4,24,32,64,mixed,none,0.0,uniform,32,0.3333333333333333,0.6666666666666666,1.6320802083934296,65.63208020839343,4.0,0.0
lane_scaling,8,sampled_equivalence,6,24,32,64,mixed,none,0.0,uniform,32,0.9166666666666666,0.08333333333333333,0.125,64.125,6.0,0.0
lane_scaling,8,sampled_equivalence,8,24,32,64,mixed,none,0.0,uniform,32,1.0,0.0,0.0,64.0,8.0,0.0
lane_scaling,8,sampled_equivalence,10,24,32,64,mixed,none,0.0,uniform,32,1.0,0.0,0.0,64.0,10.0,0.0
lane_scaling,9,dense_entropy,2,24,32,64,mixed,none,0.0,uniform,32,0.08333333333333333,0.9166666666666666,5.0,61.0,0.0,2.0
lane_scaling,9,dense_entropy,4,24,32,64,mixed,none,0.0,uniform,32,0.08333333333333333,0.9166666666666666,5.0,53.0,0.0,4.0
lane_scaling,9,dense_entropy,6,24,32,64,mixed,none,0.0,uniform,32,0.0,1.0,5.0,45.0,0.0,6.0
lane_scaling,9,dense_entropy,8,24,32,64,mixed,none,0.0,uniform,32,0.0,1.0,5.0,37.0,0.0,8.0
lane_scaling,9,dense_entropy,10,24,32,64,mixed,none,0.0,uniform,32,0.041666666666666664,0.9583333333333334,5.0,29.0,0.0,10.0
lane_scaling,9,dense_contact_only,2,24,32,64,mixed,none,0.0,uniform,32,0.041666666666666664,0.9583333333333334,3.0,67.0,2.0,0.0
lane_scaling,9,dense_contact_only,4,24,32,64,mixed,none,0.0,uniform,32,0.2916666666666667,0.7083333333333334,1.4583333333333333,65.45833333333333,4.0,0.0
lane_scaling,9,dense_contact_only,6,24,32,64,mixed,none,0.0,uniform,32,1.0,0.0,0.0,64.0,6.0,0.0
lane_scaling,9,dense_contact_only,8,24,32,64,mixed,none,0.0,uniform,32,1.0,0.0,0.0,64.0,8.0,0.0
lane_scaling,9,dense_contact_only,10,24,32,64,mixed,none,0.0,uniform,32,1.0,0.0,0.0,64.0,10.0,0.0
lane_scaling,9,critical_cell_entropy,2,24,32,64,mixed,none,0.0,uniform,32,0.125,0.875,4.7024368207914975,68.70243682079149,2.0,0.0
lane_scaling,9,critical_cell_entropy,4,24,32,64,mixed,none,0.0,uniform,32,0.125,0.875,4.2064355568003995,68.2064355568004,4.0,0.0
lane_scaling,9,critical_cell_entropy,6,24,32,64,mixed,none,0.0,uniform,32,0.25,0.75,3.52532978860582,67.5253297886058,6.0,0.0
lane_scaling,9,critical_cell_entropy,8,24,32,64,mixed,none,0.0,uniform,32,0.2916666666666667,0.7083333333333334,3.4387218755408675,67.43872187554085,8.0,0.0
lane_scaling,9,critical_cell_entropy,10,24,32,64,mixed,none,0.0,uniform,32,0.2916666666666667,0.7083333333333334,3.158764063201417,67.15876406320145,10.0,0.0
lane_scaling,9,contact_equivalence,2,24,32,64,mixed,none,0.0,uniform,32,0.08333333333333333,0.9166666666666666,3.0,67.0,2.0,0.0
lane_scaling,9,contact_equivalence,4,24,32,64,mixed,none,0.0,uniform,32,0.5,0.5,1.2083333333333333,65.20833333333333,4.0,0.0
lane_scaling,9,contact_equivalence,6,24,32,64,mixed,none,0.0,uniform,32,1.0,0.0,0.0,64.0,6.0,0.0
lane_scaling,9,contact_equivalence,8,24,32,64,mixed,none,0.0,uniform,32,1.0,0.0,0.0,64.0,8.0,0.0
lane_scaling,9,contact_equivalence,10,24,32,64,mixed,none,0.0,uniform,32,1.0,0.0,0.0,64.0,10.0,0.0
lane_scaling,9,expected_regret,2,24,32,64,mixed,none,0.0,uniform,32,0.125,0.875,2.9453368405060103,66.94533684050602,2.0,0.0
lane_scaling,9,expected_regret,4,24,32,64,mixed,none,0.0,uniform,32,0.5416666666666666,0.4583333333333333,1.452067708633815,65.45206770863382,4.0,0.0
lane_scaling,9,expected_regret,6,24,32,64,mixed,none,0.0,uniform,32,0.75,0.25,0.7517749950713716,64.75177499507137,6.0,0.0
lane_scaling,9,expected_regret,8,24,32,64,mixed,none,0.0,uniform,32,0.875,0.125,0.4166666666666667,64.41666666666667,8.0,0.0
lane_scaling,9,expected_regret,10,24,32,64,mixed,none,0.0,uniform,32,1.0,0.0,0.0,64.0,10.0,0.0
lane_scaling,9,sampled_equivalence,2,24,32,64,mixed,none,0.0,uniform,32,0.0,1.0,3.140481468478928,67.14048146847894,2.0,0.0
lane_scaling,9,sampled_equivalence,4,24,32,64,mixed,none,0.0,uniform,32,0.5,0.5,1.5141604167868594,65.51416041678685,4.0,0.0
lane_scaling,9,sampled_equivalence,6,24,32,64,mixed,none,0.0,uniform,32,0.9583333333333334,0.041666666666666664,0.14937343753004817,64.14937343753004,6.0,0.0
lane_scaling,9,sampled_equivalence,8,24,32,64,mixed,none,0.0,uniform,32,1.0,0.0,0.0,64.0,8.0,0.0
lane_scaling,9,sampled_equivalence,10,24,32,64,mixed,none,0.0,uniform,32,1.0,0.0,0.0,64.0,10.0,0.0
