suite,seed,method,budget,trials,lanes,decor_bits,library,noise_mode,noise_rate,prior_mode,success_rate,mean_regret,posterior_contact_entropy,posterior_full_entropy,contact_probes,decor_probes
main_budget,0,visual_only,0,24,12,64,mixed,none,0.0,uniform,0.20833333333333334,0.7916666666666666,3.5849625007211565,67.58496250072115,0.0,0.0
main_budget,0,visual_only,1,24,12,64,mixed,none,0.0,uniform,0.125,0.875,3.5849625007211565,67.58496250072115,0.0,0.0
main_budget,0,visual_only,2,24,12,64,mixed,none,0.0,uniform,0.041666666666666664,0.9583333333333334,3.5849625007211565,67.58496250072115,0.0,0.0
main_budget,0,visual_only,3,24,12,64,mixed,none,0.0,uniform,0.08333333333333333,0.9166666666666666,3.5849625007211565,67.58496250072115,0.0,0.0
main_budget,0,visual_only,4,24,12,64,mixed,none,0.0,uniform,0.16666666666666666,0.8333333333333334,3.5849625007211565,67.58496250072115,0.0,0.0
main_budget,0,visual_only,5,24,12,64,mixed,none,0.0,uniform,0.125,0.875,3.5849625007211565,67.58496250072115,0.0,0.0
main_budget,0,visual_only,6,24,12,64,mixed,none,0.0,uniform,0.041666666666666664,0.9583333333333334,3.5849625007211565,67.58496250072115,0.0,0.0
main_budget,0,visual_only,7,24,12,64,mixed,none,0.0,uniform,0.125,0.875,3.5849625007211565,67.58496250072115,0.0,0.0
main_budget,0,visual_only,8,24,12,64,mixed,none,0.0,uniform,0.08333333333333333,0.9166666666666666,3.5849625007211565,67.58496250072115,0.0,0.0
main_budget,0,visual_only,9,24,12,64,mixed,none,0.0,uniform,0.16666666666666666,0.8333333333333334,3.5849625007211565,67.58496250072115,0.0,0.0
main_budget,0,visual_only,10,24,12,64,mixed,none,0.0,uniform,0.08333333333333333,0.9166666666666666,3.5849625007211565,67.58496250072115,0.0,0.0
main_budget,0,random,0,24,12,64,mixed,none,0.0,uniform,0.041666666666666664,0.9583333333333334,3.5849625007211565,67.58496250072115,0.0,0.0
main_budget,0,random,1,24,12,64,mixed,none,0.0,uniform,0.16666666666666666,0.8333333333333334,3.0856375748609657,65.75230424152764,0.6666666666666666,0.3333333333333333
main_budget,0,random,2,24,12,64,mixed,none,0.0,uniform,0.20833333333333334,0.7916666666666666,2.6747825895145136,64.6747825895145,1.5,0.5
main_budget,0,random,3,24,12,64,mixed,none,0.0,uniform,0.16666666666666666,0.8333333333333334,2.185691306139585,63.35235797280624,2.2916666666666665,0.7083333333333334
main_budget,0,random,4,24,12,64,mixed,none,0.0,uniform,0.2916666666666667,0.7083333333333334,2.075823434352887,61.90915676768622,2.9583333333333335,1.0416666666666667
main_budget,0,random,5,24,12,64,mixed,none,0.0,uniform,0.4583333333333333,0.5416666666666666,1.6760008550830439,61.17600085508304,3.875,1.125
main_budget,0,random,6,24,12,64,mixed,none,0.0,uniform,0.4583333333333333,0.5416666666666666,1.4676675217497108,59.634334188416375,4.541666666666667,1.4583333333333333
main_budget,0,random,7,24,12,64,mixed,none,0.0,uniform,0.625,0.375,1.0785071049628512,58.24517377162951,5.291666666666667,1.7083333333333333
main_budget,0,random,8,24,12,64,mixed,none,0.0,uniform,0.7083333333333334,0.2916666666666667,0.8121605456804031,56.97882721234706,6.041666666666667,1.9583333333333333
main_budget,0,random,9,24,12,64,mixed,none,0.0,uniform,0.5833333333333334,0.4166666666666667,0.8121605456804031,55.3121605456804,6.625,2.375
main_budget,0,random,10,24,12,64,mixed,none,0.0,uniform,0.75,0.25,0.7422408829673764,54.24224088296739,7.375,2.625
main_budget,0,dense_entropy,0,24,12,64,mixed,none,0.0,uniform,0.041666666666666664,0.9583333333333334,3.5849625007211565,67.58496250072115,0.0,0.0
main_budget,0,dense_entropy,1,24,12,64,mixed,none,0.0,uniform,0.0,1.0,3.5849625007211565,63.58496250072114,0.0,1.0
main_budget,0,dense_entropy,2,24,12,64,mixed,none,0.0,uniform,0.08333333333333333,0.9166666666666666,3.5849625007211565,59.58496250072114,0.0,2.0
main_budget,0,dense_entropy,3,24,12,64,mixed,none,0.0,uniform,0.08333333333333333,0.9166666666666666,3.5849625007211565,55.58496250072114,0.0,3.0
main_budget,0,dense_entropy,4,24,12,64,mixed,none,0.0,uniform,0.125,0.875,3.5849625007211565,51.584962500721154,0.0,4.0
main_budget,0,dense_entropy,5,24,12,64,mixed,none,0.0,uniform,0.041666666666666664,0.9583333333333334,3.5849625007211565,47.58496250072116,0.0,5.0
main_budget,0,dense_entropy,6,24,12,64,mixed,none,0.0,uniform,0.08333333333333333,0.9166666666666666,3.5849625007211565,43.58496250072116,0.0,6.0
main_budget,0,dense_entropy,7,24,12,64,mixed,none,0.0,uniform,0.08333333333333333,0.9166666666666666,3.5849625007211565,39.58496250072117,0.0,7.0
main_budget,0,dense_entropy,8,24,12,64,mixed,none,0.0,uniform,0.0,1.0,3.5849625007211565,35.58496250072116,0.0,8.0
main_budget,0,dense_entropy,9,24,12,64,mixed,none,0.0,uniform,0.0,1.0,3.5849625007211565,31.58496250072116,0.0,9.0
main_budget,0,dense_entropy,10,24,12,64,mixed,none,0.0,uniform,0.125,0.875,3.5849625007211565,27.584962500721158,0.0,10.0
main_budget,0,dense_contact_only,0,24,12,64,mixed,none,0.0,uniform,0.041666666666666664,0.9583333333333334,3.5849625007211565,67.58496250072115,0.0,0.0
main_budget,0,dense_contact_only,1,24,12,64,mixed,none,0.0,uniform,0.16666666666666666,0.8333333333333334,2.5849625007211547,66.58496250072115,1.0,0.0
main_budget,0,dense_contact_only,2,24,12,64,mixed,none,0.0,uniform,0.2916666666666667,0.7083333333333334,1.5849625007211552,65.58496250072115,2.0,0.0
main_budget,0,dense_contact_only,3,24,12,64,mixed,none,0.0,uniform,0.7083333333333334,0.2916666666666667,0.7083333333333334,64.70833333333333,3.0,0.0
main_budget,0,dense_contact_only,4,24,12,64,mixed,none,0.0,uniform,1.0,0.0,0.0,64.0,4.0,0.0
main_budget,0,dense_contact_only,5,24,12,64,mixed,none,0.0,uniform,1.0,0.0,0.0,64.0,5.0,0.0
main_budget,0,dense_contact_only,6,24,12,64,mixed,none,0.0,uniform,1.0,0.0,0.0,64.0,6.0,0.0
main_budget,0,dense_contact_only,7,24,12,64,mixed,none,0.0,uniform,1.0,0.0,0.0,64.0,7.0,0.0
main_budget,0,dense_contact_only,8,24,12,64,mixed,none,0.0,uniform,1.0,0.0,0.0,64.0,8.0,0.0
main_budget,0,dense_contact_only,9,24,12,64,mixed,none,0.0,uniform,1.0,0.0,0.0,64.0,9.0,0.0
main_budget,0,dense_contact_only,10,24,12,64,mixed,none,0.0,uniform,1.0,0.0,0.0,64.0,10.0,0.0
main_budget,0,critical_cell_entropy,0,24,12,64,mixed,none,0.0,uniform,0.08333333333333333,0.9166666666666666,3.5849625007211565,67.58496250072115,0.0,0.0
main_budget,0,critical_cell_entropy,1,24,12,64,mixed,none,0.0,uniform,0.125,0.875,3.3152886345274095,67.31528863452742,1.0,0.0
main_budget,0,critical_cell_entropy,2,24,12,64,mixed,none,0.0,uniform,0.375,0.625,2.4914460711655217,66.49144607116556,2.0,0.0
main_budget,0,critical_cell_entropy,3,24,12,64,mixed,none,0.0,uniform,0.4583333333333333,0.5416666666666666,1.9812031259014444,65.98120312590146,3.0,0.0
main_budget,0,critical_cell_entropy,4,24,12,64,mixed,none,0.0,uniform,0.5833333333333334,0.4166666666666667,1.75,65.75,4.0,0.0
main_budget,0,critical_cell_entropy,5,24,12,64,mixed,none,0.0,uniform,0.7083333333333334,0.2916666666666667,1.1697312175240022,65.16973121752399,5.0,0.0
main_budget,0,critical_cell_entropy,6,24,12,64,mixed,none,0.0,uniform,0.75,0.25,0.861654166907052,64.86165416690704,6.0,0.0
main_budget,0,critical_cell_entropy,7,24,12,64,mixed,none,0.0,uniform,0.7083333333333334,0.2916666666666667,0.6772290276754807,64.6772290276755,7.0,0.0
main_budget,0,critical_cell_entropy,8,24,12,64,mixed,none,0.0,uniform,0.9583333333333334,0.041666666666666664,0.16666666666666666,64.16666666666667,8.0,0.0
main_budget,0,critical_cell_entropy,9,24,12,64,mixed,none,0.0,uniform,0.9166666666666666,0.08333333333333333,0.13208020839342968,64.13208020839342,9.0,0.0
main_budget,0,critical_cell_entropy,10,24,12,64,mixed,none,0.0,uniform,1.0,0.0,0.041666666666666664,64.04166666666667,10.0,0.0
main_budget,0,contact_equivalence,0,24,12,64,mixed,none,0.0,uniform,0.0,1.0,3.5849625007211565,67.58496250072115,0.0,0.0
main_budget,0,contact_equivalence,1,24,12,64,mixed,none,0.0,uniform,0.16666666666666666,0.8333333333333334,2.5849625007211547,66.58496250072115,1.0,0.0
main_budget,0,contact_equivalence,2,24,12,64,mixed,none,0.0,uniform,0.20833333333333334,0.7916666666666666,1.5849625007211552,65.58496250072115,2.0,0.0
main_budget,0,contact_equivalence,3,24,12,64,mixed,none,0.0,uniform,0.7083333333333334,0.2916666666666667,0.5833333333333334,64.58333333333333,3.0,0.0
main_budget,0,contact_equivalence,4,24,12,64,mixed,none,0.0,uniform,1.0,0.0,0.0,64.0,4.0,0.0
main_budget,0,contact_equivalence,5,24,12,64,mixed,none,0.0,uniform,1.0,0.0,0.0,64.0,5.0,0.0
main_budget,0,contact_equivalence,6,24,12,64,mixed,none,0.0,uniform,1.0,0.0,0.0,64.0,6.0,0.0
main_budget,0,contact_equivalence,7,24,12,64,mixed,none,0.0,uniform,1.0,0.0,0.0,64.0,7.0,0.0
main_budget,0,contact_equivalence,8,24,12,64,mixed,none,0.0,uniform,1.0,0.0,0.0,64.0,8.0,0.0
main_budget,0,contact_equivalence,9,24,12,64,mixed,none,0.0,uniform,1.0,0.0,0.0,64.0,9.0,0.0
main_budget,0,contact_equivalence,10,24,12,64,mixed,none,0.0,uniform,1.0,0.0,0.0,64.0,10.0,0.0
main_budget,0,hybrid_25,0,24,12,64,mixed,none,0.0,uniform,0.08333333333333333,0.9166666666666666,3.5849625007211565,67.58496250072115,0.0,0.0
main_budget,0,hybrid_25,1,24,12,64,mixed,none,0.0,uniform,0.08333333333333333,0.9166666666666666,3.5849625007211565,63.58496250072114,0.0,1.0
main_budget,0,hybrid_25,2,24,12,64,mixed,none,0.0,uniform,0.041666666666666664,0.9583333333333334,3.5849625007211565,59.58496250072114,0.0,2.0
main_budget,0,hybrid_25,3,24,12,64,mixed,none,0.0,uniform,0.125,0.875,3.5849625007211565,55.58496250072114,0.0,3.0
main_budget,0,hybrid_25,4,24,12,64,mixed,none,0.0,uniform,0.0,1.0,3.5849625007211565,51.584962500721154,0.0,4.0
main_budget,0,hybrid_25,5,24,12,64,mixed,none,0.0,uniform,0.08333333333333333,0.9166666666666666,3.5849625007211565,47.58496250072116,0.0,5.0
main_budget,0,hybrid_25,6,24,12,64,mixed,none,0.0,uniform,0.041666666666666664,0.9583333333333334,3.5849625007211565,43.58496250072116,0.0,6.0
main_budget,0,hybrid_25,7,24,12,64,mixed,none,0.0,uniform,0.125,0.875,3.5849625007211565,39.58496250072117,0.0,7.0
main_budget,0,hybrid_25,8,24,12,64,mixed,none,0.0,uniform,0.0,1.0,3.5849625007211565,35.58496250072116,0.0,8.0
main_budget,0,hybrid_25,9,24,12,64,mixed,none,0.0,uniform,0.08333333333333333,0.9166666666666666,3.5849625007211565,31.58496250072116,0.0,9.0
main_budget,0,hybrid_25,10,24,12,64,mixed,none,0.0,uniform,0.041666666666666664,0.9583333333333334,3.5849625007211565,27.584962500721158,0.0,10.0
main_budget,0,hybrid_50,0,24,12,64,mixed,none,0.0,uniform,0.041666666666666664,0.9583333333333334,3.5849625007211565,67.58496250072115,0.0,0.0
main_budget,0,hybrid_50,1,24,12,64,mixed,none,0.0,uniform,0.041666666666666664,0.9583333333333334,3.5849625007211565,63.58496250072114,0.0,1.0
main_budget,0,hybrid_50,2,24,12,64,mixed,none,0.0,uniform,0.125,0.875,3.5849625007211565,59.58496250072114,0.0,2.0
main_budget,0,hybrid_50,3,24,12,64,mixed,none,0.0,uniform,0.08333333333333333,0.9166666666666666,3.5849625007211565,55.58496250072114,0.0,3.0
main_budget,0,hybrid_50,4,24,12,64,mixed,none,0.0,uniform,0.041666666666666664,0.9583333333333334,3.5849625007211565,51.584962500721154,0.0,4.0
main_budget,0,hybrid_50,5,24,12,64,mixed,none,0.0,uniform,0.041666666666666664,0.9583333333333334,3.5849625007211565,47.58496250072116,0.0,5.0
main_budget,0,hybrid_50,6,24,12,64,mixed,none,0.0,uniform,0.16666666666666666,0.8333333333333334,3.5849625007211565,43.58496250072116,0.0,6.0
main_budget,0,hybrid_50,7,24,12,64,mixed,none,0.0,uniform,0.16666666666666666,0.8333333333333334,3.5849625007211565,39.58496250072117,0.0,7.0
main_budget,0,hybrid_50,8,24,12,64,mixed,none,0.0,uniform,0.125,0.875,3.5849625007211565,35.58496250072116,0.0,8.0
main_budget,0,hybrid_50,9,24,12,64,mixed,none,0.0,uniform,0.08333333333333333,0.9166666666666666,3.5849625007211565,31.58496250072116,0.0,9.0
main_budget,0,hybrid_50,10,24,12,64,mixed,none,0.0,uniform,0.08333333333333333,0.9166666666666666,3.5849625007211565,27.584962500721158,0.0,10.0
main_budget,0,expected_regret,0,24,12,64,mixed,none,0.0,uniform,0.041666666666666664,0.9583333333333334,3.5849625007211565,67.58496250072115,0.0,0.0
main_budget,0,expected_regret,1,24,12,64,mixed,none,0.0,uniform,0.125,0.875,2.5849625007211547,66.58496250072115,1.0,0.0
main_budget,0,expected_regret,2,24,12,64,mixed,none,0.0,uniform,0.4166666666666667,0.5833333333333334,1.625,65.625,2.0,0.0
main_budget,0,expected_regret,3,24,12,64,mixed,none,0.0,uniform,0.6666666666666666,0.3333333333333333,0.792481250360578,64.79248125036058,3.0,0.0
main_budget,0,expected_regret,4,24,12,64,mixed,none,0.0,uniform,0.7916666666666666,0.20833333333333334,0.375,64.375,4.0,0.0
main_budget,0,expected_regret,5,24,12,64,mixed,none,0.0,uniform,1.0,0.0,0.0,64.0,5.0,0.0
main_budget,0,expected_regret,6,24,12,64,mixed,none,0.0,uniform,1.0,0.0,0.0,64.0,6.0,0.0
main_budget,0,expected_regret,7,24,12,64,mixed,none,0.0,uniform,1.0,0.0,0.0,64.0,7.0,0.0
main_budget,0,expected_regret,8,24,12,64,mixed,none,0.0,uniform,1.0,0.0,0.0,64.0,8.0,0.0
main_budget,0,expected_regret,9,24,12,64,mixed,none,0.0,uniform,1.0,0.0,0.0,64.0,9.0,0.0
main_budget,0,expected_regret,10,24,12,64,mixed,none,0.0,uniform,1.0,0.0,0.0,64.0,10.0,0.0
main_budget,0,sampled_equivalence,0,24,12,64,mixed,none,0.0,uniform,0.08333333333333333,0.9166666666666666,3.5849625007211565,67.58496250072115,0.0,0.0
main_budget,0,sampled_equivalence,1,24,12,64,mixed,none,0.0,uniform,0.125,0.875,2.664348438010818,66.6643484380108,1.0,0.0
main_budget,0,sampled_equivalence,2,24,12,64,mixed,none,0.0,uniform,0.25,0.75,1.6463084627076474,65.64630846270764,2.0,0.0
main_budget,0,sampled_equivalence,3,24,12,64,mixed,none,0.0,uniform,0.625,0.375,0.7083333333333334,64.70833333333333,3.0,0.0
main_budget,0,sampled_equivalence,4,24,12,64,mixed,none,0.0,uniform,1.0,0.0,0.0,64.0,4.0,0.0
main_budget,0,sampled_equivalence,5,24,12,64,mixed,none,0.0,uniform,1.0,0.0,0.0,64.0,5.0,0.0
main_budget,0,sampled_equivalence,6,24,12,64,mixed,none,0.0,uniform,1.0,0.0,0.0,64.0,6.0,0.0
main_budget,0,sampled_equivalence,7,24,12,64,mixed,none,0.0,uniform,1.0,0.0,0.0,64.0,7.0,0.0
main_budget,0,sampled_equivalence,8,24,12,64,mixed,none,0.0,uniform,1.0,0.0,0.0,64.0,8.0,0.0
main_budget,0,sampled_equivalence,9,24,12,64,mixed,none,0.0,uniform,1.0,0.0,0.0,64.0,9.0,0.0
main_budget,0,sampled_equivalence,10,24,12,64,mixed,none,0.0,uniform,1.0,0.0,0.0,64.0,10.0,0.0
main_budget,1,visual_only,0,24,12,64,mixed,none,0.0,uniform,0.125,0.875,3.5849625007211565,67.58496250072115,0.0,0.0
main_budget,1,visual_only,1,24,12,64,mixed,none,0.0,uniform,0.041666666666666664,0.9583333333333334,3.5849625007211565,67.58496250072115,0.0,0.0
main_budget,1,visual_only,2,24,12,64,mixed,none,0.0,uniform,0.041666666666666664,0.9583333333333334,3.5849625007211565,67.58496250072115,0.0,0.0
main_budget,1,visual_only,3,24,12,64,mixed,none,0.0,uniform,0.08333333333333333,0.9166666666666666,3.5849625007211565,67.58496250072115,0.0,0.0
main_budget,1,visual_only,4,24,12,64,mixed,none,0.0,uniform,0.0,1.0,3.5849625007211565,67.58496250072115,0.0,0.0
main_budget,1,visual_only,5,24,12,64,mixed,none,0.0,uniform,0.08333333333333333,0.9166666666666666,3.5849625007211565,67.58496250072115,0.0,0.0
main_budget,1,visual_only,6,24,12,64,mixed,none,0.0,uniform,0.041666666666666664,0.9583333333333334,3.5849625007211565,67.58496250072115,0.0,0.0
main_budget,1,visual_only,7,24,12,64,mixed,none,0.0,uniform,0.16666666666666666,0.8333333333333334,3.5849625007211565,67.58496250072115,0.0,0.0
main_budget,1,visual_only,8,24,12,64,mixed,none,0.0,uniform,0.041666666666666664,0.9583333333333334,3.5849625007211565,67.58496250072115,0.0,0.0
main_budget,1,visual_only,9,24,12,64,mixed,none,0.0,uniform,0.0,1.0,3.5849625007211565,67.58496250072115,0.0,0.0
main_budget,1,visual_only,10,24,12,64,mixed,none,0.0,uniform,0.0,1.0,3.5849625007211565,67.58496250072115,0.0,0.0
main_budget,1,random,0,24,12,64,mixed,none,0.0,uniform,0.041666666666666664,0.9583333333333334,3.5849625007211565,67.58496250072115,0.0,0.0
main_budget,1,random,1,24,12,64,mixed,none,0.0,uniform,0.20833333333333334,0.7916666666666666,3.0395955774837216,65.7062622441504,0.6666666666666666,0.3333333333333333
main_budget,1,random,2,24,12,64,mixed,none,0.0,uniform,0.25,0.75,2.5969536044108708,64.26362027107756,1.4166666666666667,0.5833333333333334
main_budget,1,random,3,24,12,64,mixed,none,0.0,uniform,0.2916666666666667,0.7083333333333334,2.389608769746669,62.889608769746665,2.125,0.875
main_budget,1,random,4,24,12,64,mixed,none,0.0,uniform,0.3333333333333333,0.6666666666666666,2.1122825684366355,61.27894923510328,2.7916666666666665,1.2083333333333333
main_budget,1,random,5,24,12,64,mixed,none,0.0,uniform,0.375,0.625,1.8125211859950106,60.14585451932834,3.5833333333333335,1.4166666666666667
main_budget,1,random,6,24,12,64,mixed,none,0.0,uniform,0.375,0.625,1.4187207230019967,58.91872072300199,4.375,1.625
main_budget,1,random,7,24,12,64,mixed,none,0.0,uniform,0.5416666666666666,0.4583333333333333,1.2530007261895004,57.753000726189505,5.125,1.875
main_budget,1,random,8,24,12,64,mixed,none,0.0,uniform,0.6666666666666666,0.3333333333333333,1.1384815081476651,56.63848150814766,5.875,2.125
main_budget,1,random,9,24,12,64,mixed,none,0.0,uniform,0.625,0.375,0.9159877580274728,55.249321091360805,6.583333333333333,2.4166666666666665
main_budget,1,random,10,24,12,64,mixed,none,0.0,uniform,0.625,0.375,0.8743210913608062,53.54098775802748,7.166666666666667,2.8333333333333335
main_budget,1,dense_entropy,0,24,12,64,mixed,none,0.0,uniform,0.125,0.875,3.5849625007211565,67.58496250072115,0.0,0.0
main_budget,1,dense_entropy,1,24,12,64,mixed,none,0.0,uniform,0.08333333333333333,0.9166666666666666,3.5849625007211565,63.58496250072114,0.0,1.0
main_budget,1,dense_entropy,2,24,12,64,mixed,none,0.0,uniform,0.0,1.0,3.5849625007211565,59.58496250072114,0.0,2.0
main_budget,1,dense_entropy,3,24,12,64,mixed,none,0.0,uniform,0.0,1.0,3.5849625007211565,55.58496250072114,0.0,3.0
main_budget,1,dense_entropy,4,24,12,64,mixed,none,0.0,uniform,0.041666666666666664,0.9583333333333334,3.5849625007211565,51.584962500721154,0.0,4.0
main_budget,1,dense_entropy,5,24,12,64,mixed,none,0.0,uniform,0.08333333333333333,0.9166666666666666,3.5849625007211565,47.58496250072116,0.0,5.0
main_budget,1,dense_entropy,6,24,12,64,mixed,none,0.0,uniform,0.08333333333333333,0.9166666666666666,3.5849625007211565,43.58496250072116,0.0,6.0
main_budget,1,dense_entropy,7,24,12,64,mixed,none,0.0,uniform,0.16666666666666666,0.8333333333333334,3.5849625007211565,39.58496250072117,0.0,7.0
main_budget,1,dense_entropy,8,24,12,64,mixed,none,0.0,uniform,0.16666666666666666,0.8333333333333334,3.5849625007211565,35.58496250072116,0.0,8.0
main_budget,1,dense_entropy,9,24,12,64,mixed,none,0.0,uniform,0.125,0.875,3.5849625007211565,31.58496250072116,0.0,9.0
main_budget,1,dense_entropy,10,24,12,64,mixed,none,0.0,uniform,0.125,0.875,3.5849625007211565,27.584962500721158,0.0,10.0
main_budget,1,dense_contact_only,0,24,12,64,mixed,none,0.0,uniform,0.125,0.875,3.5849625007211565,67.58496250072115,0.0,0.0
main_budget,1,dense_contact_only,1,24,12,64,mixed,none,0.0,uniform,0.20833333333333334,0.7916666666666666,2.5849625007211547,66.58496250072115,1.0,0.0
main_budget,1,dense_contact_only,2,24,12,64,mixed,none,0.0,uniform,0.5,0.5,1.5849625007211552,65.58496250072115,2.0,0.0
main_budget,1,dense_contact_only,3,24,12,64,mixed,none,0.0,uniform,0.625,0.375,0.7916666666666666,64.79166666666667,3.0,0.0
main_budget,1,dense_contact_only,4,24,12,64,mixed,none,0.0,uniform,1.0,0.0,0.0,64.0,4.0,0.0
main_budget,1,dense_contact_only,5,24,12,64,mixed,none,0.0,uniform,1.0,0.0,0.0,64.0,5.0,0.0
main_budget,1,dense_contact_only,6,24,12,64,mixed,none,0.0,uniform,1.0,0.0,0.0,64.0,6.0,0.0
main_budget,1,dense_contact_only,7,24,12,64,mixed,none,0.0,uniform,1.0,0.0,0.0,64.0,7.0,0.0
main_budget,1,dense_contact_only,8,24,12,64,mixed,none,0.0,uniform,1.0,0.0,0.0,64.0,8.0,0.0
main_budget,1,dense_contact_only,9,24,12,64,mixed,none,0.0,uniform,1.0,0.0,0.0,64.0,9.0,0.0
main_budget,1,dense_contact_only,10,24,12,64,mixed,none,0.0,uniform,1.0,0.0,0.0,64.0,10.0,0.0
main_budget,1,critical_cell_entropy,0,24,12,64,mixed,none,0.0,uniform,0.041666666666666664,0.9583333333333334,3.5849625007211565,67.58496250072115,0.0,0.0
main_budget,1,critical_cell_entropy,1,24,12,64,mixed,none,0.0,uniform,0.2916666666666667,0.7083333333333334,2.73871669808786,66.73871669808787,1.0,0.0
main_budget,1,critical_cell_entropy,2,24,12,64,mixed,none,0.0,uniform,0.375,0.625,2.4914460711655217,66.49144607116556,2.0,0.0
main_budget,1,critical_cell_entropy,3,24,12,64,mixed,none,0.0,uniform,0.3333333333333333,0.6666666666666666,2.113283334294874,66.11328333429488,3.0,0.0
main_budget,1,critical_cell_entropy,4,24,12,64,mixed,none,0.0,uniform,0.375,0.625,1.875,65.875,4.0,0.0
main_budget,1,critical_cell_entropy,5,24,12,64,mixed,none,0.0,uniform,0.5416666666666666,0.4583333333333333,1.5206505827812027,65.52065058278119,5.0,0.0
main_budget,1,critical_cell_entropy,6,24,12,64,mixed,none,0.0,uniform,0.5416666666666666,0.4583333333333333,1.4001880212239592,65.40018802122395,6.0,0.0
main_budget,1,critical_cell_entropy,7,24,12,64,mixed,none,0.0,uniform,0.5,0.5,1.257711051397321,65.25771105139735,7.0,0.0
main_budget,1,critical_cell_entropy,8,24,12,64,mixed,none,0.0,uniform,0.7916666666666666,0.20833333333333334,0.75,64.75,8.0,0.0
main_budget,1,critical_cell_entropy,9,24,12,64,mixed,none,0.0,uniform,0.8333333333333334,0.16666666666666666,0.396240625180289,64.39624062518028,9.0,0.0
main_budget,1,critical_cell_entropy,10,24,12,64,mixed,none,0.0,uniform,0.9166666666666666,0.08333333333333333,0.125,64.125,10.0,0.0
main_budget,1,contact_equivalence,0,24,12,64,mixed,none,0.0,uniform,0.16666666666666666,0.8333333333333334,3.5849625007211565,67.58496250072115,0.0,0.0
main_budget,1,contact_equivalence,1,24,12,64,mixed,none,0.0,uniform,0.20833333333333334,0.7916666666666666,2.5849625007211547,66.58496250072115,1.0,0.0
main_budget,1,contact_equivalence,2,24,12,64,mixed,none,0.0,uniform,0.4166666666666667,0.5833333333333334,1.5849625007211552,65.58496250072115,2.0,0.0
main_budget,1,contact_equivalence,3,24,12,64,mixed,none,0.0,uniform,0.625,0.375,0.625,64.625,3.0,0.0
main_budget,1,contact_equivalence,4,24,12,64,mixed,none,0.0,uniform,1.0,0.0,0.0,64.0,4.0,0.0
main_budget,1,contact_equivalence,5,24,12,64,mixed,none,0.0,uniform,1.0,0.0,0.0,64.0,5.0,0.0
main_budget,1,contact_equivalence,6,24,12,64,mixed,none,0.0,uniform,1.0,0.0,0.0,64.0,6.0,0.0
main_budget,1,contact_equivalence,7,24,12,64,mixed,none,0.0,uniform,1.0,0.0,0.0,64.0,7.0,0.0
main_budget,1,contact_equivalence,8,24,12,64,mixed,none,0.0,uniform,1.0,0.0,0.0,64.0,8.0,0.0
main_budget,1,contact_equivalence,9,24,12,64,mixed,none,0.0,uniform,1.0,0.0,0.0,64.0,9.0,0.0
main_budget,1,contact_equivalence,10,24,12,64,mixed,none,0.0,uniform,1.0,0.0,0.0,64.0,10.0,0.0
main_budget,1,hybrid_25,0,24,12,64,mixed,none,0.0,uniform,0.125,0.875,3.5849625007211565,67.58496250072115,0.0,0.0
main_budget,1,hybrid_25,1,24,12,64,mixed,none,0.0,uniform,0.08333333333333333,0.9166666666666666,3.5849625007211565,63.58496250072114,0.0,1.0
main_budget,1,hybrid_25,2,24,12,64,mixed,none,0.0,uniform,0.16666666666666666,0.8333333333333334,3.5849625007211565,59.58496250072114,0.0,2.0
main_budget,1,hybrid_25,3,24,12,64,mixed,none,0.0,uniform,0.041666666666666664,0.9583333333333334,3.5849625007211565,55.58496250072114,0.0,3.0
main_budget,1,hybrid_25,4,24,12,64,mixed,none,0.0,uniform,0.125,0.875,3.5849625007211565,51.584962500721154,0.0,4.0
main_budget,1,hybrid_25,5,24,12,64,mixed,none,0.0,uniform,0.08333333333333333,0.9166666666666666,3.5849625007211565,47.58496250072116,0.0,5.0
main_budget,1,hybrid_25,6,24,12,64,mixed,none,0.0,uniform,0.08333333333333333,0.9166666666666666,3.5849625007211565,43.58496250072116,0.0,6.0
main_budget,1,hybrid_25,7,24,12,64,mixed,none,0.0,uniform,0.041666666666666664,0.9583333333333334,3.5849625007211565,39.58496250072117,0.0,7.0
main_budget,1,hybrid_25,8,24,12,64,mixed,none,0.0,uniform,0.041666666666666664,0.9583333333333334,3.5849625007211565,35.58496250072116,0.0,8.0
main_budget,1,hybrid_25,9,24,12,64,mixed,none,0.0,uniform,0.041666666666666664,0.9583333333333334,3.5849625007211565,31.58496250072116,0.0,9.0
main_budget,1,hybrid_25,10,24,12,64,mixed,none,0.0,uniform,0.041666666666666664,0.9583333333333334,3.5849625007211565,27.584962500721158,0.0,10.0
main_budget,1,hybrid_50,0,24,12,64,mixed,none,0.0,uniform,0.041666666666666664,0.9583333333333334,3.5849625007211565,67.58496250072115,0.0,0.0
main_budget,1,hybrid_50,1,24,12,64,mixed,none,0.0,uniform,0.041666666666666664,0.9583333333333334,3.5849625007211565,63.58496250072114,0.0,1.0
main_budget,1,hybrid_50,2,24,12,64,mixed,none,0.0,uniform,0.16666666666666666,0.8333333333333334,3.5849625007211565,59.58496250072114,0.0,2.0
main_budget,1,hybrid_50,3,24,12,64,mixed,none,0.0,uniform,0.08333333333333333,0.9166666666666666,3.5849625007211565,55.58496250072114,0.0,3.0
main_budget,1,hybrid_50,4,24,12,64,mixed,none,0.0,uniform,0.125,0.875,3.5849625007211565,51.584962500721154,0.0,4.0
main_budget,1,hybrid_50,5,24,12,64,mixed,none,0.0,uniform,0.0,1.0,3.5849625007211565,47.58496250072116,0.0,5.0
main_budget,1,hybrid_50,6,24,12,64,mixed,none,0.0,uniform,0.0,1.0,3.5849625007211565,43.58496250072116,0.0,6.0
main_budget,1,hybrid_50,7,24,12,64,mixed,none,0.0,uniform,0.08333333333333333,0.9166666666666666,3.5849625007211565,39.58496250072117,0.0,7.0
main_budget,1,hybrid_50,8,24,12,64,mixed,none,0.0,uniform,0.08333333333333333,0.9166666666666666,3.5849625007211565,35.58496250072116,0.0,8.0
main_budget,1,hybrid_50,9,24,12,64,mixed,none,0.0,uniform,0.041666666666666664,0.9583333333333334,3.5849625007211565,31.58496250072116,0.0,9.0
main_budget,1,hybrid_50,10,24,12,64,mixed,none,0.0,uniform,0.041666666666666664,0.9583333333333334,3.5849625007211565,27.584962500721158,0.0,10.0
main_budget,1,expected_regret,0,24,12,64,mixed,none,0.0,uniform,0.08333333333333333,0.9166666666666666,3.5849625007211565,67.58496250072115,0.0,0.0
main_budget,1,expected_regret,1,24,12,64,mixed,none,0.0,uniform,0.08333333333333333,0.9166666666666666,2.5849625007211547,66.58496250072115,1.0,0.0
main_budget,1,expected_regret,2,24,12,64,mixed,none,0.0,uniform,0.3333333333333333,0.6666666666666666,1.6666666666666667,65.66666666666667,2.0,0.0
main_budget,1,expected_regret,3,24,12,64,mixed,none,0.0,uniform,0.75,0.25,0.5943609377704335,64.59436093777042,3.0,0.0
main_budget,1,expected_regret,4,24,12,64,mixed,none,0.0,uniform,0.875,0.125,0.2916666666666667,64.29166666666667,4.0,0.0
main_budget,1,expected_regret,5,24,12,64,mixed,none,0.0,uniform,1.0,0.0,0.0,64.0,5.0,0.0
main_budget,1,expected_regret,6,24,12,64,mixed,none,0.0,uniform,1.0,0.0,0.0,64.0,6.0,0.0
main_budget,1,expected_regret,7,24,12,64,mixed,none,0.0,uniform,1.0,0.0,0.0,64.0,7.0,0.0
main_budget,1,expected_regret,8,24,12,64,mixed,none,0.0,uniform,1.0,0.0,0.0,64.0,8.0,0.0
main_budget,1,expected_regret,9,24,12,64,mixed,none,0.0,uniform,1.0,0.0,0.0,64.0,9.0,0.0
main_budget,1,expected_regret,10,24,12,64,mixed,none,0.0,uniform,1.0,0.0,0.0,64.0,10.0,0.0
main_budget,1,sampled_equivalence,0,24,12,64,mixed,none,0.0,uniform,0.16666666666666666,0.8333333333333334,3.5849625007211565,67.58496250072115,0.0,0.0
main_budget,1,sampled_equivalence,1,24,12,64,mixed,none,0.0,uniform,0.20833333333333334,0.7916666666666666,2.681641667147437,66.68164166714742,1.0,0.0
main_budget,1,sampled_equivalence,2,24,12,64,mixed,none,0.0,uniform,0.375,0.625,1.6872283832077615,65.68722838320775,2.0,0.0
main_budget,1,sampled_equivalence,3,24,12,64,mixed,none,0.0,uniform,0.625,0.375,0.7327067708633814,64.73270677086339,3.0,0.0
main_budget,1,sampled_equivalence,4,24,12,64,mixed,none,0.0,uniform,1.0,0.0,0.0,64.0,4.0,0.0
main_budget,1,sampled_equivalence,5,24,12,64,mixed,none,0.0,uniform,1.0,0.0,0.0,64.0,5.0,0.0
main_budget,1,sampled_equivalence,6,24,12,64,mixed,none,0.0,uniform,1.0,0.0,0.0,64.0,6.0,0.0
main_budget,1,sampled_equivalence,7,24,12,64,mixed,none,0.0,uniform,1.0,0.0,0.0,64.0,7.0,0.0
main_budget,1,sampled_equivalence,8,24,12,64,mixed,none,0.0,uniform,1.0,0.0,0.0,64.0,8.0,0.0
main_budget,1,sampled_equivalence,9,24,12,64,mixed,none,0.0,uniform,1.0,0.0,0.0,64.0,9.0,0.0
main_budget,1,sampled_equivalence,10,24,12,64,mixed,none,0.0,uniform,1.0,0.0,0.0,64.0,10.0,0.0
main_budget,2,visual_only,0,24,12,64,mixed,none,0.0,uniform,0.16666666666666666,0.8333333333333334,3.5849625007211565,67.58496250072115,0.0,0.0
main_budget,2,visual_only,1,24,12,64,mixed,none,0.0,uniform,0.125,0.875,3.5849625007211565,67.58496250072115,0.0,0.0
main_budget,2,visual_only,2,24,12,64,mixed,none,0.0,uniform,0.125,0.875,3.5849625007211565,67.58496250072115,0.0,0.0
main_budget,2,visual_only,3,24,12,64,mixed,none,0.0,uniform,0.0,1.0,3.5849625007211565,67.58496250072115,0.0,0.0
main_budget,2,visual_only,4,24,12,64,mixed,none,0.0,uniform,0.08333333333333333,0.9166666666666666,3.5849625007211565,67.58496250072115,0.0,0.0
main_budget,2,visual_only,5,24,12,64,mixed,none,0.0,uniform,0.041666666666666664,0.9583333333333334,3.5849625007211565,67.58496250072115,0.0,0.0
main_budget,2,visual_only,6,24,12,64,mixed,none,0.0,uniform,0.041666666666666664,0.9583333333333334,3.5849625007211565,67.58496250072115,0.0,0.0
main_budget,2,visual_only,7,24,12,64,mixed,none,0.0,uniform,0.08333333333333333,0.9166666666666666,3.5849625007211565,67.58496250072115,0.0,0.0
main_budget,2,visual_only,8,24,12,64,mixed,none,0.0,uniform,0.125,0.875,3.5849625007211565,67.58496250072115,0.0,0.0
main_budget,2,visual_only,9,24,12,64,mixed,none,0.0,uniform,0.0,1.0,3.5849625007211565,67.58496250072115,0.0,0.0
main_budget,2,visual_only,10,24,12,64,mixed,none,0.0,uniform,0.125,0.875,3.5849625007211565,67.58496250072115,0.0,0.0
main_budget,2,random,0,24,12,64,mixed,none,0.0,uniform,0.041666666666666664,0.9583333333333334,3.5849625007211565,67.58496250072115,0.0,0.0
main_budget,2,random,1,24,12,64,mixed,none,0.0,uniform,0.20833333333333334,0.7916666666666666,3.4356936052347553,66.10236027190142,0.6666666666666666,0.3333333333333333
main_budget,2,random,2,24,12,64,mixed,none,0.0,uniform,0.125,0.875,3.024892715892371,64.52489271589239,1.375,0.625
main_budget,2,random,3,24,12,64,mixed,none,0.0,uniform,0.4166666666666667,0.5833333333333334,2.480242110278893,62.48024211027891,2.0,1.0
main_budget,2,random,4,24,12,64,mixed,none,0.0,uniform,0.3333333333333333,0.6666666666666666,2.1711060004052176,61.17110600040522,2.75,1.25
main_budget,2,random,5,24,12,64,mixed,none,0.0,uniform,0.3333333333333333,0.6666666666666666,1.8683482694485363,60.20168160278187,3.5833333333333335,1.4166666666666667
main_budget,2,random,6,24,12,64,mixed,none,0.0,uniform,0.4166666666666667,0.5833333333333334,1.282014209925703,59.11534754325903,4.458333333333333,1.5416666666666667
main_budget,2,random,7,24,12,64,mixed,none,0.0,uniform,0.5416666666666666,0.4583333333333333,1.080961008673417,57.580961008673405,5.125,1.875
main_budget,2,random,8,24,12,64,mixed,none,0.0,uniform,0.7083333333333334,0.2916666666666667,0.902574087407166,56.40257408740717,5.875,2.125
main_budget,2,random,9,24,12,64,mixed,none,0.0,uniform,0.75,0.25,0.7178674454373283,55.051200778770664,6.583333333333333,2.4166666666666665
main_budget,2,random,10,24,12,64,mixed,none,0.0,uniform,0.7916666666666666,0.20833333333333334,0.6211204414836883,54.12112044148369,7.375,2.625
main_budget,2,dense_entropy,0,24,12,64,mixed,none,0.0,uniform,0.041666666666666664,0.9583333333333334,3.5849625007211565,67.58496250072115,0.0,0.0
main_budget,2,dense_entropy,1,24,12,64,mixed,none,0.0,uniform,0.041666666666666664,0.9583333333333334,3.5849625007211565,63.58496250072114,0.0,1.0
main_budget,2,dense_entropy,2,24,12,64,mixed,none,0.0,uniform,0.08333333333333333,0.9166666666666666,3.5849625007211565,59.58496250072114,0.0,2.0
main_budget,2,dense_entropy,3,24,12,64,mixed,none,0.0,uniform,0.08333333333333333,0.9166666666666666,3.5849625007211565,55.58496250072114,0.0,3.0
main_budget,2,dense_entropy,4,24,12,64,mixed,none,0.0,uniform,0.20833333333333334,0.7916666666666666,3.5849625007211565,51.584962500721154,0.0,4.0
main_budget,2,dense_entropy,5,24,12,64,mixed,none,0.0,uniform,0.16666666666666666,0.8333333333333334,3.5849625007211565,47.58496250072116,0.0,5.0
main_budget,2,dense_entropy,6,24,12,64,mixed,none,0.0,uniform,0.125,0.875,3.5849625007211565,43.58496250072116,0.0,6.0
main_budget,2,dense_entropy,7,24,12,64,mixed,none,0.0,uniform,0.041666666666666664,0.9583333333333334,3.5849625007211565,39.58496250072117,0.0,7.0
main_budget,2,dense_entropy,8,24,12,64,mixed,none,0.0,uniform,0.041666666666666664,0.9583333333333334,3.5849625007211565,35.58496250072116,0.0,8.0
main_budget,2,dense_entropy,9,24,12,64,mixed,none,0.0,uniform,0.08333333333333333,0.9166666666666666,3.5849625007211565,31.58496250072116,0.0,9.0
main_budget,2,dense_entropy,10,24,12,64,mixed,none,0.0,uniform,0.0,1.0,3.5849625007211565,27.584962500721158,0.0,10.0
main_budget,2,dense_contact_only,0,24,12,64,mixed,none,0.0,uniform,0.041666666666666664,0.9583333333333334,3.5849625007211565,67.58496250072115,0.0,0.0
main_budget,2,dense_contact_only,1,24,12,64,mixed,none,0.0,uniform,0.125,0.875,2.5849625007211547,66.58496250072115,1.0,0.0
main_budget,2,dense_contact_only,2,24,12,64,mixed,none,0.0,uniform,0.3333333333333333,0.6666666666666666,1.5849625007211552,65.58496250072115,2.0,0.0
main_budget,2,dense_contact_only,3,24,12,64,mixed,none,0.0,uniform,0.5833333333333334,0.4166666666666667,0.6666666666666666,64.66666666666667,3.0,0.0
main_budget,2,dense_contact_only,4,24,12,64,mixed,none,0.0,uniform,1.0,0.0,0.0,64.0,4.0,0.0
main_budget,2,dense_contact_only,5,24,12,64,mixed,none,0.0,uniform,1.0,0.0,0.0,64.0,5.0,0.0
main_budget,2,dense_contact_only,6,24,12,64,mixed,none,0.0,uniform,1.0,0.0,0.0,64.0,6.0,0.0
main_budget,2,dense_contact_only,7,24,12,64,mixed,none,0.0,uniform,1.0,0.0,0.0,64.0,7.0,0.0
main_budget,2,dense_contact_only,8,24,12,64,mixed,none,0.0,uniform,1.0,0.0,0.0,64.0,8.0,0.0
main_budget,2,dense_contact_only,9,24,12,64,mixed,none,0.0,uniform,1.0,0.0,0.0,64.0,9.0,0.0
main_budget,2,dense_contact_only,10,24,12,64,mixed,none,0.0,uniform,1.0,0.0,0.0,64.0,10.0,0.0
main_budget,2,critical_cell_entropy,0,24,12,64,mixed,none,0.0,uniform,0.125,0.875,3.5849625007211565,67.58496250072115,0.0,0.0
main_budget,2,critical_cell_entropy,1,24,12,64,mixed,none,0.0,uniform,0.16666666666666666,0.8333333333333334,3.171145650417522,67.17114565041754,1.0,0.0
main_budget,2,critical_cell_entropy,2,24,12,64,mixed,none,0.0,uniform,0.2916666666666667,0.7083333333333334,2.9066870830264424,66.90668708302648,2.0,0.0
main_budget,2,critical_cell_entropy,3,24,12,64,mixed,none,0.0,uniform,0.25,0.75,2.377443751081733,66.37744375108176,3.0,0.0
main_budget,2,critical_cell_entropy,4,24,12,64,mixed,none,0.0,uniform,0.5,0.5,1.875,65.875,4.0,0.0
main_budget,2,critical_cell_entropy,5,24,12,64,mixed,none,0.0,uniform,0.4166666666666667,0.5833333333333334,1.7545968262860032,65.75459682628599,5.0,0.0
main_budget,2,critical_cell_entropy,6,24,12,64,mixed,none,0.0,uniform,0.625,0.375,1.4001880212239592,65.40018802122395,6.0,0.0
main_budget,2,critical_cell_entropy,7,24,12,64,mixed,none,0.0,uniform,0.625,0.375,0.9674700395364009,64.96747003953642,7.0,0.0
main_budget,2,critical_cell_entropy,8,24,12,64,mixed,none,0.0,uniform,0.75,0.25,0.6666666666666666,64.66666666666667,8.0,0.0
main_budget,2,critical_cell_entropy,9,24,12,64,mixed,none,0.0,uniform,0.8333333333333334,0.16666666666666666,0.4622807293770039,64.462280729377,9.0,0.0
main_budget,2,critical_cell_entropy,10,24,12,64,mixed,none,0.0,uniform,0.9166666666666666,0.08333333333333333,0.16666666666666666,64.16666666666667,10.0,0.0
main_budget,2,contact_equivalence,0,24,12,64,mixed,none,0.0,uniform,0.08333333333333333,0.9166666666666666,3.5849625007211565,67.58496250072115,0.0,0.0
main_budget,2,contact_equivalence,1,24,12,64,mixed,none,0.0,uniform,0.20833333333333334,0.7916666666666666,2.5849625007211547,66.58496250072115,1.0,0.0
main_budget,2,contact_equivalence,2,24,12,64,mixed,none,0.0,uniform,0.16666666666666666,0.8333333333333334,1.5849625007211552,65.58496250072115,2.0,0.0
main_budget,2,contact_equivalence,3,24,12,64,mixed,none,0.0,uniform,0.75,0.25,0.7083333333333334,64.70833333333333,3.0,0.0
main_budget,2,contact_equivalence,4,24,12,64,mixed,none,0.0,uniform,1.0,0.0,0.0,64.0,4.0,0.0
main_budget,2,contact_equivalence,5,24,12,64,mixed,none,0.0,uniform,1.0,0.0,0.0,64.0,5.0,0.0
main_budget,2,contact_equivalence,6,24,12,64,mixed,none,0.0,uniform,1.0,0.0,0.0,64.0,6.0,0.0
main_budget,2,contact_equivalence,7,24,12,64,mixed,none,0.0,uniform,1.0,0.0,0.0,64.0,7.0,0.0
main_budget,2,contact_equivalence,8,24,12,64,mixed,none,0.0,uniform,1.0,0.0,0.0,64.0,8.0,0.0
main_budget,2,contact_equivalence,9,24,12,64,mixed,none,0.0,uniform,1.0,0.0,0.0,64.0,9.0,0.0
main_budget,2,contact_equivalence,10,24,12,64,mixed,none,0.0,uniform,1.0,0.0,0.0,64.0,10.0,0.0
main_budget,2,hybrid_25,0,24,12,64,mixed,none,0.0,uniform,0.16666666666666666,0.8333333333333334,3.5849625007211565,67.58496250072115,0.0,0.0
main_budget,2,hybrid_25,1,24,12,64,mixed,none,0.0,uniform,0.041666666666666664,0.9583333333333334,3.5849625007211565,63.58496250072114,0.0,1.0
main_budget,2,hybrid_25,2,24,12,64,mixed,none,0.0,uniform,0.041666666666666664,0.9583333333333334,3.5849625007211565,59.58496250072114,0.0,2.0
main_budget,2,hybrid_25,3,24,12,64,mixed,none,0.0,uniform,0.125,0.875,3.5849625007211565,55.58496250072114,0.0,3.0
main_budget,2,hybrid_25,4,24,12,64,mixed,none,0.0,uniform,0.08333333333333333,0.9166666666666666,3.5849625007211565,51.584962500721154,0.0,4.0
main_budget,2,hybrid_25,5,24,12,64,mixed,none,0.0,uniform,0.0,1.0,3.5849625007211565,47.58496250072116,0.0,5.0
main_budget,2,hybrid_25,6,24,12,64,mixed,none,0.0,uniform,0.08333333333333333,0.9166666666666666,3.5849625007211565,43.58496250072116,0.0,6.0
main_budget,2,hybrid_25,7,24,12,64,mixed,none,0.0,uniform,0.041666666666666664,0.9583333333333334,3.5849625007211565,39.58496250072117,0.0,7.0
main_budget,2,hybrid_25,8,24,12,64,mixed,none,0.0,uniform,0.125,0.875,3.5849625007211565,35.58496250072116,0.0,8.0
main_budget,2,hybrid_25,9,24,12,64,mixed,none,0.0,uniform,0.08333333333333333,0.9166666666666666,3.5849625007211565,31.58496250072116,0.0,9.0
main_budget,2,hybrid_25,10,24,12,64,mixed,none,0.0,uniform,0.041666666666666664,0.9583333333333334,3.5849625007211565,27.584962500721158,0.0,10.0
main_budget,2,hybrid_50,0,24,12,64,mixed,none,0.0,uniform,0.041666666666666664,0.9583333333333334,3.5849625007211565,67.58496250072115,0.0,0.0
main_budget,2,hybrid_50,1,24,12,64,mixed,none,0.0,uniform,0.041666666666666664,0.9583333333333334,3.5849625007211565,63.58496250072114,0.0,1.0
main_budget,2,hybrid_50,2,24,12,64,mixed,none,0.0,uniform,0.041666666666666664,0.9583333333333334,3.5849625007211565,59.58496250072114,0.0,2.0
main_budget,2,hybrid_50,3,24,12,64,mixed,none,0.0,uniform,0.125,0.875,3.5849625007211565,55.58496250072114,0.0,3.0
main_budget,2,hybrid_50,4,24,12,64,mixed,none,0.0,uniform,0.08333333333333333,0.9166666666666666,3.5849625007211565,51.584962500721154,0.0,4.0
main_budget,2,hybrid_50,5,24,12,64,mixed,none,0.0,uniform,0.125,0.875,3.5849625007211565,47.58496250072116,0.0,5.0
main_budget,2,hybrid_50,6,24,12,64,mixed,none,0.0,uniform,0.16666666666666666,0.8333333333333334,3.5849625007211565,43.58496250072116,0.0,6.0
main_budget,2,hybrid_50,7,24,12,64,mixed,none,0.0,uniform,0.08333333333333333,0.9166666666666666,3.5849625007211565,39.58496250072117,0.0,7.0
main_budget,2,hybrid_50,8,24,12,64,mixed,none,0.0,uniform,0.041666666666666664,0.9583333333333334,3.5849625007211565,35.58496250072116,0.0,8.0
main_budget,2,hybrid_50,9,24,12,64,mixed,none,0.0,uniform,0.041666666666666664,0.9583333333333334,3.5849625007211565,31.58496250072116,0.0,9.0
main_budget,2,hybrid_50,10,24,12,64,mixed,none,0.0,uniform,0.08333333333333333,0.9166666666666666,3.5849625007211565,27.584962500721158,0.0,10.0
main_budget,2,expected_regret,0,24,12,64,mixed,none,0.0,uniform,0.041666666666666664,0.9583333333333334,3.5849625007211565,67.58496250072115,0.0,0.0
main_budget,2,expected_regret,1,24,12,64,mixed,none,0.0,uniform,0.20833333333333334,0.7916666666666666,2.5849625007211547,66.58496250072115,1.0,0.0
main_budget,2,expected_regret,2,24,12,64,mixed,none,0.0,uniform,0.25,0.75,1.5833333333333333,65.58333333333333,2.0,0.0
main_budget,2,expected_regret,3,24,12,64,mixed,none,0.0,uniform,0.75,0.25,0.7264411461638632,64.72644114616386,3.0,0.0
main_budget,2,expected_regret,4,24,12,64,mixed,none,0.0,uniform,0.875,0.125,0.3333333333333333,64.33333333333333,4.0,0.0
main_budget,2,expected_regret,5,24,12,64,mixed,none,0.0,uniform,1.0,0.0,0.0,64.0,5.0,0.0
main_budget,2,expected_regret,6,24,12,64,mixed,none,0.0,uniform,1.0,0.0,0.0,64.0,6.0,0.0
main_budget,2,expected_regret,7,24,12,64,mixed,none,0.0,uniform,1.0,0.0,0.0,64.0,7.0,0.0
main_budget,2,expected_regret,8,24,12,64,mixed,none,0.0,uniform,1.0,0.0,0.0,64.0,8.0,0.0
main_budget,2,expected_regret,9,24,12,64,mixed,none,0.0,uniform,1.0,0.0,0.0,64.0,9.0,0.0
main_budget,2,expected_regret,10,24,12,64,mixed,none,0.0,uniform,1.0,0.0,0.0,64.0,10.0,0.0
main_budget,2,sampled_equivalence,0,24,12,64,mixed,none,0.0,uniform,0.125,0.875,3.5849625007211565,67.58496250072115,0.0,0.0
main_budget,2,sampled_equivalence,1,24,12,64,mixed,none,0.0,uniform,0.16666666666666666,0.8333333333333334,2.6643484380108178,66.6643484380108,1.0,0.0
main_budget,2,sampled_equivalence,2,24,12,64,mixed,none,0.0,uniform,0.20833333333333334,0.7916666666666666,1.7713084627076474,65.77130846270765,2.0,0.0
main_budget,2,sampled_equivalence,3,24,12,64,mixed,none,0.0,uniform,0.5833333333333334,0.4166666666666667,0.8647869792568113,64.8647869792568,3.0,0.0
main_budget,2,sampled_equivalence,4,24,12,64,mixed,none,0.0,uniform,1.0,0.0,0.041666666666666664,64.04166666666667,4.0,0.0
main_budget,2,sampled_equivalence,5,24,12,64,mixed,none,0.0,uniform,1.0,0.0,0.0,64.0,5.0,0.0
main_budget,2,sampled_equivalence,6,24,12,64,mixed,none,0.0,uniform,1.0,0.0,0.0,64.0,6.0,0.0
main_budget,2,sampled_equivalence,7,24,12,64,mixed,none,0.0,uniform,1.0,0.0,0.0,64.0,7.0,0.0
main_budget,2,sampled_equivalence,8,24,12,64,mixed,none,0.0,uniform,1.0,0.0,0.0,64.0,8.0,0.0
main_budget,2,sampled_equivalence,9,24,12,64,mixed,none,0.0,uniform,1.0,0.0,0.0,64.0,9.0,0.0
main_budget,2,sampled_equivalence,10,24,12,64,mixed,none,0.0,uniform,1.0,0.0,0.0,64.0,10.0,0.0
main_budget,3,visual_only,0,24,12,64,mixed,none,0.0,uniform,0.125,0.875,3.5849625007211565,67.58496250072115,0.0,0.0
main_budget,3,visual_only,1,24,12,64,mixed,none,0.0,uniform,0.08333333333333333,0.9166666666666666,3.5849625007211565,67.58496250072115,0.0,0.0
main_budget,3,visual_only,2,24,12,64,mixed,none,0.0,uniform,0.125,0.875,3.5849625007211565,67.58496250072115,0.0,0.0
main_budget,3,visual_only,3,24,12,64,mixed,none,0.0,uniform,0.20833333333333334,0.7916666666666666,3.5849625007211565,67.58496250072115,0.0,0.0
main_budget,3,visual_only,4,24,12,64,mixed,none,0.0,uniform,0.08333333333333333,0.9166666666666666,3.5849625007211565,67.58496250072115,0.0,0.0
main_budget,3,visual_only,5,24,12,64,mixed,none,0.0,uniform,0.0,1.0,3.5849625007211565,67.58496250072115,0.0,0.0
main_budget,3,visual_only,6,24,12,64,mixed,none,0.0,uniform,0.08333333333333333,0.9166666666666666,3.5849625007211565,67.58496250072115,0.0,0.0
main_budget,3,visual_only,7,24,12,64,mixed,none,0.0,uniform,0.0,1.0,3.5849625007211565,67.58496250072115,0.0,0.0
main_budget,3,visual_only,8,24,12,64,mixed,none,0.0,uniform,0.041666666666666664,0.9583333333333334,3.5849625007211565,67.58496250072115,0.0,0.0
main_budget,3,visual_only,9,24,12,64,mixed,none,0.0,uniform,0.125,0.875,3.5849625007211565,67.58496250072115,0.0,0.0
main_budget,3,visual_only,10,24,12,64,mixed,none,0.0,uniform,0.08333333333333333,0.9166666666666666,3.5849625007211565,67.58496250072115,0.0,0.0
main_budget,3,random,0,24,12,64,mixed,none,0.0,uniform,0.08333333333333333,0.9166666666666666,3.5849625007211565,67.58496250072115,0.0,0.0
main_budget,3,random,1,24,12,64,mixed,none,0.0,uniform,0.16666666666666666,0.8333333333333334,3.1359894066723526,66.13598940667235,0.75,0.25
main_budget,3,random,2,24,12,64,mixed,none,0.0,uniform,0.2916666666666667,0.7083333333333334,2.43880654246667,64.77213987580001,1.5833333333333333,0.4166666666666667
main_budget,3,random,3,24,12,64,mixed,none,0.0,uniform,0.4166666666666667,0.5833333333333334,2.203394893920436,63.20339489392043,2.25,0.75
main_budget,3,random,4,24,12,64,mixed,none,0.0,uniform,0.375,0.625,2.1286925875719986,60.962025920905326,2.7083333333333335,1.2916666666666667
main_budget,3,random,5,24,12,64,mixed,none,0.0,uniform,0.4166666666666667,0.5833333333333334,1.7901089257006613,59.123442259034,3.3333333333333335,1.6666666666666667
main_budget,3,random,6,24,12,64,mixed,none,0.0,uniform,0.5416666666666666,0.4583333333333333,1.5008283252172017,57.83416165855055,4.083333333333333,1.9166666666666667
main_budget,3,random,7,24,12,64,mixed,none,0.0,uniform,0.5,0.5,1.2752017627472496,57.27520176274726,5.0,2.0
main_budget,3,random,8,24,12,64,mixed,none,0.0,uniform,0.5416666666666666,0.4583333333333333,1.1070278622241876,56.10702786222419,5.75,2.25
main_budget,3,random,9,24,12,64,mixed,none,0.0,uniform,0.75,0.25,0.8806545535876834,54.88065455358768,6.5,2.5
main_budget,3,random,10,24,12,64,mixed,none,0.0,uniform,0.75,0.25,0.683013225949115,53.516346559282454,7.208333333333333,2.7916666666666665
main_budget,3,dense_entropy,0,24,12,64,mixed,none,0.0,uniform,0.16666666666666666,0.8333333333333334,3.5849625007211565,67.58496250072115,0.0,0.0
main_budget,3,dense_entropy,1,24,12,64,mixed,none,0.0,uniform,0.08333333333333333,0.9166666666666666,3.5849625007211565,63.58496250072114,0.0,1.0
main_budget,3,dense_entropy,2,24,12,64,mixed,none,0.0,uniform,0.16666666666666666,0.8333333333333334,3.5849625007211565,59.58496250072114,0.0,2.0
main_budget,3,dense_entropy,3,24,12,64,mixed,none,0.0,uniform,0.041666666666666664,0.9583333333333334,3.5849625007211565,55.58496250072114,0.0,3.0
main_budget,3,dense_entropy,4,24,12,64,mixed,none,0.0,uniform,0.041666666666666664,0.9583333333333334,3.5849625007211565,51.584962500721154,0.0,4.0
main_budget,3,dense_entropy,5,24,12,64,mixed,none,0.0,uniform,0.041666666666666664,0.9583333333333334,3.5849625007211565,47.58496250072116,0.0,5.0
main_budget,3,dense_entropy,6,24,12,64,mixed,none,0.0,uniform,0.08333333333333333,0.9166666666666666,3.5849625007211565,43.58496250072116,0.0,6.0
main_budget,3,dense_entropy,7,24,12,64,mixed,none,0.0,uniform,0.08333333333333333,0.9166666666666666,3.5849625007211565,39.58496250072117,0.0,7.0
main_budget,3,dense_entropy,8,24,12,64,mixed,none,0.0,uniform,0.125,0.875,3.5849625007211565,35.58496250072116,0.0,8.0
main_budget,3,dense_entropy,9,24,12,64,mixed,none,0.0,uniform,0.041666666666666664,0.9583333333333334,3.5849625007211565,31.58496250072116,0.0,9.0
main_budget,3,dense_entropy,10,24,12,64,mixed,none,0.0,uniform,0.08333333333333333,0.9166666666666666,3.5849625007211565,27.584962500721158,0.0,10.0
main_budget,3,dense_contact_only,0,24,12,64,mixed,none,0.0,uniform,0.0,1.0,3.5849625007211565,67.58496250072115,0.0,0.0
main_budget,3,dense_contact_only,1,24,12,64,mixed,none,0.0,uniform,0.125,0.875,2.5849625007211547,66.58496250072115,1.0,0.0
main_budget,3,dense_contact_only,2,24,12,64,mixed,none,0.0,uniform,0.2916666666666667,0.7083333333333334,1.5849625007211552,65.58496250072115,2.0,0.0
main_budget,3,dense_contact_only,3,24,12,64,mixed,none,0.0,uniform,0.8333333333333334,0.16666666666666666,0.5416666666666666,64.54166666666667,3.0,0.0
main_budget,3,dense_contact_only,4,24,12,64,mixed,none,0.0,uniform,1.0,0.0,0.0,64.0,4.0,0.0
main_budget,3,dense_contact_only,5,24,12,64,mixed,none,0.0,uniform,1.0,0.0,0.0,64.0,5.0,0.0
main_budget,3,dense_contact_only,6,24,12,64,mixed,none,0.0,uniform,1.0,0.0,0.0,64.0,6.0,0.0
main_budget,3,dense_contact_only,7,24,12,64,mixed,none,0.0,uniform,1.0,0.0,0.0,64.0,7.0,0.0
main_budget,3,dense_contact_only,8,24,12,64,mixed,none,0.0,uniform,1.0,0.0,0.0,64.0,8.0,0.0
main_budget,3,dense_contact_only,9,24,12,64,mixed,none,0.0,uniform,1.0,0.0,0.0,64.0,9.0,0.0
main_budget,3,dense_contact_only,10,24,12,64,mixed,none,0.0,uniform,1.0,0.0,0.0,64.0,10.0,0.0
main_budget,3,critical_cell_entropy,0,24,12,64,mixed,none,0.0,uniform,0.125,0.875,3.5849625007211565,67.58496250072115,0.0,0.0
main_budget,3,critical_cell_entropy,1,24,12,64,mixed,none,0.0,uniform,0.20833333333333334,0.7916666666666666,3.027002666307635,67.02700266630765,1.0,0.0
main_budget,3,critical_cell_entropy,2,24,12,64,mixed,none,0.0,uniform,0.4166666666666667,0.5833333333333334,2.2146187299249083,66.21461872992494,2.0,0.0
main_budget,3,critical_cell_entropy,3,24,12,64,mixed,none,0.0,uniform,0.4166666666666667,0.5833333333333334,2.113283334294874,66.11328333429489,3.0,0.0
main_budget,3,critical_cell_entropy,4,24,12,64,mixed,none,0.0,uniform,0.375,0.625,1.875,65.875,4.0,0.0
main_budget,3,critical_cell_entropy,5,24,12,64,mixed,none,0.0,uniform,0.5416666666666666,0.4583333333333333,1.6376237045336028,65.6376237045336,5.0,0.0
main_budget,3,critical_cell_entropy,6,24,12,64,mixed,none,0.0,uniform,0.4583333333333333,0.5416666666666666,1.5078947920873407,65.50789479208734,6.0,0.0
main_budget,3,critical_cell_entropy,7,24,12,64,mixed,none,0.0,uniform,0.625,0.375,1.160964047443681,65.1609640474437,7.0,0.0
main_budget,3,critical_cell_entropy,8,24,12,64,mixed,none,0.0,uniform,0.625,0.375,0.8333333333333334,64.83333333333333,8.0,0.0
main_budget,3,critical_cell_entropy,9,24,12,64,mixed,none,0.0,uniform,0.7083333333333334,0.2916666666666667,0.5283208335737187,64.52832083357372,9.0,0.0
main_budget,3,critical_cell_entropy,10,24,12,64,mixed,none,0.0,uniform,0.875,0.125,0.20833333333333334,64.20833333333333,10.0,0.0
main_budget,3,contact_equivalence,0,24,12,64,mixed,none,0.0,uniform,0.041666666666666664,0.9583333333333334,3.5849625007211565,67.58496250072115,0.0,0.0
main_budget,3,contact_equivalence,1,24,12,64,mixed,none,0.0,uniform,0.25,0.75,2.5849625007211547,66.58496250072115,1.0,0.0
main_budget,3,contact_equivalence,2,24,12,64,mixed,none,0.0,uniform,0.3333333333333333,0.6666666666666666,1.5849625007211552,65.58496250072115,2.0,0.0
main_budget,3,contact_equivalence,3,24,12,64,mixed,none,0.0,uniform,0.7083333333333334,0.2916666666666667,0.7083333333333334,64.70833333333333,3.0,0.0
main_budget,3,contact_equivalence,4,24,12,64,mixed,none,0.0,uniform,1.0,0.0,0.0,64.0,4.0,0.0
main_budget,3,contact_equivalence,5,24,12,64,mixed,none,0.0,uniform,1.0,0.0,0.0,64.0,5.0,0.0
main_budget,3,contact_equivalence,6,24,12,64,mixed,none,0.0,uniform,1.0,0.0,0.0,64.0,6.0,0.0
main_budget,3,contact_equivalence,7,24,12,64,mixed,none,0.0,uniform,1.0,0.0,0.0,64.0,7.0,0.0
main_budget,3,contact_equivalence,8,24,12,64,mixed,none,0.0,uniform,1.0,0.0,0.0,64.0,8.0,0.0
main_budget,3,contact_equivalence,9,24,12,64,mixed,none,0.0,uniform,1.0,0.0,0.0,64.0,9.0,0.0
main_budget,3,contact_equivalence,10,24,12,64,mixed,none,0.0,uniform,1.0,0.0,0.0,64.0,10.0,0.0
main_budget,3,hybrid_25,0,24,12,64,mixed,none,0.0,uniform,0.041666666666666664,0.9583333333333334,3.5849625007211565,67.58496250072115,0.0,0.0
main_budget,3,hybrid_25,1,24,12,64,mixed,none,0.0,uniform,0.041666666666666664,0.9583333333333334,3.5849625007211565,63.58496250072114,0.0,1.0
main_budget,3,hybrid_25,2,24,12,64,mixed,none,0.0,uniform,0.08333333333333333,0.9166666666666666,3.5849625007211565,59.58496250072114,0.0,2.0
main_budget,3,hybrid_25,3,24,12,64,mixed,none,0.0,uniform,0.16666666666666666,0.8333333333333334,3.5849625007211565,55.58496250072114,0.0,3.0
main_budget,3,hybrid_25,4,24,12,64,mixed,none,0.0,uniform,0.08333333333333333,0.9166666666666666,3.5849625007211565,51.584962500721154,0.0,4.0
main_budget,3,hybrid_25,5,24,12,64,mixed,none,0.0,uniform,0.16666666666666666,0.8333333333333334,3.5849625007211565,47.58496250072116,0.0,5.0
main_budget,3,hybrid_25,6,24,12,64,mixed,none,0.0,uniform,0.041666666666666664,0.9583333333333334,3.5849625007211565,43.58496250072116,0.0,6.0
main_budget,3,hybrid_25,7,24,12,64,mixed,none,0.0,uniform,0.08333333333333333,0.9166666666666666,3.5849625007211565,39.58496250072117,0.0,7.0
main_budget,3,hybrid_25,8,24,12,64,mixed,none,0.0,uniform,0.041666666666666664,0.9583333333333334,3.5849625007211565,35.58496250072116,0.0,8.0
main_budget,3,hybrid_25,9,24,12,64,mixed,none,0.0,uniform,0.0,1.0,3.5849625007211565,31.58496250072116,0.0,9.0
main_budget,3,hybrid_25,10,24,12,64,mixed,none,0.0,uniform,0.041666666666666664,0.9583333333333334,3.5849625007211565,27.584962500721158,0.0,10.0
main_budget,3,hybrid_50,0,24,12,64,mixed,none,0.0,uniform,0.041666666666666664,0.9583333333333334,3.5849625007211565,67.58496250072115,0.0,0.0
main_budget,3,hybrid_50,1,24,12,64,mixed,none,0.0,uniform,0.0,1.0,3.5849625007211565,63.58496250072114,0.0,1.0
main_budget,3,hybrid_50,2,24,12,64,mixed,none,0.0,uniform,0.20833333333333334,0.7916666666666666,3.5849625007211565,59.58496250072114,0.0,2.0
main_budget,3,hybrid_50,3,24,12,64,mixed,none,0.0,uniform,0.041666666666666664,0.9583333333333334,3.5849625007211565,55.58496250072114,0.0,3.0
main_budget,3,hybrid_50,4,24,12,64,mixed,none,0.0,uniform,0.16666666666666666,0.8333333333333334,3.5849625007211565,51.584962500721154,0.0,4.0
main_budget,3,hybrid_50,5,24,12,64,mixed,none,0.0,uniform,0.0,1.0,3.5849625007211565,47.58496250072116,0.0,5.0
main_budget,3,hybrid_50,6,24,12,64,mixed,none,0.0,uniform,0.041666666666666664,0.9583333333333334,3.5849625007211565,43.58496250072116,0.0,6.0
main_budget,3,hybrid_50,7,24,12,64,mixed,none,0.0,uniform,0.125,0.875,3.5849625007211565,39.58496250072117,0.0,7.0
main_budget,3,hybrid_50,8,24,12,64,mixed,none,0.0,uniform,0.25,0.75,3.5849625007211565,35.58496250072116,0.0,8.0
main_budget,3,hybrid_50,9,24,12,64,mixed,none,0.0,uniform,0.08333333333333333,0.9166666666666666,3.5849625007211565,31.58496250072116,0.0,9.0
main_budget,3,hybrid_50,10,24,12,64,mixed,none,0.0,uniform,0.08333333333333333,0.9166666666666666,3.5849625007211565,27.584962500721158,0.0,10.0
main_budget,3,expected_regret,0,24,12,64,mixed,none,0.0,uniform,0.041666666666666664,0.9583333333333334,3.5849625007211565,67.58496250072115,0.0,0.0
main_budget,3,expected_regret,1,24,12,64,mixed,none,0.0,uniform,0.16666666666666666,0.8333333333333334,2.5849625007211547,66.58496250072115,1.0,0.0
main_budget,3,expected_regret,2,24,12,64,mixed,none,0.0,uniform,0.2916666666666667,0.7083333333333334,1.5416666666666667,65.54166666666667,2.0,0.0
main_budget,3,expected_regret,3,24,12,64,mixed,none,0.0,uniform,0.625,0.375,0.7264411461638632,64.72644114616386,3.0,0.0
main_budget,3,expected_regret,4,24,12,64,mixed,none,0.0,uniform,0.875,0.125,0.25,64.25,4.0,0.0
main_budget,3,expected_regret,5,24,12,64,mixed,none,0.0,uniform,1.0,0.0,0.0,64.0,5.0,0.0
main_budget,3,expected_regret,6,24,12,64,mixed,none,0.0,uniform,1.0,0.0,0.0,64.0,6.0,0.0
main_budget,3,expected_regret,7,24,12,64,mixed,none,0.0,uniform,1.0,0.0,0.0,64.0,7.0,0.0
main_budget,3,expected_regret,8,24,12,64,mixed,none,0.0,uniform,1.0,0.0,0.0,64.0,8.0,0.0
main_budget,3,expected_regret,9,24,12,64,mixed,none,0.0,uniform,1.0,0.0,0.0,64.0,9.0,0.0
main_budget,3,expected_regret,10,24,12,64,mixed,none,0.0,uniform,1.0,0.0,0.0,64.0,10.0,0.0
main_budget,3,sampled_equivalence,0,24,12,64,mixed,none,0.0,uniform,0.08333333333333333,0.9166666666666666,3.5849625007211565,67.58496250072115,0.0,0.0
main_budget,3,sampled_equivalence,1,24,12,64,mixed,none,0.0,uniform,0.25,0.75,2.615601562950722,66.61560156295072,1.0,0.0
main_budget,3,sampled_equivalence,2,24,12,64,mixed,none,0.0,uniform,0.25,0.75,1.7006420538280684,65.70064205382806,2.0,0.0
main_budget,3,sampled_equivalence,3,24,12,64,mixed,none,0.0,uniform,0.7083333333333334,0.2916666666666667,0.7814536459234779,64.78145364592348,3.0,0.0
main_budget,3,sampled_equivalence,4,24,12,64,mixed,none,0.0,uniform,0.9166666666666666,0.08333333333333333,0.125,64.125,4.0,0.0
main_budget,3,sampled_equivalence,5,24,12,64,mixed,none,0.0,uniform,1.0,0.0,0.0,64.0,5.0,0.0
main_budget,3,sampled_equivalence,6,24,12,64,mixed,none,0.0,uniform,1.0,0.0,0.0,64.0,6.0,0.0
main_budget,3,sampled_equivalence,7,24,12,64,mixed,none,0.0,uniform,1.0,0.0,0.0,64.0,7.0,0.0
main_budget,3,sampled_equivalence,8,24,12,64,mixed,none,0.0,uniform,1.0,0.0,0.0,64.0,8.0,0.0
main_budget,3,sampled_equivalence,9,24,12,64,mixed,none,0.0,uniform,1.0,0.0,0.0,64.0,9.0,0.0
main_budget,3,sampled_equivalence,10,24,12,64,mixed,none,0.0,uniform,1.0,0.0,0.0,64.0,10.0,0.0
main_budget,4,visual_only,0,24,12,64,mixed,none,0.0,uniform,0.16666666666666666,0.8333333333333334,3.5849625007211565,67.58496250072115,0.0,0.0
main_budget,4,visual_only,1,24,12,64,mixed,none,0.0,uniform,0.08333333333333333,0.9166666666666666,3.5849625007211565,67.58496250072115,0.0,0.0
main_budget,4,visual_only,2,24,12,64,mixed,none,0.0,uniform,0.041666666666666664,0.9583333333333334,3.5849625007211565,67.58496250072115,0.0,0.0
main_budget,4,visual_only,3,24,12,64,mixed,none,0.0,uniform,0.08333333333333333,0.9166666666666666,3.5849625007211565,67.58496250072115,0.0,0.0
main_budget,4,visual_only,4,24,12,64,mixed,none,0.0,uniform,0.16666666666666666,0.8333333333333334,3.5849625007211565,67.58496250072115,0.0,0.0
main_budget,4,visual_only,5,24,12,64,mixed,none,0.0,uniform,0.041666666666666664,0.9583333333333334,3.5849625007211565,67.58496250072115,0.0,0.0
main_budget,4,visual_only,6,24,12,64,mixed,none,0.0,uniform,0.0,1.0,3.5849625007211565,67.58496250072115,0.0,0.0
main_budget,4,visual_only,7,24,12,64,mixed,none,0.0,uniform,0.16666666666666666,0.8333333333333334,3.5849625007211565,67.58496250072115,0.0,0.0
main_budget,4,visual_only,8,24,12,64,mixed,none,0.0,uniform,0.041666666666666664,0.9583333333333334,3.5849625007211565,67.58496250072115,0.0,0.0
main_budget,4,visual_only,9,24,12,64,mixed,none,0.0,uniform,0.125,0.875,3.5849625007211565,67.58496250072115,0.0,0.0
main_budget,4,visual_only,10,24,12,64,mixed,none,0.0,uniform,0.08333333333333333,0.9166666666666666,3.5849625007211565,67.58496250072115,0.0,0.0
main_budget,4,random,0,24,12,64,mixed,none,0.0,uniform,0.0,1.0,3.5849625007211565,67.58496250072115,0.0,0.0
main_budget,4,random,1,24,12,64,mixed,none,0.0,uniform,0.25,0.75,2.7858960675371836,65.45256273420385,0.6666666666666666,0.3333333333333333
main_budget,4,random,2,24,12,64,mixed,none,0.0,uniform,0.4583333333333333,0.5416666666666666,2.3377757549470393,64.50444242161372,1.5416666666666667,0.4583333333333333
main_budget,4,random,3,24,12,64,mixed,none,0.0,uniform,0.3333333333333333,0.6666666666666666,2.121053147131389,63.12105314713139,2.25,0.75
main_budget,4,random,4,24,12,64,mixed,none,0.0,uniform,0.4166666666666667,0.5833333333333334,1.793988484216973,61.460655150883646,2.9166666666666665,1.0833333333333333
main_budget,4,random,5,24,12,64,mixed,none,0.0,uniform,0.375,0.625,1.6399887420040606,60.47332207533739,3.7083333333333335,1.2916666666666667
main_budget,4,random,6,24,12,64,mixed,none,0.0,uniform,0.5833333333333334,0.4166666666666667,1.4847608271987118,59.15142749386536,4.416666666666667,1.5833333333333333
main_budget,4,random,7,24,12,64,mixed,none,0.0,uniform,0.5,0.5,1.275680747698826,57.942347414365486,5.166666666666667,1.8333333333333333
main_budget,4,random,8,24,12,64,mixed,none,0.0,uniform,0.7083333333333334,0.2916666666666667,1.0948536642453,56.42818699757862,5.833333333333333,2.1666666666666665
main_budget,4,random,9,24,12,64,mixed,none,0.0,uniform,0.5833333333333334,0.4166666666666667,0.9442407540738328,55.610907420740496,6.666666666666667,2.3333333333333335
main_budget,4,random,10,24,12,64,mixed,none,0.0,uniform,0.6666666666666666,0.3333333333333333,0.6028805424928997,54.43621387582622,7.458333333333333,2.5416666666666665
main_budget,4,dense_entropy,0,24,12,64,mixed,none,0.0,uniform,0.125,0.875,3.5849625007211565,67.58496250072115,0.0,0.0
main_budget,4,dense_entropy,1,24,12,64,mixed,none,0.0,uniform,0.08333333333333333,0.9166666666666666,3.5849625007211565,63.58496250072114,0.0,1.0
main_budget,4,dense_entropy,2,24,12,64,mixed,none,0.0,uniform,0.25,0.75,3.5849625007211565,59.58496250072114,0.0,2.0
main_budget,4,dense_entropy,3,24,12,64,mixed,none,0.0,uniform,0.08333333333333333,0.9166666666666666,3.5849625007211565,55.58496250072114,0.0,3.0
main_budget,4,dense_entropy,4,24,12,64,mixed,none,0.0,uniform,0.041666666666666664,0.9583333333333334,3.5849625007211565,51.584962500721154,0.0,4.0
main_budget,4,dense_entropy,5,24,12,64,mixed,none,0.0,uniform,0.125,0.875,3.5849625007211565,47.58496250072116,0.0,5.0
main_budget,4,dense_entropy,6,24,12,64,mixed,none,0.0,uniform,0.041666666666666664,0.9583333333333334,3.5849625007211565,43.58496250072116,0.0,6.0
main_budget,4,dense_entropy,7,24,12,64,mixed,none,0.0,uniform,0.20833333333333334,0.7916666666666666,3.5849625007211565,39.58496250072117,0.0,7.0
main_budget,4,dense_entropy,8,24,12,64,mixed,none,0.0,uniform,0.20833333333333334,0.7916666666666666,3.5849625007211565,35.58496250072116,0.0,8.0
main_budget,4,dense_entropy,9,24,12,64,mixed,none,0.0,uniform,0.0,1.0,3.5849625007211565,31.58496250072116,0.0,9.0
main_budget,4,dense_entropy,10,24,12,64,mixed,none,0.0,uniform,0.041666666666666664,0.9583333333333334,3.5849625007211565,27.584962500721158,0.0,10.0
main_budget,4,dense_contact_only,0,24,12,64,mixed,none,0.0,uniform,0.08333333333333333,0.9166666666666666,3.5849625007211565,67.58496250072115,0.0,0.0
main_budget,4,dense_contact_only,1,24,12,64,mixed,none,0.0,uniform,0.08333333333333333,0.9166666666666666,2.5849625007211547,66.58496250072115,1.0,0.0
main_budget,4,dense_contact_only,2,24,12,64,mixed,none,0.0,uniform,0.4166666666666667,0.5833333333333334,1.5849625007211552,65.58496250072115,2.0,0.0
main_budget,4,dense_contact_only,3,24,12,64,mixed,none,0.0,uniform,0.7083333333333334,0.2916666666666667,0.625,64.625,3.0,0.0
main_budget,4,dense_contact_only,4,24,12,64,mixed,none,0.0,uniform,1.0,0.0,0.0,64.0,4.0,0.0
main_budget,4,dense_contact_only,5,24,12,64,mixed,none,0.0,uniform,1.0,0.0,0.0,64.0,5.0,0.0
main_budget,4,dense_contact_only,6,24,12,64,mixed,none,0.0,uniform,1.0,0.0,0.0,64.0,6.0,0.0
main_budget,4,dense_contact_only,7,24,12,64,mixed,none,0.0,uniform,1.0,0.0,0.0,64.0,7.0,0.0
main_budget,4,dense_contact_only,8,24,12,64,mixed,none,0.0,uniform,1.0,0.0,0.0,64.0,8.0,0.0
main_budget,4,dense_contact_only,9,24,12,64,mixed,none,0.0,uniform,1.0,0.0,0.0,64.0,9.0,0.0
main_budget,4,dense_contact_only,10,24,12,64,mixed,none,0.0,uniform,1.0,0.0,0.0,64.0,10.0,0.0
main_budget,4,critical_cell_entropy,0,24,12,64,mixed,none,0.0,uniform,0.125,0.875,3.5849625007211565,67.58496250072115,0.0,0.0
main_budget,4,critical_cell_entropy,1,24,12,64,mixed,none,0.0,uniform,0.16666666666666666,0.8333333333333334,3.171145650417522,67.17114565041753,1.0,0.0
main_budget,4,critical_cell_entropy,2,24,12,64,mixed,none,0.0,uniform,0.2916666666666667,0.7083333333333334,2.9066870830264424,66.90668708302648,2.0,0.0
main_budget,4,critical_cell_entropy,3,24,12,64,mixed,none,0.0,uniform,0.2916666666666667,0.7083333333333334,2.5095239594751626,66.50952395947516,3.0,0.0
main_budget,4,critical_cell_entropy,4,24,12,64,mixed,none,0.0,uniform,0.375,0.625,2.0,66.0,4.0,0.0
main_budget,4,critical_cell_entropy,5,24,12,64,mixed,none,0.0,uniform,0.625,0.375,1.4036774610288025,65.40367746102879,5.0,0.0
main_budget,4,critical_cell_entropy,6,24,12,64,mixed,none,0.0,uniform,0.7083333333333334,0.2916666666666667,1.077067708633815,65.07706770863383,6.0,0.0
main_budget,4,critical_cell_entropy,7,24,12,64,mixed,none,0.0,uniform,0.6666666666666666,0.3333333333333333,0.8707230355827608,64.87072303558277,7.0,0.0
main_budget,4,critical_cell_entropy,8,24,12,64,mixed,none,0.0,uniform,0.7916666666666666,0.20833333333333334,0.5,64.5,8.0,0.0
main_budget,4,critical_cell_entropy,9,24,12,64,mixed,none,0.0,uniform,1.0,0.0,0.06604010419671484,64.06604010419672,9.0,0.0
main_budget,4,critical_cell_entropy,10,24,12,64,mixed,none,0.0,uniform,0.9583333333333334,0.041666666666666664,0.041666666666666664,64.04166666666667,10.0,0.0
main_budget,4,contact_equivalence,0,24,12,64,mixed,none,0.0,uniform,0.08333333333333333,0.9166666666666666,3.5849625007211565,67.58496250072115,0.0,0.0
main_budget,4,contact_equivalence,1,24,12,64,mixed,none,0.0,uniform,0.20833333333333334,0.7916666666666666,2.5849625007211547,66.58496250072115,1.0,0.0
main_budget,4,contact_equivalence,2,24,12,64,mixed,none,0.0,uniform,0.375,0.625,1.5849625007211552,65.58496250072115,2.0,0.0
main_budget,4,contact_equivalence,3,24,12,64,mixed,none,0.0,uniform,0.8333333333333334,0.16666666666666666,0.625,64.625,3.0,0.0
main_budget,4,contact_equivalence,4,24,12,64,mixed,none,0.0,uniform,1.0,0.0,0.0,64.0,4.0,0.0
main_budget,4,contact_equivalence,5,24,12,64,mixed,none,0.0,uniform,1.0,0.0,0.0,64.0,5.0,0.0
main_budget,4,contact_equivalence,6,24,12,64,mixed,none,0.0,uniform,1.0,0.0,0.0,64.0,6.0,0.0
main_budget,4,contact_equivalence,7,24,12,64,mixed,none,0.0,uniform,1.0,0.0,0.0,64.0,7.0,0.0
main_budget,4,contact_equivalence,8,24,12,64,mixed,none,0.0,uniform,1.0,0.0,0.0,64.0,8.0,0.0
main_budget,4,contact_equivalence,9,24,12,64,mixed,none,0.0,uniform,1.0,0.0,0.0,64.0,9.0,0.0
main_budget,4,contact_equivalence,10,24,12,64,mixed,none,0.0,uniform,1.0,0.0,0.0,64.0,10.0,0.0
main_budget,4,hybrid_25,0,24,12,64,mixed,none,0.0,uniform,0.25,0.75,3.5849625007211565,67.58496250072115,0.0,0.0
main_budget,4,hybrid_25,1,24,12,64,mixed,none,0.0,uniform,0.0,1.0,3.5849625007211565,63.58496250072114,0.0,1.0
main_budget,4,hybrid_25,2,24,12,64,mixed,none,0.0,uniform,0.125,0.875,3.5849625007211565,59.58496250072114,0.0,2.0
main_budget,4,hybrid_25,3,24,12,64,mixed,none,0.0,uniform,0.08333333333333333,0.9166666666666666,3.5849625007211565,55.58496250072114,0.0,3.0
main_budget,4,hybrid_25,4,24,12,64,mixed,none,0.0,uniform,0.041666666666666664,0.9583333333333334,3.5849625007211565,51.584962500721154,0.0,4.0
main_budget,4,hybrid_25,5,24,12,64,mixed,none,0.0,uniform,0.041666666666666664,0.9583333333333334,3.5849625007211565,47.58496250072116,0.0,5.0
main_budget,4,hybrid_25,6,24,12,64,mixed,none,0.0,uniform,0.16666666666666666,0.8333333333333334,3.5849625007211565,43.58496250072116,0.0,6.0
main_budget,4,hybrid_25,7,24,12,64,mixed,none,0.0,uniform,0.08333333333333333,0.9166666666666666,3.5849625007211565,39.58496250072117,0.0,7.0
main_budget,4,hybrid_25,8,24,12,64,mixed,none,0.0,uniform,0.125,0.875,3.5849625007211565,35.58496250072116,0.0,8.0
main_budget,4,hybrid_25,9,24,12,64,mixed,none,0.0,uniform,0.08333333333333333,0.9166666666666666,3.5849625007211565,31.58496250072116,0.0,9.0
main_budget,4,hybrid_25,10,24,12,64,mixed,none,0.0,uniform,0.20833333333333334,0.7916666666666666,3.5849625007211565,27.584962500721158,0.0,10.0
main_budget,4,hybrid_50,0,24,12,64,mixed,none,0.0,uniform,0.16666666666666666,0.8333333333333334,3.5849625007211565,67.58496250072115,0.0,0.0
main_budget,4,hybrid_50,1,24,12,64,mixed,none,0.0,uniform,0.0,1.0,3.5849625007211565,63.58496250072114,0.0,1.0
main_budget,4,hybrid_50,2,24,12,64,mixed,none,0.0,uniform,0.125,0.875,3.5849625007211565,59.58496250072114,0.0,2.0
main_budget,4,hybrid_50,3,24,12,64,mixed,none,0.0,uniform,0.16666666666666666,0.8333333333333334,3.5849625007211565,55.58496250072114,0.0,3.0
main_budget,4,hybrid_50,4,24,12,64,mixed,none,0.0,uniform,0.08333333333333333,0.9166666666666666,3.5849625007211565,51.584962500721154,0.0,4.0
main_budget,4,hybrid_50,5,24,12,64,mixed,none,0.0,uniform,0.08333333333333333,0.9166666666666666,3.5849625007211565,47.58496250072116,0.0,5.0
main_budget,4,hybrid_50,6,24,12,64,mixed,none,0.0,uniform,0.041666666666666664,0.9583333333333334,3.5849625007211565,43.58496250072116,0.0,6.0
main_budget,4,hybrid_50,7,24,12,64,mixed,none,0.0,uniform,0.08333333333333333,0.9166666666666666,3.5849625007211565,39.58496250072117,0.0,7.0
main_budget,4,hybrid_50,8,24,12,64,mixed,none,0.0,uniform,0.125,0.875,3.5849625007211565,35.58496250072116,0.0,8.0
main_budget,4,hybrid_50,9,24,12,64,mixed,none,0.0,uniform,0.125,0.875,3.5849625007211565,31.58496250072116,0.0,9.0
main_budget,4,hybrid_50,10,24,12,64,mixed,none,0.0,uniform,0.08333333333333333,0.9166666666666666,3.5849625007211565,27.584962500721158,0.0,10.0
main_budget,4,expected_regret,0,24,12,64,mixed,none,0.0,uniform,0.0,1.0,3.5849625007211565,67.58496250072115,0.0,0.0
main_budget,4,expected_regret,1,24,12,64,mixed,none,0.0,uniform,0.25,0.75,2.5849625007211547,66.58496250072115,1.0,0.0
main_budget,4,expected_regret,2,24,12,64,mixed,none,0.0,uniform,0.4583333333333333,0.5416666666666666,1.5,65.5,2.0,0.0
main_budget,4,expected_regret,3,24,12,64,mixed,none,0.0,uniform,0.9166666666666666,0.08333333333333333,0.5283208335737187,64.52832083357372,3.0,0.0
main_budget,4,expected_regret,4,24,12,64,mixed,none,0.0,uniform,0.9166666666666666,0.08333333333333333,0.16666666666666666,64.16666666666667,4.0,0.0
main_budget,4,expected_regret,5,24,12,64,mixed,none,0.0,uniform,1.0,0.0,0.0,64.0,5.0,0.0
main_budget,4,expected_regret,6,24,12,64,mixed,none,0.0,uniform,1.0,0.0,0.0,64.0,6.0,0.0
main_budget,4,expected_regret,7,24,12,64,mixed,none,0.0,uniform,1.0,0.0,0.0,64.0,7.0,0.0
main_budget,4,expected_regret,8,24,12,64,mixed,none,0.0,uniform,1.0,0.0,0.0,64.0,8.0,0.0
main_budget,4,expected_regret,9,24,12,64,mixed,none,0.0,uniform,1.0,0.0,0.0,64.0,9.0,0.0
main_budget,4,expected_regret,10,24,12,64,mixed,none,0.0,uniform,1.0,0.0,0.0,64.0,10.0,0.0
main_budget,4,sampled_equivalence,0,24,12,64,mixed,none,0.0,uniform,0.125,0.875,3.5849625007211565,67.58496250072115,0.0,0.0
main_budget,4,sampled_equivalence,1,24,12,64,mixed,none,0.0,uniform,0.2916666666666667,0.7083333333333334,2.522055208874199,66.52205520887419,1.0,0.0
main_budget,4,sampled_equivalence,2,24,12,64,mixed,none,0.0,uniform,0.5416666666666666,0.4583333333333333,1.621188279011047,65.62118827901105,2.0,0.0
main_budget,4,sampled_equivalence,3,24,12,64,mixed,none,0.0,uniform,0.7083333333333334,0.2916666666666667,0.6737468750600963,64.6737468750601,3.0,0.0
main_budget,4,sampled_equivalence,4,24,12,64,mixed,none,0.0,uniform,0.9583333333333334,0.041666666666666664,0.041666666666666664,64.04166666666667,4.0,0.0
main_budget,4,sampled_equivalence,5,24,12,64,mixed,none,0.0,uniform,1.0,0.0,0.0,64.0,5.0,0.0
main_budget,4,sampled_equivalence,6,24,12,64,mixed,none,0.0,uniform,1.0,0.0,0.0,64.0,6.0,0.0
main_budget,4,sampled_equivalence,7,24,12,64,mixed,none,0.0,uniform,1.0,0.0,0.0,64.0,7.0,0.0
main_budget,4,sampled_equivalence,8,24,12,64,mixed,none,0.0,uniform,1.0,0.0,0.0,64.0,8.0,0.0
main_budget,4,sampled_equivalence,9,24,12,64,mixed,none,0.0,uniform,1.0,0.0,0.0,64.0,9.0,0.0
main_budget,4,sampled_equivalence,10,24,12,64,mixed,none,0.0,uniform,1.0,0.0,0.0,64.0,10.0,0.0
main_budget,5,visual_only,0,24,12,64,mixed,none,0.0,uniform,0.125,0.875,3.5849625007211565,67.58496250072115,0.0,0.0
main_budget,5,visual_only,1,24,12,64,mixed,none,0.0,uniform,0.125,0.875,3.5849625007211565,67.58496250072115,0.0,0.0
main_budget,5,visual_only,2,24,12,64,mixed,none,0.0,uniform,0.041666666666666664,0.9583333333333334,3.5849625007211565,67.58496250072115,0.0,0.0
main_budget,5,visual_only,3,24,12,64,mixed,none,0.0,uniform,0.041666666666666664,0.9583333333333334,3.5849625007211565,67.58496250072115,0.0,0.0
main_budget,5,visual_only,4,24,12,64,mixed,none,0.0,uniform,0.08333333333333333,0.9166666666666666,3.5849625007211565,67.58496250072115,0.0,0.0
main_budget,5,visual_only,5,24,12,64,mixed,none,0.0,uniform,0.041666666666666664,0.9583333333333334,3.5849625007211565,67.58496250072115,0.0,0.0
main_budget,5,visual_only,6,24,12,64,mixed,none,0.0,uniform,0.0,1.0,3.5849625007211565,67.58496250072115,0.0,0.0
main_budget,5,visual_only,7,24,12,64,mixed,none,0.0,uniform,0.08333333333333333,0.9166666666666666,3.5849625007211565,67.58496250072115,0.0,0.0
main_budget,5,visual_only,8,24,12,64,mixed,none,0.0,uniform,0.08333333333333333,0.9166666666666666,3.5849625007211565,67.58496250072115,0.0,0.0
main_budget,5,visual_only,9,24,12,64,mixed,none,0.0,uniform,0.20833333333333334,0.7916666666666666,3.5849625007211565,67.58496250072115,0.0,0.0
main_budget,5,visual_only,10,24,12,64,mixed,none,0.0,uniform,0.125,0.875,3.5849625007211565,67.58496250072115,0.0,0.0
main_budget,5,random,0,24,12,64,mixed,none,0.0,uniform,0.041666666666666664,0.9583333333333334,3.5849625007211565,67.58496250072115,0.0,0.0
main_budget,5,random,1,24,12,64,mixed,none,0.0,uniform,0.16666666666666666,0.8333333333333334,3.2837609753262647,65.95042764199293,0.6666666666666666,0.3333333333333333
main_budget,5,random,2,24,12,64,mixed,none,0.0,uniform,0.125,0.875,3.002660504167796,64.66932717083448,1.4166666666666667,0.5833333333333334
main_budget,5,random,3,24,12,64,mixed,none,0.0,uniform,0.20833333333333334,0.7916666666666666,2.774342805538281,63.77434280553829,2.25,0.75
main_budget,5,random,4,24,12,64,mixed,none,0.0,uniform,0.2916666666666667,0.7083333333333334,2.374681731675413,62.374681731675416,3.0,1.0
main_budget,5,random,5,24,12,64,mixed,none,0.0,uniform,0.2916666666666667,0.7083333333333334,2.1273355590735963,60.62733555907358,3.625,1.375
main_budget,5,random,6,24,12,64,mixed,none,0.0,uniform,0.375,0.625,1.6901750133931934,58.35684168005984,4.166666666666667,1.8333333333333333
main_budget,5,random,7,24,12,64,mixed,none,0.0,uniform,0.5,0.5,1.5802821000342229,57.24694876670088,4.916666666666667,2.0833333333333335
main_budget,5,random,8,24,12,64,mixed,none,0.0,uniform,0.5416666666666666,0.4583333333333333,1.532281971140679,56.19894863780734,5.666666666666667,2.3333333333333335
main_budget,5,random,9,24,12,64,mixed,none,0.0,uniform,0.4166666666666667,0.5833333333333334,1.3955754580643853,54.56224212473105,6.291666666666667,2.7083333333333335
main_budget,5,random,10,24,12,64,mixed,none,0.0,uniform,0.6666666666666666,0.3333333333333333,1.2973212202543498,53.13065455358768,6.958333333333333,3.0416666666666665
main_budget,5,dense_entropy,0,24,12,64,mixed,none,0.0,uniform,0.16666666666666666,0.8333333333333334,3.5849625007211565,67.58496250072115,0.0,0.0
main_budget,5,dense_entropy,1,24,12,64,mixed,none,0.0,uniform,0.0,1.0,3.5849625007211565,63.58496250072114,0.0,1.0
main_budget,5,dense_entropy,2,24,12,64,mixed,none,0.0,uniform,0.041666666666666664,0.9583333333333334,3.5849625007211565,59.58496250072114,0.0,2.0
main_budget,5,dense_entropy,3,24,12,64,mixed,none,0.0,uniform,0.16666666666666666,0.8333333333333334,3.5849625007211565,55.58496250072114,0.0,3.0
main_budget,5,dense_entropy,4,24,12,64,mixed,none,0.0,uniform,0.08333333333333333,0.9166666666666666,3.5849625007211565,51.584962500721154,0.0,4.0
main_budget,5,dense_entropy,5,24,12,64,mixed,none,0.0,uniform,0.041666666666666664,0.9583333333333334,3.5849625007211565,47.58496250072116,0.0,5.0
main_budget,5,dense_entropy,6,24,12,64,mixed,none,0.0,uniform,0.08333333333333333,0.9166666666666666,3.5849625007211565,43.58496250072116,0.0,6.0
main_budget,5,dense_entropy,7,24,12,64,mixed,none,0.0,uniform,0.08333333333333333,0.9166666666666666,3.5849625007211565,39.58496250072117,0.0,7.0
main_budget,5,dense_entropy,8,24,12,64,mixed,none,0.0,uniform,0.125,0.875,3.5849625007211565,35.58496250072116,0.0,8.0
main_budget,5,dense_entropy,9,24,12,64,mixed,none,0.0,uniform,0.0,1.0,3.5849625007211565,31.58496250072116,0.0,9.0
main_budget,5,dense_entropy,10,24,12,64,mixed,none,0.0,uniform,0.20833333333333334,0.7916666666666666,3.5849625007211565,27.584962500721158,0.0,10.0
main_budget,5,dense_contact_only,0,24,12,64,mixed,none,0.0,uniform,0.125,0.875,3.5849625007211565,67.58496250072115,0.0,0.0
main_budget,5,dense_contact_only,1,24,12,64,mixed,none,0.0,uniform,0.125,0.875,2.5849625007211547,66.58496250072115,1.0,0.0
main_budget,5,dense_contact_only,2,24,12,64,mixed,none,0.0,uniform,0.375,0.625,1.5849625007211552,65.58496250072115,2.0,0.0
main_budget,5,dense_contact_only,3,24,12,64,mixed,none,0.0,uniform,0.5416666666666666,0.4583333333333333,0.6666666666666666,64.66666666666667,3.0,0.0
main_budget,5,dense_contact_only,4,24,12,64,mixed,none,0.0,uniform,1.0,0.0,0.0,64.0,4.0,0.0
main_budget,5,dense_contact_only,5,24,12,64,mixed,none,0.0,uniform,1.0,0.0,0.0,64.0,5.0,0.0
main_budget,5,dense_contact_only,6,24,12,64,mixed,none,0.0,uniform,1.0,0.0,0.0,64.0,6.0,0.0
main_budget,5,dense_contact_only,7,24,12,64,mixed,none,0.0,uniform,1.0,0.0,0.0,64.0,7.0,0.0
main_budget,5,dense_contact_only,8,24,12,64,mixed,none,0.0,uniform,1.0,0.0,0.0,64.0,8.0,0.0
main_budget,5,dense_contact_only,9,24,12,64,mixed,none,0.0,uniform,1.0,0.0,0.0,64.0,9.0,0.0
main_budget,5,dense_contact_only,10,24,12,64,mixed,none,0.0,uniform,1.0,0.0,0.0,64.0,10.0,0.0
main_budget,5,critical_cell_entropy,0,24,12,64,mixed,none,0.0,uniform,0.125,0.875,3.5849625007211565,67.58496250072115,0.0,0.0
main_budget,5,critical_cell_entropy,1,24,12,64,mixed,none,0.0,uniform,0.16666666666666666,0.8333333333333334,3.027002666307635,67.02700266630764,1.0,0.0
main_budget,5,critical_cell_entropy,2,24,12,64,mixed,none,0.0,uniform,0.20833333333333334,0.7916666666666666,2.9066870830264424,66.90668708302648,2.0,0.0
main_budget,5,critical_cell_entropy,3,24,12,64,mixed,none,0.0,uniform,0.16666666666666666,0.8333333333333334,2.641604167868592,66.64160416786859,3.0,0.0
main_budget,5,critical_cell_entropy,4,24,12,64,mixed,none,0.0,uniform,0.4583333333333333,0.5416666666666666,2.125,66.125,4.0,0.0
main_budget,5,critical_cell_entropy,5,24,12,64,mixed,none,0.0,uniform,0.5416666666666666,0.4583333333333333,1.7545968262860032,65.75459682628599,5.0,0.0
main_budget,5,critical_cell_entropy,6,24,12,64,mixed,none,0.0,uniform,0.5833333333333334,0.4166666666666667,1.5078947920873407,65.50789479208734,6.0,0.0
main_budget,5,critical_cell_entropy,7,24,12,64,mixed,none,0.0,uniform,0.5,0.5,1.257711051397321,65.25771105139735,7.0,0.0
main_budget,5,critical_cell_entropy,8,24,12,64,mixed,none,0.0,uniform,0.625,0.375,1.0,65.0,8.0,0.0
main_budget,5,critical_cell_entropy,9,24,12,64,mixed,none,0.0,uniform,0.7083333333333334,0.2916666666666667,0.7264411461638632,64.72644114616386,9.0,0.0
main_budget,5,critical_cell_entropy,10,24,12,64,mixed,none,0.0,uniform,0.8333333333333334,0.16666666666666666,0.25,64.25,10.0,0.0
main_budget,5,contact_equivalence,0,24,12,64,mixed,none,0.0,uniform,0.125,0.875,3.5849625007211565,67.58496250072115,0.0,0.0
main_budget,5,contact_equivalence,1,24,12,64,mixed,none,0.0,uniform,0.20833333333333334,0.7916666666666666,2.5849625007211547,66.58496250072115,1.0,0.0
main_budget,5,contact_equivalence,2,24,12,64,mixed,none,0.0,uniform,0.5,0.5,1.5849625007211552,65.58496250072115,2.0,0.0
main_budget,5,contact_equivalence,3,24,12,64,mixed,none,0.0,uniform,0.7083333333333334,0.2916666666666667,0.5416666666666666,64.54166666666667,3.0,0.0
main_budget,5,contact_equivalence,4,24,12,64,mixed,none,0.0,uniform,1.0,0.0,0.0,64.0,4.0,0.0
main_budget,5,contact_equivalence,5,24,12,64,mixed,none,0.0,uniform,1.0,0.0,0.0,64.0,5.0,0.0
main_budget,5,contact_equivalence,6,24,12,64,mixed,none,0.0,uniform,1.0,0.0,0.0,64.0,6.0,0.0
main_budget,5,contact_equivalence,7,24,12,64,mixed,none,0.0,uniform,1.0,0.0,0.0,64.0,7.0,0.0
main_budget,5,contact_equivalence,8,24,12,64,mixed,none,0.0,uniform,1.0,0.0,0.0,64.0,8.0,0.0
main_budget,5,contact_equivalence,9,24,12,64,mixed,none,0.0,uniform,1.0,0.0,0.0,64.0,9.0,0.0
main_budget,5,contact_equivalence,10,24,12,64,mixed,none,0.0,uniform,1.0,0.0,0.0,64.0,10.0,0.0
main_budget,5,hybrid_25,0,24,12,64,mixed,none,0.0,uniform,0.041666666666666664,0.9583333333333334,3.5849625007211565,67.58496250072115,0.0,0.0
main_budget,5,hybrid_25,1,24,12,64,mixed,none,0.0,uniform,0.08333333333333333,0.9166666666666666,3.5849625007211565,63.58496250072114,0.0,1.0
main_budget,5,hybrid_25,2,24,12,64,mixed,none,0.0,uniform,0.125,0.875,3.5849625007211565,59.58496250072114,0.0,2.0
main_budget,5,hybrid_25,3,24,12,64,mixed,none,0.0,uniform,0.20833333333333334,0.7916666666666666,3.5849625007211565,55.58496250072114,0.0,3.0
main_budget,5,hybrid_25,4,24,12,64,mixed,none,0.0,uniform,0.041666666666666664,0.9583333333333334,3.5849625007211565,51.584962500721154,0.0,4.0
main_budget,5,hybrid_25,5,24,12,64,mixed,none,0.0,uniform,0.08333333333333333,0.9166666666666666,3.5849625007211565,47.58496250072116,0.0,5.0
main_budget,5,hybrid_25,6,24,12,64,mixed,none,0.0,uniform,0.125,0.875,3.5849625007211565,43.58496250072116,0.0,6.0
main_budget,5,hybrid_25,7,24,12,64,mixed,none,0.0,uniform,0.041666666666666664,0.9583333333333334,3.5849625007211565,39.58496250072117,0.0,7.0
main_budget,5,hybrid_25,8,24,12,64,mixed,none,0.0,uniform,0.125,0.875,3.5849625007211565,35.58496250072116,0.0,8.0
main_budget,5,hybrid_25,9,24,12,64,mixed,none,0.0,uniform,0.041666666666666664,0.9583333333333334,3.5849625007211565,31.58496250072116,0.0,9.0
main_budget,5,hybrid_25,10,24,12,64,mixed,none,0.0,uniform,0.125,0.875,3.5849625007211565,27.584962500721158,0.0,10.0
main_budget,5,hybrid_50,0,24,12,64,mixed,none,0.0,uniform,0.125,0.875,3.5849625007211565,67.58496250072115,0.0,0.0
main_budget,5,hybrid_50,1,24,12,64,mixed,none,0.0,uniform,0.20833333333333334,0.7916666666666666,3.5849625007211565,63.58496250072114,0.0,1.0
main_budget,5,hybrid_50,2,24,12,64,mixed,none,0.0,uniform,0.08333333333333333,0.9166666666666666,3.5849625007211565,59.58496250072114,0.0,2.0
main_budget,5,hybrid_50,3,24,12,64,mixed,none,0.0,uniform,0.041666666666666664,0.9583333333333334,3.5849625007211565,55.58496250072114,0.0,3.0
main_budget,5,hybrid_50,4,24,12,64,mixed,none,0.0,uniform,0.125,0.875,3.5849625007211565,51.584962500721154,0.0,4.0
main_budget,5,hybrid_50,5,24,12,64,mixed,none,0.0,uniform,0.125,0.875,3.5849625007211565,47.58496250072116,0.0,5.0
main_budget,5,hybrid_50,6,24,12,64,mixed,none,0.0,uniform,0.125,0.875,3.5849625007211565,43.58496250072116,0.0,6.0
main_budget,5,hybrid_50,7,24,12,64,mixed,none,0.0,uniform,0.041666666666666664,0.9583333333333334,3.5849625007211565,39.58496250072117,0.0,7.0
main_budget,5,hybrid_50,8,24,12,64,mixed,none,0.0,uniform,0.08333333333333333,0.9166666666666666,3.5849625007211565,35.58496250072116,0.0,8.0
main_budget,5,hybrid_50,9,24,12,64,mixed,none,0.0,uniform,0.08333333333333333,0.9166666666666666,3.5849625007211565,31.58496250072116,0.0,9.0
main_budget,5,hybrid_50,10,24,12,64,mixed,none,0.0,uniform,0.08333333333333333,0.9166666666666666,3.5849625007211565,27.584962500721158,0.0,10.0
main_budget,5,expected_regret,0,24,12,64,mixed,none,0.0,uniform,0.0,1.0,3.5849625007211565,67.58496250072115,0.0,0.0
main_budget,5,expected_regret,1,24,12,64,mixed,none,0.0,uniform,0.08333333333333333,0.9166666666666666,2.5849625007211547,66.58496250072115,1.0,0.0
main_budget,5,expected_regret,2,24,12,64,mixed,none,0.0,uniform,0.3333333333333333,0.6666666666666666,1.8333333333333333,65.83333333333333,2.0,0.0
main_budget,5,expected_regret,3,24,12,64,mixed,none,0.0,uniform,0.5416666666666666,0.4583333333333333,0.9906015629507223,64.99060156295072,3.0,0.0
main_budget,5,expected_regret,4,24,12,64,mixed,none,0.0,uniform,0.7083333333333334,0.2916666666666667,0.4166666666666667,64.41666666666667,4.0,0.0
main_budget,5,expected_regret,5,24,12,64,mixed,none,0.0,uniform,1.0,0.0,0.0,64.0,5.0,0.0
main_budget,5,expected_regret,6,24,12,64,mixed,none,0.0,uniform,1.0,0.0,0.0,64.0,6.0,0.0
main_budget,5,expected_regret,7,24,12,64,mixed,none,0.0,uniform,1.0,0.0,0.0,64.0,7.0,0.0
main_budget,5,expected_regret,8,24,12,64,mixed,none,0.0,uniform,1.0,0.0,0.0,64.0,8.0,0.0
main_budget,5,expected_regret,9,24,12,64,mixed,none,0.0,uniform,1.0,0.0,0.0,64.0,9.0,0.0
main_budget,5,expected_regret,10,24,12,64,mixed,none,0.0,uniform,1.0,0.0,0.0,64.0,10.0,0.0
main_budget,5,sampled_equivalence,0,24,12,64,mixed,none,0.0,uniform,0.08333333333333333,0.9166666666666666,3.5849625007211565,67.58496250072115,0.0,0.0
main_budget,5,sampled_equivalence,1,24,12,64,mixed,none,0.0,uniform,0.08333333333333333,0.9166666666666666,2.681641667147437,66.68164166714743,1.0,0.0
main_budget,5,sampled_equivalence,2,24,12,64,mixed,none,0.0,uniform,0.4166666666666667,0.5833333333333334,1.6494412750574068,65.64944127505741,2.0,0.0
main_budget,5,sampled_equivalence,3,24,12,64,mixed,none,0.0,uniform,0.5833333333333334,0.4166666666666667,0.6493734375300482,64.64937343753006,3.0,0.0
main_budget,5,sampled_equivalence,4,24,12,64,mixed,none,0.0,uniform,0.9166666666666666,0.08333333333333333,0.08333333333333333,64.08333333333333,4.0,0.0
main_budget,5,sampled_equivalence,5,24,12,64,mixed,none,0.0,uniform,1.0,0.0,0.0,64.0,5.0,0.0
main_budget,5,sampled_equivalence,6,24,12,64,mixed,none,0.0,uniform,1.0,0.0,0.0,64.0,6.0,0.0
main_budget,5,sampled_equivalence,7,24,12,64,mixed,none,0.0,uniform,1.0,0.0,0.0,64.0,7.0,0.0
main_budget,5,sampled_equivalence,8,24,12,64,mixed,none,0.0,uniform,1.0,0.0,0.0,64.0,8.0,0.0
main_budget,5,sampled_equivalence,9,24,12,64,mixed,none,0.0,uniform,1.0,0.0,0.0,64.0,9.0,0.0
main_budget,5,sampled_equivalence,10,24,12,64,mixed,none,0.0,uniform,1.0,0.0,0.0,64.0,10.0,0.0
main_budget,6,visual_only,0,24,12,64,mixed,none,0.0,uniform,0.08333333333333333,0.9166666666666666,3.5849625007211565,67.58496250072115,0.0,0.0
main_budget,6,visual_only,1,24,12,64,mixed,none,0.0,uniform,0.041666666666666664,0.9583333333333334,3.5849625007211565,67.58496250072115,0.0,0.0
main_budget,6,visual_only,2,24,12,64,mixed,none,0.0,uniform,0.16666666666666666,0.8333333333333334,3.5849625007211565,67.58496250072115,0.0,0.0
main_budget,6,visual_only,3,24,12,64,mixed,none,0.0,uniform,0.16666666666666666,0.8333333333333334,3.5849625007211565,67.58496250072115,0.0,0.0
main_budget,6,visual_only,4,24,12,64,mixed,none,0.0,uniform,0.16666666666666666,0.8333333333333334,3.5849625007211565,67.58496250072115,0.0,0.0
main_budget,6,visual_only,5,24,12,64,mixed,none,0.0,uniform,0.0,1.0,3.5849625007211565,67.58496250072115,0.0,0.0
main_budget,6,visual_only,6,24,12,64,mixed,none,0.0,uniform,0.08333333333333333,0.9166666666666666,3.5849625007211565,67.58496250072115,0.0,0.0
main_budget,6,visual_only,7,24,12,64,mixed,none,0.0,uniform,0.041666666666666664,0.9583333333333334,3.5849625007211565,67.58496250072115,0.0,0.0
main_budget,6,visual_only,8,24,12,64,mixed,none,0.0,uniform,0.125,0.875,3.5849625007211565,67.58496250072115,0.0,0.0
main_budget,6,visual_only,9,24,12,64,mixed,none,0.0,uniform,0.20833333333333334,0.7916666666666666,3.5849625007211565,67.58496250072115,0.0,0.0
main_budget,6,visual_only,10,24,12,64,mixed,none,0.0,uniform,0.125,0.875,3.5849625007211565,67.58496250072115,0.0,0.0
main_budget,6,random,0,24,12,64,mixed,none,0.0,uniform,0.20833333333333334,0.7916666666666666,3.5849625007211565,67.58496250072115,0.0,0.0
main_budget,6,random,1,24,12,64,mixed,none,0.0,uniform,0.16666666666666666,0.8333333333333334,3.1698260309038826,66.00315936423722,0.7083333333333334,0.2916666666666667
main_budget,6,random,2,24,12,64,mixed,none,0.0,uniform,0.16666666666666666,0.8333333333333334,3.0850670427648033,64.25173370943146,1.2916666666666667,0.7083333333333334
main_budget,6,random,3,24,12,64,mixed,none,0.0,uniform,0.16666666666666666,0.8333333333333334,2.7151350236378633,62.5484683569712,1.9583333333333333,1.0416666666666667
main_budget,6,random,4,24,12,64,mixed,none,0.0,uniform,0.20833333333333334,0.7916666666666666,2.5223367116124664,61.02233671161246,2.625,1.375
main_budget,6,random,5,24,12,64,mixed,none,0.0,uniform,0.25,0.75,2.3020153624645725,59.135348695797894,3.2083333333333335,1.7916666666666667
main_budget,6,random,6,24,12,64,mixed,none,0.0,uniform,0.375,0.625,1.9778369577578283,57.64450362442449,3.9166666666666665,2.0833333333333335
main_budget,6,random,7,24,12,64,mixed,none,0.0,uniform,0.3333333333333333,0.6666666666666666,1.8926538694512258,56.39265386945123,4.625,2.375
main_budget,6,random,8,24,12,64,mixed,none,0.0,uniform,0.3333333333333333,0.6666666666666666,1.836626862310082,54.50329352897675,5.166666666666667,2.8333333333333335
main_budget,6,random,9,24,12,64,mixed,none,0.0,uniform,0.3333333333333333,0.6666666666666666,1.7150274358748179,53.54836076920815,5.958333333333333,3.0416666666666665
main_budget,6,random,10,24,12,64,mixed,none,0.0,uniform,0.5416666666666666,0.4583333333333333,1.454253851129404,52.45425385112941,6.75,3.25
main_budget,6,dense_entropy,0,24,12,64,mixed,none,0.0,uniform,0.16666666666666666,0.8333333333333334,3.5849625007211565,67.58496250072115,0.0,0.0
main_budget,6,dense_entropy,1,24,12,64,mixed,none,0.0,uniform,0.08333333333333333,0.9166666666666666,3.5849625007211565,63.58496250072114,0.0,1.0
main_budget,6,dense_entropy,2,24,12,64,mixed,none,0.0,uniform,0.041666666666666664,0.9583333333333334,3.5849625007211565,59.58496250072114,0.0,2.0
main_budget,6,dense_entropy,3,24,12,64,mixed,none,0.0,uniform,0.08333333333333333,0.9166666666666666,3.5849625007211565,55.58496250072114,0.0,3.0
main_budget,6,dense_entropy,4,24,12,64,mixed,none,0.0,uniform,0.0,1.0,3.5849625007211565,51.584962500721154,0.0,4.0
main_budget,6,dense_entropy,5,24,12,64,mixed,none,0.0,uniform,0.08333333333333333,0.9166666666666666,3.5849625007211565,47.58496250072116,0.0,5.0
main_budget,6,dense_entropy,6,24,12,64,mixed,none,0.0,uniform,0.041666666666666664,0.9583333333333334,3.5849625007211565,43.58496250072116,0.0,6.0
main_budget,6,dense_entropy,7,24,12,64,mixed,none,0.0,uniform,0.20833333333333334,0.7916666666666666,3.5849625007211565,39.58496250072117,0.0,7.0
main_budget,6,dense_entropy,8,24,12,64,mixed,none,0.0,uniform,0.08333333333333333,0.9166666666666666,3.5849625007211565,35.58496250072116,0.0,8.0
main_budget,6,dense_entropy,9,24,12,64,mixed,none,0.0,uniform,0.08333333333333333,0.9166666666666666,3.5849625007211565,31.58496250072116,0.0,9.0
main_budget,6,dense_entropy,10,24,12,64,mixed,none,0.0,uniform,0.08333333333333333,0.9166666666666666,3.5849625007211565,27.584962500721158,0.0,10.0
main_budget,6,dense_contact_only,0,24,12,64,mixed,none,0.0,uniform,0.16666666666666666,0.8333333333333334,3.5849625007211565,67.58496250072115,0.0,0.0
main_budget,6,dense_contact_only,1,24,12,64,mixed,none,0.0,uniform,0.041666666666666664,0.9583333333333334,2.5849625007211547,66.58496250072115,1.0,0.0
main_budget,6,dense_contact_only,2,24,12,64,mixed,none,0.0,uniform,0.4166666666666667,0.5833333333333334,1.5849625007211552,65.58496250072115,2.0,0.0
main_budget,6,dense_contact_only,3,24,12,64,mixed,none,0.0,uniform,0.625,0.375,0.625,64.625,3.0,0.0
main_budget,6,dense_contact_only,4,24,12,64,mixed,none,0.0,uniform,1.0,0.0,0.0,64.0,4.0,0.0
main_budget,6,dense_contact_only,5,24,12,64,mixed,none,0.0,uniform,1.0,0.0,0.0,64.0,5.0,0.0
main_budget,6,dense_contact_only,6,24,12,64,mixed,none,0.0,uniform,1.0,0.0,0.0,64.0,6.0,0.0
main_budget,6,dense_contact_only,7,24,12,64,mixed,none,0.0,uniform,1.0,0.0,0.0,64.0,7.0,0.0
main_budget,6,dense_contact_only,8,24,12,64,mixed,none,0.0,uniform,1.0,0.0,0.0,64.0,8.0,0.0
main_budget,6,dense_contact_only,9,24,12,64,mixed,none,0.0,uniform,1.0,0.0,0.0,64.0,9.0,0.0
main_budget,6,dense_contact_only,10,24,12,64,mixed,none,0.0,uniform,1.0,0.0,0.0,64.0,10.0,0.0
main_budget,6,critical_cell_entropy,0,24,12,64,mixed,none,0.0,uniform,0.0,1.0,3.5849625007211565,67.58496250072115,0.0,0.0
main_budget,6,critical_cell_entropy,1,24,12,64,mixed,none,0.0,uniform,0.08333333333333333,0.9166666666666666,3.171145650417522,67.17114565041754,1.0,0.0
main_budget,6,critical_cell_entropy,2,24,12,64,mixed,none,0.0,uniform,0.2916666666666667,0.7083333333333334,2.9066870830264424,66.90668708302648,2.0,0.0
main_budget,6,critical_cell_entropy,3,24,12,64,mixed,none,0.0,uniform,0.25,0.75,2.5095239594751626,66.50952395947517,3.0,0.0
main_budget,6,critical_cell_entropy,4,24,12,64,mixed,none,0.0,uniform,0.25,0.75,2.25,66.25,4.0,0.0
main_budget,6,critical_cell_entropy,5,24,12,64,mixed,none,0.0,uniform,0.4583333333333333,0.5416666666666666,1.7545968262860032,65.754596826286,5.0,0.0
main_budget,6,critical_cell_entropy,6,24,12,64,mixed,none,0.0,uniform,0.5416666666666666,0.4583333333333333,1.5078947920873407,65.50789479208733,6.0,0.0
main_budget,6,critical_cell_entropy,7,24,12,64,mixed,none,0.0,uniform,0.5416666666666666,0.4583333333333333,1.257711051397321,65.25771105139735,7.0,0.0
main_budget,6,critical_cell_entropy,8,24,12,64,mixed,none,0.0,uniform,0.5833333333333334,0.4166666666666667,0.9166666666666666,64.91666666666667,8.0,0.0
main_budget,6,critical_cell_entropy,9,24,12,64,mixed,none,0.0,uniform,0.75,0.25,0.5283208335737187,64.52832083357372,9.0,0.0
main_budget,6,critical_cell_entropy,10,24,12,64,mixed,none,0.0,uniform,0.9166666666666666,0.08333333333333333,0.16666666666666666,64.16666666666667,10.0,0.0
main_budget,6,contact_equivalence,0,24,12,64,mixed,none,0.0,uniform,0.125,0.875,3.5849625007211565,67.58496250072115,0.0,0.0
main_budget,6,contact_equivalence,1,24,12,64,mixed,none,0.0,uniform,0.2916666666666667,0.7083333333333334,2.5849625007211547,66.58496250072115,1.0,0.0
main_budget,6,contact_equivalence,2,24,12,64,mixed,none,0.0,uniform,0.20833333333333334,0.7916666666666666,1.5849625007211552,65.58496250072115,2.0,0.0
main_budget,6,contact_equivalence,3,24,12,64,mixed,none,0.0,uniform,0.625,0.375,0.8333333333333334,64.83333333333333,3.0,0.0
main_budget,6,contact_equivalence,4,24,12,64,mixed,none,0.0,uniform,1.0,0.0,0.0,64.0,4.0,0.0
main_budget,6,contact_equivalence,5,24,12,64,mixed,none,0.0,uniform,1.0,0.0,0.0,64.0,5.0,0.0
main_budget,6,contact_equivalence,6,24,12,64,mixed,none,0.0,uniform,1.0,0.0,0.0,64.0,6.0,0.0
main_budget,6,contact_equivalence,7,24,12,64,mixed,none,0.0,uniform,1.0,0.0,0.0,64.0,7.0,0.0
main_budget,6,contact_equivalence,8,24,12,64,mixed,none,0.0,uniform,1.0,0.0,0.0,64.0,8.0,0.0
main_budget,6,contact_equivalence,9,24,12,64,mixed,none,0.0,uniform,1.0,0.0,0.0,64.0,9.0,0.0
main_budget,6,contact_equivalence,10,24,12,64,mixed,none,0.0,uniform,1.0,0.0,0.0,64.0,10.0,0.0
main_budget,6,hybrid_25,0,24,12,64,mixed,none,0.0,uniform,0.0,1.0,3.5849625007211565,67.58496250072115,0.0,0.0
main_budget,6,hybrid_25,1,24,12,64,mixed,none,0.0,uniform,0.125,0.875,3.5849625007211565,63.58496250072114,0.0,1.0
main_budget,6,hybrid_25,2,24,12,64,mixed,none,0.0,uniform,0.041666666666666664,0.9583333333333334,3.5849625007211565,59.58496250072114,0.0,2.0
main_budget,6,hybrid_25,3,24,12,64,mixed,none,0.0,uniform,0.08333333333333333,0.9166666666666666,3.5849625007211565,55.58496250072114,0.0,3.0
main_budget,6,hybrid_25,4,24,12,64,mixed,none,0.0,uniform,0.08333333333333333,0.9166666666666666,3.5849625007211565,51.584962500721154,0.0,4.0
main_budget,6,hybrid_25,5,24,12,64,mixed,none,0.0,uniform,0.041666666666666664,0.9583333333333334,3.5849625007211565,47.58496250072116,0.0,5.0
main_budget,6,hybrid_25,6,24,12,64,mixed,none,0.0,uniform,0.041666666666666664,0.9583333333333334,3.5849625007211565,43.58496250072116,0.0,6.0
main_budget,6,hybrid_25,7,24,12,64,mixed,none,0.0,uniform,0.0,1.0,3.5849625007211565,39.58496250072117,0.0,7.0
main_budget,6,hybrid_25,8,24,12,64,mixed,none,0.0,uniform,0.041666666666666664,0.9583333333333334,3.5849625007211565,35.58496250072116,0.0,8.0
main_budget,6,hybrid_25,9,24,12,64,mixed,none,0.0,uniform,0.16666666666666666,0.8333333333333334,3.5849625007211565,31.58496250072116,0.0,9.0
main_budget,6,hybrid_25,10,24,12,64,mixed,none,0.0,uniform,0.041666666666666664,0.9583333333333334,3.5849625007211565,27.584962500721158,0.0,10.0
main_budget,6,hybrid_50,0,24,12,64,mixed,none,0.0,uniform,0.08333333333333333,0.9166666666666666,3.5849625007211565,67.58496250072115,0.0,0.0
main_budget,6,hybrid_50,1,24,12,64,mixed,none,0.0,uniform,0.041666666666666664,0.9583333333333334,3.5849625007211565,63.58496250072114,0.0,1.0
main_budget,6,hybrid_50,2,24,12,64,mixed,none,0.0,uniform,0.041666666666666664,0.9583333333333334,3.5849625007211565,59.58496250072114,0.0,2.0
main_budget,6,hybrid_50,3,24,12,64,mixed,none,0.0,uniform,0.041666666666666664,0.9583333333333334,3.5849625007211565,55.58496250072114,0.0,3.0
main_budget,6,hybrid_50,4,24,12,64,mixed,none,0.0,uniform,0.125,0.875,3.5849625007211565,51.584962500721154,0.0,4.0
main_budget,6,hybrid_50,5,24,12,64,mixed,none,0.0,uniform,0.08333333333333333,0.9166666666666666,3.5849625007211565,47.58496250072116,0.0,5.0
main_budget,6,hybrid_50,6,24,12,64,mixed,none,0.0,uniform,0.0,1.0,3.5849625007211565,43.58496250072116,0.0,6.0
main_budget,6,hybrid_50,7,24,12,64,mixed,none,0.0,uniform,0.08333333333333333,0.9166666666666666,3.5849625007211565,39.58496250072117,0.0,7.0
main_budget,6,hybrid_50,8,24,12,64,mixed,none,0.0,uniform,0.16666666666666666,0.8333333333333334,3.5849625007211565,35.58496250072116,0.0,8.0
main_budget,6,hybrid_50,9,24,12,64,mixed,none,0.0,uniform,0.125,0.875,3.5849625007211565,31.58496250072116,0.0,9.0
main_budget,6,hybrid_50,10,24,12,64,mixed,none,0.0,uniform,0.125,0.875,3.5849625007211565,27.584962500721158,0.0,10.0
main_budget,6,expected_regret,0,24,12,64,mixed,none,0.0,uniform,0.125,0.875,3.5849625007211565,67.58496250072115,0.0,0.0
main_budget,6,expected_regret,1,24,12,64,mixed,none,0.0,uniform,0.25,0.75,2.5849625007211547,66.58496250072115,1.0,0.0
main_budget,6,expected_regret,2,24,12,64,mixed,none,0.0,uniform,0.25,0.75,1.7083333333333333,65.70833333333333,2.0,0.0
main_budget,6,expected_regret,3,24,12,64,mixed,none,0.0,uniform,0.7083333333333334,0.2916666666666667,0.7264411461638632,64.72644114616386,3.0,0.0
main_budget,6,expected_regret,4,24,12,64,mixed,none,0.0,uniform,0.6666666666666666,0.3333333333333333,0.375,64.375,4.0,0.0
main_budget,6,expected_regret,5,24,12,64,mixed,none,0.0,uniform,1.0,0.0,0.0,64.0,5.0,0.0
main_budget,6,expected_regret,6,24,12,64,mixed,none,0.0,uniform,1.0,0.0,0.0,64.0,6.0,0.0
main_budget,6,expected_regret,7,24,12,64,mixed,none,0.0,uniform,1.0,0.0,0.0,64.0,7.0,0.0
main_budget,6,expected_regret,8,24,12,64,mixed,none,0.0,uniform,1.0,0.0,0.0,64.0,8.0,0.0
main_budget,6,expected_regret,9,24,12,64,mixed,none,0.0,uniform,1.0,0.0,0.0,64.0,9.0,0.0
main_budget,6,expected_regret,10,24,12,64,mixed,none,0.0,uniform,1.0,0.0,0.0,64.0,10.0,0.0
main_budget,6,sampled_equivalence,0,24,12,64,mixed,none,0.0,uniform,0.0,1.0,3.5849625007211565,67.58496250072115,0.0,0.0
main_budget,6,sampled_equivalence,1,24,12,64,mixed,none,0.0,uniform,0.08333333333333333,0.9166666666666666,2.63997500048077,66.63997500048076,1.0,0.0
main_budget,6,sampled_equivalence,2,24,12,64,mixed,none,0.0,uniform,0.25,0.75,1.6981881501175027,65.6981881501175,2.0,0.0
main_budget,6,sampled_equivalence,3,24,12,64,mixed,none,0.0,uniform,0.5416666666666666,0.4583333333333333,0.7987468750600963,64.7987468750601,3.0,0.0
main_budget,6,sampled_equivalence,4,24,12,64,mixed,none,0.0,uniform,1.0,0.0,0.0,64.0,4.0,0.0
main_budget,6,sampled_equivalence,5,24,12,64,mixed,none,0.0,uniform,1.0,0.0,0.0,64.0,5.0,0.0
main_budget,6,sampled_equivalence,6,24,12,64,mixed,none,0.0,uniform,1.0,0.0,0.0,64.0,6.0,0.0
main_budget,6,sampled_equivalence,7,24,12,64,mixed,none,0.0,uniform,1.0,0.0,0.0,64.0,7.0,0.0
main_budget,6,sampled_equivalence,8,24,12,64,mixed,none,0.0,uniform,1.0,0.0,0.0,64.0,8.0,0.0
main_budget,6,sampled_equivalence,9,24,12,64,mixed,none,0.0,uniform,1.0,0.0,0.0,64.0,9.0,0.0
main_budget,6,sampled_equivalence,10,24,12,64,mixed,none,0.0,uniform,1.0,0.0,0.0,64.0,10.0,0.0
main_budget,7,visual_only,0,24,12,64,mixed,none,0.0,uniform,0.125,0.875,3.5849625007211565,67.58496250072115,0.0,0.0
main_budget,7,visual_only,1,24,12,64,mixed,none,0.0,uniform,0.0,1.0,3.5849625007211565,67.58496250072115,0.0,0.0
main_budget,7,visual_only,2,24,12,64,mixed,none,0.0,uniform,0.08333333333333333,0.9166666666666666,3.5849625007211565,67.58496250072115,0.0,0.0
main_budget,7,visual_only,3,24,12,64,mixed,none,0.0,uniform,0.125,0.875,3.5849625007211565,67.58496250072115,0.0,0.0
main_budget,7,visual_only,4,24,12,64,mixed,none,0.0,uniform,0.20833333333333334,0.7916666666666666,3.5849625007211565,67.58496250072115,0.0,0.0
main_budget,7,visual_only,5,24,12,64,mixed,none,0.0,uniform,0.041666666666666664,0.9583333333333334,3.5849625007211565,67.58496250072115,0.0,0.0
main_budget,7,visual_only,6,24,12,64,mixed,none,0.0,uniform,0.08333333333333333,0.9166666666666666,3.5849625007211565,67.58496250072115,0.0,0.0
main_budget,7,visual_only,7,24,12,64,mixed,none,0.0,uniform,0.041666666666666664,0.9583333333333334,3.5849625007211565,67.58496250072115,0.0,0.0
main_budget,7,visual_only,8,24,12,64,mixed,none,0.0,uniform,0.16666666666666666,0.8333333333333334,3.5849625007211565,67.58496250072115,0.0,0.0
main_budget,7,visual_only,9,24,12,64,mixed,none,0.0,uniform,0.08333333333333333,0.9166666666666666,3.5849625007211565,67.58496250072115,0.0,0.0
main_budget,7,visual_only,10,24,12,64,mixed,none,0.0,uniform,0.0,1.0,3.5849625007211565,67.58496250072115,0.0,0.0
main_budget,7,random,0,24,12,64,mixed,none,0.0,uniform,0.08333333333333333,0.9166666666666666,3.5849625007211565,67.58496250072115,0.0,0.0
main_budget,7,random,1,24,12,64,mixed,none,0.0,uniform,0.20833333333333334,0.7916666666666666,3.159008861423397,65.82567552809006,0.6666666666666666,0.3333333333333333
main_budget,7,random,2,24,12,64,mixed,none,0.0,uniform,0.20833333333333334,0.7916666666666666,2.881696401636654,64.04836306830332,1.2916666666666667,0.7083333333333334
main_budget,7,random,3,24,12,64,mixed,none,0.0,uniform,0.20833333333333334,0.7916666666666666,2.5366168049913393,62.36995013832467,1.9583333333333333,1.0416666666666667
main_budget,7,random,4,24,12,64,mixed,none,0.0,uniform,0.4166666666666667,0.5833333333333334,2.197255221786623,61.19725522178663,2.75,1.25
main_budget,7,random,5,24,12,64,mixed,none,0.0,uniform,0.375,0.625,1.9384678558491808,59.77180118918252,3.4583333333333335,1.5416666666666667
main_budget,7,random,6,24,12,64,mixed,none,0.0,uniform,0.375,0.625,1.6150797820440597,58.4484131153774,4.208333333333333,1.7916666666666667
main_budget,7,random,7,24,12,64,mixed,none,0.0,uniform,0.4583333333333333,0.5416666666666666,1.3650797820440597,56.86507978204406,4.875,2.125
main_budget,7,random,8,24,12,64,mixed,none,0.0,uniform,0.5416666666666666,0.4583333333333333,1.3061198862407748,55.47278655290745,5.541666666666667,2.4583333333333335
main_budget,7,random,9,24,12,64,mixed,none,0.0,uniform,0.5416666666666666,0.4583333333333333,1.1128936395484708,54.612893639548474,6.375,2.625
main_budget,7,random,10,24,12,64,mixed,none,0.0,uniform,0.6666666666666666,0.3333333333333333,0.780774737284284,53.28077473728428,7.125,2.875
main_budget,7,dense_entropy,0,24,12,64,mixed,none,0.0,uniform,0.041666666666666664,0.9583333333333334,3.5849625007211565,67.58496250072115,0.0,0.0
main_budget,7,dense_entropy,1,24,12,64,mixed,none,0.0,uniform,0.041666666666666664,0.9583333333333334,3.5849625007211565,63.58496250072114,0.0,1.0
main_budget,7,dense_entropy,2,24,12,64,mixed,none,0.0,uniform,0.041666666666666664,0.9583333333333334,3.5849625007211565,59.58496250072114,0.0,2.0
main_budget,7,dense_entropy,3,24,12,64,mixed,none,0.0,uniform,0.08333333333333333,0.9166666666666666,3.5849625007211565,55.58496250072114,0.0,3.0
main_budget,7,dense_entropy,4,24,12,64,mixed,none,0.0,uniform,0.16666666666666666,0.8333333333333334,3.5849625007211565,51.584962500721154,0.0,4.0
main_budget,7,dense_entropy,5,24,12,64,mixed,none,0.0,uniform,0.041666666666666664,0.9583333333333334,3.5849625007211565,47.58496250072116,0.0,5.0
main_budget,7,dense_entropy,6,24,12,64,mixed,none,0.0,uniform,0.125,0.875,3.5849625007211565,43.58496250072116,0.0,6.0
main_budget,7,dense_entropy,7,24,12,64,mixed,none,0.0,uniform,0.08333333333333333,0.9166666666666666,3.5849625007211565,39.58496250072117,0.0,7.0
main_budget,7,dense_entropy,8,24,12,64,mixed,none,0.0,uniform,0.08333333333333333,0.9166666666666666,3.5849625007211565,35.58496250072116,0.0,8.0
main_budget,7,dense_entropy,9,24,12,64,mixed,none,0.0,uniform,0.08333333333333333,0.9166666666666666,3.5849625007211565,31.58496250072116,0.0,9.0
main_budget,7,dense_entropy,10,24,12,64,mixed,none,0.0,uniform,0.16666666666666666,0.8333333333333334,3.5849625007211565,27.584962500721158,0.0,10.0
main_budget,7,dense_contact_only,0,24,12,64,mixed,none,0.0,uniform,0.041666666666666664,0.9583333333333334,3.5849625007211565,67.58496250072115,0.0,0.0
main_budget,7,dense_contact_only,1,24,12,64,mixed,none,0.0,uniform,0.16666666666666666,0.8333333333333334,2.5849625007211547,66.58496250072115,1.0,0.0
main_budget,7,dense_contact_only,2,24,12,64,mixed,none,0.0,uniform,0.125,0.875,1.5849625007211552,65.58496250072115,2.0,0.0
main_budget,7,dense_contact_only,3,24,12,64,mixed,none,0.0,uniform,0.75,0.25,0.6666666666666666,64.66666666666667,3.0,0.0
main_budget,7,dense_contact_only,4,24,12,64,mixed,none,0.0,uniform,1.0,0.0,0.0,64.0,4.0,0.0
main_budget,7,dense_contact_only,5,24,12,64,mixed,none,0.0,uniform,1.0,0.0,0.0,64.0,5.0,0.0
main_budget,7,dense_contact_only,6,24,12,64,mixed,none,0.0,uniform,1.0,0.0,0.0,64.0,6.0,0.0
main_budget,7,dense_contact_only,7,24,12,64,mixed,none,0.0,uniform,1.0,0.0,0.0,64.0,7.0,0.0
main_budget,7,dense_contact_only,8,24,12,64,mixed,none,0.0,uniform,1.0,0.0,0.0,64.0,8.0,0.0
main_budget,7,dense_contact_only,9,24,12,64,mixed,none,0.0,uniform,1.0,0.0,0.0,64.0,9.0,0.0
main_budget,7,dense_contact_only,10,24,12,64,mixed,none,0.0,uniform,1.0,0.0,0.0,64.0,10.0,0.0
main_budget,7,critical_cell_entropy,0,24,12,64,mixed,none,0.0,uniform,0.08333333333333333,0.9166666666666666,3.5849625007211565,67.58496250072115,0.0,0.0
main_budget,7,critical_cell_entropy,1,24,12,64,mixed,none,0.0,uniform,0.16666666666666666,0.8333333333333334,3.3152886345274095,67.31528863452742,1.0,0.0
main_budget,7,critical_cell_entropy,2,24,12,64,mixed,none,0.0,uniform,0.20833333333333334,0.7916666666666666,2.7682734124061352,66.76827341240617,2.0,0.0
main_budget,7,critical_cell_entropy,3,24,12,64,mixed,none,0.0,uniform,0.375,0.625,2.377443751081733,66.37744375108174,3.0,0.0
main_budget,7,critical_cell_entropy,4,24,12,64,mixed,none,0.0,uniform,0.4166666666666667,0.5833333333333334,2.0,66.0,4.0,0.0
main_budget,7,critical_cell_entropy,5,24,12,64,mixed,none,0.0,uniform,0.5833333333333334,0.4166666666666667,1.6376237045336028,65.6376237045336,5.0,0.0
main_budget,7,critical_cell_entropy,6,24,12,64,mixed,none,0.0,uniform,0.6666666666666666,0.3333333333333333,1.4001880212239592,65.40018802122395,6.0,0.0
main_budget,7,critical_cell_entropy,7,24,12,64,mixed,none,0.0,uniform,0.6666666666666666,0.3333333333333333,0.9674700395364009,64.96747003953642,7.0,0.0
main_budget,7,critical_cell_entropy,8,24,12,64,mixed,none,0.0,uniform,0.7083333333333334,0.2916666666666667,0.8333333333333334,64.83333333333333,8.0,0.0
main_budget,7,critical_cell_entropy,9,24,12,64,mixed,none,0.0,uniform,0.625,0.375,0.6604010419671483,64.66040104196713,9.0,0.0
main_budget,7,critical_cell_entropy,10,24,12,64,mixed,none,0.0,uniform,0.9166666666666666,0.08333333333333333,0.20833333333333334,64.20833333333333,10.0,0.0
main_budget,7,contact_equivalence,0,24,12,64,mixed,none,0.0,uniform,0.16666666666666666,0.8333333333333334,3.5849625007211565,67.58496250072115,0.0,0.0
main_budget,7,contact_equivalence,1,24,12,64,mixed,none,0.0,uniform,0.16666666666666666,0.8333333333333334,2.5849625007211547,66.58496250072115,1.0,0.0
main_budget,7,contact_equivalence,2,24,12,64,mixed,none,0.0,uniform,0.3333333333333333,0.6666666666666666,1.5849625007211552,65.58496250072115,2.0,0.0
main_budget,7,contact_equivalence,3,24,12,64,mixed,none,0.0,uniform,0.5,0.5,0.7916666666666666,64.79166666666667,3.0,0.0
main_budget,7,contact_equivalence,4,24,12,64,mixed,none,0.0,uniform,1.0,0.0,0.0,64.0,4.0,0.0
main_budget,7,contact_equivalence,5,24,12,64,mixed,none,0.0,uniform,1.0,0.0,0.0,64.0,5.0,0.0
main_budget,7,contact_equivalence,6,24,12,64,mixed,none,0.0,uniform,1.0,0.0,0.0,64.0,6.0,0.0
main_budget,7,contact_equivalence,7,24,12,64,mixed,none,0.0,uniform,1.0,0.0,0.0,64.0,7.0,0.0
main_budget,7,contact_equivalence,8,24,12,64,mixed,none,0.0,uniform,1.0,0.0,0.0,64.0,8.0,0.0
main_budget,7,contact_equivalence,9,24,12,64,mixed,none,0.0,uniform,1.0,0.0,0.0,64.0,9.0,0.0
main_budget,7,contact_equivalence,10,24,12,64,mixed,none,0.0,uniform,1.0,0.0,0.0,64.0,10.0,0.0
main_budget,7,hybrid_25,0,24,12,64,mixed,none,0.0,uniform,0.041666666666666664,0.9583333333333334,3.5849625007211565,67.58496250072115,0.0,0.0
main_budget,7,hybrid_25,1,24,12,64,mixed,none,0.0,uniform,0.16666666666666666,0.8333333333333334,3.5849625007211565,63.58496250072114,0.0,1.0
main_budget,7,hybrid_25,2,24,12,64,mixed,none,0.0,uniform,0.0,1.0,3.5849625007211565,59.58496250072114,0.0,2.0
main_budget,7,hybrid_25,3,24,12,64,mixed,none,0.0,uniform,0.041666666666666664,0.9583333333333334,3.5849625007211565,55.58496250072114,0.0,3.0
main_budget,7,hybrid_25,4,24,12,64,mixed,none,0.0,uniform,0.08333333333333333,0.9166666666666666,3.5849625007211565,51.584962500721154,0.0,4.0
main_budget,7,hybrid_25,5,24,12,64,mixed,none,0.0,uniform,0.08333333333333333,0.9166666666666666,3.5849625007211565,47.58496250072116,0.0,5.0
main_budget,7,hybrid_25,6,24,12,64,mixed,none,0.0,uniform,0.0,1.0,3.5849625007211565,43.58496250072116,0.0,6.0
main_budget,7,hybrid_25,7,24,12,64,mixed,none,0.0,uniform,0.041666666666666664,0.9583333333333334,3.5849625007211565,39.58496250072117,0.0,7.0
main_budget,7,hybrid_25,8,24,12,64,mixed,none,0.0,uniform,0.08333333333333333,0.9166666666666666,3.5849625007211565,35.58496250072116,0.0,8.0
main_budget,7,hybrid_25,9,24,12,64,mixed,none,0.0,uniform,0.08333333333333333,0.9166666666666666,3.5849625007211565,31.58496250072116,0.0,9.0
main_budget,7,hybrid_25,10,24,12,64,mixed,none,0.0,uniform,0.08333333333333333,0.9166666666666666,3.5849625007211565,27.584962500721158,0.0,10.0
main_budget,7,hybrid_50,0,24,12,64,mixed,none,0.0,uniform,0.0,1.0,3.5849625007211565,67.58496250072115,0.0,0.0
main_budget,7,hybrid_50,1,24,12,64,mixed,none,0.0,uniform,0.041666666666666664,0.9583333333333334,3.5849625007211565,63.58496250072114,0.0,1.0
main_budget,7,hybrid_50,2,24,12,64,mixed,none,0.0,uniform,0.125,0.875,3.5849625007211565,59.58496250072114,0.0,2.0
main_budget,7,hybrid_50,3,24,12,64,mixed,none,0.0,uniform,0.08333333333333333,0.9166666666666666,3.5849625007211565,55.58496250072114,0.0,3.0
main_budget,7,hybrid_50,4,24,12,64,mixed,none,0.0,uniform,0.0,1.0,3.5849625007211565,51.584962500721154,0.0,4.0
main_budget,7,hybrid_50,5,24,12,64,mixed,none,0.0,uniform,0.041666666666666664,0.9583333333333334,3.5849625007211565,47.58496250072116,0.0,5.0
main_budget,7,hybrid_50,6,24,12,64,mixed,none,0.0,uniform,0.0,1.0,3.5849625007211565,43.58496250072116,0.0,6.0
main_budget,7,hybrid_50,7,24,12,64,mixed,none,0.0,uniform,0.125,0.875,3.5849625007211565,39.58496250072117,0.0,7.0
main_budget,7,hybrid_50,8,24,12,64,mixed,none,0.0,uniform,0.20833333333333334,0.7916666666666666,3.5849625007211565,35.58496250072116,0.0,8.0
main_budget,7,hybrid_50,9,24,12,64,mixed,none,0.0,uniform,0.041666666666666664,0.9583333333333334,3.5849625007211565,31.58496250072116,0.0,9.0
main_budget,7,hybrid_50,10,24,12,64,mixed,none,0.0,uniform,0.041666666666666664,0.9583333333333334,3.5849625007211565,27.584962500721158,0.0,10.0
main_budget,7,expected_regret,0,24,12,64,mixed,none,0.0,uniform,0.041666666666666664,0.9583333333333334,3.5849625007211565,67.58496250072115,0.0,0.0
main_budget,7,expected_regret,1,24,12,64,mixed,none,0.0,uniform,0.3333333333333333,0.6666666666666666,2.5849625007211547,66.58496250072115,1.0,0.0
main_budget,7,expected_regret,2,24,12,64,mixed,none,0.0,uniform,0.2916666666666667,0.7083333333333334,1.6666666666666667,65.66666666666667,2.0,0.0
main_budget,7,expected_regret,3,24,12,64,mixed,none,0.0,uniform,0.5833333333333334,0.4166666666666667,0.792481250360578,64.79248125036057,3.0,0.0
main_budget,7,expected_regret,4,24,12,64,mixed,none,0.0,uniform,0.7916666666666666,0.20833333333333334,0.4166666666666667,64.41666666666667,4.0,0.0
main_budget,7,expected_regret,5,24,12,64,mixed,none,0.0,uniform,1.0,0.0,0.0,64.0,5.0,0.0
main_budget,7,expected_regret,6,24,12,64,mixed,none,0.0,uniform,1.0,0.0,0.0,64.0,6.0,0.0
main_budget,7,expected_regret,7,24,12,64,mixed,none,0.0,uniform,1.0,0.0,0.0,64.0,7.0,0.0
main_budget,7,expected_regret,8,24,12,64,mixed,none,0.0,uniform,1.0,0.0,0.0,64.0,8.0,0.0
main_budget,7,expected_regret,9,24,12,64,mixed,none,0.0,uniform,1.0,0.0,0.0,64.0,9.0,0.0
main_budget,7,expected_regret,10,24,12,64,mixed,none,0.0,uniform,1.0,0.0,0.0,64.0,10.0,0.0
main_budget,7,sampled_equivalence,0,24,12,64,mixed,none,0.0,uniform,0.08333333333333333,0.9166666666666666,3.5849625007211565,67.58496250072115,0.0,0.0
main_budget,7,sampled_equivalence,1,24,12,64,mixed,none,0.0,uniform,0.125,0.875,2.63997500048077,66.63997500048076,1.0,0.0
main_budget,7,sampled_equivalence,2,24,12,64,mixed,none,0.0,uniform,0.25,0.75,1.6282684874044762,65.62826848740447,2.0,0.0
main_budget,7,sampled_equivalence,3,24,12,64,mixed,none,0.0,uniform,0.6666666666666666,0.3333333333333333,0.6564536459234779,64.65645364592348,3.0,0.0
main_budget,7,sampled_equivalence,4,24,12,64,mixed,none,0.0,uniform,0.9583333333333334,0.041666666666666664,0.125,64.125,4.0,0.0
main_budget,7,sampled_equivalence,5,24,12,64,mixed,none,0.0,uniform,1.0,0.0,0.0,64.0,5.0,0.0
main_budget,7,sampled_equivalence,6,24,12,64,mixed,none,0.0,uniform,1.0,0.0,0.0,64.0,6.0,0.0
main_budget,7,sampled_equivalence,7,24,12,64,mixed,none,0.0,uniform,1.0,0.0,0.0,64.0,7.0,0.0
main_budget,7,sampled_equivalence,8,24,12,64,mixed,none,0.0,uniform,1.0,0.0,0.0,64.0,8.0,0.0
main_budget,7,sampled_equivalence,9,24,12,64,mixed,none,0.0,uniform,1.0,0.0,0.0,64.0,9.0,0.0
main_budget,7,sampled_equivalence,10,24,12,64,mixed,none,0.0,uniform,1.0,0.0,0.0,64.0,10.0,0.0
main_budget,8,visual_only,0,24,12,64,mixed,none,0.0,uniform,0.125,0.875,3.5849625007211565,67.58496250072115,0.0,0.0
main_budget,8,visual_only,1,24,12,64,mixed,none,0.0,uniform,0.041666666666666664,0.9583333333333334,3.5849625007211565,67.58496250072115,0.0,0.0
main_budget,8,visual_only,2,24,12,64,mixed,none,0.0,uniform,0.08333333333333333,0.9166666666666666,3.5849625007211565,67.58496250072115,0.0,0.0
main_budget,8,visual_only,3,24,12,64,mixed,none,0.0,uniform,0.0,1.0,3.5849625007211565,67.58496250072115,0.0,0.0
main_budget,8,visual_only,4,24,12,64,mixed,none,0.0,uniform,0.041666666666666664,0.9583333333333334,3.5849625007211565,67.58496250072115,0.0,0.0
main_budget,8,visual_only,5,24,12,64,mixed,none,0.0,uniform,0.08333333333333333,0.9166666666666666,3.5849625007211565,67.58496250072115,0.0,0.0
main_budget,8,visual_only,6,24,12,64,mixed,none,0.0,uniform,0.08333333333333333,0.9166666666666666,3.5849625007211565,67.58496250072115,0.0,0.0
main_budget,8,visual_only,7,24,12,64,mixed,none,0.0,uniform,0.041666666666666664,0.9583333333333334,3.5849625007211565,67.58496250072115,0.0,0.0
main_budget,8,visual_only,8,24,12,64,mixed,none,0.0,uniform,0.041666666666666664,0.9583333333333334,3.5849625007211565,67.58496250072115,0.0,0.0
main_budget,8,visual_only,9,24,12,64,mixed,none,0.0,uniform,0.041666666666666664,0.9583333333333334,3.5849625007211565,67.58496250072115,0.0,0.0
main_budget,8,visual_only,10,24,12,64,mixed,none,0.0,uniform,0.16666666666666666,0.8333333333333334,3.5849625007211565,67.58496250072115,0.0,0.0
main_budget,8,random,0,24,12,64,mixed,none,0.0,uniform,0.08333333333333333,0.9166666666666666,3.5849625007211565,67.58496250072115,0.0,0.0
main_budget,8,random,1,24,12,64,mixed,none,0.0,uniform,0.20833333333333334,0.7916666666666666,2.9989266309558946,66.16559329762256,0.7916666666666666,0.20833333333333334
main_budget,8,random,2,24,12,64,mixed,none,0.0,uniform,0.20833333333333334,0.7916666666666666,2.5501617729919195,65.05016177299193,1.625,0.375
main_budget,8,random,3,24,12,64,mixed,none,0.0,uniform,0.4166666666666667,0.5833333333333334,2.1321243363035602,63.4654576696369,2.3333333333333335,0.6666666666666666
main_budget,8,random,4,24,12,64,mixed,none,0.0,uniform,0.5416666666666666,0.4583333333333333,1.8793279114761214,61.87932791147612,3.0,1.0
main_budget,8,random,5,24,12,64,mixed,none,0.0,uniform,0.5833333333333334,0.4166666666666667,1.6358414222727724,60.63584142227277,3.75,1.25
main_budget,8,random,6,24,12,64,mixed,none,0.0,uniform,0.5416666666666666,0.4583333333333333,1.4099470985878446,58.57661376525451,4.291666666666667,1.7083333333333333
main_budget,8,random,7,24,12,64,mixed,none,0.0,uniform,0.5,0.5,1.2391080706176176,56.73910807061762,4.875,2.125
main_budget,8,random,8,24,12,64,mixed,none,0.0,uniform,0.5416666666666666,0.4583333333333333,1.1233744215066361,55.7900410881733,5.666666666666667,2.3333333333333335
main_budget,8,random,9,24,12,64,mixed,none,0.0,uniform,0.5,0.5,0.9710680953144463,54.63773476198111,6.416666666666667,2.5833333333333335
main_budget,8,random,10,24,12,64,mixed,none,0.0,uniform,0.75,0.25,0.7359074207404994,53.06924075407384,7.083333333333333,2.9166666666666665
main_budget,8,dense_entropy,0,24,12,64,mixed,none,0.0,uniform,0.125,0.875,3.5849625007211565,67.58496250072115,0.0,0.0
main_budget,8,dense_entropy,1,24,12,64,mixed,none,0.0,uniform,0.125,0.875,3.5849625007211565,63.58496250072114,0.0,1.0
main_budget,8,dense_entropy,2,24,12,64,mixed,none,0.0,uniform,0.0,1.0,3.5849625007211565,59.58496250072114,0.0,2.0
main_budget,8,dense_entropy,3,24,12,64,mixed,none,0.0,uniform,0.08333333333333333,0.9166666666666666,3.5849625007211565,55.58496250072114,0.0,3.0
main_budget,8,dense_entropy,4,24,12,64,mixed,none,0.0,uniform,0.041666666666666664,0.9583333333333334,3.5849625007211565,51.584962500721154,0.0,4.0
main_budget,8,dense_entropy,5,24,12,64,mixed,none,0.0,uniform,0.041666666666666664,0.9583333333333334,3.5849625007211565,47.58496250072116,0.0,5.0
main_budget,8,dense_entropy,6,24,12,64,mixed,none,0.0,uniform,0.125,0.875,3.5849625007211565,43.58496250072116,0.0,6.0
main_budget,8,dense_entropy,7,24,12,64,mixed,none,0.0,uniform,0.08333333333333333,0.9166666666666666,3.5849625007211565,39.58496250072117,0.0,7.0
main_budget,8,dense_entropy,8,24,12,64,mixed,none,0.0,uniform,0.041666666666666664,0.9583333333333334,3.5849625007211565,35.58496250072116,0.0,8.0
main_budget,8,dense_entropy,9,24,12,64,mixed,none,0.0,uniform,0.041666666666666664,0.9583333333333334,3.5849625007211565,31.58496250072116,0.0,9.0
main_budget,8,dense_entropy,10,24,12,64,mixed,none,0.0,uniform,0.08333333333333333,0.9166666666666666,3.5849625007211565,27.584962500721158,0.0,10.0
main_budget,8,dense_contact_only,0,24,12,64,mixed,none,0.0,uniform,0.125,0.875,3.5849625007211565,67.58496250072115,0.0,0.0
main_budget,8,dense_contact_only,1,24,12,64,mixed,none,0.0,uniform,0.20833333333333334,0.7916666666666666,2.5849625007211547,66.58496250072115,1.0,0.0
main_budget,8,dense_contact_only,2,24,12,64,mixed,none,0.0,uniform,0.375,0.625,1.5849625007211552,65.58496250072115,2.0,0.0
main_budget,8,dense_contact_only,3,24,12,64,mixed,none,0.0,uniform,0.4583333333333333,0.5416666666666666,0.8333333333333334,64.83333333333333,3.0,0.0
main_budget,8,dense_contact_only,4,24,12,64,mixed,none,0.0,uniform,1.0,0.0,0.0,64.0,4.0,0.0
main_budget,8,dense_contact_only,5,24,12,64,mixed,none,0.0,uniform,1.0,0.0,0.0,64.0,5.0,0.0
main_budget,8,dense_contact_only,6,24,12,64,mixed,none,0.0,uniform,1.0,0.0,0.0,64.0,6.0,0.0
main_budget,8,dense_contact_only,7,24,12,64,mixed,none,0.0,uniform,1.0,0.0,0.0,64.0,7.0,0.0
main_budget,8,dense_contact_only,8,24,12,64,mixed,none,0.0,uniform,1.0,0.0,0.0,64.0,8.0,0.0
main_budget,8,dense_contact_only,9,24,12,64,mixed,none,0.0,uniform,1.0,0.0,0.0,64.0,9.0,0.0
main_budget,8,dense_contact_only,10,24,12,64,mixed,none,0.0,uniform,1.0,0.0,0.0,64.0,10.0,0.0
main_budget,8,critical_cell_entropy,0,24,12,64,mixed,none,0.0,uniform,0.0,1.0,3.5849625007211565,67.58496250072115,0.0,0.0
main_budget,8,critical_cell_entropy,1,24,12,64,mixed,none,0.0,uniform,0.16666666666666666,0.8333333333333334,3.459431618637297,67.45943161863731,1.0,0.0
main_budget,8,critical_cell_entropy,2,24,12,64,mixed,none,0.0,uniform,0.041666666666666664,0.9583333333333334,3.1835144242670563,67.1835144242671,2.0,0.0
main_budget,8,critical_cell_entropy,3,24,12,64,mixed,none,0.0,uniform,0.2916666666666667,0.7083333333333334,2.5095239594751626,66.50952395947517,3.0,0.0
main_budget,8,critical_cell_entropy,4,24,12,64,mixed,none,0.0,uniform,0.375,0.625,2.125,66.125,4.0,0.0
main_budget,8,critical_cell_entropy,5,24,12,64,mixed,none,0.0,uniform,0.4583333333333333,0.5416666666666666,1.7545968262860032,65.75459682628599,5.0,0.0
main_budget,8,critical_cell_entropy,6,24,12,64,mixed,none,0.0,uniform,0.75,0.25,1.1847744794971964,65.1847744794972,6.0,0.0
main_budget,8,critical_cell_entropy,7,24,12,64,mixed,none,0.0,uniform,0.625,0.375,0.9674700395364009,64.96747003953642,7.0,0.0
main_budget,8,critical_cell_entropy,8,24,12,64,mixed,none,0.0,uniform,0.75,0.25,0.6666666666666666,64.66666666666667,8.0,0.0
main_budget,8,critical_cell_entropy,9,24,12,64,mixed,none,0.0,uniform,0.75,0.25,0.5283208335737187,64.52832083357372,9.0,0.0
main_budget,8,critical_cell_entropy,10,24,12,64,mixed,none,0.0,uniform,0.7916666666666666,0.20833333333333334,0.25,64.25,10.0,0.0
main_budget,8,contact_equivalence,0,24,12,64,mixed,none,0.0,uniform,0.041666666666666664,0.9583333333333334,3.5849625007211565,67.58496250072115,0.0,0.0
main_budget,8,contact_equivalence,1,24,12,64,mixed,none,0.0,uniform,0.16666666666666666,0.8333333333333334,2.5849625007211547,66.58496250072115,1.0,0.0
main_budget,8,contact_equivalence,2,24,12,64,mixed,none,0.0,uniform,0.4166666666666667,0.5833333333333334,1.5849625007211552,65.58496250072115,2.0,0.0
main_budget,8,contact_equivalence,3,24,12,64,mixed,none,0.0,uniform,0.625,0.375,0.75,64.75,3.0,0.0
main_budget,8,contact_equivalence,4,24,12,64,mixed,none,0.0,uniform,1.0,0.0,0.0,64.0,4.0,0.0
main_budget,8,contact_equivalence,5,24,12,64,mixed,none,0.0,uniform,1.0,0.0,0.0,64.0,5.0,0.0
main_budget,8,contact_equivalence,6,24,12,64,mixed,none,0.0,uniform,1.0,0.0,0.0,64.0,6.0,0.0
main_budget,8,contact_equivalence,7,24,12,64,mixed,none,0.0,uniform,1.0,0.0,0.0,64.0,7.0,0.0
main_budget,8,contact_equivalence,8,24,12,64,mixed,none,0.0,uniform,1.0,0.0,0.0,64.0,8.0,0.0
main_budget,8,contact_equivalence,9,24,12,64,mixed,none,0.0,uniform,1.0,0.0,0.0,64.0,9.0,0.0
main_budget,8,contact_equivalence,10,24,12,64,mixed,none,0.0,uniform,1.0,0.0,0.0,64.0,10.0,0.0
main_budget,8,hybrid_25,0,24,12,64,mixed,none,0.0,uniform,0.08333333333333333,0.9166666666666666,3.5849625007211565,67.58496250072115,0.0,0.0
main_budget,8,hybrid_25,1,24,12,64,mixed,none,0.0,uniform,0.041666666666666664,0.9583333333333334,3.5849625007211565,63.58496250072114,0.0,1.0
main_budget,8,hybrid_25,2,24,12,64,mixed,none,0.0,uniform,0.125,0.875,3.5849625007211565,59.58496250072114,0.0,2.0
main_budget,8,hybrid_25,3,24,12,64,mixed,none,0.0,uniform,0.16666666666666666,0.8333333333333334,3.5849625007211565,55.58496250072114,0.0,3.0
main_budget,8,hybrid_25,4,24,12,64,mixed,none,0.0,uniform,0.041666666666666664,0.9583333333333334,3.5849625007211565,51.584962500721154,0.0,4.0
main_budget,8,hybrid_25,5,24,12,64,mixed,none,0.0,uniform,0.16666666666666666,0.8333333333333334,3.5849625007211565,47.58496250072116,0.0,5.0
main_budget,8,hybrid_25,6,24,12,64,mixed,none,0.0,uniform,0.041666666666666664,0.9583333333333334,3.5849625007211565,43.58496250072116,0.0,6.0
main_budget,8,hybrid_25,7,24,12,64,mixed,none,0.0,uniform,0.041666666666666664,0.9583333333333334,3.5849625007211565,39.58496250072117,0.0,7.0
main_budget,8,hybrid_25,8,24,12,64,mixed,none,0.0,uniform,0.0,1.0,3.5849625007211565,35.58496250072116,0.0,8.0
main_budget,8,hybrid_25,9,24,12,64,mixed,none,0.0,uniform,0.041666666666666664,0.9583333333333334,3.5849625007211565,31.58496250072116,0.0,9.0
main_budget,8,hybrid_25,10,24,12,64,mixed,none,0.0,uniform,0.041666666666666664,0.9583333333333334,3.5849625007211565,27.584962500721158,0.0,10.0
main_budget,8,hybrid_50,0,24,12,64,mixed,none,0.0,uniform,0.08333333333333333,0.9166666666666666,3.5849625007211565,67.58496250072115,0.0,0.0
main_budget,8,hybrid_50,1,24,12,64,mixed,none,0.0,uniform,0.125,0.875,3.5849625007211565,63.58496250072114,0.0,1.0
main_budget,8,hybrid_50,2,24,12,64,mixed,none,0.0,uniform,0.041666666666666664,0.9583333333333334,3.5849625007211565,59.58496250072114,0.0,2.0
main_budget,8,hybrid_50,3,24,12,64,mixed,none,0.0,uniform,0.08333333333333333,0.9166666666666666,3.5849625007211565,55.58496250072114,0.0,3.0
main_budget,8,hybrid_50,4,24,12,64,mixed,none,0.0,uniform,0.08333333333333333,0.9166666666666666,3.5849625007211565,51.584962500721154,0.0,4.0
main_budget,8,hybrid_50,5,24,12,64,mixed,none,0.0,uniform,0.125,0.875,3.5849625007211565,47.58496250072116,0.0,5.0
main_budget,8,hybrid_50,6,24,12,64,mixed,none,0.0,uniform,0.08333333333333333,0.9166666666666666,3.5849625007211565,43.58496250072116,0.0,6.0
main_budget,8,hybrid_50,7,24,12,64,mixed,none,0.0,uniform,0.16666666666666666,0.8333333333333334,3.5849625007211565,39.58496250072117,0.0,7.0
main_budget,8,hybrid_50,8,24,12,64,mixed,none,0.0,uniform,0.08333333333333333,0.9166666666666666,3.5849625007211565,35.58496250072116,0.0,8.0
main_budget,8,hybrid_50,9,24,12,64,mixed,none,0.0,uniform,0.08333333333333333,0.9166666666666666,3.5849625007211565,31.58496250072116,0.0,9.0
main_budget,8,hybrid_50,10,24,12,64,mixed,none,0.0,uniform,0.041666666666666664,0.9583333333333334,3.5849625007211565,27.584962500721158,0.0,10.0
main_budget,8,expected_regret,0,24,12,64,mixed,none,0.0,uniform,0.0,1.0,3.5849625007211565,67.58496250072115,0.0,0.0
main_budget,8,expected_regret,1,24,12,64,mixed,none,0.0,uniform,0.16666666666666666,0.8333333333333334,2.5849625007211547,66.58496250072115,1.0,0.0
main_budget,8,expected_regret,2,24,12,64,mixed,none,0.0,uniform,0.375,0.625,1.6666666666666667,65.66666666666667,2.0,0.0
main_budget,8,expected_regret,3,24,12,64,mixed,none,0.0,uniform,0.7083333333333334,0.2916666666666667,0.9245614587540075,64.924561458754,3.0,0.0
main_budget,8,expected_regret,4,24,12,64,mixed,none,0.0,uniform,0.8333333333333334,0.16666666666666666,0.3333333333333333,64.33333333333333,4.0,0.0
main_budget,8,expected_regret,5,24,12,64,mixed,none,0.0,uniform,1.0,0.0,0.0,64.0,5.0,0.0
main_budget,8,expected_regret,6,24,12,64,mixed,none,0.0,uniform,1.0,0.0,0.0,64.0,6.0,0.0
main_budget,8,expected_regret,7,24,12,64,mixed,none,0.0,uniform,1.0,0.0,0.0,64.0,7.0,0.0
main_budget,8,expected_regret,8,24,12,64,mixed,none,0.0,uniform,1.0,0.0,0.0,64.0,8.0,0.0
main_budget,8,expected_regret,9,24,12,64,mixed,none,0.0,uniform,1.0,0.0,0.0,64.0,9.0,0.0
main_budget,8,expected_regret,10,24,12,64,mixed,none,0.0,uniform,1.0,0.0,0.0,64.0,10.0,0.0
main_budget,8,sampled_equivalence,0,24,12,64,mixed,none,0.0,uniform,0.041666666666666664,0.9583333333333334,3.5849625007211565,67.58496250072115,0.0,0.0
main_budget,8,sampled_equivalence,1,24,12,64,mixed,none,0.0,uniform,0.20833333333333334,0.7916666666666666,2.6226817713441513,66.62268177134413,1.0,0.0
main_budget,8,sampled_equivalence,2,24,12,64,mixed,none,0.0,uniform,0.20833333333333334,0.7916666666666666,1.7123485669043619,65.71234856690435,2.0,0.0
main_budget,8,sampled_equivalence,3,24,12,64,mixed,none,0.0,uniform,0.7083333333333334,0.2916666666666667,0.6320802083934297,64.63208020839343,3.0,0.0
main_budget,8,sampled_equivalence,4,24,12,64,mixed,none,0.0,uniform,0.9583333333333334,0.041666666666666664,0.08333333333333333,64.08333333333333,4.0,0.0
main_budget,8,sampled_equivalence,5,24,12,64,mixed,none,0.0,uniform,1.0,0.0,0.0,64.0,5.0,0.0
main_budget,8,sampled_equivalence,6,24,12,64,mixed,none,0.0,uniform,1.0,0.0,0.0,64.0,6.0,0.0
main_budget,8,sampled_equivalence,7,24,12,64,mixed,none,0.0,uniform,1.0,0.0,0.0,64.0,7.0,0.0
main_budget,8,sampled_equivalence,8,24,12,64,mixed,none,0.0,uniform,1.0,0.0,0.0,64.0,8.0,0.0
main_budget,8,sampled_equivalence,9,24,12,64,mixed,none,0.0,uniform,1.0,0.0,0.0,64.0,9.0,0.0
main_budget,8,sampled_equivalence,10,24,12,64,mixed,none,0.0,uniform,1.0,0.0,0.0,64.0,10.0,0.0
main_budget,9,visual_only,0,24,12,64,mixed,none,0.0,uniform,0.16666666666666666,0.8333333333333334,3.5849625007211565,67.58496250072115,0.0,0.0
main_budget,9,visual_only,1,24,12,64,mixed,none,0.0,uniform,0.20833333333333334,0.7916666666666666,3.5849625007211565,67.58496250072115,0.0,0.0
main_budget,9,visual_only,2,24,12,64,mixed,none,0.0,uniform,0.0,1.0,3.5849625007211565,67.58496250072115,0.0,0.0
main_budget,9,visual_only,3,24,12,64,mixed,none,0.0,uniform,0.25,0.75,3.5849625007211565,67.58496250072115,0.0,0.0
main_budget,9,visual_only,4,24,12,64,mixed,none,0.0,uniform,0.041666666666666664,0.9583333333333334,3.5849625007211565,67.58496250072115,0.0,0.0
main_budget,9,visual_only,5,24,12,64,mixed,none,0.0,uniform,0.125,0.875,3.5849625007211565,67.58496250072115,0.0,0.0
main_budget,9,visual_only,6,24,12,64,mixed,none,0.0,uniform,0.08333333333333333,0.9166666666666666,3.5849625007211565,67.58496250072115,0.0,0.0
main_budget,9,visual_only,7,24,12,64,mixed,none,0.0,uniform,0.20833333333333334,0.7916666666666666,3.5849625007211565,67.58496250072115,0.0,0.0
main_budget,9,visual_only,8,24,12,64,mixed,none,0.0,uniform,0.041666666666666664,0.9583333333333334,3.5849625007211565,67.58496250072115,0.0,0.0
main_budget,9,visual_only,9,24,12,64,mixed,none,0.0,uniform,0.0,1.0,3.5849625007211565,67.58496250072115,0.0,0.0
main_budget,9,visual_only,10,24,12,64,mixed,none,0.0,uniform,0.041666666666666664,0.9583333333333334,3.5849625007211565,67.58496250072115,0.0,0.0
main_budget,9,random,0,24,12,64,mixed,none,0.0,uniform,0.041666666666666664,0.9583333333333334,3.5849625007211565,67.58496250072115,0.0,0.0
main_budget,9,random,1,24,12,64,mixed,none,0.0,uniform,0.16666666666666666,0.8333333333333334,3.1223247620797587,65.95565809541309,0.7083333333333334,0.2916666666666667
main_budget,9,random,2,24,12,64,mixed,none,0.0,uniform,0.3333333333333333,0.6666666666666666,2.8385530298795705,64.00521969654625,1.2916666666666667,0.7083333333333334
main_budget,9,random,3,24,12,64,mixed,none,0.0,uniform,0.2916666666666667,0.7083333333333334,2.4728941406704874,62.306227474003826,1.9583333333333333,1.0416666666666667
main_budget,9,random,4,24,12,64,mixed,none,0.0,uniform,0.20833333333333334,0.7916666666666666,2.1117357459577004,60.945069079291045,2.7083333333333335,1.2916666666666667
main_budget,9,random,5,24,12,64,mixed,none,0.0,uniform,0.3333333333333333,0.6666666666666666,1.9779621215435481,59.14462878821022,3.2916666666666665,1.7083333333333333
main_budget,9,random,6,24,12,64,mixed,none,0.0,uniform,0.5416666666666666,0.4583333333333333,1.3880275647683618,57.88802756476836,4.125,1.875
main_budget,9,random,7,24,12,64,mixed,none,0.0,uniform,0.7083333333333334,0.2916666666666667,1.0627211096826283,56.22938777634929,4.791666666666667,2.2083333333333335
main_budget,9,random,8,24,12,64,mixed,none,0.0,uniform,0.5833333333333334,0.4166666666666667,0.9630412170668464,54.796374550400174,5.458333333333333,2.5416666666666665
main_budget,9,random,9,24,12,64,mixed,none,0.0,uniform,0.6666666666666666,0.3333333333333333,0.8889742346225319,53.88897423462253,6.25,2.75
main_budget,9,random,10,24,12,64,mixed,none,0.0,uniform,0.7916666666666666,0.20833333333333334,0.7139878869210166,52.71398788692102,7.0,3.0
main_budget,9,dense_entropy,0,24,12,64,mixed,none,0.0,uniform,0.041666666666666664,0.9583333333333334,3.5849625007211565,67.58496250072115,0.0,0.0
main_budget,9,dense_entropy,1,24,12,64,mixed,none,0.0,uniform,0.08333333333333333,0.9166666666666666,3.5849625007211565,63.58496250072114,0.0,1.0
main_budget,9,dense_entropy,2,24,12,64,mixed,none,0.0,uniform,0.0,1.0,3.5849625007211565,59.58496250072114,0.0,2.0
main_budget,9,dense_entropy,3,24,12,64,mixed,none,0.0,uniform,0.08333333333333333,0.9166666666666666,3.5849625007211565,55.58496250072114,0.0,3.0
main_budget,9,dense_entropy,4,24,12,64,mixed,none,0.0,uniform,0.08333333333333333,0.9166666666666666,3.5849625007211565,51.584962500721154,0.0,4.0
main_budget,9,dense_entropy,5,24,12,64,mixed,none,0.0,uniform,0.25,0.75,3.5849625007211565,47.58496250072116,0.0,5.0
main_budget,9,dense_entropy,6,24,12,64,mixed,none,0.0,uniform,0.0,1.0,3.5849625007211565,43.58496250072116,0.0,6.0
main_budget,9,dense_entropy,7,24,12,64,mixed,none,0.0,uniform,0.041666666666666664,0.9583333333333334,3.5849625007211565,39.58496250072117,0.0,7.0
main_budget,9,dense_entropy,8,24,12,64,mixed,none,0.0,uniform,0.041666666666666664,0.9583333333333334,3.5849625007211565,35.58496250072116,0.0,8.0
main_budget,9,dense_entropy,9,24,12,64,mixed,none,0.0,uniform,0.041666666666666664,0.9583333333333334,3.5849625007211565,31.58496250072116,0.0,9.0
main_budget,9,dense_entropy,10,24,12,64,mixed,none,0.0,uniform,0.041666666666666664,0.9583333333333334,3.5849625007211565,27.584962500721158,0.0,10.0
main_budget,9,dense_contact_only,0,24,12,64,mixed,none,0.0,uniform,0.125,0.875,3.5849625007211565,67.58496250072115,0.0,0.0
main_budget,9,dense_contact_only,1,24,12,64,mixed,none,0.0,uniform,0.20833333333333334,0.7916666666666666,2.5849625007211547,66.58496250072115,1.0,0.0
main_budget,9,dense_contact_only,2,24,12,64,mixed,none,0.0,uniform,0.4583333333333333,0.5416666666666666,1.5849625007211552,65.58496250072115,2.0,0.0
main_budget,9,dense_contact_only,3,24,12,64,mixed,none,0.0,uniform,0.7083333333333334,0.2916666666666667,0.7916666666666666,64.79166666666667,3.0,0.0
main_budget,9,dense_contact_only,4,24,12,64,mixed,none,0.0,uniform,1.0,0.0,0.0,64.0,4.0,0.0
main_budget,9,dense_contact_only,5,24,12,64,mixed,none,0.0,uniform,1.0,0.0,0.0,64.0,5.0,0.0
main_budget,9,dense_contact_only,6,24,12,64,mixed,none,0.0,uniform,1.0,0.0,0.0,64.0,6.0,0.0
main_budget,9,dense_contact_only,7,24,12,64,mixed,none,0.0,uniform,1.0,0.0,0.0,64.0,7.0,0.0
main_budget,9,dense_contact_only,8,24,12,64,mixed,none,0.0,uniform,1.0,0.0,0.0,64.0,8.0,0.0
main_budget,9,dense_contact_only,9,24,12,64,mixed,none,0.0,uniform,1.0,0.0,0.0,64.0,9.0,0.0
main_budget,9,dense_contact_only,10,24,12,64,mixed,none,0.0,uniform,1.0,0.0,0.0,64.0,10.0,0.0
main_budget,9,critical_cell_entropy,0,24,12,64,mixed,none,0.0,uniform,0.125,0.875,3.5849625007211565,67.58496250072115,0.0,0.0
main_budget,9,critical_cell_entropy,1,24,12,64,mixed,none,0.0,uniform,0.25,0.75,3.027002666307635,67.02700266630765,1.0,0.0
main_budget,9,critical_cell_entropy,2,24,12,64,mixed,none,0.0,uniform,0.3333333333333333,0.6666666666666666,2.353032400545215,66.35303240054525,2.0,0.0
main_budget,9,critical_cell_entropy,3,24,12,64,mixed,none,0.0,uniform,0.4583333333333333,0.5416666666666666,1.9812031259014444,65.98120312590144,3.0,0.0
main_budget,9,critical_cell_entropy,4,24,12,64,mixed,none,0.0,uniform,0.5416666666666666,0.4583333333333333,1.75,65.75,4.0,0.0
main_budget,9,critical_cell_entropy,5,24,12,64,mixed,none,0.0,uniform,0.625,0.375,1.2867043392764024,65.2867043392764,5.0,0.0
main_budget,9,critical_cell_entropy,6,24,12,64,mixed,none,0.0,uniform,0.75,0.25,0.9693609377704334,64.96936093777043,6.0,0.0
main_budget,9,critical_cell_entropy,7,24,12,64,mixed,none,0.0,uniform,0.8333333333333334,0.16666666666666666,0.6772290276754807,64.6772290276755,7.0,0.0
main_budget,9,critical_cell_entropy,8,24,12,64,mixed,none,0.0,uniform,0.875,0.125,0.25,64.25,8.0,0.0
main_budget,9,critical_cell_entropy,9,24,12,64,mixed,none,0.0,uniform,0.9583333333333334,0.041666666666666664,0.13208020839342968,64.13208020839343,9.0,0.0
main_budget,9,critical_cell_entropy,10,24,12,64,mixed,none,0.0,uniform,1.0,0.0,0.08333333333333333,64.08333333333333,10.0,0.0
main_budget,9,contact_equivalence,0,24,12,64,mixed,none,0.0,uniform,0.125,0.875,3.5849625007211565,67.58496250072115,0.0,0.0
main_budget,9,contact_equivalence,1,24,12,64,mixed,none,0.0,uniform,0.125,0.875,2.5849625007211547,66.58496250072115,1.0,0.0
main_budget,9,contact_equivalence,2,24,12,64,mixed,none,0.0,uniform,0.4583333333333333,0.5416666666666666,1.5849625007211552,65.58496250072115,2.0,0.0
main_budget,9,contact_equivalence,3,24,12,64,mixed,none,0.0,uniform,0.5,0.5,0.7083333333333334,64.70833333333333,3.0,0.0
main_budget,9,contact_equivalence,4,24,12,64,mixed,none,0.0,uniform,1.0,0.0,0.0,64.0,4.0,0.0
main_budget,9,contact_equivalence,5,24,12,64,mixed,none,0.0,uniform,1.0,0.0,0.0,64.0,5.0,0.0
main_budget,9,contact_equivalence,6,24,12,64,mixed,none,0.0,uniform,1.0,0.0,0.0,64.0,6.0,0.0
main_budget,9,contact_equivalence,7,24,12,64,mixed,none,0.0,uniform,1.0,0.0,0.0,64.0,7.0,0.0
main_budget,9,contact_equivalence,8,24,12,64,mixed,none,0.0,uniform,1.0,0.0,0.0,64.0,8.0,0.0
main_budget,9,contact_equivalence,9,24,12,64,mixed,none,0.0,uniform,1.0,0.0,0.0,64.0,9.0,0.0
main_budget,9,contact_equivalence,10,24,12,64,mixed,none,0.0,uniform,1.0,0.0,0.0,64.0,10.0,0.0
main_budget,9,hybrid_25,0,24,12,64,mixed,none,0.0,uniform,0.0,1.0,3.5849625007211565,67.58496250072115,0.0,0.0
main_budget,9,hybrid_25,1,24,12,64,mixed,none,0.0,uniform,0.041666666666666664,0.9583333333333334,3.5849625007211565,63.58496250072114,0.0,1.0
main_budget,9,hybrid_25,2,24,12,64,mixed,none,0.0,uniform,0.08333333333333333,0.9166666666666666,3.5849625007211565,59.58496250072114,0.0,2.0
main_budget,9,hybrid_25,3,24,12,64,mixed,none,0.0,uniform,0.125,0.875,3.5849625007211565,55.58496250072114,0.0,3.0
main_budget,9,hybrid_25,4,24,12,64,mixed,none,0.0,uniform,0.041666666666666664,0.9583333333333334,3.5849625007211565,51.584962500721154,0.0,4.0
main_budget,9,hybrid_25,5,24,12,64,mixed,none,0.0,uniform,0.16666666666666666,0.8333333333333334,3.5849625007211565,47.58496250072116,0.0,5.0
main_budget,9,hybrid_25,6,24,12,64,mixed,none,0.0,uniform,0.041666666666666664,0.9583333333333334,3.5849625007211565,43.58496250072116,0.0,6.0
main_budget,9,hybrid_25,7,24,12,64,mixed,none,0.0,uniform,0.041666666666666664,0.9583333333333334,3.5849625007211565,39.58496250072117,0.0,7.0
main_budget,9,hybrid_25,8,24,12,64,mixed,none,0.0,uniform,0.041666666666666664,0.9583333333333334,3.5849625007211565,35.58496250072116,0.0,8.0
main_budget,9,hybrid_25,9,24,12,64,mixed,none,0.0,uniform,0.125,0.875,3.5849625007211565,31.58496250072116,0.0,9.0
main_budget,9,hybrid_25,10,24,12,64,mixed,none,0.0,uniform,0.125,0.875,3.5849625007211565,27.584962500721158,0.0,10.0
main_budget,9,hybrid_50,0,24,12,64,mixed,none,0.0,uniform,0.0,1.0,3.5849625007211565,67.58496250072115,0.0,0.0
main_budget,9,hybrid_50,1,24,12,64,mixed,none,0.0,uniform,0.20833333333333334,0.7916666666666666,3.5849625007211565,63.58496250072114,0.0,1.0
main_budget,9,hybrid_50,2,24,12,64,mixed,none,0.0,uniform,0.08333333333333333,0.9166666666666666,3.5849625007211565,59.58496250072114,0.0,2.0
main_budget,9,hybrid_50,3,24,12,64,mixed,none,0.0,uniform,0.041666666666666664,0.9583333333333334,3.5849625007211565,55.58496250072114,0.0,3.0
main_budget,9,hybrid_50,4,24,12,64,mixed,none,0.0,uniform,0.16666666666666666,0.8333333333333334,3.5849625007211565,51.584962500721154,0.0,4.0
main_budget,9,hybrid_50,5,24,12,64,mixed,none,0.0,uniform,0.08333333333333333,0.9166666666666666,3.5849625007211565,47.58496250072116,0.0,5.0
main_budget,9,hybrid_50,6,24,12,64,mixed,none,0.0,uniform,0.08333333333333333,0.9166666666666666,3.5849625007211565,43.58496250072116,0.0,6.0
main_budget,9,hybrid_50,7,24,12,64,mixed,none,0.0,uniform,0.041666666666666664,0.9583333333333334,3.5849625007211565,39.58496250072117,0.0,7.0
main_budget,9,hybrid_50,8,24,12,64,mixed,none,0.0,uniform,0.125,0.875,3.5849625007211565,35.58496250072116,0.0,8.0
main_budget,9,hybrid_50,9,24,12,64,mixed,none,0.0,uniform,0.16666666666666666,0.8333333333333334,3.5849625007211565,31.58496250072116,0.0,9.0
main_budget,9,hybrid_50,10,24,12,64,mixed,none,0.0,uniform,0.125,0.875,3.5849625007211565,27.584962500721158,0.0,10.0
main_budget,9,expected_regret,0,24,12,64,mixed,none,0.0,uniform,0.125,0.875,3.5849625007211565,67.58496250072115,0.0,0.0
main_budget,9,expected_regret,1,24,12,64,mixed,none,0.0,uniform,0.16666666666666666,0.8333333333333334,2.5849625007211547,66.58496250072115,1.0,0.0
main_budget,9,expected_regret,2,24,12,64,mixed,none,0.0,uniform,0.5416666666666666,0.4583333333333333,1.6666666666666667,65.66666666666667,2.0,0.0
main_budget,9,expected_regret,3,24,12,64,mixed,none,0.0,uniform,0.5833333333333334,0.4166666666666667,0.7264411461638632,64.72644114616385,3.0,0.0
main_budget,9,expected_regret,4,24,12,64,mixed,none,0.0,uniform,0.9166666666666666,0.08333333333333333,0.20833333333333334,64.20833333333333,4.0,0.0
main_budget,9,expected_regret,5,24,12,64,mixed,none,0.0,uniform,1.0,0.0,0.0,64.0,5.0,0.0
main_budget,9,expected_regret,6,24,12,64,mixed,none,0.0,uniform,1.0,0.0,0.0,64.0,6.0,0.0
main_budget,9,expected_regret,7,24,12,64,mixed,none,0.0,uniform,1.0,0.0,0.0,64.0,7.0,0.0
main_budget,9,expected_regret,8,24,12,64,mixed,none,0.0,uniform,1.0,0.0,0.0,64.0,8.0,0.0
main_budget,9,expected_regret,9,24,12,64,mixed,none,0.0,uniform,1.0,0.0,0.0,64.0,9.0,0.0
main_budget,9,expected_regret,10,24,12,64,mixed,none,0.0,uniform,1.0,0.0,0.0,64.0,10.0,0.0
main_budget,9,sampled_equivalence,0,24,12,64,mixed,none,0.0,uniform,0.0,1.0,3.5849625007211565,67.58496250072115,0.0,0.0
main_budget,9,sampled_equivalence,1,24,12,64,mixed,none,0.0,uniform,0.2916666666666667,0.7083333333333334,2.5983083338141033,66.5983083338141,1.0,0.0
main_budget,9,sampled_equivalence,2,24,12,64,mixed,none,0.0,uniform,0.375,0.625,1.6109752582678576,65.61097525826786,2.0,0.0
main_budget,9,sampled_equivalence,3,24,12,64,mixed,none,0.0,uniform,0.5416666666666666,0.4583333333333333,0.590413541726763,64.59041354172676,3.0,0.0
main_budget,9,sampled_equivalence,4,24,12,64,mixed,none,0.0,uniform,0.9583333333333334,0.041666666666666664,0.041666666666666664,64.04166666666667,4.0,0.0
main_budget,9,sampled_equivalence,5,24,12,64,mixed,none,0.0,uniform,1.0,0.0,0.0,64.0,5.0,0.0
main_budget,9,sampled_equivalence,6,24,12,64,mixed,none,0.0,uniform,1.0,0.0,0.0,64.0,6.0,0.0
main_budget,9,sampled_equivalence,7,24,12,64,mixed,none,0.0,uniform,1.0,0.0,0.0,64.0,7.0,0.0
main_budget,9,sampled_equivalence,8,24,12,64,mixed,none,0.0,uniform,1.0,0.0,0.0,64.0,8.0,0.0
main_budget,9,sampled_equivalence,9,24,12,64,mixed,none,0.0,uniform,1.0,0.0,0.0,64.0,9.0,0.0
main_budget,9,sampled_equivalence,10,24,12,64,mixed,none,0.0,uniform,1.0,0.0,0.0,64.0,10.0,0.0
