suite,seed,method,budget,trials,lanes,decor_bits,library,noise_mode,noise_rate,prior_mode,case,success_rate,mean_regret,posterior_contact_entropy,posterior_full_entropy,contact_probes,decor_probes
negative_controls,0,dense_entropy,2,24,12,0,mixed,none,0.0,uniform,no_decor,0.16666666666666666,0.8333333333333334,1.5849625007211552,1.5849625007211552,2.0,0.0
negative_controls,0,dense_entropy,4,24,12,0,mixed,none,0.0,uniform,no_decor,1.0,0.0,0.0,0.0,4.0,0.0
negative_controls,0,dense_entropy,6,24,12,0,mixed,none,0.0,uniform,no_decor,1.0,0.0,0.0,0.0,6.0,0.0
negative_controls,0,dense_entropy,8,24,12,0,mixed,none,0.0,uniform,no_decor,1.0,0.0,0.0,0.0,8.0,0.0
negative_controls,0,dense_contact_only,2,24,12,0,mixed,none,0.0,uniform,no_decor,0.375,0.625,1.5849625007211552,1.5849625007211552,2.0,0.0
negative_controls,0,dense_contact_only,4,24,12,0,mixed,none,0.0,uniform,no_decor,1.0,0.0,0.0,0.0,4.0,0.0
negative_controls,0,dense_contact_only,6,24,12,0,mixed,none,0.0,uniform,no_decor,1.0,0.0,0.0,0.0,6.0,0.0
negative_controls,0,dense_contact_only,8,24,12,0,mixed,none,0.0,uniform,no_decor,1.0,0.0,0.0,0.0,8.0,0.0
negative_controls,0,critical_cell_entropy,2,24,12,0,mixed,none,0.0,uniform,no_decor,0.25,0.75,2.6298597417858285,2.6298597417858285,2.0,0.0
negative_controls,0,critical_cell_entropy,4,24,12,0,mixed,none,0.0,uniform,no_decor,0.5416666666666666,0.4583333333333333,1.625,1.625,4.0,0.0
negative_controls,0,critical_cell_entropy,6,24,12,0,mixed,none,0.0,uniform,no_decor,0.7083333333333334,0.2916666666666667,0.861654166907052,0.861654166907052,6.0,0.0
negative_controls,0,critical_cell_entropy,8,24,12,0,mixed,none,0.0,uniform,no_decor,0.75,0.25,0.5833333333333334,0.5833333333333334,8.0,0.0
negative_controls,0,contact_equivalence,2,24,12,0,mixed,none,0.0,uniform,no_decor,0.16666666666666666,0.8333333333333334,1.5849625007211552,1.5849625007211552,2.0,0.0
negative_controls,0,contact_equivalence,4,24,12,0,mixed,none,0.0,uniform,no_decor,1.0,0.0,0.0,0.0,4.0,0.0
negative_controls,0,contact_equivalence,6,24,12,0,mixed,none,0.0,uniform,no_decor,1.0,0.0,0.0,0.0,6.0,0.0
negative_controls,0,contact_equivalence,8,24,12,0,mixed,none,0.0,uniform,no_decor,1.0,0.0,0.0,0.0,8.0,0.0
negative_controls,0,expected_regret,2,24,12,0,mixed,none,0.0,uniform,no_decor,0.20833333333333334,0.7916666666666666,1.8333333333333333,1.8333333333333333,2.0,0.0
negative_controls,0,expected_regret,4,24,12,0,mixed,none,0.0,uniform,no_decor,0.875,0.125,0.3333333333333333,0.3333333333333333,4.0,0.0
negative_controls,0,expected_regret,6,24,12,0,mixed,none,0.0,uniform,no_decor,1.0,0.0,0.0,0.0,6.0,0.0
negative_controls,0,expected_regret,8,24,12,0,mixed,none,0.0,uniform,no_decor,1.0,0.0,0.0,0.0,8.0,0.0
negative_controls,0,sampled_equivalence,2,24,12,0,mixed,none,0.0,uniform,no_decor,0.375,0.625,1.716228125420674,1.716228125420674,2.0,0.0
negative_controls,0,sampled_equivalence,4,24,12,0,mixed,none,0.0,uniform,no_decor,1.0,0.0,0.0,0.0,4.0,0.0
negative_controls,0,sampled_equivalence,6,24,12,0,mixed,none,0.0,uniform,no_decor,1.0,0.0,0.0,0.0,6.0,0.0
negative_controls,0,sampled_equivalence,8,24,12,0,mixed,none,0.0,uniform,no_decor,1.0,0.0,0.0,0.0,8.0,0.0
negative_controls,1,dense_entropy,2,24,12,0,mixed,none,0.0,uniform,no_decor,0.4583333333333333,0.5416666666666666,1.5849625007211552,1.5849625007211552,2.0,0.0
negative_controls,1,dense_entropy,4,24,12,0,mixed,none,0.0,uniform,no_decor,1.0,0.0,0.0,0.0,4.0,0.0
negative_controls,1,dense_entropy,6,24,12,0,mixed,none,0.0,uniform,no_decor,1.0,0.0,0.0,0.0,6.0,0.0
negative_controls,1,dense_entropy,8,24,12,0,mixed,none,0.0,uniform,no_decor,1.0,0.0,0.0,0.0,8.0,0.0
negative_controls,1,dense_contact_only,2,24,12,0,mixed,none,0.0,uniform,no_decor,0.375,0.625,1.5849625007211552,1.5849625007211552,2.0,0.0
negative_controls,1,dense_contact_only,4,24,12,0,mixed,none,0.0,uniform,no_decor,1.0,0.0,0.0,0.0,4.0,0.0
negative_controls,1,dense_contact_only,6,24,12,0,mixed,none,0.0,uniform,no_decor,1.0,0.0,0.0,0.0,6.0,0.0
negative_controls,1,dense_contact_only,8,24,12,0,mixed,none,0.0,uniform,no_decor,1.0,0.0,0.0,0.0,8.0,0.0
negative_controls,1,critical_cell_entropy,2,24,12,0,mixed,none,0.0,uniform,no_decor,0.08333333333333333,0.9166666666666666,3.1835144242670563,3.1835144242670563,2.0,0.0
negative_controls,1,critical_cell_entropy,4,24,12,0,mixed,none,0.0,uniform,no_decor,0.25,0.75,2.375,2.375,4.0,0.0
negative_controls,1,critical_cell_entropy,6,24,12,0,mixed,none,0.0,uniform,no_decor,0.5833333333333334,0.4166666666666667,1.615601562950722,1.615601562950722,6.0,0.0
negative_controls,1,critical_cell_entropy,8,24,12,0,mixed,none,0.0,uniform,no_decor,0.625,0.375,1.0833333333333333,1.0833333333333333,8.0,0.0
negative_controls,1,contact_equivalence,2,24,12,0,mixed,none,0.0,uniform,no_decor,0.5,0.5,1.5849625007211552,1.5849625007211552,2.0,0.0
negative_controls,1,contact_equivalence,4,24,12,0,mixed,none,0.0,uniform,no_decor,1.0,0.0,0.0,0.0,4.0,0.0
negative_controls,1,contact_equivalence,6,24,12,0,mixed,none,0.0,uniform,no_decor,1.0,0.0,0.0,0.0,6.0,0.0
negative_controls,1,contact_equivalence,8,24,12,0,mixed,none,0.0,uniform,no_decor,1.0,0.0,0.0,0.0,8.0,0.0
negative_controls,1,expected_regret,2,24,12,0,mixed,none,0.0,uniform,no_decor,0.5416666666666666,0.4583333333333333,1.5833333333333333,1.5833333333333333,2.0,0.0
negative_controls,1,expected_regret,4,24,12,0,mixed,none,0.0,uniform,no_decor,0.875,0.125,0.3333333333333333,0.3333333333333333,4.0,0.0
negative_controls,1,expected_regret,6,24,12,0,mixed,none,0.0,uniform,no_decor,1.0,0.0,0.0,0.0,6.0,0.0
negative_controls,1,expected_regret,8,24,12,0,mixed,none,0.0,uniform,no_decor,1.0,0.0,0.0,0.0,8.0,0.0
negative_controls,1,sampled_equivalence,2,24,12,0,mixed,none,0.0,uniform,no_decor,0.20833333333333334,0.7916666666666666,1.6557747372842837,1.6557747372842837,2.0,0.0
negative_controls,1,sampled_equivalence,4,24,12,0,mixed,none,0.0,uniform,no_decor,0.9583333333333334,0.041666666666666664,0.041666666666666664,0.041666666666666664,4.0,0.0
negative_controls,1,sampled_equivalence,6,24,12,0,mixed,none,0.0,uniform,no_decor,1.0,0.0,0.0,0.0,6.0,0.0
negative_controls,1,sampled_equivalence,8,24,12,0,mixed,none,0.0,uniform,no_decor,1.0,0.0,0.0,0.0,8.0,0.0
negative_controls,2,dense_entropy,2,24,12,0,mixed,none,0.0,uniform,no_decor,0.375,0.625,1.5849625007211552,1.5849625007211552,2.0,0.0
negative_controls,2,dense_entropy,4,24,12,0,mixed,none,0.0,uniform,no_decor,1.0,0.0,0.0,0.0,4.0,0.0
negative_controls,2,dense_entropy,6,24,12,0,mixed,none,0.0,uniform,no_decor,1.0,0.0,0.0,0.0,6.0,0.0
negative_controls,2,dense_entropy,8,24,12,0,mixed,none,0.0,uniform,no_decor,1.0,0.0,0.0,0.0,8.0,0.0
negative_controls,2,dense_contact_only,2,24,12,0,mixed,none,0.0,uniform,no_decor,0.4583333333333333,0.5416666666666666,1.5849625007211552,1.5849625007211552,2.0,0.0
negative_controls,2,dense_contact_only,4,24,12,0,mixed,none,0.0,uniform,no_decor,1.0,0.0,0.0,0.0,4.0,0.0
negative_controls,2,dense_contact_only,6,24,12,0,mixed,none,0.0,uniform,no_decor,1.0,0.0,0.0,0.0,6.0,0.0
negative_controls,2,dense_contact_only,8,24,12,0,mixed,none,0.0,uniform,no_decor,1.0,0.0,0.0,0.0,8.0,0.0
negative_controls,2,critical_cell_entropy,2,24,12,0,mixed,none,0.0,uniform,no_decor,0.25,0.75,2.9066870830264424,2.9066870830264424,2.0,0.0
negative_controls,2,critical_cell_entropy,4,24,12,0,mixed,none,0.0,uniform,no_decor,0.2916666666666667,0.7083333333333334,2.375,2.375,4.0,0.0
negative_controls,2,critical_cell_entropy,6,24,12,0,mixed,none,0.0,uniform,no_decor,0.625,0.375,1.4001880212239592,1.4001880212239592,6.0,0.0
negative_controls,2,critical_cell_entropy,8,24,12,0,mixed,none,0.0,uniform,no_decor,0.7083333333333334,0.2916666666666667,0.8333333333333334,0.8333333333333334,8.0,0.0
negative_controls,2,contact_equivalence,2,24,12,0,mixed,none,0.0,uniform,no_decor,0.3333333333333333,0.6666666666666666,1.5849625007211552,1.5849625007211552,2.0,0.0
negative_controls,2,contact_equivalence,4,24,12,0,mixed,none,0.0,uniform,no_decor,1.0,0.0,0.0,0.0,4.0,0.0
negative_controls,2,contact_equivalence,6,24,12,0,mixed,none,0.0,uniform,no_decor,1.0,0.0,0.0,0.0,6.0,0.0
negative_controls,2,contact_equivalence,8,24,12,0,mixed,none,0.0,uniform,no_decor,1.0,0.0,0.0,0.0,8.0,0.0
negative_controls,2,expected_regret,2,24,12,0,mixed,none,0.0,uniform,no_decor,0.20833333333333334,0.7916666666666666,1.75,1.75,2.0,0.0
negative_controls,2,expected_regret,4,24,12,0,mixed,none,0.0,uniform,no_decor,0.625,0.375,0.5,0.5,4.0,0.0
negative_controls,2,expected_regret,6,24,12,0,mixed,none,0.0,uniform,no_decor,1.0,0.0,0.0,0.0,6.0,0.0
negative_controls,2,expected_regret,8,24,12,0,mixed,none,0.0,uniform,no_decor,1.0,0.0,0.0,0.0,8.0,0.0
negative_controls,2,sampled_equivalence,2,24,12,0,mixed,none,0.0,uniform,no_decor,0.20833333333333334,0.7916666666666666,1.6455617165410947,1.6455617165410947,2.0,0.0
negative_controls,2,sampled_equivalence,4,24,12,0,mixed,none,0.0,uniform,no_decor,1.0,0.0,0.08333333333333333,0.08333333333333333,4.0,0.0
negative_controls,2,sampled_equivalence,6,24,12,0,mixed,none,0.0,uniform,no_decor,1.0,0.0,0.0,0.0,6.0,0.0
negative_controls,2,sampled_equivalence,8,24,12,0,mixed,none,0.0,uniform,no_decor,1.0,0.0,0.0,0.0,8.0,0.0
negative_controls,3,dense_entropy,2,24,12,0,mixed,none,0.0,uniform,no_decor,0.25,0.75,1.5849625007211552,1.5849625007211552,2.0,0.0
negative_controls,3,dense_entropy,4,24,12,0,mixed,none,0.0,uniform,no_decor,1.0,0.0,0.0,0.0,4.0,0.0
negative_controls,3,dense_entropy,6,24,12,0,mixed,none,0.0,uniform,no_decor,1.0,0.0,0.0,0.0,6.0,0.0
negative_controls,3,dense_entropy,8,24,12,0,mixed,none,0.0,uniform,no_decor,1.0,0.0,0.0,0.0,8.0,0.0
negative_controls,3,dense_contact_only,2,24,12,0,mixed,none,0.0,uniform,no_decor,0.2916666666666667,0.7083333333333334,1.5849625007211552,1.5849625007211552,2.0,0.0
negative_controls,3,dense_contact_only,4,24,12,0,mixed,none,0.0,uniform,no_decor,1.0,0.0,0.0,0.0,4.0,0.0
negative_controls,3,dense_contact_only,6,24,12,0,mixed,none,0.0,uniform,no_decor,1.0,0.0,0.0,0.0,6.0,0.0
negative_controls,3,dense_contact_only,8,24,12,0,mixed,none,0.0,uniform,no_decor,1.0,0.0,0.0,0.0,8.0,0.0
negative_controls,3,critical_cell_entropy,2,24,12,0,mixed,none,0.0,uniform,no_decor,0.2916666666666667,0.7083333333333334,2.6298597417858285,2.6298597417858285,2.0,0.0
negative_controls,3,critical_cell_entropy,4,24,12,0,mixed,none,0.0,uniform,no_decor,0.4166666666666667,0.5833333333333334,2.0,2.0,4.0,0.0
negative_controls,3,critical_cell_entropy,6,24,12,0,mixed,none,0.0,uniform,no_decor,0.5416666666666666,0.4583333333333333,1.615601562950722,1.615601562950722,6.0,0.0
negative_controls,3,critical_cell_entropy,8,24,12,0,mixed,none,0.0,uniform,no_decor,0.75,0.25,0.75,0.75,8.0,0.0
negative_controls,3,contact_equivalence,2,24,12,0,mixed,none,0.0,uniform,no_decor,0.16666666666666666,0.8333333333333334,1.5849625007211552,1.5849625007211552,2.0,0.0
negative_controls,3,contact_equivalence,4,24,12,0,mixed,none,0.0,uniform,no_decor,1.0,0.0,0.0,0.0,4.0,0.0
negative_controls,3,contact_equivalence,6,24,12,0,mixed,none,0.0,uniform,no_decor,1.0,0.0,0.0,0.0,6.0,0.0
negative_controls,3,contact_equivalence,8,24,12,0,mixed,none,0.0,uniform,no_decor,1.0,0.0,0.0,0.0,8.0,0.0
negative_controls,3,expected_regret,2,24,12,0,mixed,none,0.0,uniform,no_decor,0.2916666666666667,0.7083333333333334,1.625,1.625,2.0,0.0
negative_controls,3,expected_regret,4,24,12,0,mixed,none,0.0,uniform,no_decor,0.9583333333333334,0.041666666666666664,0.2916666666666667,0.2916666666666667,4.0,0.0
negative_controls,3,expected_regret,6,24,12,0,mixed,none,0.0,uniform,no_decor,1.0,0.0,0.0,0.0,6.0,0.0
negative_controls,3,expected_regret,8,24,12,0,mixed,none,0.0,uniform,no_decor,1.0,0.0,0.0,0.0,8.0,0.0
negative_controls,3,sampled_equivalence,2,24,12,0,mixed,none,0.0,uniform,no_decor,0.5,0.5,1.7468671876502408,1.7468671876502408,2.0,0.0
negative_controls,3,sampled_equivalence,4,24,12,0,mixed,none,0.0,uniform,no_decor,1.0,0.0,0.041666666666666664,0.041666666666666664,4.0,0.0
negative_controls,3,sampled_equivalence,6,24,12,0,mixed,none,0.0,uniform,no_decor,1.0,0.0,0.0,0.0,6.0,0.0
negative_controls,3,sampled_equivalence,8,24,12,0,mixed,none,0.0,uniform,no_decor,1.0,0.0,0.0,0.0,8.0,0.0
negative_controls,4,dense_entropy,2,24,12,0,mixed,none,0.0,uniform,no_decor,0.375,0.625,1.5849625007211552,1.5849625007211552,2.0,0.0
negative_controls,4,dense_entropy,4,24,12,0,mixed,none,0.0,uniform,no_decor,1.0,0.0,0.0,0.0,4.0,0.0
negative_controls,4,dense_entropy,6,24,12,0,mixed,none,0.0,uniform,no_decor,1.0,0.0,0.0,0.0,6.0,0.0
negative_controls,4,dense_entropy,8,24,12,0,mixed,none,0.0,uniform,no_decor,1.0,0.0,0.0,0.0,8.0,0.0
negative_controls,4,dense_contact_only,2,24,12,0,mixed,none,0.0,uniform,no_decor,0.25,0.75,1.5849625007211552,1.5849625007211552,2.0,0.0
negative_controls,4,dense_contact_only,4,24,12,0,mixed,none,0.0,uniform,no_decor,1.0,0.0,0.0,0.0,4.0,0.0
negative_controls,4,dense_contact_only,6,24,12,0,mixed,none,0.0,uniform,no_decor,1.0,0.0,0.0,0.0,6.0,0.0
negative_controls,4,dense_contact_only,8,24,12,0,mixed,none,0.0,uniform,no_decor,1.0,0.0,0.0,0.0,8.0,0.0
negative_controls,4,critical_cell_entropy,2,24,12,0,mixed,none,0.0,uniform,no_decor,0.125,0.875,2.9066870830264424,2.9066870830264424,2.0,0.0
negative_controls,4,critical_cell_entropy,4,24,12,0,mixed,none,0.0,uniform,no_decor,0.4166666666666667,0.5833333333333334,2.25,2.25,4.0,0.0
negative_controls,4,critical_cell_entropy,6,24,12,0,mixed,none,0.0,uniform,no_decor,0.5416666666666666,0.4583333333333333,1.4001880212239592,1.4001880212239592,6.0,0.0
negative_controls,4,critical_cell_entropy,8,24,12,0,mixed,none,0.0,uniform,no_decor,0.75,0.25,0.9166666666666666,0.9166666666666666,8.0,0.0
negative_controls,4,contact_equivalence,2,24,12,0,mixed,none,0.0,uniform,no_decor,0.2916666666666667,0.7083333333333334,1.5849625007211552,1.5849625007211552,2.0,0.0
negative_controls,4,contact_equivalence,4,24,12,0,mixed,none,0.0,uniform,no_decor,1.0,0.0,0.0,0.0,4.0,0.0
negative_controls,4,contact_equivalence,6,24,12,0,mixed,none,0.0,uniform,no_decor,1.0,0.0,0.0,0.0,6.0,0.0
negative_controls,4,contact_equivalence,8,24,12,0,mixed,none,0.0,uniform,no_decor,1.0,0.0,0.0,0.0,8.0,0.0
negative_controls,4,expected_regret,2,24,12,0,mixed,none,0.0,uniform,no_decor,0.3333333333333333,0.6666666666666666,1.6666666666666667,1.6666666666666667,2.0,0.0
negative_controls,4,expected_regret,4,24,12,0,mixed,none,0.0,uniform,no_decor,0.75,0.25,0.375,0.375,4.0,0.0
negative_controls,4,expected_regret,6,24,12,0,mixed,none,0.0,uniform,no_decor,1.0,0.0,0.0,0.0,6.0,0.0
negative_controls,4,expected_regret,8,24,12,0,mixed,none,0.0,uniform,no_decor,1.0,0.0,0.0,0.0,8.0,0.0
negative_controls,4,sampled_equivalence,2,24,12,0,mixed,none,0.0,uniform,no_decor,0.2916666666666667,0.7083333333333334,1.4174812503605774,1.4174812503605774,2.0,0.0
negative_controls,4,sampled_equivalence,4,24,12,0,mixed,none,0.0,uniform,no_decor,1.0,0.0,0.0,0.0,4.0,0.0
negative_controls,4,sampled_equivalence,6,24,12,0,mixed,none,0.0,uniform,no_decor,1.0,0.0,0.0,0.0,6.0,0.0
negative_controls,4,sampled_equivalence,8,24,12,0,mixed,none,0.0,uniform,no_decor,1.0,0.0,0.0,0.0,8.0,0.0
negative_controls,5,dense_entropy,2,24,12,0,mixed,none,0.0,uniform,no_decor,0.25,0.75,1.5849625007211552,1.5849625007211552,2.0,0.0
negative_controls,5,dense_entropy,4,24,12,0,mixed,none,0.0,uniform,no_decor,1.0,0.0,0.0,0.0,4.0,0.0
negative_controls,5,dense_entropy,6,24,12,0,mixed,none,0.0,uniform,no_decor,1.0,0.0,0.0,0.0,6.0,0.0
negative_controls,5,dense_entropy,8,24,12,0,mixed,none,0.0,uniform,no_decor,1.0,0.0,0.0,0.0,8.0,0.0
negative_controls,5,dense_contact_only,2,24,12,0,mixed,none,0.0,uniform,no_decor,0.125,0.875,1.5849625007211552,1.5849625007211552,2.0,0.0
negative_controls,5,dense_contact_only,4,24,12,0,mixed,none,0.0,uniform,no_decor,1.0,0.0,0.0,0.0,4.0,0.0
negative_controls,5,dense_contact_only,6,24,12,0,mixed,none,0.0,uniform,no_decor,1.0,0.0,0.0,0.0,6.0,0.0
negative_controls,5,dense_contact_only,8,24,12,0,mixed,none,0.0,uniform,no_decor,1.0,0.0,0.0,0.0,8.0,0.0
negative_controls,5,critical_cell_entropy,2,24,12,0,mixed,none,0.0,uniform,no_decor,0.25,0.75,2.9066870830264424,2.9066870830264424,2.0,0.0
negative_controls,5,critical_cell_entropy,4,24,12,0,mixed,none,0.0,uniform,no_decor,0.3333333333333333,0.6666666666666666,2.25,2.25,4.0,0.0
negative_controls,5,critical_cell_entropy,6,24,12,0,mixed,none,0.0,uniform,no_decor,0.5833333333333334,0.4166666666666667,1.1847744794971964,1.1847744794971964,6.0,0.0
negative_controls,5,critical_cell_entropy,8,24,12,0,mixed,none,0.0,uniform,no_decor,0.8333333333333334,0.16666666666666666,0.5833333333333334,0.5833333333333334,8.0,0.0
negative_controls,5,contact_equivalence,2,24,12,0,mixed,none,0.0,uniform,no_decor,0.375,0.625,1.5849625007211552,1.5849625007211552,2.0,0.0
negative_controls,5,contact_equivalence,4,24,12,0,mixed,none,0.0,uniform,no_decor,1.0,0.0,0.0,0.0,4.0,0.0
negative_controls,5,contact_equivalence,6,24,12,0,mixed,none,0.0,uniform,no_decor,1.0,0.0,0.0,0.0,6.0,0.0
negative_controls,5,contact_equivalence,8,24,12,0,mixed,none,0.0,uniform,no_decor,1.0,0.0,0.0,0.0,8.0,0.0
negative_controls,5,expected_regret,2,24,12,0,mixed,none,0.0,uniform,no_decor,0.20833333333333334,0.7916666666666666,1.5,1.5,2.0,0.0
negative_controls,5,expected_regret,4,24,12,0,mixed,none,0.0,uniform,no_decor,0.9166666666666666,0.08333333333333333,0.25,0.25,4.0,0.0
negative_controls,5,expected_regret,6,24,12,0,mixed,none,0.0,uniform,no_decor,1.0,0.0,0.0,0.0,6.0,0.0
negative_controls,5,expected_regret,8,24,12,0,mixed,none,0.0,uniform,no_decor,1.0,0.0,0.0,0.0,8.0,0.0
negative_controls,5,sampled_equivalence,2,24,12,0,mixed,none,0.0,uniform,no_decor,0.25,0.75,1.8468148414809986,1.8468148414809986,2.0,0.0
negative_controls,5,sampled_equivalence,4,24,12,0,mixed,none,0.0,uniform,no_decor,0.9166666666666666,0.08333333333333333,0.125,0.125,4.0,0.0
negative_controls,5,sampled_equivalence,6,24,12,0,mixed,none,0.0,uniform,no_decor,1.0,0.0,0.0,0.0,6.0,0.0
negative_controls,5,sampled_equivalence,8,24,12,0,mixed,none,0.0,uniform,no_decor,1.0,0.0,0.0,0.0,8.0,0.0
negative_controls,6,dense_entropy,2,24,12,0,mixed,none,0.0,uniform,no_decor,0.25,0.75,1.5849625007211552,1.5849625007211552,2.0,0.0
negative_controls,6,dense_entropy,4,24,12,0,mixed,none,0.0,uniform,no_decor,1.0,0.0,0.0,0.0,4.0,0.0
negative_controls,6,dense_entropy,6,24,12,0,mixed,none,0.0,uniform,no_decor,1.0,0.0,0.0,0.0,6.0,0.0
negative_controls,6,dense_entropy,8,24,12,0,mixed,none,0.0,uniform,no_decor,1.0,0.0,0.0,0.0,8.0,0.0
negative_controls,6,dense_contact_only,2,24,12,0,mixed,none,0.0,uniform,no_decor,0.4583333333333333,0.5416666666666666,1.5849625007211552,1.5849625007211552,2.0,0.0
negative_controls,6,dense_contact_only,4,24,12,0,mixed,none,0.0,uniform,no_decor,1.0,0.0,0.0,0.0,4.0,0.0
negative_controls,6,dense_contact_only,6,24,12,0,mixed,none,0.0,uniform,no_decor,1.0,0.0,0.0,0.0,6.0,0.0
negative_controls,6,dense_contact_only,8,24,12,0,mixed,none,0.0,uniform,no_decor,1.0,0.0,0.0,0.0,8.0,0.0
negative_controls,6,critical_cell_entropy,2,24,12,0,mixed,none,0.0,uniform,no_decor,0.4166666666666667,0.5833333333333334,2.7682734124061352,2.7682734124061352,2.0,0.0
negative_controls,6,critical_cell_entropy,4,24,12,0,mixed,none,0.0,uniform,no_decor,0.4583333333333333,0.5416666666666666,1.75,1.75,4.0,0.0
negative_controls,6,critical_cell_entropy,6,24,12,0,mixed,none,0.0,uniform,no_decor,0.6666666666666666,0.3333333333333333,1.077067708633815,1.077067708633815,6.0,0.0
negative_controls,6,critical_cell_entropy,8,24,12,0,mixed,none,0.0,uniform,no_decor,0.7916666666666666,0.20833333333333334,0.5833333333333334,0.5833333333333334,8.0,0.0
negative_controls,6,contact_equivalence,2,24,12,0,mixed,none,0.0,uniform,no_decor,0.2916666666666667,0.7083333333333334,1.5849625007211552,1.5849625007211552,2.0,0.0
negative_controls,6,contact_equivalence,4,24,12,0,mixed,none,0.0,uniform,no_decor,1.0,0.0,0.0,0.0,4.0,0.0
negative_controls,6,contact_equivalence,6,24,12,0,mixed,none,0.0,uniform,no_decor,1.0,0.0,0.0,0.0,6.0,0.0
negative_controls,6,contact_equivalence,8,24,12,0,mixed,none,0.0,uniform,no_decor,1.0,0.0,0.0,0.0,8.0,0.0
negative_controls,6,expected_regret,2,24,12,0,mixed,none,0.0,uniform,no_decor,0.2916666666666667,0.7083333333333334,1.8333333333333333,1.8333333333333333,2.0,0.0
negative_controls,6,expected_regret,4,24,12,0,mixed,none,0.0,uniform,no_decor,0.7916666666666666,0.20833333333333334,0.3333333333333333,0.3333333333333333,4.0,0.0
negative_controls,6,expected_regret,6,24,12,0,mixed,none,0.0,uniform,no_decor,1.0,0.0,0.0,0.0,6.0,0.0
negative_controls,6,expected_regret,8,24,12,0,mixed,none,0.0,uniform,no_decor,1.0,0.0,0.0,0.0,8.0,0.0
negative_controls,6,sampled_equivalence,2,24,12,0,mixed,none,0.0,uniform,no_decor,0.3333333333333333,0.6666666666666666,1.544935154071143,1.544935154071143,2.0,0.0
negative_controls,6,sampled_equivalence,4,24,12,0,mixed,none,0.0,uniform,no_decor,1.0,0.0,0.0,0.0,4.0,0.0
negative_controls,6,sampled_equivalence,6,24,12,0,mixed,none,0.0,uniform,no_decor,1.0,0.0,0.0,0.0,6.0,0.0
negative_controls,6,sampled_equivalence,8,24,12,0,mixed,none,0.0,uniform,no_decor,1.0,0.0,0.0,0.0,8.0,0.0
negative_controls,7,dense_entropy,2,24,12,0,mixed,none,0.0,uniform,no_decor,0.20833333333333334,0.7916666666666666,1.5849625007211552,1.5849625007211552,2.0,0.0
negative_controls,7,dense_entropy,4,24,12,0,mixed,none,0.0,uniform,no_decor,1.0,0.0,0.0,0.0,4.0,0.0
negative_controls,7,dense_entropy,6,24,12,0,mixed,none,0.0,uniform,no_decor,1.0,0.0,0.0,0.0,6.0,0.0
negative_controls,7,dense_entropy,8,24,12,0,mixed,none,0.0,uniform,no_decor,1.0,0.0,0.0,0.0,8.0,0.0
negative_controls,7,dense_contact_only,2,24,12,0,mixed,none,0.0,uniform,no_decor,0.3333333333333333,0.6666666666666666,1.5849625007211552,1.5849625007211552,2.0,0.0
negative_controls,7,dense_contact_only,4,24,12,0,mixed,none,0.0,uniform,no_decor,1.0,0.0,0.0,0.0,4.0,0.0
negative_controls,7,dense_contact_only,6,24,12,0,mixed,none,0.0,uniform,no_decor,1.0,0.0,0.0,0.0,6.0,0.0
negative_controls,7,dense_contact_only,8,24,12,0,mixed,none,0.0,uniform,no_decor,1.0,0.0,0.0,0.0,8.0,0.0
negative_controls,7,critical_cell_entropy,2,24,12,0,mixed,none,0.0,uniform,no_decor,0.2916666666666667,0.7083333333333334,2.6298597417858285,2.6298597417858285,2.0,0.0
negative_controls,7,critical_cell_entropy,4,24,12,0,mixed,none,0.0,uniform,no_decor,0.375,0.625,1.875,1.875,4.0,0.0
negative_controls,7,critical_cell_entropy,6,24,12,0,mixed,none,0.0,uniform,no_decor,0.5833333333333334,0.4166666666666667,1.2924812503605778,1.2924812503605778,6.0,0.0
negative_controls,7,critical_cell_entropy,8,24,12,0,mixed,none,0.0,uniform,no_decor,0.8333333333333334,0.16666666666666666,0.5833333333333334,0.5833333333333334,8.0,0.0
negative_controls,7,contact_equivalence,2,24,12,0,mixed,none,0.0,uniform,no_decor,0.2916666666666667,0.7083333333333334,1.5849625007211552,1.5849625007211552,2.0,0.0
negative_controls,7,contact_equivalence,4,24,12,0,mixed,none,0.0,uniform,no_decor,1.0,0.0,0.0,0.0,4.0,0.0
negative_controls,7,contact_equivalence,6,24,12,0,mixed,none,0.0,uniform,no_decor,1.0,0.0,0.0,0.0,6.0,0.0
negative_controls,7,contact_equivalence,8,24,12,0,mixed,none,0.0,uniform,no_decor,1.0,0.0,0.0,0.0,8.0,0.0
negative_controls,7,expected_regret,2,24,12,0,mixed,none,0.0,uniform,no_decor,0.4583333333333333,0.5416666666666666,1.625,1.625,2.0,0.0
negative_controls,7,expected_regret,4,24,12,0,mixed,none,0.0,uniform,no_decor,0.9166666666666666,0.08333333333333333,0.2916666666666667,0.2916666666666667,4.0,0.0
negative_controls,7,expected_regret,6,24,12,0,mixed,none,0.0,uniform,no_decor,1.0,0.0,0.0,0.0,6.0,0.0
negative_controls,7,expected_regret,8,24,12,0,mixed,none,0.0,uniform,no_decor,1.0,0.0,0.0,0.0,8.0,0.0
negative_controls,7,sampled_equivalence,2,24,12,0,mixed,none,0.0,uniform,no_decor,0.25,0.75,1.7076544246941392,1.7076544246941392,2.0,0.0
negative_controls,7,sampled_equivalence,4,24,12,0,mixed,none,0.0,uniform,no_decor,1.0,0.0,0.08333333333333333,0.08333333333333333,4.0,0.0
negative_controls,7,sampled_equivalence,6,24,12,0,mixed,none,0.0,uniform,no_decor,1.0,0.0,0.0,0.0,6.0,0.0
negative_controls,7,sampled_equivalence,8,24,12,0,mixed,none,0.0,uniform,no_decor,1.0,0.0,0.0,0.0,8.0,0.0
negative_controls,8,dense_entropy,2,24,12,0,mixed,none,0.0,uniform,no_decor,0.375,0.625,1.5849625007211552,1.5849625007211552,2.0,0.0
negative_controls,8,dense_entropy,4,24,12,0,mixed,none,0.0,uniform,no_decor,1.0,0.0,0.0,0.0,4.0,0.0
negative_controls,8,dense_entropy,6,24,12,0,mixed,none,0.0,uniform,no_decor,1.0,0.0,0.0,0.0,6.0,0.0
negative_controls,8,dense_entropy,8,24,12,0,mixed,none,0.0,uniform,no_decor,1.0,0.0,0.0,0.0,8.0,0.0
negative_controls,8,dense_contact_only,2,24,12,0,mixed,none,0.0,uniform,no_decor,0.20833333333333334,0.7916666666666666,1.5849625007211552,1.5849625007211552,2.0,0.0
negative_controls,8,dense_contact_only,4,24,12,0,mixed,none,0.0,uniform,no_decor,1.0,0.0,0.0,0.0,4.0,0.0
negative_controls,8,dense_contact_only,6,24,12,0,mixed,none,0.0,uniform,no_decor,1.0,0.0,0.0,0.0,6.0,0.0
negative_controls,8,dense_contact_only,8,24,12,0,mixed,none,0.0,uniform,no_decor,1.0,0.0,0.0,0.0,8.0,0.0
negative_controls,8,critical_cell_entropy,2,24,12,0,mixed,none,0.0,uniform,no_decor,0.4166666666666667,0.5833333333333334,2.2146187299249083,2.2146187299249083,2.0,0.0
negative_controls,8,critical_cell_entropy,4,24,12,0,mixed,none,0.0,uniform,no_decor,0.5,0.5,1.625,1.625,4.0,0.0
negative_controls,8,critical_cell_entropy,6,24,12,0,mixed,none,0.0,uniform,no_decor,0.5833333333333334,0.4166666666666667,1.1847744794971964,1.1847744794971964,6.0,0.0
negative_controls,8,critical_cell_entropy,8,24,12,0,mixed,none,0.0,uniform,no_decor,0.7916666666666666,0.20833333333333334,0.5833333333333334,0.5833333333333334,8.0,0.0
negative_controls,8,contact_equivalence,2,24,12,0,mixed,none,0.0,uniform,no_decor,0.3333333333333333,0.6666666666666666,1.5849625007211552,1.5849625007211552,2.0,0.0
negative_controls,8,contact_equivalence,4,24,12,0,mixed,none,0.0,uniform,no_decor,1.0,0.0,0.0,0.0,4.0,0.0
negative_controls,8,contact_equivalence,6,24,12,0,mixed,none,0.0,uniform,no_decor,1.0,0.0,0.0,0.0,6.0,0.0
negative_controls,8,contact_equivalence,8,24,12,0,mixed,none,0.0,uniform,no_decor,1.0,0.0,0.0,0.0,8.0,0.0
negative_controls,8,expected_regret,2,24,12,0,mixed,none,0.0,uniform,no_decor,0.3333333333333333,0.6666666666666666,1.75,1.75,2.0,0.0
negative_controls,8,expected_regret,4,24,12,0,mixed,none,0.0,uniform,no_decor,0.875,0.125,0.4166666666666667,0.4166666666666667,4.0,0.0
negative_controls,8,expected_regret,6,24,12,0,mixed,none,0.0,uniform,no_decor,1.0,0.0,0.0,0.0,6.0,0.0
negative_controls,8,expected_regret,8,24,12,0,mixed,none,0.0,uniform,no_decor,1.0,0.0,0.0,0.0,8.0,0.0
negative_controls,8,sampled_equivalence,2,24,12,0,mixed,none,0.0,uniform,no_decor,0.125,0.875,1.7423087204947347,1.7423087204947347,2.0,0.0
negative_controls,8,sampled_equivalence,4,24,12,0,mixed,none,0.0,uniform,no_decor,0.9583333333333334,0.041666666666666664,0.125,0.125,4.0,0.0
negative_controls,8,sampled_equivalence,6,24,12,0,mixed,none,0.0,uniform,no_decor,1.0,0.0,0.0,0.0,6.0,0.0
negative_controls,8,sampled_equivalence,8,24,12,0,mixed,none,0.0,uniform,no_decor,1.0,0.0,0.0,0.0,8.0,0.0
negative_controls,9,dense_entropy,2,24,12,0,mixed,none,0.0,uniform,no_decor,0.3333333333333333,0.6666666666666666,1.5849625007211552,1.5849625007211552,2.0,0.0
negative_controls,9,dense_entropy,4,24,12,0,mixed,none,0.0,uniform,no_decor,1.0,0.0,0.0,0.0,4.0,0.0
negative_controls,9,dense_entropy,6,24,12,0,mixed,none,0.0,uniform,no_decor,1.0,0.0,0.0,0.0,6.0,0.0
negative_controls,9,dense_entropy,8,24,12,0,mixed,none,0.0,uniform,no_decor,1.0,0.0,0.0,0.0,8.0,0.0
negative_controls,9,dense_contact_only,2,24,12,0,mixed,none,0.0,uniform,no_decor,0.2916666666666667,0.7083333333333334,1.5849625007211552,1.5849625007211552,2.0,0.0
negative_controls,9,dense_contact_only,4,24,12,0,mixed,none,0.0,uniform,no_decor,1.0,0.0,0.0,0.0,4.0,0.0
negative_controls,9,dense_contact_only,6,24,12,0,mixed,none,0.0,uniform,no_decor,1.0,0.0,0.0,0.0,6.0,0.0
negative_controls,9,dense_contact_only,8,24,12,0,mixed,none,0.0,uniform,no_decor,1.0,0.0,0.0,0.0,8.0,0.0
negative_controls,9,critical_cell_entropy,2,24,12,0,mixed,none,0.0,uniform,no_decor,0.25,0.75,2.4914460711655217,2.4914460711655217,2.0,0.0
negative_controls,9,critical_cell_entropy,4,24,12,0,mixed,none,0.0,uniform,no_decor,0.5416666666666666,0.4583333333333333,1.625,1.625,4.0,0.0
negative_controls,9,critical_cell_entropy,6,24,12,0,mixed,none,0.0,uniform,no_decor,0.5416666666666666,0.4583333333333333,1.1847744794971964,1.1847744794971964,6.0,0.0
negative_controls,9,critical_cell_entropy,8,24,12,0,mixed,none,0.0,uniform,no_decor,0.7083333333333334,0.2916666666666667,0.75,0.75,8.0,0.0
negative_controls,9,contact_equivalence,2,24,12,0,mixed,none,0.0,uniform,no_decor,0.4166666666666667,0.5833333333333334,1.5849625007211552,1.5849625007211552,2.0,0.0
negative_controls,9,contact_equivalence,4,24,12,0,mixed,none,0.0,uniform,no_decor,1.0,0.0,0.0,0.0,4.0,0.0
negative_controls,9,contact_equivalence,6,24,12,0,mixed,none,0.0,uniform,no_decor,1.0,0.0,0.0,0.0,6.0,0.0
negative_controls,9,contact_equivalence,8,24,12,0,mixed,none,0.0,uniform,no_decor,1.0,0.0,0.0,0.0,8.0,0.0
negative_controls,9,expected_regret,2,24,12,0,mixed,none,0.0,uniform,no_decor,0.25,0.75,1.8333333333333333,1.8333333333333333,2.0,0.0
negative_controls,9,expected_regret,4,24,12,0,mixed,none,0.0,uniform,no_decor,0.7916666666666666,0.20833333333333334,0.3333333333333333,0.3333333333333333,4.0,0.0
negative_controls,9,expected_regret,6,24,12,0,mixed,none,0.0,uniform,no_decor,1.0,0.0,0.0,0.0,6.0,0.0
negative_controls,9,expected_regret,8,24,12,0,mixed,none,0.0,uniform,no_decor,1.0,0.0,0.0,0.0,8.0,0.0
negative_controls,9,sampled_equivalence,2,24,12,0,mixed,none,0.0,uniform,no_decor,0.5416666666666666,0.4583333333333333,1.555894920980884,1.555894920980884,2.0,0.0
negative_controls,9,sampled_equivalence,4,24,12,0,mixed,none,0.0,uniform,no_decor,0.9583333333333334,0.041666666666666664,0.041666666666666664,0.041666666666666664,4.0,0.0
negative_controls,9,sampled_equivalence,6,24,12,0,mixed,none,0.0,uniform,no_decor,1.0,0.0,0.0,0.0,6.0,0.0
negative_controls,9,sampled_equivalence,8,24,12,0,mixed,none,0.0,uniform,no_decor,1.0,0.0,0.0,0.0,8.0,0.0
negative_controls,0,dense_entropy,2,24,12,64,contact_only,none,0.0,uniform,oracle_filtered,0.4166666666666667,0.5833333333333334,1.5849625007211552,65.58496250072115,2.0,0.0
negative_controls,0,dense_entropy,4,24,12,64,contact_only,none,0.0,uniform,oracle_filtered,1.0,0.0,0.0,64.0,4.0,0.0
negative_controls,0,dense_entropy,6,24,12,64,contact_only,none,0.0,uniform,oracle_filtered,1.0,0.0,0.0,64.0,6.0,0.0
negative_controls,0,dense_entropy,8,24,12,64,contact_only,none,0.0,uniform,oracle_filtered,1.0,0.0,0.0,64.0,8.0,0.0
negative_controls,0,dense_contact_only,2,24,12,64,contact_only,none,0.0,uniform,oracle_filtered,0.20833333333333334,0.7916666666666666,1.5849625007211552,65.58496250072115,2.0,0.0
negative_controls,0,dense_contact_only,4,24,12,64,contact_only,none,0.0,uniform,oracle_filtered,1.0,0.0,0.0,64.0,4.0,0.0
negative_controls,0,dense_contact_only,6,24,12,64,contact_only,none,0.0,uniform,oracle_filtered,1.0,0.0,0.0,64.0,6.0,0.0
negative_controls,0,dense_contact_only,8,24,12,64,contact_only,none,0.0,uniform,oracle_filtered,1.0,0.0,0.0,64.0,8.0,0.0
negative_controls,0,critical_cell_entropy,2,24,12,64,contact_only,none,0.0,uniform,oracle_filtered,0.375,0.625,2.353032400545215,66.35303240054525,2.0,0.0
negative_controls,0,critical_cell_entropy,4,24,12,64,contact_only,none,0.0,uniform,oracle_filtered,0.625,0.375,1.125,65.125,4.0,0.0
negative_controls,0,critical_cell_entropy,6,24,12,64,contact_only,none,0.0,uniform,oracle_filtered,0.8333333333333334,0.16666666666666666,0.7539473960436706,64.75394739604367,6.0,0.0
negative_controls,0,critical_cell_entropy,8,24,12,64,contact_only,none,0.0,uniform,oracle_filtered,0.8333333333333334,0.16666666666666666,0.4166666666666667,64.41666666666667,8.0,0.0
negative_controls,0,contact_equivalence,2,24,12,64,contact_only,none,0.0,uniform,oracle_filtered,0.375,0.625,1.5849625007211552,65.58496250072115,2.0,0.0
negative_controls,0,contact_equivalence,4,24,12,64,contact_only,none,0.0,uniform,oracle_filtered,1.0,0.0,0.0,64.0,4.0,0.0
negative_controls,0,contact_equivalence,6,24,12,64,contact_only,none,0.0,uniform,oracle_filtered,1.0,0.0,0.0,64.0,6.0,0.0
negative_controls,0,contact_equivalence,8,24,12,64,contact_only,none,0.0,uniform,oracle_filtered,1.0,0.0,0.0,64.0,8.0,0.0
negative_controls,0,expected_regret,2,24,12,64,contact_only,none,0.0,uniform,oracle_filtered,0.3333333333333333,0.6666666666666666,1.6666666666666667,65.66666666666667,2.0,0.0
negative_controls,0,expected_regret,4,24,12,64,contact_only,none,0.0,uniform,oracle_filtered,0.7916666666666666,0.20833333333333334,0.3333333333333333,64.33333333333333,4.0,0.0
negative_controls,0,expected_regret,6,24,12,64,contact_only,none,0.0,uniform,oracle_filtered,1.0,0.0,0.0,64.0,6.0,0.0
negative_controls,0,expected_regret,8,24,12,64,contact_only,none,0.0,uniform,oracle_filtered,1.0,0.0,0.0,64.0,8.0,0.0
negative_controls,0,sampled_equivalence,2,24,12,64,contact_only,none,0.0,uniform,oracle_filtered,0.375,0.625,1.6872283832077615,65.68722838320775,2.0,0.0
negative_controls,0,sampled_equivalence,4,24,12,64,contact_only,none,0.0,uniform,oracle_filtered,0.9166666666666666,0.08333333333333333,0.16666666666666666,64.16666666666667,4.0,0.0
negative_controls,0,sampled_equivalence,6,24,12,64,contact_only,none,0.0,uniform,oracle_filtered,1.0,0.0,0.0,64.0,6.0,0.0
negative_controls,0,sampled_equivalence,8,24,12,64,contact_only,none,0.0,uniform,oracle_filtered,1.0,0.0,0.0,64.0,8.0,0.0
negative_controls,1,dense_entropy,2,24,12,64,contact_only,none,0.0,uniform,oracle_filtered,0.25,0.75,1.5849625007211552,65.58496250072115,2.0,0.0
negative_controls,1,dense_entropy,4,24,12,64,contact_only,none,0.0,uniform,oracle_filtered,1.0,0.0,0.0,64.0,4.0,0.0
negative_controls,1,dense_entropy,6,24,12,64,contact_only,none,0.0,uniform,oracle_filtered,1.0,0.0,0.0,64.0,6.0,0.0
negative_controls,1,dense_entropy,8,24,12,64,contact_only,none,0.0,uniform,oracle_filtered,1.0,0.0,0.0,64.0,8.0,0.0
negative_controls,1,dense_contact_only,2,24,12,64,contact_only,none,0.0,uniform,oracle_filtered,0.2916666666666667,0.7083333333333334,1.5849625007211552,65.58496250072115,2.0,0.0
negative_controls,1,dense_contact_only,4,24,12,64,contact_only,none,0.0,uniform,oracle_filtered,1.0,0.0,0.0,64.0,4.0,0.0
negative_controls,1,dense_contact_only,6,24,12,64,contact_only,none,0.0,uniform,oracle_filtered,1.0,0.0,0.0,64.0,6.0,0.0
negative_controls,1,dense_contact_only,8,24,12,64,contact_only,none,0.0,uniform,oracle_filtered,1.0,0.0,0.0,64.0,8.0,0.0
negative_controls,1,critical_cell_entropy,2,24,12,64,contact_only,none,0.0,uniform,oracle_filtered,0.125,0.875,3.0451007536467496,67.04510075364679,2.0,0.0
negative_controls,1,critical_cell_entropy,4,24,12,64,contact_only,none,0.0,uniform,oracle_filtered,0.4166666666666667,0.5833333333333334,2.125,66.125,4.0,0.0
negative_controls,1,critical_cell_entropy,6,24,12,64,contact_only,none,0.0,uniform,oracle_filtered,0.625,0.375,1.4001880212239592,65.40018802122395,6.0,0.0
negative_controls,1,critical_cell_entropy,8,24,12,64,contact_only,none,0.0,uniform,oracle_filtered,0.75,0.25,0.8333333333333334,64.83333333333333,8.0,0.0
negative_controls,1,contact_equivalence,2,24,12,64,contact_only,none,0.0,uniform,oracle_filtered,0.25,0.75,1.5849625007211552,65.58496250072115,2.0,0.0
negative_controls,1,contact_equivalence,4,24,12,64,contact_only,none,0.0,uniform,oracle_filtered,1.0,0.0,0.0,64.0,4.0,0.0
negative_controls,1,contact_equivalence,6,24,12,64,contact_only,none,0.0,uniform,oracle_filtered,1.0,0.0,0.0,64.0,6.0,0.0
negative_controls,1,contact_equivalence,8,24,12,64,contact_only,none,0.0,uniform,oracle_filtered,1.0,0.0,0.0,64.0,8.0,0.0
negative_controls,1,expected_regret,2,24,12,64,contact_only,none,0.0,uniform,oracle_filtered,0.2916666666666667,0.7083333333333334,1.7083333333333333,65.70833333333333,2.0,0.0
negative_controls,1,expected_regret,4,24,12,64,contact_only,none,0.0,uniform,oracle_filtered,0.8333333333333334,0.16666666666666666,0.375,64.375,4.0,0.0
negative_controls,1,expected_regret,6,24,12,64,contact_only,none,0.0,uniform,oracle_filtered,1.0,0.0,0.0,64.0,6.0,0.0
negative_controls,1,expected_regret,8,24,12,64,contact_only,none,0.0,uniform,oracle_filtered,1.0,0.0,0.0,64.0,8.0,0.0
negative_controls,1,sampled_equivalence,2,24,12,64,contact_only,none,0.0,uniform,oracle_filtered,0.3333333333333333,0.6666666666666666,1.7264411461638627,65.72644114616385,2.0,0.0
negative_controls,1,sampled_equivalence,4,24,12,64,contact_only,none,0.0,uniform,oracle_filtered,1.0,0.0,0.0,64.0,4.0,0.0
negative_controls,1,sampled_equivalence,6,24,12,64,contact_only,none,0.0,uniform,oracle_filtered,1.0,0.0,0.0,64.0,6.0,0.0
negative_controls,1,sampled_equivalence,8,24,12,64,contact_only,none,0.0,uniform,oracle_filtered,1.0,0.0,0.0,64.0,8.0,0.0
negative_controls,2,dense_entropy,2,24,12,64,contact_only,none,0.0,uniform,oracle_filtered,0.4166666666666667,0.5833333333333334,1.5849625007211552,65.58496250072115,2.0,0.0
negative_controls,2,dense_entropy,4,24,12,64,contact_only,none,0.0,uniform,oracle_filtered,1.0,0.0,0.0,64.0,4.0,0.0
negative_controls,2,dense_entropy,6,24,12,64,contact_only,none,0.0,uniform,oracle_filtered,1.0,0.0,0.0,64.0,6.0,0.0
negative_controls,2,dense_entropy,8,24,12,64,contact_only,none,0.0,uniform,oracle_filtered,1.0,0.0,0.0,64.0,8.0,0.0
negative_controls,2,dense_contact_only,2,24,12,64,contact_only,none,0.0,uniform,oracle_filtered,0.2916666666666667,0.7083333333333334,1.5849625007211552,65.58496250072115,2.0,0.0
negative_controls,2,dense_contact_only,4,24,12,64,contact_only,none,0.0,uniform,oracle_filtered,1.0,0.0,0.0,64.0,4.0,0.0
negative_controls,2,dense_contact_only,6,24,12,64,contact_only,none,0.0,uniform,oracle_filtered,1.0,0.0,0.0,64.0,6.0,0.0
negative_controls,2,dense_contact_only,8,24,12,64,contact_only,none,0.0,uniform,oracle_filtered,1.0,0.0,0.0,64.0,8.0,0.0
negative_controls,2,critical_cell_entropy,2,24,12,64,contact_only,none,0.0,uniform,oracle_filtered,0.20833333333333334,0.7916666666666666,2.7682734124061352,66.76827341240617,2.0,0.0
negative_controls,2,critical_cell_entropy,4,24,12,64,contact_only,none,0.0,uniform,oracle_filtered,0.375,0.625,2.125,66.125,4.0,0.0
negative_controls,2,critical_cell_entropy,6,24,12,64,contact_only,none,0.0,uniform,oracle_filtered,0.5833333333333334,0.4166666666666667,1.5078947920873407,65.50789479208733,6.0,0.0
negative_controls,2,critical_cell_entropy,8,24,12,64,contact_only,none,0.0,uniform,oracle_filtered,0.6666666666666666,0.3333333333333333,0.75,64.75,8.0,0.0
negative_controls,2,contact_equivalence,2,24,12,64,contact_only,none,0.0,uniform,oracle_filtered,0.2916666666666667,0.7083333333333334,1.5849625007211552,65.58496250072115,2.0,0.0
negative_controls,2,contact_equivalence,4,24,12,64,contact_only,none,0.0,uniform,oracle_filtered,1.0,0.0,0.0,64.0,4.0,0.0
negative_controls,2,contact_equivalence,6,24,12,64,contact_only,none,0.0,uniform,oracle_filtered,1.0,0.0,0.0,64.0,6.0,0.0
negative_controls,2,contact_equivalence,8,24,12,64,contact_only,none,0.0,uniform,oracle_filtered,1.0,0.0,0.0,64.0,8.0,0.0
negative_controls,2,expected_regret,2,24,12,64,contact_only,none,0.0,uniform,oracle_filtered,0.4166666666666667,0.5833333333333334,1.625,65.625,2.0,0.0
negative_controls,2,expected_regret,4,24,12,64,contact_only,none,0.0,uniform,oracle_filtered,0.9166666666666666,0.08333333333333333,0.375,64.375,4.0,0.0
negative_controls,2,expected_regret,6,24,12,64,contact_only,none,0.0,uniform,oracle_filtered,1.0,0.0,0.0,64.0,6.0,0.0
negative_controls,2,expected_regret,8,24,12,64,contact_only,none,0.0,uniform,oracle_filtered,1.0,0.0,0.0,64.0,8.0,0.0
negative_controls,2,sampled_equivalence,2,24,12,64,contact_only,none,0.0,uniform,oracle_filtered,0.375,0.625,1.452067708633815,65.45206770863382,2.0,0.0
negative_controls,2,sampled_equivalence,4,24,12,64,contact_only,none,0.0,uniform,oracle_filtered,1.0,0.0,0.0,64.0,4.0,0.0
negative_controls,2,sampled_equivalence,6,24,12,64,contact_only,none,0.0,uniform,oracle_filtered,1.0,0.0,0.0,64.0,6.0,0.0
negative_controls,2,sampled_equivalence,8,24,12,64,contact_only,none,0.0,uniform,oracle_filtered,1.0,0.0,0.0,64.0,8.0,0.0
negative_controls,3,dense_entropy,2,24,12,64,contact_only,none,0.0,uniform,oracle_filtered,0.3333333333333333,0.6666666666666666,1.5849625007211552,65.58496250072115,2.0,0.0
negative_controls,3,dense_entropy,4,24,12,64,contact_only,none,0.0,uniform,oracle_filtered,1.0,0.0,0.0,64.0,4.0,0.0
negative_controls,3,dense_entropy,6,24,12,64,contact_only,none,0.0,uniform,oracle_filtered,1.0,0.0,0.0,64.0,6.0,0.0
negative_controls,3,dense_entropy,8,24,12,64,contact_only,none,0.0,uniform,oracle_filtered,1.0,0.0,0.0,64.0,8.0,0.0
negative_controls,3,dense_contact_only,2,24,12,64,contact_only,none,0.0,uniform,oracle_filtered,0.4166666666666667,0.5833333333333334,1.5849625007211552,65.58496250072115,2.0,0.0
negative_controls,3,dense_contact_only,4,24,12,64,contact_only,none,0.0,uniform,oracle_filtered,1.0,0.0,0.0,64.0,4.0,0.0
negative_controls,3,dense_contact_only,6,24,12,64,contact_only,none,0.0,uniform,oracle_filtered,1.0,0.0,0.0,64.0,6.0,0.0
negative_controls,3,dense_contact_only,8,24,12,64,contact_only,none,0.0,uniform,oracle_filtered,1.0,0.0,0.0,64.0,8.0,0.0
negative_controls,3,critical_cell_entropy,2,24,12,64,contact_only,none,0.0,uniform,oracle_filtered,0.16666666666666666,0.8333333333333334,2.9066870830264424,66.90668708302648,2.0,0.0
negative_controls,3,critical_cell_entropy,4,24,12,64,contact_only,none,0.0,uniform,oracle_filtered,0.375,0.625,2.0,66.0,4.0,0.0
negative_controls,3,critical_cell_entropy,6,24,12,64,contact_only,none,0.0,uniform,oracle_filtered,0.4583333333333333,0.5416666666666666,1.5078947920873407,65.50789479208733,6.0,0.0
negative_controls,3,critical_cell_entropy,8,24,12,64,contact_only,none,0.0,uniform,oracle_filtered,0.625,0.375,0.9166666666666666,64.91666666666667,8.0,0.0
negative_controls,3,contact_equivalence,2,24,12,64,contact_only,none,0.0,uniform,oracle_filtered,0.4166666666666667,0.5833333333333334,1.5849625007211552,65.58496250072115,2.0,0.0
negative_controls,3,contact_equivalence,4,24,12,64,contact_only,none,0.0,uniform,oracle_filtered,1.0,0.0,0.0,64.0,4.0,0.0
negative_controls,3,contact_equivalence,6,24,12,64,contact_only,none,0.0,uniform,oracle_filtered,1.0,0.0,0.0,64.0,6.0,0.0
negative_controls,3,contact_equivalence,8,24,12,64,contact_only,none,0.0,uniform,oracle_filtered,1.0,0.0,0.0,64.0,8.0,0.0
negative_controls,3,expected_regret,2,24,12,64,contact_only,none,0.0,uniform,oracle_filtered,0.25,0.75,1.5833333333333333,65.58333333333333,2.0,0.0
negative_controls,3,expected_regret,4,24,12,64,contact_only,none,0.0,uniform,oracle_filtered,0.6666666666666666,0.3333333333333333,0.5,64.5,4.0,0.0
negative_controls,3,expected_regret,6,24,12,64,contact_only,none,0.0,uniform,oracle_filtered,1.0,0.0,0.0,64.0,6.0,0.0
negative_controls,3,expected_regret,8,24,12,64,contact_only,none,0.0,uniform,oracle_filtered,1.0,0.0,0.0,64.0,8.0,0.0
negative_controls,3,sampled_equivalence,2,24,12,64,contact_only,none,0.0,uniform,oracle_filtered,0.5416666666666666,0.4583333333333333,1.7815214834508362,65.78152148345085,2.0,0.0
negative_controls,3,sampled_equivalence,4,24,12,64,contact_only,none,0.0,uniform,oracle_filtered,0.9583333333333334,0.041666666666666664,0.08333333333333333,64.08333333333333,4.0,0.0
negative_controls,3,sampled_equivalence,6,24,12,64,contact_only,none,0.0,uniform,oracle_filtered,1.0,0.0,0.0,64.0,6.0,0.0
negative_controls,3,sampled_equivalence,8,24,12,64,contact_only,none,0.0,uniform,oracle_filtered,1.0,0.0,0.0,64.0,8.0,0.0
negative_controls,4,dense_entropy,2,24,12,64,contact_only,none,0.0,uniform,oracle_filtered,0.4166666666666667,0.5833333333333334,1.5849625007211552,65.58496250072115,2.0,0.0
negative_controls,4,dense_entropy,4,24,12,64,contact_only,none,0.0,uniform,oracle_filtered,1.0,0.0,0.0,64.0,4.0,0.0
negative_controls,4,dense_entropy,6,24,12,64,contact_only,none,0.0,uniform,oracle_filtered,1.0,0.0,0.0,64.0,6.0,0.0
negative_controls,4,dense_entropy,8,24,12,64,contact_only,none,0.0,uniform,oracle_filtered,1.0,0.0,0.0,64.0,8.0,0.0
negative_controls,4,dense_contact_only,2,24,12,64,contact_only,none,0.0,uniform,oracle_filtered,0.20833333333333334,0.7916666666666666,1.5849625007211552,65.58496250072115,2.0,0.0
negative_controls,4,dense_contact_only,4,24,12,64,contact_only,none,0.0,uniform,oracle_filtered,1.0,0.0,0.0,64.0,4.0,0.0
negative_controls,4,dense_contact_only,6,24,12,64,contact_only,none,0.0,uniform,oracle_filtered,1.0,0.0,0.0,64.0,6.0,0.0
negative_controls,4,dense_contact_only,8,24,12,64,contact_only,none,0.0,uniform,oracle_filtered,1.0,0.0,0.0,64.0,8.0,0.0
negative_controls,4,critical_cell_entropy,2,24,12,64,contact_only,none,0.0,uniform,oracle_filtered,0.20833333333333334,0.7916666666666666,2.6298597417858285,66.62985974178586,2.0,0.0
negative_controls,4,critical_cell_entropy,4,24,12,64,contact_only,none,0.0,uniform,oracle_filtered,0.375,0.625,2.25,66.25,4.0,0.0
negative_controls,4,critical_cell_entropy,6,24,12,64,contact_only,none,0.0,uniform,oracle_filtered,0.625,0.375,1.7233083338141035,65.7233083338141,6.0,0.0
negative_controls,4,critical_cell_entropy,8,24,12,64,contact_only,none,0.0,uniform,oracle_filtered,0.5833333333333334,0.4166666666666667,1.1666666666666667,65.16666666666667,8.0,0.0
negative_controls,4,contact_equivalence,2,24,12,64,contact_only,none,0.0,uniform,oracle_filtered,0.3333333333333333,0.6666666666666666,1.5849625007211552,65.58496250072115,2.0,0.0
negative_controls,4,contact_equivalence,4,24,12,64,contact_only,none,0.0,uniform,oracle_filtered,1.0,0.0,0.0,64.0,4.0,0.0
negative_controls,4,contact_equivalence,6,24,12,64,contact_only,none,0.0,uniform,oracle_filtered,1.0,0.0,0.0,64.0,6.0,0.0
negative_controls,4,contact_equivalence,8,24,12,64,contact_only,none,0.0,uniform,oracle_filtered,1.0,0.0,0.0,64.0,8.0,0.0
negative_controls,4,expected_regret,2,24,12,64,contact_only,none,0.0,uniform,oracle_filtered,0.3333333333333333,0.6666666666666666,1.625,65.625,2.0,0.0
negative_controls,4,expected_regret,4,24,12,64,contact_only,none,0.0,uniform,oracle_filtered,0.8333333333333334,0.16666666666666666,0.4583333333333333,64.45833333333333,4.0,0.0
negative_controls,4,expected_regret,6,24,12,64,contact_only,none,0.0,uniform,oracle_filtered,1.0,0.0,0.0,64.0,6.0,0.0
negative_controls,4,expected_regret,8,24,12,64,contact_only,none,0.0,uniform,oracle_filtered,1.0,0.0,0.0,64.0,8.0,0.0
negative_controls,4,sampled_equivalence,2,24,12,64,contact_only,none,0.0,uniform,oracle_filtered,0.375,0.625,1.5731881501175027,65.5731881501175,2.0,0.0
negative_controls,4,sampled_equivalence,4,24,12,64,contact_only,none,0.0,uniform,oracle_filtered,1.0,0.0,0.0,64.0,4.0,0.0
negative_controls,4,sampled_equivalence,6,24,12,64,contact_only,none,0.0,uniform,oracle_filtered,1.0,0.0,0.0,64.0,6.0,0.0
negative_controls,4,sampled_equivalence,8,24,12,64,contact_only,none,0.0,uniform,oracle_filtered,1.0,0.0,0.0,64.0,8.0,0.0
negative_controls,5,dense_entropy,2,24,12,64,contact_only,none,0.0,uniform,oracle_filtered,0.2916666666666667,0.7083333333333334,1.5849625007211552,65.58496250072115,2.0,0.0
negative_controls,5,dense_entropy,4,24,12,64,contact_only,none,0.0,uniform,oracle_filtered,1.0,0.0,0.0,64.0,4.0,0.0
negative_controls,5,dense_entropy,6,24,12,64,contact_only,none,0.0,uniform,oracle_filtered,1.0,0.0,0.0,64.0,6.0,0.0
negative_controls,5,dense_entropy,8,24,12,64,contact_only,none,0.0,uniform,oracle_filtered,1.0,0.0,0.0,64.0,8.0,0.0
negative_controls,5,dense_contact_only,2,24,12,64,contact_only,none,0.0,uniform,oracle_filtered,0.3333333333333333,0.6666666666666666,1.5849625007211552,65.58496250072115,2.0,0.0
negative_controls,5,dense_contact_only,4,24,12,64,contact_only,none,0.0,uniform,oracle_filtered,1.0,0.0,0.0,64.0,4.0,0.0
negative_controls,5,dense_contact_only,6,24,12,64,contact_only,none,0.0,uniform,oracle_filtered,1.0,0.0,0.0,64.0,6.0,0.0
negative_controls,5,dense_contact_only,8,24,12,64,contact_only,none,0.0,uniform,oracle_filtered,1.0,0.0,0.0,64.0,8.0,0.0
negative_controls,5,critical_cell_entropy,2,24,12,64,contact_only,none,0.0,uniform,oracle_filtered,0.20833333333333334,0.7916666666666666,2.7682734124061352,66.76827341240617,2.0,0.0
negative_controls,5,critical_cell_entropy,4,24,12,64,contact_only,none,0.0,uniform,oracle_filtered,0.3333333333333333,0.6666666666666666,2.125,66.125,4.0,0.0
negative_controls,5,critical_cell_entropy,6,24,12,64,contact_only,none,0.0,uniform,oracle_filtered,0.7083333333333334,0.2916666666666667,1.1847744794971964,65.18477447949718,6.0,0.0
negative_controls,5,critical_cell_entropy,8,24,12,64,contact_only,none,0.0,uniform,oracle_filtered,0.8333333333333334,0.16666666666666666,0.4166666666666667,64.41666666666667,8.0,0.0
negative_controls,5,contact_equivalence,2,24,12,64,contact_only,none,0.0,uniform,oracle_filtered,0.4166666666666667,0.5833333333333334,1.5849625007211552,65.58496250072115,2.0,0.0
negative_controls,5,contact_equivalence,4,24,12,64,contact_only,none,0.0,uniform,oracle_filtered,1.0,0.0,0.0,64.0,4.0,0.0
negative_controls,5,contact_equivalence,6,24,12,64,contact_only,none,0.0,uniform,oracle_filtered,1.0,0.0,0.0,64.0,6.0,0.0
negative_controls,5,contact_equivalence,8,24,12,64,contact_only,none,0.0,uniform,oracle_filtered,1.0,0.0,0.0,64.0,8.0,0.0
negative_controls,5,expected_regret,2,24,12,64,contact_only,none,0.0,uniform,oracle_filtered,0.25,0.75,1.5416666666666667,65.54166666666667,2.0,0.0
negative_controls,5,expected_regret,4,24,12,64,contact_only,none,0.0,uniform,oracle_filtered,0.875,0.125,0.4166666666666667,64.41666666666667,4.0,0.0
negative_controls,5,expected_regret,6,24,12,64,contact_only,none,0.0,uniform,oracle_filtered,1.0,0.0,0.0,64.0,6.0,0.0
negative_controls,5,expected_regret,8,24,12,64,contact_only,none,0.0,uniform,oracle_filtered,1.0,0.0,0.0,64.0,8.0,0.0
negative_controls,5,sampled_equivalence,2,24,12,64,contact_only,none,0.0,uniform,oracle_filtered,0.4166666666666667,0.5833333333333334,1.7154813792541213,65.71548137925411,2.0,0.0
negative_controls,5,sampled_equivalence,4,24,12,64,contact_only,none,0.0,uniform,oracle_filtered,0.9583333333333334,0.041666666666666664,0.041666666666666664,64.04166666666667,4.0,0.0
negative_controls,5,sampled_equivalence,6,24,12,64,contact_only,none,0.0,uniform,oracle_filtered,1.0,0.0,0.0,64.0,6.0,0.0
negative_controls,5,sampled_equivalence,8,24,12,64,contact_only,none,0.0,uniform,oracle_filtered,1.0,0.0,0.0,64.0,8.0,0.0
negative_controls,6,dense_entropy,2,24,12,64,contact_only,none,0.0,uniform,oracle_filtered,0.5416666666666666,0.4583333333333333,1.5849625007211552,65.58496250072115,2.0,0.0
negative_controls,6,dense_entropy,4,24,12,64,contact_only,none,0.0,uniform,oracle_filtered,1.0,0.0,0.0,64.0,4.0,0.0
negative_controls,6,dense_entropy,6,24,12,64,contact_only,none,0.0,uniform,oracle_filtered,1.0,0.0,0.0,64.0,6.0,0.0
negative_controls,6,dense_entropy,8,24,12,64,contact_only,none,0.0,uniform,oracle_filtered,1.0,0.0,0.0,64.0,8.0,0.0
negative_controls,6,dense_contact_only,2,24,12,64,contact_only,none,0.0,uniform,oracle_filtered,0.25,0.75,1.5849625007211552,65.58496250072115,2.0,0.0
negative_controls,6,dense_contact_only,4,24,12,64,contact_only,none,0.0,uniform,oracle_filtered,1.0,0.0,0.0,64.0,4.0,0.0
negative_controls,6,dense_contact_only,6,24,12,64,contact_only,none,0.0,uniform,oracle_filtered,1.0,0.0,0.0,64.0,6.0,0.0
negative_controls,6,dense_contact_only,8,24,12,64,contact_only,none,0.0,uniform,oracle_filtered,1.0,0.0,0.0,64.0,8.0,0.0
negative_controls,6,critical_cell_entropy,2,24,12,64,contact_only,none,0.0,uniform,oracle_filtered,0.5,0.5,2.353032400545215,66.35303240054525,2.0,0.0
negative_controls,6,critical_cell_entropy,4,24,12,64,contact_only,none,0.0,uniform,oracle_filtered,0.5416666666666666,0.4583333333333333,1.5,65.5,4.0,0.0
negative_controls,6,critical_cell_entropy,6,24,12,64,contact_only,none,0.0,uniform,oracle_filtered,0.625,0.375,1.077067708633815,65.0770677086338,6.0,0.0
negative_controls,6,critical_cell_entropy,8,24,12,64,contact_only,none,0.0,uniform,oracle_filtered,0.7083333333333334,0.2916666666666667,0.5833333333333334,64.58333333333333,8.0,0.0
negative_controls,6,contact_equivalence,2,24,12,64,contact_only,none,0.0,uniform,oracle_filtered,0.4583333333333333,0.5416666666666666,1.5849625007211552,65.58496250072115,2.0,0.0
negative_controls,6,contact_equivalence,4,24,12,64,contact_only,none,0.0,uniform,oracle_filtered,1.0,0.0,0.0,64.0,4.0,0.0
negative_controls,6,contact_equivalence,6,24,12,64,contact_only,none,0.0,uniform,oracle_filtered,1.0,0.0,0.0,64.0,6.0,0.0
negative_controls,6,contact_equivalence,8,24,12,64,contact_only,none,0.0,uniform,oracle_filtered,1.0,0.0,0.0,64.0,8.0,0.0
negative_controls,6,expected_regret,2,24,12,64,contact_only,none,0.0,uniform,oracle_filtered,0.4166666666666667,0.5833333333333334,1.6666666666666667,65.66666666666667,2.0,0.0
negative_controls,6,expected_regret,4,24,12,64,contact_only,none,0.0,uniform,oracle_filtered,0.7083333333333334,0.2916666666666667,0.3333333333333333,64.33333333333333,4.0,0.0
negative_controls,6,expected_regret,6,24,12,64,contact_only,none,0.0,uniform,oracle_filtered,1.0,0.0,0.0,64.0,6.0,0.0
negative_controls,6,expected_regret,8,24,12,64,contact_only,none,0.0,uniform,oracle_filtered,1.0,0.0,0.0,64.0,8.0,0.0
negative_controls,6,sampled_equivalence,2,24,12,64,contact_only,none,0.0,uniform,oracle_filtered,0.2916666666666667,0.7083333333333334,1.51497500048077,65.51497500048076,2.0,0.0
negative_controls,6,sampled_equivalence,4,24,12,64,contact_only,none,0.0,uniform,oracle_filtered,1.0,0.0,0.0,64.0,4.0,0.0
negative_controls,6,sampled_equivalence,6,24,12,64,contact_only,none,0.0,uniform,oracle_filtered,1.0,0.0,0.0,64.0,6.0,0.0
negative_controls,6,sampled_equivalence,8,24,12,64,contact_only,none,0.0,uniform,oracle_filtered,1.0,0.0,0.0,64.0,8.0,0.0
negative_controls,7,dense_entropy,2,24,12,64,contact_only,none,0.0,uniform,oracle_filtered,0.375,0.625,1.5849625007211552,65.58496250072115,2.0,0.0
negative_controls,7,dense_entropy,4,24,12,64,contact_only,none,0.0,uniform,oracle_filtered,1.0,0.0,0.0,64.0,4.0,0.0
negative_controls,7,dense_entropy,6,24,12,64,contact_only,none,0.0,uniform,oracle_filtered,1.0,0.0,0.0,64.0,6.0,0.0
negative_controls,7,dense_entropy,8,24,12,64,contact_only,none,0.0,uniform,oracle_filtered,1.0,0.0,0.0,64.0,8.0,0.0
negative_controls,7,dense_contact_only,2,24,12,64,contact_only,none,0.0,uniform,oracle_filtered,0.375,0.625,1.5849625007211552,65.58496250072115,2.0,0.0
negative_controls,7,dense_contact_only,4,24,12,64,contact_only,none,0.0,uniform,oracle_filtered,1.0,0.0,0.0,64.0,4.0,0.0
negative_controls,7,dense_contact_only,6,24,12,64,contact_only,none,0.0,uniform,oracle_filtered,1.0,0.0,0.0,64.0,6.0,0.0
negative_controls,7,dense_contact_only,8,24,12,64,contact_only,none,0.0,uniform,oracle_filtered,1.0,0.0,0.0,64.0,8.0,0.0
negative_controls,7,critical_cell_entropy,2,24,12,64,contact_only,none,0.0,uniform,oracle_filtered,0.375,0.625,2.6298597417858285,66.62985974178586,2.0,0.0
negative_controls,7,critical_cell_entropy,4,24,12,64,contact_only,none,0.0,uniform,oracle_filtered,0.4583333333333333,0.5416666666666666,2.125,66.125,4.0,0.0
negative_controls,7,critical_cell_entropy,6,24,12,64,contact_only,none,0.0,uniform,oracle_filtered,0.5416666666666666,0.4583333333333333,1.2924812503605778,65.29248125036057,6.0,0.0
negative_controls,7,critical_cell_entropy,8,24,12,64,contact_only,none,0.0,uniform,oracle_filtered,0.7083333333333334,0.2916666666666667,0.5833333333333334,64.58333333333333,8.0,0.0
negative_controls,7,contact_equivalence,2,24,12,64,contact_only,none,0.0,uniform,oracle_filtered,0.4583333333333333,0.5416666666666666,1.5849625007211552,65.58496250072115,2.0,0.0
negative_controls,7,contact_equivalence,4,24,12,64,contact_only,none,0.0,uniform,oracle_filtered,1.0,0.0,0.0,64.0,4.0,0.0
negative_controls,7,contact_equivalence,6,24,12,64,contact_only,none,0.0,uniform,oracle_filtered,1.0,0.0,0.0,64.0,6.0,0.0
negative_controls,7,contact_equivalence,8,24,12,64,contact_only,none,0.0,uniform,oracle_filtered,1.0,0.0,0.0,64.0,8.0,0.0
negative_controls,7,expected_regret,2,24,12,64,contact_only,none,0.0,uniform,oracle_filtered,0.25,0.75,1.625,65.625,2.0,0.0
negative_controls,7,expected_regret,4,24,12,64,contact_only,none,0.0,uniform,oracle_filtered,0.875,0.125,0.3333333333333333,64.33333333333333,4.0,0.0
negative_controls,7,expected_regret,6,24,12,64,contact_only,none,0.0,uniform,oracle_filtered,1.0,0.0,0.0,64.0,6.0,0.0
negative_controls,7,expected_regret,8,24,12,64,contact_only,none,0.0,uniform,oracle_filtered,1.0,0.0,0.0,64.0,8.0,0.0
negative_controls,7,sampled_equivalence,2,24,12,64,contact_only,none,0.0,uniform,oracle_filtered,0.375,0.625,1.6723890577817084,65.6723890577817,2.0,0.0
negative_controls,7,sampled_equivalence,4,24,12,64,contact_only,none,0.0,uniform,oracle_filtered,1.0,0.0,0.041666666666666664,64.04166666666667,4.0,0.0
negative_controls,7,sampled_equivalence,6,24,12,64,contact_only,none,0.0,uniform,oracle_filtered,1.0,0.0,0.0,64.0,6.0,0.0
negative_controls,7,sampled_equivalence,8,24,12,64,contact_only,none,0.0,uniform,oracle_filtered,1.0,0.0,0.0,64.0,8.0,0.0
negative_controls,8,dense_entropy,2,24,12,64,contact_only,none,0.0,uniform,oracle_filtered,0.25,0.75,1.5849625007211552,65.58496250072115,2.0,0.0
negative_controls,8,dense_entropy,4,24,12,64,contact_only,none,0.0,uniform,oracle_filtered,1.0,0.0,0.0,64.0,4.0,0.0
negative_controls,8,dense_entropy,6,24,12,64,contact_only,none,0.0,uniform,oracle_filtered,1.0,0.0,0.0,64.0,6.0,0.0
negative_controls,8,dense_entropy,8,24,12,64,contact_only,none,0.0,uniform,oracle_filtered,1.0,0.0,0.0,64.0,8.0,0.0
negative_controls,8,dense_contact_only,2,24,12,64,contact_only,none,0.0,uniform,oracle_filtered,0.16666666666666666,0.8333333333333334,1.5849625007211552,65.58496250072115,2.0,0.0
negative_controls,8,dense_contact_only,4,24,12,64,contact_only,none,0.0,uniform,oracle_filtered,1.0,0.0,0.0,64.0,4.0,0.0
negative_controls,8,dense_contact_only,6,24,12,64,contact_only,none,0.0,uniform,oracle_filtered,1.0,0.0,0.0,64.0,6.0,0.0
negative_controls,8,dense_contact_only,8,24,12,64,contact_only,none,0.0,uniform,oracle_filtered,1.0,0.0,0.0,64.0,8.0,0.0
negative_controls,8,critical_cell_entropy,2,24,12,64,contact_only,none,0.0,uniform,oracle_filtered,0.25,0.75,2.6298597417858285,66.62985974178586,2.0,0.0
negative_controls,8,critical_cell_entropy,4,24,12,64,contact_only,none,0.0,uniform,oracle_filtered,0.4166666666666667,0.5833333333333334,2.0,66.0,4.0,0.0
negative_controls,8,critical_cell_entropy,6,24,12,64,contact_only,none,0.0,uniform,oracle_filtered,0.5416666666666666,0.4583333333333333,1.4001880212239592,65.40018802122397,6.0,0.0
negative_controls,8,critical_cell_entropy,8,24,12,64,contact_only,none,0.0,uniform,oracle_filtered,0.75,0.25,0.5833333333333334,64.58333333333333,8.0,0.0
negative_controls,8,contact_equivalence,2,24,12,64,contact_only,none,0.0,uniform,oracle_filtered,0.4583333333333333,0.5416666666666666,1.5849625007211552,65.58496250072115,2.0,0.0
negative_controls,8,contact_equivalence,4,24,12,64,contact_only,none,0.0,uniform,oracle_filtered,1.0,0.0,0.0,64.0,4.0,0.0
negative_controls,8,contact_equivalence,6,24,12,64,contact_only,none,0.0,uniform,oracle_filtered,1.0,0.0,0.0,64.0,6.0,0.0
negative_controls,8,contact_equivalence,8,24,12,64,contact_only,none,0.0,uniform,oracle_filtered,1.0,0.0,0.0,64.0,8.0,0.0
negative_controls,8,expected_regret,2,24,12,64,contact_only,none,0.0,uniform,oracle_filtered,0.2916666666666667,0.7083333333333334,1.7083333333333333,65.70833333333333,2.0,0.0
negative_controls,8,expected_regret,4,24,12,64,contact_only,none,0.0,uniform,oracle_filtered,0.9583333333333334,0.041666666666666664,0.2916666666666667,64.29166666666667,4.0,0.0
negative_controls,8,expected_regret,6,24,12,64,contact_only,none,0.0,uniform,oracle_filtered,1.0,0.0,0.0,64.0,6.0,0.0
negative_controls,8,expected_regret,8,24,12,64,contact_only,none,0.0,uniform,oracle_filtered,1.0,0.0,0.0,64.0,8.0,0.0
negative_controls,8,sampled_equivalence,2,24,12,64,contact_only,none,0.0,uniform,oracle_filtered,0.20833333333333334,0.7916666666666666,1.6014411461638627,65.60144114616385,2.0,0.0
negative_controls,8,sampled_equivalence,4,24,12,64,contact_only,none,0.0,uniform,oracle_filtered,1.0,0.0,0.0,64.0,4.0,0.0
negative_controls,8,sampled_equivalence,6,24,12,64,contact_only,none,0.0,uniform,oracle_filtered,1.0,0.0,0.0,64.0,6.0,0.0
negative_controls,8,sampled_equivalence,8,24,12,64,contact_only,none,0.0,uniform,oracle_filtered,1.0,0.0,0.0,64.0,8.0,0.0
negative_controls,9,dense_entropy,2,24,12,64,contact_only,none,0.0,uniform,oracle_filtered,0.2916666666666667,0.7083333333333334,1.5849625007211552,65.58496250072115,2.0,0.0
negative_controls,9,dense_entropy,4,24,12,64,contact_only,none,0.0,uniform,oracle_filtered,1.0,0.0,0.0,64.0,4.0,0.0
negative_controls,9,dense_entropy,6,24,12,64,contact_only,none,0.0,uniform,oracle_filtered,1.0,0.0,0.0,64.0,6.0,0.0
negative_controls,9,dense_entropy,8,24,12,64,contact_only,none,0.0,uniform,oracle_filtered,1.0,0.0,0.0,64.0,8.0,0.0
negative_controls,9,dense_contact_only,2,24,12,64,contact_only,none,0.0,uniform,oracle_filtered,0.3333333333333333,0.6666666666666666,1.5849625007211552,65.58496250072115,2.0,0.0
negative_controls,9,dense_contact_only,4,24,12,64,contact_only,none,0.0,uniform,oracle_filtered,1.0,0.0,0.0,64.0,4.0,0.0
negative_controls,9,dense_contact_only,6,24,12,64,contact_only,none,0.0,uniform,oracle_filtered,1.0,0.0,0.0,64.0,6.0,0.0
negative_controls,9,dense_contact_only,8,24,12,64,contact_only,none,0.0,uniform,oracle_filtered,1.0,0.0,0.0,64.0,8.0,0.0
negative_controls,9,critical_cell_entropy,2,24,12,64,contact_only,none,0.0,uniform,oracle_filtered,0.3333333333333333,0.6666666666666666,2.2146187299249083,66.21461872992494,2.0,0.0
negative_controls,9,critical_cell_entropy,4,24,12,64,contact_only,none,0.0,uniform,oracle_filtered,0.4583333333333333,0.5416666666666666,1.875,65.875,4.0,0.0
negative_controls,9,critical_cell_entropy,6,24,12,64,contact_only,none,0.0,uniform,oracle_filtered,0.5833333333333334,0.4166666666666667,1.077067708633815,65.0770677086338,6.0,0.0
negative_controls,9,critical_cell_entropy,8,24,12,64,contact_only,none,0.0,uniform,oracle_filtered,0.7083333333333334,0.2916666666666667,0.5833333333333334,64.58333333333333,8.0,0.0
negative_controls,9,contact_equivalence,2,24,12,64,contact_only,none,0.0,uniform,oracle_filtered,0.2916666666666667,0.7083333333333334,1.5849625007211552,65.58496250072115,2.0,0.0
negative_controls,9,contact_equivalence,4,24,12,64,contact_only,none,0.0,uniform,oracle_filtered,1.0,0.0,0.0,64.0,4.0,0.0
negative_controls,9,contact_equivalence,6,24,12,64,contact_only,none,0.0,uniform,oracle_filtered,1.0,0.0,0.0,64.0,6.0,0.0
negative_controls,9,contact_equivalence,8,24,12,64,contact_only,none,0.0,uniform,oracle_filtered,1.0,0.0,0.0,64.0,8.0,0.0
negative_controls,9,expected_regret,2,24,12,64,contact_only,none,0.0,uniform,oracle_filtered,0.375,0.625,1.5833333333333333,65.58333333333333,2.0,0.0
negative_controls,9,expected_regret,4,24,12,64,contact_only,none,0.0,uniform,oracle_filtered,0.9166666666666666,0.08333333333333333,0.16666666666666666,64.16666666666667,4.0,0.0
negative_controls,9,expected_regret,6,24,12,64,contact_only,none,0.0,uniform,oracle_filtered,1.0,0.0,0.0,64.0,6.0,0.0
negative_controls,9,expected_regret,8,24,12,64,contact_only,none,0.0,uniform,oracle_filtered,1.0,0.0,0.0,64.0,8.0,0.0
negative_controls,9,sampled_equivalence,2,24,12,64,contact_only,none,0.0,uniform,oracle_filtered,0.4166666666666667,0.5833333333333334,1.6014411461638627,65.60144114616385,2.0,0.0
negative_controls,9,sampled_equivalence,4,24,12,64,contact_only,none,0.0,uniform,oracle_filtered,1.0,0.0,0.0,64.0,4.0,0.0
negative_controls,9,sampled_equivalence,6,24,12,64,contact_only,none,0.0,uniform,oracle_filtered,1.0,0.0,0.0,64.0,6.0,0.0
negative_controls,9,sampled_equivalence,8,24,12,64,contact_only,none,0.0,uniform,oracle_filtered,1.0,0.0,0.0,64.0,8.0,0.0
negative_controls,0,dense_entropy,2,24,12,256,mixed,none,0.0,uniform,decor_dominates,0.20833333333333334,0.7916666666666666,3.5849625007211565,251.58496250072122,0.0,2.0
negative_controls,0,dense_entropy,4,24,12,256,mixed,none,0.0,uniform,decor_dominates,0.0,1.0,3.5849625007211565,243.58496250072122,0.0,4.0
negative_controls,0,dense_entropy,6,24,12,256,mixed,none,0.0,uniform,decor_dominates,0.16666666666666666,0.8333333333333334,3.5849625007211565,235.58496250072122,0.0,6.0
negative_controls,0,dense_entropy,8,24,12,256,mixed,none,0.0,uniform,decor_dominates,0.08333333333333333,0.9166666666666666,3.5849625007211565,227.58496250072122,0.0,8.0
negative_controls,0,dense_contact_only,2,24,12,256,mixed,none,0.0,uniform,decor_dominates,0.3333333333333333,0.6666666666666666,1.5849625007211552,257.58496250072125,2.0,0.0
negative_controls,0,dense_contact_only,4,24,12,256,mixed,none,0.0,uniform,decor_dominates,1.0,0.0,0.0,256.0,4.0,0.0
negative_controls,0,dense_contact_only,6,24,12,256,mixed,none,0.0,uniform,decor_dominates,1.0,0.0,0.0,256.0,6.0,0.0
negative_controls,0,dense_contact_only,8,24,12,256,mixed,none,0.0,uniform,decor_dominates,1.0,0.0,0.0,256.0,8.0,0.0
negative_controls,0,critical_cell_entropy,2,24,12,256,mixed,none,0.0,uniform,decor_dominates,0.4166666666666667,0.5833333333333334,2.0762050593046015,258.0762050593045,2.0,0.0
negative_controls,0,critical_cell_entropy,4,24,12,256,mixed,none,0.0,uniform,decor_dominates,0.5833333333333334,0.4166666666666667,1.375,257.375,4.0,0.0
negative_controls,0,critical_cell_entropy,6,24,12,256,mixed,none,0.0,uniform,decor_dominates,0.7916666666666666,0.20833333333333334,0.7539473960436706,256.75394739604366,6.0,0.0
negative_controls,0,critical_cell_entropy,8,24,12,256,mixed,none,0.0,uniform,decor_dominates,0.7916666666666666,0.20833333333333334,0.5,256.5,8.0,0.0
negative_controls,0,contact_equivalence,2,24,12,256,mixed,none,0.0,uniform,decor_dominates,0.3333333333333333,0.6666666666666666,1.5849625007211552,257.58496250072125,2.0,0.0
negative_controls,0,contact_equivalence,4,24,12,256,mixed,none,0.0,uniform,decor_dominates,1.0,0.0,0.0,256.0,4.0,0.0
negative_controls,0,contact_equivalence,6,24,12,256,mixed,none,0.0,uniform,decor_dominates,1.0,0.0,0.0,256.0,6.0,0.0
negative_controls,0,contact_equivalence,8,24,12,256,mixed,none,0.0,uniform,decor_dominates,1.0,0.0,0.0,256.0,8.0,0.0
negative_controls,0,expected_regret,2,24,12,256,mixed,none,0.0,uniform,decor_dominates,0.375,0.625,1.625,257.625,2.0,0.0
negative_controls,0,expected_regret,4,24,12,256,mixed,none,0.0,uniform,decor_dominates,0.9166666666666666,0.08333333333333333,0.3333333333333333,256.3333333333333,4.0,0.0
negative_controls,0,expected_regret,6,24,12,256,mixed,none,0.0,uniform,decor_dominates,1.0,0.0,0.0,256.0,6.0,0.0
negative_controls,0,expected_regret,8,24,12,256,mixed,none,0.0,uniform,decor_dominates,1.0,0.0,0.0,256.0,8.0,0.0
negative_controls,0,sampled_equivalence,2,24,12,256,mixed,none,0.0,uniform,decor_dominates,0.4583333333333333,0.5416666666666666,1.466228125420674,257.46622812542074,2.0,0.0
negative_controls,0,sampled_equivalence,4,24,12,256,mixed,none,0.0,uniform,decor_dominates,1.0,0.0,0.041666666666666664,256.0416666666667,4.0,0.0
negative_controls,0,sampled_equivalence,6,24,12,256,mixed,none,0.0,uniform,decor_dominates,1.0,0.0,0.0,256.0,6.0,0.0
negative_controls,0,sampled_equivalence,8,24,12,256,mixed,none,0.0,uniform,decor_dominates,1.0,0.0,0.0,256.0,8.0,0.0
negative_controls,1,dense_entropy,2,24,12,256,mixed,none,0.0,uniform,decor_dominates,0.0,1.0,3.5849625007211565,251.58496250072122,0.0,2.0
negative_controls,1,dense_entropy,4,24,12,256,mixed,none,0.0,uniform,decor_dominates,0.08333333333333333,0.9166666666666666,3.5849625007211565,243.58496250072122,0.0,4.0
negative_controls,1,dense_entropy,6,24,12,256,mixed,none,0.0,uniform,decor_dominates,0.041666666666666664,0.9583333333333334,3.5849625007211565,235.58496250072122,0.0,6.0
negative_controls,1,dense_entropy,8,24,12,256,mixed,none,0.0,uniform,decor_dominates,0.125,0.875,3.5849625007211565,227.58496250072122,0.0,8.0
negative_controls,1,dense_contact_only,2,24,12,256,mixed,none,0.0,uniform,decor_dominates,0.4166666666666667,0.5833333333333334,1.5849625007211552,257.58496250072125,2.0,0.0
negative_controls,1,dense_contact_only,4,24,12,256,mixed,none,0.0,uniform,decor_dominates,1.0,0.0,0.0,256.0,4.0,0.0
negative_controls,1,dense_contact_only,6,24,12,256,mixed,none,0.0,uniform,decor_dominates,1.0,0.0,0.0,256.0,6.0,0.0
negative_controls,1,dense_contact_only,8,24,12,256,mixed,none,0.0,uniform,decor_dominates,1.0,0.0,0.0,256.0,8.0,0.0
negative_controls,1,critical_cell_entropy,2,24,12,256,mixed,none,0.0,uniform,decor_dominates,0.16666666666666666,0.8333333333333334,3.0451007536467496,259.04510075364664,2.0,0.0
negative_controls,1,critical_cell_entropy,4,24,12,256,mixed,none,0.0,uniform,decor_dominates,0.375,0.625,2.0,258.0,4.0,0.0
negative_controls,1,critical_cell_entropy,6,24,12,256,mixed,none,0.0,uniform,decor_dominates,0.625,0.375,1.1847744794971964,257.1847744794972,6.0,0.0
negative_controls,1,critical_cell_entropy,8,24,12,256,mixed,none,0.0,uniform,decor_dominates,0.8333333333333334,0.16666666666666666,0.6666666666666666,256.6666666666667,8.0,0.0
negative_controls,1,contact_equivalence,2,24,12,256,mixed,none,0.0,uniform,decor_dominates,0.20833333333333334,0.7916666666666666,1.5849625007211552,257.58496250072125,2.0,0.0
negative_controls,1,contact_equivalence,4,24,12,256,mixed,none,0.0,uniform,decor_dominates,1.0,0.0,0.0,256.0,4.0,0.0
negative_controls,1,contact_equivalence,6,24,12,256,mixed,none,0.0,uniform,decor_dominates,1.0,0.0,0.0,256.0,6.0,0.0
negative_controls,1,contact_equivalence,8,24,12,256,mixed,none,0.0,uniform,decor_dominates,1.0,0.0,0.0,256.0,8.0,0.0
negative_controls,1,expected_regret,2,24,12,256,mixed,none,0.0,uniform,decor_dominates,0.2916666666666667,0.7083333333333334,1.5833333333333333,257.5833333333333,2.0,0.0
negative_controls,1,expected_regret,4,24,12,256,mixed,none,0.0,uniform,decor_dominates,0.9166666666666666,0.08333333333333333,0.16666666666666666,256.1666666666667,4.0,0.0
negative_controls,1,expected_regret,6,24,12,256,mixed,none,0.0,uniform,decor_dominates,1.0,0.0,0.0,256.0,6.0,0.0
negative_controls,1,expected_regret,8,24,12,256,mixed,none,0.0,uniform,decor_dominates,1.0,0.0,0.0,256.0,8.0,0.0
negative_controls,1,sampled_equivalence,2,24,12,256,mixed,none,0.0,uniform,decor_dominates,0.25,0.75,1.5943609377704335,257.59436093777043,2.0,0.0
negative_controls,1,sampled_equivalence,4,24,12,256,mixed,none,0.0,uniform,decor_dominates,1.0,0.0,0.041666666666666664,256.0416666666667,4.0,0.0
negative_controls,1,sampled_equivalence,6,24,12,256,mixed,none,0.0,uniform,decor_dominates,1.0,0.0,0.0,256.0,6.0,0.0
negative_controls,1,sampled_equivalence,8,24,12,256,mixed,none,0.0,uniform,decor_dominates,1.0,0.0,0.0,256.0,8.0,0.0
negative_controls,2,dense_entropy,2,24,12,256,mixed,none,0.0,uniform,decor_dominates,0.08333333333333333,0.9166666666666666,3.5849625007211565,251.58496250072122,0.0,2.0
negative_controls,2,dense_entropy,4,24,12,256,mixed,none,0.0,uniform,decor_dominates,0.041666666666666664,0.9583333333333334,3.5849625007211565,243.58496250072122,0.0,4.0
negative_controls,2,dense_entropy,6,24,12,256,mixed,none,0.0,uniform,decor_dominates,0.125,0.875,3.5849625007211565,235.58496250072122,0.0,6.0
negative_controls,2,dense_entropy,8,24,12,256,mixed,none,0.0,uniform,decor_dominates,0.08333333333333333,0.9166666666666666,3.5849625007211565,227.58496250072122,0.0,8.0
negative_controls,2,dense_contact_only,2,24,12,256,mixed,none,0.0,uniform,decor_dominates,0.3333333333333333,0.6666666666666666,1.5849625007211552,257.58496250072125,2.0,0.0
negative_controls,2,dense_contact_only,4,24,12,256,mixed,none,0.0,uniform,decor_dominates,1.0,0.0,0.0,256.0,4.0,0.0
negative_controls,2,dense_contact_only,6,24,12,256,mixed,none,0.0,uniform,decor_dominates,1.0,0.0,0.0,256.0,6.0,0.0
negative_controls,2,dense_contact_only,8,24,12,256,mixed,none,0.0,uniform,decor_dominates,1.0,0.0,0.0,256.0,8.0,0.0
negative_controls,2,critical_cell_entropy,2,24,12,256,mixed,none,0.0,uniform,decor_dominates,0.20833333333333334,0.7916666666666666,2.9066870830264424,258.9066870830263,2.0,0.0
negative_controls,2,critical_cell_entropy,4,24,12,256,mixed,none,0.0,uniform,decor_dominates,0.4166666666666667,0.5833333333333334,2.125,258.125,4.0,0.0
negative_controls,2,critical_cell_entropy,6,24,12,256,mixed,none,0.0,uniform,decor_dominates,0.5,0.5,1.2924812503605778,257.2924812503606,6.0,0.0
negative_controls,2,critical_cell_entropy,8,24,12,256,mixed,none,0.0,uniform,decor_dominates,0.8333333333333334,0.16666666666666666,0.6666666666666666,256.6666666666667,8.0,0.0
negative_controls,2,contact_equivalence,2,24,12,256,mixed,none,0.0,uniform,decor_dominates,0.2916666666666667,0.7083333333333334,1.5849625007211552,257.58496250072125,2.0,0.0
negative_controls,2,contact_equivalence,4,24,12,256,mixed,none,0.0,uniform,decor_dominates,1.0,0.0,0.0,256.0,4.0,0.0
negative_controls,2,contact_equivalence,6,24,12,256,mixed,none,0.0,uniform,decor_dominates,1.0,0.0,0.0,256.0,6.0,0.0
negative_controls,2,contact_equivalence,8,24,12,256,mixed,none,0.0,uniform,decor_dominates,1.0,0.0,0.0,256.0,8.0,0.0
negative_controls,2,expected_regret,2,24,12,256,mixed,none,0.0,uniform,decor_dominates,0.375,0.625,1.7083333333333333,257.7083333333333,2.0,0.0
negative_controls,2,expected_regret,4,24,12,256,mixed,none,0.0,uniform,decor_dominates,0.8333333333333334,0.16666666666666666,0.375,256.375,4.0,0.0
negative_controls,2,expected_regret,6,24,12,256,mixed,none,0.0,uniform,decor_dominates,1.0,0.0,0.0,256.0,6.0,0.0
negative_controls,2,expected_regret,8,24,12,256,mixed,none,0.0,uniform,decor_dominates,1.0,0.0,0.0,256.0,8.0,0.0
negative_controls,2,sampled_equivalence,2,24,12,256,mixed,none,0.0,uniform,decor_dominates,0.4166666666666667,0.5833333333333334,1.587348566904362,257.5873485669044,2.0,0.0
negative_controls,2,sampled_equivalence,4,24,12,256,mixed,none,0.0,uniform,decor_dominates,1.0,0.0,0.0,256.0,4.0,0.0
negative_controls,2,sampled_equivalence,6,24,12,256,mixed,none,0.0,uniform,decor_dominates,1.0,0.0,0.0,256.0,6.0,0.0
negative_controls,2,sampled_equivalence,8,24,12,256,mixed,none,0.0,uniform,decor_dominates,1.0,0.0,0.0,256.0,8.0,0.0
negative_controls,3,dense_entropy,2,24,12,256,mixed,none,0.0,uniform,decor_dominates,0.08333333333333333,0.9166666666666666,3.5849625007211565,251.58496250072122,0.0,2.0
negative_controls,3,dense_entropy,4,24,12,256,mixed,none,0.0,uniform,decor_dominates,0.08333333333333333,0.9166666666666666,3.5849625007211565,243.58496250072122,0.0,4.0
negative_controls,3,dense_entropy,6,24,12,256,mixed,none,0.0,uniform,decor_dominates,0.08333333333333333,0.9166666666666666,3.5849625007211565,235.58496250072122,0.0,6.0
negative_controls,3,dense_entropy,8,24,12,256,mixed,none,0.0,uniform,decor_dominates,0.16666666666666666,0.8333333333333334,3.5849625007211565,227.58496250072122,0.0,8.0
negative_controls,3,dense_contact_only,2,24,12,256,mixed,none,0.0,uniform,decor_dominates,0.16666666666666666,0.8333333333333334,1.5849625007211552,257.58496250072125,2.0,0.0
negative_controls,3,dense_contact_only,4,24,12,256,mixed,none,0.0,uniform,decor_dominates,1.0,0.0,0.0,256.0,4.0,0.0
negative_controls,3,dense_contact_only,6,24,12,256,mixed,none,0.0,uniform,decor_dominates,1.0,0.0,0.0,256.0,6.0,0.0
negative_controls,3,dense_contact_only,8,24,12,256,mixed,none,0.0,uniform,decor_dominates,1.0,0.0,0.0,256.0,8.0,0.0
negative_controls,3,critical_cell_entropy,2,24,12,256,mixed,none,0.0,uniform,decor_dominates,0.375,0.625,2.4914460711655217,258.49144607116546,2.0,0.0
negative_controls,3,critical_cell_entropy,4,24,12,256,mixed,none,0.0,uniform,decor_dominates,0.4583333333333333,0.5416666666666666,1.875,257.875,4.0,0.0
negative_controls,3,critical_cell_entropy,6,24,12,256,mixed,none,0.0,uniform,decor_dominates,0.75,0.25,0.861654166907052,256.86165416690704,6.0,0.0
negative_controls,3,critical_cell_entropy,8,24,12,256,mixed,none,0.0,uniform,decor_dominates,0.875,0.125,0.3333333333333333,256.3333333333333,8.0,0.0
negative_controls,3,contact_equivalence,2,24,12,256,mixed,none,0.0,uniform,decor_dominates,0.4166666666666667,0.5833333333333334,1.5849625007211552,257.58496250072125,2.0,0.0
negative_controls,3,contact_equivalence,4,24,12,256,mixed,none,0.0,uniform,decor_dominates,1.0,0.0,0.0,256.0,4.0,0.0
negative_controls,3,contact_equivalence,6,24,12,256,mixed,none,0.0,uniform,decor_dominates,1.0,0.0,0.0,256.0,6.0,0.0
negative_controls,3,contact_equivalence,8,24,12,256,mixed,none,0.0,uniform,decor_dominates,1.0,0.0,0.0,256.0,8.0,0.0
negative_controls,3,expected_regret,2,24,12,256,mixed,none,0.0,uniform,decor_dominates,0.3333333333333333,0.6666666666666666,1.6666666666666667,257.6666666666667,2.0,0.0
negative_controls,3,expected_regret,4,24,12,256,mixed,none,0.0,uniform,decor_dominates,0.8333333333333334,0.16666666666666666,0.3333333333333333,256.3333333333333,4.0,0.0
negative_controls,3,expected_regret,6,24,12,256,mixed,none,0.0,uniform,decor_dominates,1.0,0.0,0.0,256.0,6.0,0.0
negative_controls,3,expected_regret,8,24,12,256,mixed,none,0.0,uniform,decor_dominates,1.0,0.0,0.0,256.0,8.0,0.0
negative_controls,3,sampled_equivalence,2,24,12,256,mixed,none,0.0,uniform,decor_dominates,0.375,0.625,1.603895049874428,257.60389504987444,2.0,0.0
negative_controls,3,sampled_equivalence,4,24,12,256,mixed,none,0.0,uniform,decor_dominates,1.0,0.0,0.0,256.0,4.0,0.0
negative_controls,3,sampled_equivalence,6,24,12,256,mixed,none,0.0,uniform,decor_dominates,1.0,0.0,0.0,256.0,6.0,0.0
negative_controls,3,sampled_equivalence,8,24,12,256,mixed,none,0.0,uniform,decor_dominates,1.0,0.0,0.0,256.0,8.0,0.0
negative_controls,4,dense_entropy,2,24,12,256,mixed,none,0.0,uniform,decor_dominates,0.041666666666666664,0.9583333333333334,3.5849625007211565,251.58496250072122,0.0,2.0
negative_controls,4,dense_entropy,4,24,12,256,mixed,none,0.0,uniform,decor_dominates,0.16666666666666666,0.8333333333333334,3.5849625007211565,243.58496250072122,0.0,4.0
negative_controls,4,dense_entropy,6,24,12,256,mixed,none,0.0,uniform,decor_dominates,0.041666666666666664,0.9583333333333334,3.5849625007211565,235.58496250072122,0.0,6.0
negative_controls,4,dense_entropy,8,24,12,256,mixed,none,0.0,uniform,decor_dominates,0.125,0.875,3.5849625007211565,227.58496250072122,0.0,8.0
negative_controls,4,dense_contact_only,2,24,12,256,mixed,none,0.0,uniform,decor_dominates,0.375,0.625,1.5849625007211552,257.58496250072125,2.0,0.0
negative_controls,4,dense_contact_only,4,24,12,256,mixed,none,0.0,uniform,decor_dominates,1.0,0.0,0.0,256.0,4.0,0.0
negative_controls,4,dense_contact_only,6,24,12,256,mixed,none,0.0,uniform,decor_dominates,1.0,0.0,0.0,256.0,6.0,0.0
negative_controls,4,dense_contact_only,8,24,12,256,mixed,none,0.0,uniform,decor_dominates,1.0,0.0,0.0,256.0,8.0,0.0
negative_controls,4,critical_cell_entropy,2,24,12,256,mixed,none,0.0,uniform,decor_dominates,0.20833333333333334,0.7916666666666666,2.7682734124061352,258.768273412406,2.0,0.0
negative_controls,4,critical_cell_entropy,4,24,12,256,mixed,none,0.0,uniform,decor_dominates,0.3333333333333333,0.6666666666666666,2.25,258.25,4.0,0.0
negative_controls,4,critical_cell_entropy,6,24,12,256,mixed,none,0.0,uniform,decor_dominates,0.5,0.5,1.4001880212239592,257.400188021224,6.0,0.0
negative_controls,4,critical_cell_entropy,8,24,12,256,mixed,none,0.0,uniform,decor_dominates,0.625,0.375,0.8333333333333334,256.8333333333333,8.0,0.0
negative_controls,4,contact_equivalence,2,24,12,256,mixed,none,0.0,uniform,decor_dominates,0.4166666666666667,0.5833333333333334,1.5849625007211552,257.58496250072125,2.0,0.0
negative_controls,4,contact_equivalence,4,24,12,256,mixed,none,0.0,uniform,decor_dominates,1.0,0.0,0.0,256.0,4.0,0.0
negative_controls,4,contact_equivalence,6,24,12,256,mixed,none,0.0,uniform,decor_dominates,1.0,0.0,0.0,256.0,6.0,0.0
negative_controls,4,contact_equivalence,8,24,12,256,mixed,none,0.0,uniform,decor_dominates,1.0,0.0,0.0,256.0,8.0,0.0
negative_controls,4,expected_regret,2,24,12,256,mixed,none,0.0,uniform,decor_dominates,0.5833333333333334,0.4166666666666667,1.625,257.625,2.0,0.0
negative_controls,4,expected_regret,4,24,12,256,mixed,none,0.0,uniform,decor_dominates,1.0,0.0,0.125,256.125,4.0,0.0
negative_controls,4,expected_regret,6,24,12,256,mixed,none,0.0,uniform,decor_dominates,1.0,0.0,0.0,256.0,6.0,0.0
negative_controls,4,expected_regret,8,24,12,256,mixed,none,0.0,uniform,decor_dominates,1.0,0.0,0.0,256.0,8.0,0.0
negative_controls,4,sampled_equivalence,2,24,12,256,mixed,none,0.0,uniform,decor_dominates,0.375,0.625,1.562975129374314,257.56297512937437,2.0,0.0
negative_controls,4,sampled_equivalence,4,24,12,256,mixed,none,0.0,uniform,decor_dominates,1.0,0.0,0.0,256.0,4.0,0.0
negative_controls,4,sampled_equivalence,6,24,12,256,mixed,none,0.0,uniform,decor_dominates,1.0,0.0,0.0,256.0,6.0,0.0
negative_controls,4,sampled_equivalence,8,24,12,256,mixed,none,0.0,uniform,decor_dominates,1.0,0.0,0.0,256.0,8.0,0.0
negative_controls,5,dense_entropy,2,24,12,256,mixed,none,0.0,uniform,decor_dominates,0.125,0.875,3.5849625007211565,251.58496250072122,0.0,2.0
negative_controls,5,dense_entropy,4,24,12,256,mixed,none,0.0,uniform,decor_dominates,0.0,1.0,3.5849625007211565,243.58496250072122,0.0,4.0
negative_controls,5,dense_entropy,6,24,12,256,mixed,none,0.0,uniform,decor_dominates,0.08333333333333333,0.9166666666666666,3.5849625007211565,235.58496250072122,0.0,6.0
negative_controls,5,dense_entropy,8,24,12,256,mixed,none,0.0,uniform,decor_dominates,0.08333333333333333,0.9166666666666666,3.5849625007211565,227.58496250072122,0.0,8.0
negative_controls,5,dense_contact_only,2,24,12,256,mixed,none,0.0,uniform,decor_dominates,0.2916666666666667,0.7083333333333334,1.5849625007211552,257.58496250072125,2.0,0.0
negative_controls,5,dense_contact_only,4,24,12,256,mixed,none,0.0,uniform,decor_dominates,1.0,0.0,0.0,256.0,4.0,0.0
negative_controls,5,dense_contact_only,6,24,12,256,mixed,none,0.0,uniform,decor_dominates,1.0,0.0,0.0,256.0,6.0,0.0
negative_controls,5,dense_contact_only,8,24,12,256,mixed,none,0.0,uniform,decor_dominates,1.0,0.0,0.0,256.0,8.0,0.0
negative_controls,5,critical_cell_entropy,2,24,12,256,mixed,none,0.0,uniform,decor_dominates,0.125,0.875,3.3219280948873635,259.32192809488726,2.0,0.0
negative_controls,5,critical_cell_entropy,4,24,12,256,mixed,none,0.0,uniform,decor_dominates,0.20833333333333334,0.7916666666666666,2.625,258.625,4.0,0.0
negative_controls,5,critical_cell_entropy,6,24,12,256,mixed,none,0.0,uniform,decor_dominates,0.2916666666666667,0.7083333333333334,1.831015104677485,257.83101510467753,6.0,0.0
negative_controls,5,critical_cell_entropy,8,24,12,256,mixed,none,0.0,uniform,decor_dominates,0.75,0.25,0.75,256.75,8.0,0.0
negative_controls,5,contact_equivalence,2,24,12,256,mixed,none,0.0,uniform,decor_dominates,0.4583333333333333,0.5416666666666666,1.5849625007211552,257.58496250072125,2.0,0.0
negative_controls,5,contact_equivalence,4,24,12,256,mixed,none,0.0,uniform,decor_dominates,1.0,0.0,0.0,256.0,4.0,0.0
negative_controls,5,contact_equivalence,6,24,12,256,mixed,none,0.0,uniform,decor_dominates,1.0,0.0,0.0,256.0,6.0,0.0
negative_controls,5,contact_equivalence,8,24,12,256,mixed,none,0.0,uniform,decor_dominates,1.0,0.0,0.0,256.0,8.0,0.0
negative_controls,5,expected_regret,2,24,12,256,mixed,none,0.0,uniform,decor_dominates,0.3333333333333333,0.6666666666666666,1.7916666666666667,257.7916666666667,2.0,0.0
negative_controls,5,expected_regret,4,24,12,256,mixed,none,0.0,uniform,decor_dominates,0.7916666666666666,0.20833333333333334,0.4583333333333333,256.4583333333333,4.0,0.0
negative_controls,5,expected_regret,6,24,12,256,mixed,none,0.0,uniform,decor_dominates,1.0,0.0,0.0,256.0,6.0,0.0
negative_controls,5,expected_regret,8,24,12,256,mixed,none,0.0,uniform,decor_dominates,1.0,0.0,0.0,256.0,8.0,0.0
negative_controls,5,sampled_equivalence,2,24,12,256,mixed,none,0.0,uniform,decor_dominates,0.25,0.75,1.5802683585109325,257.5802683585109,2.0,0.0
negative_controls,5,sampled_equivalence,4,24,12,256,mixed,none,0.0,uniform,decor_dominates,1.0,0.0,0.041666666666666664,256.0416666666667,4.0,0.0
negative_controls,5,sampled_equivalence,6,24,12,256,mixed,none,0.0,uniform,decor_dominates,1.0,0.0,0.0,256.0,6.0,0.0
negative_controls,5,sampled_equivalence,8,24,12,256,mixed,none,0.0,uniform,decor_dominates,1.0,0.0,0.0,256.0,8.0,0.0
negative_controls,6,dense_entropy,2,24,12,256,mixed,none,0.0,uniform,decor_dominates,0.125,0.875,3.5849625007211565,251.58496250072122,0.0,2.0
negative_controls,6,dense_entropy,4,24,12,256,mixed,none,0.0,uniform,decor_dominates,0.125,0.875,3.5849625007211565,243.58496250072122,0.0,4.0
negative_controls,6,dense_entropy,6,24,12,256,mixed,none,0.0,uniform,decor_dominates,0.08333333333333333,0.9166666666666666,3.5849625007211565,235.58496250072122,0.0,6.0
negative_controls,6,dense_entropy,8,24,12,256,mixed,none,0.0,uniform,decor_dominates,0.08333333333333333,0.9166666666666666,3.5849625007211565,227.58496250072122,0.0,8.0
negative_controls,6,dense_contact_only,2,24,12,256,mixed,none,0.0,uniform,decor_dominates,0.375,0.625,1.5849625007211552,257.58496250072125,2.0,0.0
negative_controls,6,dense_contact_only,4,24,12,256,mixed,none,0.0,uniform,decor_dominates,1.0,0.0,0.0,256.0,4.0,0.0
negative_controls,6,dense_contact_only,6,24,12,256,mixed,none,0.0,uniform,decor_dominates,1.0,0.0,0.0,256.0,6.0,0.0
negative_controls,6,dense_contact_only,8,24,12,256,mixed,none,0.0,uniform,decor_dominates,1.0,0.0,0.0,256.0,8.0,0.0
negative_controls,6,critical_cell_entropy,2,24,12,256,mixed,none,0.0,uniform,decor_dominates,0.25,0.75,2.6298597417858285,258.6298597417857,2.0,0.0
negative_controls,6,critical_cell_entropy,4,24,12,256,mixed,none,0.0,uniform,decor_dominates,0.375,0.625,2.0,258.0,4.0,0.0
negative_controls,6,critical_cell_entropy,6,24,12,256,mixed,none,0.0,uniform,decor_dominates,0.5416666666666666,0.4583333333333333,1.2924812503605778,257.2924812503606,6.0,0.0
negative_controls,6,critical_cell_entropy,8,24,12,256,mixed,none,0.0,uniform,decor_dominates,0.8333333333333334,0.16666666666666666,0.75,256.75,8.0,0.0
negative_controls,6,contact_equivalence,2,24,12,256,mixed,none,0.0,uniform,decor_dominates,0.3333333333333333,0.6666666666666666,1.5849625007211552,257.58496250072125,2.0,0.0
negative_controls,6,contact_equivalence,4,24,12,256,mixed,none,0.0,uniform,decor_dominates,1.0,0.0,0.0,256.0,4.0,0.0
negative_controls,6,contact_equivalence,6,24,12,256,mixed,none,0.0,uniform,decor_dominates,1.0,0.0,0.0,256.0,6.0,0.0
negative_controls,6,contact_equivalence,8,24,12,256,mixed,none,0.0,uniform,decor_dominates,1.0,0.0,0.0,256.0,8.0,0.0
negative_controls,6,expected_regret,2,24,12,256,mixed,none,0.0,uniform,decor_dominates,0.4583333333333333,0.5416666666666666,1.6666666666666667,257.6666666666667,2.0,0.0
negative_controls,6,expected_regret,4,24,12,256,mixed,none,0.0,uniform,decor_dominates,0.7916666666666666,0.20833333333333334,0.3333333333333333,256.3333333333333,4.0,0.0
negative_controls,6,expected_regret,6,24,12,256,mixed,none,0.0,uniform,decor_dominates,1.0,0.0,0.0,256.0,6.0,0.0
negative_controls,6,expected_regret,8,24,12,256,mixed,none,0.0,uniform,decor_dominates,1.0,0.0,0.0,256.0,8.0,0.0
negative_controls,6,sampled_equivalence,2,24,12,256,mixed,none,0.0,uniform,decor_dominates,0.25,0.75,1.6156015629507223,257.61560156295076,2.0,0.0
negative_controls,6,sampled_equivalence,4,24,12,256,mixed,none,0.0,uniform,decor_dominates,1.0,0.0,0.0,256.0,4.0,0.0
negative_controls,6,sampled_equivalence,6,24,12,256,mixed,none,0.0,uniform,decor_dominates,1.0,0.0,0.0,256.0,6.0,0.0
negative_controls,6,sampled_equivalence,8,24,12,256,mixed,none,0.0,uniform,decor_dominates,1.0,0.0,0.0,256.0,8.0,0.0
negative_controls,7,dense_entropy,2,24,12,256,mixed,none,0.0,uniform,decor_dominates,0.0,1.0,3.5849625007211565,251.58496250072122,0.0,2.0
negative_controls,7,dense_entropy,4,24,12,256,mixed,none,0.0,uniform,decor_dominates,0.125,0.875,3.5849625007211565,243.58496250072122,0.0,4.0
negative_controls,7,dense_entropy,6,24,12,256,mixed,none,0.0,uniform,decor_dominates,0.041666666666666664,0.9583333333333334,3.5849625007211565,235.58496250072122,0.0,6.0
negative_controls,7,dense_entropy,8,24,12,256,mixed,none,0.0,uniform,decor_dominates,0.041666666666666664,0.9583333333333334,3.5849625007211565,227.58496250072122,0.0,8.0
negative_controls,7,dense_contact_only,2,24,12,256,mixed,none,0.0,uniform,decor_dominates,0.25,0.75,1.5849625007211552,257.58496250072125,2.0,0.0
negative_controls,7,dense_contact_only,4,24,12,256,mixed,none,0.0,uniform,decor_dominates,1.0,0.0,0.0,256.0,4.0,0.0
negative_controls,7,dense_contact_only,6,24,12,256,mixed,none,0.0,uniform,decor_dominates,1.0,0.0,0.0,256.0,6.0,0.0
negative_controls,7,dense_contact_only,8,24,12,256,mixed,none,0.0,uniform,decor_dominates,1.0,0.0,0.0,256.0,8.0,0.0
negative_controls,7,critical_cell_entropy,2,24,12,256,mixed,none,0.0,uniform,decor_dominates,0.20833333333333334,0.7916666666666666,3.0451007536467496,259.04510075364664,2.0,0.0
negative_controls,7,critical_cell_entropy,4,24,12,256,mixed,none,0.0,uniform,decor_dominates,0.25,0.75,2.5,258.5,4.0,0.0
negative_controls,7,critical_cell_entropy,6,24,12,256,mixed,none,0.0,uniform,decor_dominates,0.2916666666666667,0.7083333333333334,1.831015104677485,257.83101510467753,6.0,0.0
negative_controls,7,critical_cell_entropy,8,24,12,256,mixed,none,0.0,uniform,decor_dominates,0.6666666666666666,0.3333333333333333,0.9166666666666666,256.9166666666667,8.0,0.0
negative_controls,7,contact_equivalence,2,24,12,256,mixed,none,0.0,uniform,decor_dominates,0.375,0.625,1.5849625007211552,257.58496250072125,2.0,0.0
negative_controls,7,contact_equivalence,4,24,12,256,mixed,none,0.0,uniform,decor_dominates,1.0,0.0,0.0,256.0,4.0,0.0
negative_controls,7,contact_equivalence,6,24,12,256,mixed,none,0.0,uniform,decor_dominates,1.0,0.0,0.0,256.0,6.0,0.0
negative_controls,7,contact_equivalence,8,24,12,256,mixed,none,0.0,uniform,decor_dominates,1.0,0.0,0.0,256.0,8.0,0.0
negative_controls,7,expected_regret,2,24,12,256,mixed,none,0.0,uniform,decor_dominates,0.2916666666666667,0.7083333333333334,1.7083333333333333,257.7083333333333,2.0,0.0
negative_controls,7,expected_regret,4,24,12,256,mixed,none,0.0,uniform,decor_dominates,0.8333333333333334,0.16666666666666666,0.375,256.375,4.0,0.0
negative_controls,7,expected_regret,6,24,12,256,mixed,none,0.0,uniform,decor_dominates,1.0,0.0,0.0,256.0,6.0,0.0
negative_controls,7,expected_regret,8,24,12,256,mixed,none,0.0,uniform,decor_dominates,1.0,0.0,0.0,256.0,8.0,0.0
negative_controls,7,sampled_equivalence,2,24,12,256,mixed,none,0.0,uniform,decor_dominates,0.375,0.625,1.7768951787679719,257.776895178768,2.0,0.0
negative_controls,7,sampled_equivalence,4,24,12,256,mixed,none,0.0,uniform,decor_dominates,0.9583333333333334,0.041666666666666664,0.041666666666666664,256.0416666666667,4.0,0.0
negative_controls,7,sampled_equivalence,6,24,12,256,mixed,none,0.0,uniform,decor_dominates,1.0,0.0,0.0,256.0,6.0,0.0
negative_controls,7,sampled_equivalence,8,24,12,256,mixed,none,0.0,uniform,decor_dominates,1.0,0.0,0.0,256.0,8.0,0.0
negative_controls,8,dense_entropy,2,24,12,256,mixed,none,0.0,uniform,decor_dominates,0.125,0.875,3.5849625007211565,251.58496250072122,0.0,2.0
negative_controls,8,dense_entropy,4,24,12,256,mixed,none,0.0,uniform,decor_dominates,0.08333333333333333,0.9166666666666666,3.5849625007211565,243.58496250072122,0.0,4.0
negative_controls,8,dense_entropy,6,24,12,256,mixed,none,0.0,uniform,decor_dominates,0.08333333333333333,0.9166666666666666,3.5849625007211565,235.58496250072122,0.0,6.0
negative_controls,8,dense_entropy,8,24,12,256,mixed,none,0.0,uniform,decor_dominates,0.041666666666666664,0.9583333333333334,3.5849625007211565,227.58496250072122,0.0,8.0
negative_controls,8,dense_contact_only,2,24,12,256,mixed,none,0.0,uniform,decor_dominates,0.4166666666666667,0.5833333333333334,1.5849625007211552,257.58496250072125,2.0,0.0
negative_controls,8,dense_contact_only,4,24,12,256,mixed,none,0.0,uniform,decor_dominates,1.0,0.0,0.0,256.0,4.0,0.0
negative_controls,8,dense_contact_only,6,24,12,256,mixed,none,0.0,uniform,decor_dominates,1.0,0.0,0.0,256.0,6.0,0.0
negative_controls,8,dense_contact_only,8,24,12,256,mixed,none,0.0,uniform,decor_dominates,1.0,0.0,0.0,256.0,8.0,0.0
negative_controls,8,critical_cell_entropy,2,24,12,256,mixed,none,0.0,uniform,decor_dominates,0.375,0.625,2.2146187299249083,258.21461872992484,2.0,0.0
negative_controls,8,critical_cell_entropy,4,24,12,256,mixed,none,0.0,uniform,decor_dominates,0.6666666666666666,0.3333333333333333,1.375,257.375,4.0,0.0
negative_controls,8,critical_cell_entropy,6,24,12,256,mixed,none,0.0,uniform,decor_dominates,0.7916666666666666,0.20833333333333334,0.646240625180289,256.6462406251803,6.0,0.0
negative_controls,8,critical_cell_entropy,8,24,12,256,mixed,none,0.0,uniform,decor_dominates,0.8333333333333334,0.16666666666666666,0.5,256.5,8.0,0.0
negative_controls,8,contact_equivalence,2,24,12,256,mixed,none,0.0,uniform,decor_dominates,0.16666666666666666,0.8333333333333334,1.5849625007211552,257.58496250072125,2.0,0.0
negative_controls,8,contact_equivalence,4,24,12,256,mixed,none,0.0,uniform,decor_dominates,1.0,0.0,0.0,256.0,4.0,0.0
negative_controls,8,contact_equivalence,6,24,12,256,mixed,none,0.0,uniform,decor_dominates,1.0,0.0,0.0,256.0,6.0,0.0
negative_controls,8,contact_equivalence,8,24,12,256,mixed,none,0.0,uniform,decor_dominates,1.0,0.0,0.0,256.0,8.0,0.0
negative_controls,8,expected_regret,2,24,12,256,mixed,none,0.0,uniform,decor_dominates,0.4583333333333333,0.5416666666666666,1.6666666666666667,257.6666666666667,2.0,0.0
negative_controls,8,expected_regret,4,24,12,256,mixed,none,0.0,uniform,decor_dominates,0.875,0.125,0.2916666666666667,256.2916666666667,4.0,0.0
negative_controls,8,expected_regret,6,24,12,256,mixed,none,0.0,uniform,decor_dominates,1.0,0.0,0.0,256.0,6.0,0.0
negative_controls,8,expected_regret,8,24,12,256,mixed,none,0.0,uniform,decor_dominates,1.0,0.0,0.0,256.0,8.0,0.0
negative_controls,8,sampled_equivalence,2,24,12,256,mixed,none,0.0,uniform,decor_dominates,0.375,0.625,1.5078947920873407,257.50789479208737,2.0,0.0
negative_controls,8,sampled_equivalence,4,24,12,256,mixed,none,0.0,uniform,decor_dominates,1.0,0.0,0.041666666666666664,256.0416666666667,4.0,0.0
negative_controls,8,sampled_equivalence,6,24,12,256,mixed,none,0.0,uniform,decor_dominates,1.0,0.0,0.0,256.0,6.0,0.0
negative_controls,8,sampled_equivalence,8,24,12,256,mixed,none,0.0,uniform,decor_dominates,1.0,0.0,0.0,256.0,8.0,0.0
negative_controls,9,dense_entropy,2,24,12,256,mixed,none,0.0,uniform,decor_dominates,0.041666666666666664,0.9583333333333334,3.5849625007211565,251.58496250072122,0.0,2.0
negative_controls,9,dense_entropy,4,24,12,256,mixed,none,0.0,uniform,decor_dominates,0.041666666666666664,0.9583333333333334,3.5849625007211565,243.58496250072122,0.0,4.0
negative_controls,9,dense_entropy,6,24,12,256,mixed,none,0.0,uniform,decor_dominates,0.041666666666666664,0.9583333333333334,3.5849625007211565,235.58496250072122,0.0,6.0
negative_controls,9,dense_entropy,8,24,12,256,mixed,none,0.0,uniform,decor_dominates,0.041666666666666664,0.9583333333333334,3.5849625007211565,227.58496250072122,0.0,8.0
negative_controls,9,dense_contact_only,2,24,12,256,mixed,none,0.0,uniform,decor_dominates,0.25,0.75,1.5849625007211552,257.58496250072125,2.0,0.0
negative_controls,9,dense_contact_only,4,24,12,256,mixed,none,0.0,uniform,decor_dominates,1.0,0.0,0.0,256.0,4.0,0.0
negative_controls,9,dense_contact_only,6,24,12,256,mixed,none,0.0,uniform,decor_dominates,1.0,0.0,0.0,256.0,6.0,0.0
negative_controls,9,dense_contact_only,8,24,12,256,mixed,none,0.0,uniform,decor_dominates,1.0,0.0,0.0,256.0,8.0,0.0
negative_controls,9,critical_cell_entropy,2,24,12,256,mixed,none,0.0,uniform,decor_dominates,0.3333333333333333,0.6666666666666666,2.6298597417858285,258.6298597417857,2.0,0.0
negative_controls,9,critical_cell_entropy,4,24,12,256,mixed,none,0.0,uniform,decor_dominates,0.4583333333333333,0.5416666666666666,2.0,258.0,4.0,0.0
negative_controls,9,critical_cell_entropy,6,24,12,256,mixed,none,0.0,uniform,decor_dominates,0.4583333333333333,0.5416666666666666,1.7233083338141035,257.72330833381415,6.0,0.0
negative_controls,9,critical_cell_entropy,8,24,12,256,mixed,none,0.0,uniform,decor_dominates,0.75,0.25,0.5833333333333334,256.5833333333333,8.0,0.0
negative_controls,9,contact_equivalence,2,24,12,256,mixed,none,0.0,uniform,decor_dominates,0.375,0.625,1.5849625007211552,257.58496250072125,2.0,0.0
negative_controls,9,contact_equivalence,4,24,12,256,mixed,none,0.0,uniform,decor_dominates,1.0,0.0,0.0,256.0,4.0,0.0
negative_controls,9,contact_equivalence,6,24,12,256,mixed,none,0.0,uniform,decor_dominates,1.0,0.0,0.0,256.0,6.0,0.0
negative_controls,9,contact_equivalence,8,24,12,256,mixed,none,0.0,uniform,decor_dominates,1.0,0.0,0.0,256.0,8.0,0.0
negative_controls,9,expected_regret,2,24,12,256,mixed,none,0.0,uniform,decor_dominates,0.4583333333333333,0.5416666666666666,1.5833333333333333,257.5833333333333,2.0,0.0
negative_controls,9,expected_regret,4,24,12,256,mixed,none,0.0,uniform,decor_dominates,0.9166666666666666,0.08333333333333333,0.25,256.25,4.0,0.0
negative_controls,9,expected_regret,6,24,12,256,mixed,none,0.0,uniform,decor_dominates,1.0,0.0,0.0,256.0,6.0,0.0
negative_controls,9,expected_regret,8,24,12,256,mixed,none,0.0,uniform,decor_dominates,1.0,0.0,0.0,256.0,8.0,0.0
negative_controls,9,sampled_equivalence,2,24,12,256,mixed,none,0.0,uniform,decor_dominates,0.3333333333333333,0.6666666666666666,1.7878549456777133,257.78785494567774,2.0,0.0
negative_controls,9,sampled_equivalence,4,24,12,256,mixed,none,0.0,uniform,decor_dominates,1.0,0.0,0.08333333333333333,256.0833333333333,4.0,0.0
negative_controls,9,sampled_equivalence,6,24,12,256,mixed,none,0.0,uniform,decor_dominates,1.0,0.0,0.0,256.0,6.0,0.0
negative_controls,9,sampled_equivalence,8,24,12,256,mixed,none,0.0,uniform,decor_dominates,1.0,0.0,0.0,256.0,8.0,0.0
negative_controls,0,dense_entropy,2,24,12,64,cells_only,none,0.0,uniform,cells_only_no_sweeps,0.041666666666666664,0.9583333333333334,3.5849625007211565,59.58496250072114,0.0,2.0
negative_controls,0,dense_entropy,4,24,12,64,cells_only,none,0.0,uniform,cells_only_no_sweeps,0.041666666666666664,0.9583333333333334,3.5849625007211565,51.584962500721154,0.0,4.0
negative_controls,0,dense_entropy,6,24,12,64,cells_only,none,0.0,uniform,cells_only_no_sweeps,0.0,1.0,3.5849625007211565,43.58496250072116,0.0,6.0
negative_controls,0,dense_entropy,8,24,12,64,cells_only,none,0.0,uniform,cells_only_no_sweeps,0.0,1.0,3.5849625007211565,35.58496250072116,0.0,8.0
negative_controls,0,dense_contact_only,2,24,12,64,cells_only,none,0.0,uniform,cells_only_no_sweeps,0.25,0.75,3.0451007536467496,67.04510075364679,2.0,0.0
negative_controls,0,dense_contact_only,4,24,12,64,cells_only,none,0.0,uniform,cells_only_no_sweeps,0.4583333333333333,0.5416666666666666,2.125,66.125,4.0,0.0
negative_controls,0,dense_contact_only,6,24,12,64,cells_only,none,0.0,uniform,cells_only_no_sweeps,0.625,0.375,1.077067708633815,65.0770677086338,6.0,0.0
negative_controls,0,dense_contact_only,8,24,12,64,cells_only,none,0.0,uniform,cells_only_no_sweeps,0.75,0.25,0.6666666666666666,64.66666666666667,8.0,0.0
negative_controls,0,critical_cell_entropy,2,24,12,64,cells_only,none,0.0,uniform,cells_only_no_sweeps,0.08333333333333333,0.9166666666666666,3.1835144242670563,67.1835144242671,2.0,0.0
negative_controls,0,critical_cell_entropy,4,24,12,64,cells_only,none,0.0,uniform,cells_only_no_sweeps,0.375,0.625,2.375,66.375,4.0,0.0
negative_controls,0,critical_cell_entropy,6,24,12,64,cells_only,none,0.0,uniform,cells_only_no_sweeps,0.5416666666666666,0.4583333333333333,1.4001880212239592,65.40018802122394,6.0,0.0
negative_controls,0,critical_cell_entropy,8,24,12,64,cells_only,none,0.0,uniform,cells_only_no_sweeps,0.7083333333333334,0.2916666666666667,0.9166666666666666,64.91666666666667,8.0,0.0
negative_controls,0,contact_equivalence,2,24,12,64,cells_only,none,0.0,uniform,cells_only_no_sweeps,0.16666666666666666,0.8333333333333334,3.0451007536467496,67.04510075364679,2.0,0.0
negative_controls,0,contact_equivalence,4,24,12,64,cells_only,none,0.0,uniform,cells_only_no_sweeps,0.375,0.625,2.25,66.25,4.0,0.0
negative_controls,0,contact_equivalence,6,24,12,64,cells_only,none,0.0,uniform,cells_only_no_sweeps,0.5,0.5,1.5078947920873407,65.50789479208733,6.0,0.0
negative_controls,0,contact_equivalence,8,24,12,64,cells_only,none,0.0,uniform,cells_only_no_sweeps,0.9166666666666666,0.08333333333333333,0.6666666666666666,64.66666666666667,8.0,0.0
negative_controls,0,expected_regret,2,24,12,64,cells_only,none,0.0,uniform,cells_only_no_sweeps,0.2916666666666667,0.7083333333333334,2.6298597417858285,66.62985974178586,2.0,0.0
negative_controls,0,expected_regret,4,24,12,64,cells_only,none,0.0,uniform,cells_only_no_sweeps,0.5833333333333334,0.4166666666666667,1.625,65.625,4.0,0.0
negative_controls,0,expected_regret,6,24,12,64,cells_only,none,0.0,uniform,cells_only_no_sweeps,0.5833333333333334,0.4166666666666667,1.1847744794971964,65.1847744794972,6.0,0.0
negative_controls,0,expected_regret,8,24,12,64,cells_only,none,0.0,uniform,cells_only_no_sweeps,0.75,0.25,0.5833333333333334,64.58333333333333,8.0,0.0
negative_controls,0,sampled_equivalence,2,24,12,64,cells_only,none,0.0,uniform,cells_only_no_sweeps,0.375,0.625,2.353032400545215,66.35303240054525,2.0,0.0
negative_controls,0,sampled_equivalence,4,24,12,64,cells_only,none,0.0,uniform,cells_only_no_sweeps,0.5416666666666666,0.4583333333333333,1.5,65.5,4.0,0.0
negative_controls,0,sampled_equivalence,6,24,12,64,cells_only,none,0.0,uniform,cells_only_no_sweeps,0.6666666666666666,0.3333333333333333,0.9693609377704334,64.96936093777042,6.0,0.0
negative_controls,0,sampled_equivalence,8,24,12,64,cells_only,none,0.0,uniform,cells_only_no_sweeps,0.75,0.25,0.6666666666666666,64.66666666666667,8.0,0.0
negative_controls,1,dense_entropy,2,24,12,64,cells_only,none,0.0,uniform,cells_only_no_sweeps,0.08333333333333333,0.9166666666666666,3.5849625007211565,59.58496250072114,0.0,2.0
negative_controls,1,dense_entropy,4,24,12,64,cells_only,none,0.0,uniform,cells_only_no_sweeps,0.041666666666666664,0.9583333333333334,3.5849625007211565,51.584962500721154,0.0,4.0
negative_controls,1,dense_entropy,6,24,12,64,cells_only,none,0.0,uniform,cells_only_no_sweeps,0.0,1.0,3.5849625007211565,43.58496250072116,0.0,6.0
negative_controls,1,dense_entropy,8,24,12,64,cells_only,none,0.0,uniform,cells_only_no_sweeps,0.08333333333333333,0.9166666666666666,3.5849625007211565,35.58496250072116,0.0,8.0
negative_controls,1,dense_contact_only,2,24,12,64,cells_only,none,0.0,uniform,cells_only_no_sweeps,0.25,0.75,2.7682734124061352,66.76827341240617,2.0,0.0
negative_controls,1,dense_contact_only,4,24,12,64,cells_only,none,0.0,uniform,cells_only_no_sweeps,0.3333333333333333,0.6666666666666666,2.125,66.125,4.0,0.0
negative_controls,1,dense_contact_only,6,24,12,64,cells_only,none,0.0,uniform,cells_only_no_sweeps,0.5833333333333334,0.4166666666666667,1.5078947920873407,65.50789479208733,6.0,0.0
negative_controls,1,dense_contact_only,8,24,12,64,cells_only,none,0.0,uniform,cells_only_no_sweeps,0.6666666666666666,0.3333333333333333,1.0,65.0,8.0,0.0
negative_controls,1,critical_cell_entropy,2,24,12,64,cells_only,none,0.0,uniform,cells_only_no_sweeps,0.25,0.75,2.9066870830264424,66.90668708302648,2.0,0.0
negative_controls,1,critical_cell_entropy,4,24,12,64,cells_only,none,0.0,uniform,cells_only_no_sweeps,0.5,0.5,1.75,65.75,4.0,0.0
negative_controls,1,critical_cell_entropy,6,24,12,64,cells_only,none,0.0,uniform,cells_only_no_sweeps,0.75,0.25,0.861654166907052,64.86165416690704,6.0,0.0
negative_controls,1,critical_cell_entropy,8,24,12,64,cells_only,none,0.0,uniform,cells_only_no_sweeps,0.875,0.125,0.4166666666666667,64.41666666666667,8.0,0.0
negative_controls,1,contact_equivalence,2,24,12,64,cells_only,none,0.0,uniform,cells_only_no_sweeps,0.25,0.75,2.6298597417858285,66.62985974178586,2.0,0.0
negative_controls,1,contact_equivalence,4,24,12,64,cells_only,none,0.0,uniform,cells_only_no_sweeps,0.2916666666666667,0.7083333333333334,2.125,66.125,4.0,0.0
negative_controls,1,contact_equivalence,6,24,12,64,cells_only,none,0.0,uniform,cells_only_no_sweeps,0.7083333333333334,0.2916666666666667,1.1847744794971964,65.1847744794972,6.0,0.0
negative_controls,1,contact_equivalence,8,24,12,64,cells_only,none,0.0,uniform,cells_only_no_sweeps,0.9166666666666666,0.08333333333333333,0.25,64.25,8.0,0.0
negative_controls,1,expected_regret,2,24,12,64,cells_only,none,0.0,uniform,cells_only_no_sweeps,0.20833333333333334,0.7916666666666666,2.9066870830264424,66.90668708302648,2.0,0.0
negative_controls,1,expected_regret,4,24,12,64,cells_only,none,0.0,uniform,cells_only_no_sweeps,0.3333333333333333,0.6666666666666666,2.375,66.375,4.0,0.0
negative_controls,1,expected_regret,6,24,12,64,cells_only,none,0.0,uniform,cells_only_no_sweeps,0.5416666666666666,0.4583333333333333,1.2924812503605778,65.29248125036057,6.0,0.0
negative_controls,1,expected_regret,8,24,12,64,cells_only,none,0.0,uniform,cells_only_no_sweeps,0.6666666666666666,0.3333333333333333,0.75,64.75,8.0,0.0
negative_controls,1,sampled_equivalence,2,24,12,64,cells_only,none,0.0,uniform,cells_only_no_sweeps,0.25,0.75,2.6298597417858285,66.62985974178586,2.0,0.0
negative_controls,1,sampled_equivalence,4,24,12,64,cells_only,none,0.0,uniform,cells_only_no_sweeps,0.5,0.5,1.75,65.75,4.0,0.0
negative_controls,1,sampled_equivalence,6,24,12,64,cells_only,none,0.0,uniform,cells_only_no_sweeps,0.6666666666666666,0.3333333333333333,1.077067708633815,65.0770677086338,6.0,0.0
negative_controls,1,sampled_equivalence,8,24,12,64,cells_only,none,0.0,uniform,cells_only_no_sweeps,0.7083333333333334,0.2916666666666667,0.6666666666666666,64.66666666666667,8.0,0.0
negative_controls,2,dense_entropy,2,24,12,64,cells_only,none,0.0,uniform,cells_only_no_sweeps,0.0,1.0,3.5849625007211565,59.58496250072114,0.0,2.0
negative_controls,2,dense_entropy,4,24,12,64,cells_only,none,0.0,uniform,cells_only_no_sweeps,0.125,0.875,3.5849625007211565,51.584962500721154,0.0,4.0
negative_controls,2,dense_entropy,6,24,12,64,cells_only,none,0.0,uniform,cells_only_no_sweeps,0.0,1.0,3.5849625007211565,43.58496250072116,0.0,6.0
negative_controls,2,dense_entropy,8,24,12,64,cells_only,none,0.0,uniform,cells_only_no_sweeps,0.08333333333333333,0.9166666666666666,3.5849625007211565,35.58496250072116,0.0,8.0
negative_controls,2,dense_contact_only,2,24,12,64,cells_only,none,0.0,uniform,cells_only_no_sweeps,0.20833333333333334,0.7916666666666666,2.7682734124061352,66.76827341240617,2.0,0.0
negative_controls,2,dense_contact_only,4,24,12,64,cells_only,none,0.0,uniform,cells_only_no_sweeps,0.2916666666666667,0.7083333333333334,2.25,66.25,4.0,0.0
negative_controls,2,dense_contact_only,6,24,12,64,cells_only,none,0.0,uniform,cells_only_no_sweeps,0.5,0.5,1.5078947920873407,65.50789479208734,6.0,0.0
negative_controls,2,dense_contact_only,8,24,12,64,cells_only,none,0.0,uniform,cells_only_no_sweeps,0.6666666666666666,0.3333333333333333,0.75,64.75,8.0,0.0
negative_controls,2,critical_cell_entropy,2,24,12,64,cells_only,none,0.0,uniform,cells_only_no_sweeps,0.3333333333333333,0.6666666666666666,2.6298597417858285,66.62985974178586,2.0,0.0
negative_controls,2,critical_cell_entropy,4,24,12,64,cells_only,none,0.0,uniform,cells_only_no_sweeps,0.375,0.625,2.0,66.0,4.0,0.0
negative_controls,2,critical_cell_entropy,6,24,12,64,cells_only,none,0.0,uniform,cells_only_no_sweeps,0.625,0.375,1.4001880212239592,65.40018802122395,6.0,0.0
negative_controls,2,critical_cell_entropy,8,24,12,64,cells_only,none,0.0,uniform,cells_only_no_sweeps,0.625,0.375,0.9166666666666666,64.91666666666667,8.0,0.0
negative_controls,2,contact_equivalence,2,24,12,64,cells_only,none,0.0,uniform,cells_only_no_sweeps,0.3333333333333333,0.6666666666666666,2.4914460711655217,66.49144607116556,2.0,0.0
negative_controls,2,contact_equivalence,4,24,12,64,cells_only,none,0.0,uniform,cells_only_no_sweeps,0.5416666666666666,0.4583333333333333,1.5,65.5,4.0,0.0
negative_controls,2,contact_equivalence,6,24,12,64,cells_only,none,0.0,uniform,cells_only_no_sweeps,0.6666666666666666,0.3333333333333333,0.9693609377704334,64.96936093777043,6.0,0.0
negative_controls,2,contact_equivalence,8,24,12,64,cells_only,none,0.0,uniform,cells_only_no_sweeps,0.75,0.25,0.5833333333333334,64.58333333333333,8.0,0.0
negative_controls,2,expected_regret,2,24,12,64,cells_only,none,0.0,uniform,cells_only_no_sweeps,0.25,0.75,2.9066870830264424,66.90668708302648,2.0,0.0
negative_controls,2,expected_regret,4,24,12,64,cells_only,none,0.0,uniform,cells_only_no_sweeps,0.4166666666666667,0.5833333333333334,1.875,65.875,4.0,0.0
negative_controls,2,expected_regret,6,24,12,64,cells_only,none,0.0,uniform,cells_only_no_sweeps,0.5833333333333334,0.4166666666666667,1.4001880212239592,65.40018802122395,6.0,0.0
negative_controls,2,expected_regret,8,24,12,64,cells_only,none,0.0,uniform,cells_only_no_sweeps,0.7916666666666666,0.20833333333333334,0.5,64.5,8.0,0.0
negative_controls,2,sampled_equivalence,2,24,12,64,cells_only,none,0.0,uniform,cells_only_no_sweeps,0.375,0.625,2.353032400545215,66.35303240054525,2.0,0.0
negative_controls,2,sampled_equivalence,4,24,12,64,cells_only,none,0.0,uniform,cells_only_no_sweeps,0.625,0.375,1.5,65.5,4.0,0.0
negative_controls,2,sampled_equivalence,6,24,12,64,cells_only,none,0.0,uniform,cells_only_no_sweeps,0.8333333333333334,0.16666666666666666,0.5385338543169075,64.53853385431691,6.0,0.0
negative_controls,2,sampled_equivalence,8,24,12,64,cells_only,none,0.0,uniform,cells_only_no_sweeps,0.875,0.125,0.4166666666666667,64.41666666666667,8.0,0.0
negative_controls,3,dense_entropy,2,24,12,64,cells_only,none,0.0,uniform,cells_only_no_sweeps,0.08333333333333333,0.9166666666666666,3.5849625007211565,59.58496250072114,0.0,2.0
negative_controls,3,dense_entropy,4,24,12,64,cells_only,none,0.0,uniform,cells_only_no_sweeps,0.041666666666666664,0.9583333333333334,3.5849625007211565,51.584962500721154,0.0,4.0
negative_controls,3,dense_entropy,6,24,12,64,cells_only,none,0.0,uniform,cells_only_no_sweeps,0.08333333333333333,0.9166666666666666,3.5849625007211565,43.58496250072116,0.0,6.0
negative_controls,3,dense_entropy,8,24,12,64,cells_only,none,0.0,uniform,cells_only_no_sweeps,0.041666666666666664,0.9583333333333334,3.5849625007211565,35.58496250072116,0.0,8.0
negative_controls,3,dense_contact_only,2,24,12,64,cells_only,none,0.0,uniform,cells_only_no_sweeps,0.2916666666666667,0.7083333333333334,2.4914460711655217,66.49144607116556,2.0,0.0
negative_controls,3,dense_contact_only,4,24,12,64,cells_only,none,0.0,uniform,cells_only_no_sweeps,0.4166666666666667,0.5833333333333334,1.875,65.875,4.0,0.0
negative_controls,3,dense_contact_only,6,24,12,64,cells_only,none,0.0,uniform,cells_only_no_sweeps,0.7083333333333334,0.2916666666666667,1.077067708633815,65.0770677086338,6.0,0.0
negative_controls,3,dense_contact_only,8,24,12,64,cells_only,none,0.0,uniform,cells_only_no_sweeps,0.75,0.25,0.5833333333333334,64.58333333333333,8.0,0.0
negative_controls,3,critical_cell_entropy,2,24,12,64,cells_only,none,0.0,uniform,cells_only_no_sweeps,0.16666666666666666,0.8333333333333334,2.9066870830264424,66.90668708302648,2.0,0.0
negative_controls,3,critical_cell_entropy,4,24,12,64,cells_only,none,0.0,uniform,cells_only_no_sweeps,0.4166666666666667,0.5833333333333334,2.0,66.0,4.0,0.0
negative_controls,3,critical_cell_entropy,6,24,12,64,cells_only,none,0.0,uniform,cells_only_no_sweeps,0.5416666666666666,0.4583333333333333,1.2924812503605778,65.29248125036058,6.0,0.0
negative_controls,3,critical_cell_entropy,8,24,12,64,cells_only,none,0.0,uniform,cells_only_no_sweeps,0.8333333333333334,0.16666666666666666,0.5,64.5,8.0,0.0
negative_controls,3,contact_equivalence,2,24,12,64,cells_only,none,0.0,uniform,cells_only_no_sweeps,0.25,0.75,2.9066870830264424,66.90668708302648,2.0,0.0
negative_controls,3,contact_equivalence,4,24,12,64,cells_only,none,0.0,uniform,cells_only_no_sweeps,0.5833333333333334,0.4166666666666667,1.625,65.625,4.0,0.0
negative_controls,3,contact_equivalence,6,24,12,64,cells_only,none,0.0,uniform,cells_only_no_sweeps,0.5833333333333334,0.4166666666666667,1.077067708633815,65.07706770863382,6.0,0.0
negative_controls,3,contact_equivalence,8,24,12,64,cells_only,none,0.0,uniform,cells_only_no_sweeps,0.875,0.125,0.4166666666666667,64.41666666666667,8.0,0.0
negative_controls,3,expected_regret,2,24,12,64,cells_only,none,0.0,uniform,cells_only_no_sweeps,0.2916666666666667,0.7083333333333334,2.6298597417858285,66.62985974178586,2.0,0.0
negative_controls,3,expected_regret,4,24,12,64,cells_only,none,0.0,uniform,cells_only_no_sweeps,0.375,0.625,2.0,66.0,4.0,0.0
negative_controls,3,expected_regret,6,24,12,64,cells_only,none,0.0,uniform,cells_only_no_sweeps,0.6666666666666666,0.3333333333333333,1.077067708633815,65.07706770863382,6.0,0.0
negative_controls,3,expected_regret,8,24,12,64,cells_only,none,0.0,uniform,cells_only_no_sweeps,0.8333333333333334,0.16666666666666666,0.4166666666666667,64.41666666666667,8.0,0.0
negative_controls,3,sampled_equivalence,2,24,12,64,cells_only,none,0.0,uniform,cells_only_no_sweeps,0.25,0.75,2.9066870830264424,66.90668708302648,2.0,0.0
negative_controls,3,sampled_equivalence,4,24,12,64,cells_only,none,0.0,uniform,cells_only_no_sweeps,0.4583333333333333,0.5416666666666666,2.0,66.0,4.0,0.0
negative_controls,3,sampled_equivalence,6,24,12,64,cells_only,none,0.0,uniform,cells_only_no_sweeps,0.5,0.5,1.4001880212239592,65.40018802122395,6.0,0.0
negative_controls,3,sampled_equivalence,8,24,12,64,cells_only,none,0.0,uniform,cells_only_no_sweeps,0.5833333333333334,0.4166666666666667,0.8333333333333334,64.83333333333333,8.0,0.0
negative_controls,4,dense_entropy,2,24,12,64,cells_only,none,0.0,uniform,cells_only_no_sweeps,0.041666666666666664,0.9583333333333334,3.5849625007211565,59.58496250072114,0.0,2.0
negative_controls,4,dense_entropy,4,24,12,64,cells_only,none,0.0,uniform,cells_only_no_sweeps,0.08333333333333333,0.9166666666666666,3.5849625007211565,51.584962500721154,0.0,4.0
negative_controls,4,dense_entropy,6,24,12,64,cells_only,none,0.0,uniform,cells_only_no_sweeps,0.08333333333333333,0.9166666666666666,3.5849625007211565,43.58496250072116,0.0,6.0
negative_controls,4,dense_entropy,8,24,12,64,cells_only,none,0.0,uniform,cells_only_no_sweeps,0.08333333333333333,0.9166666666666666,3.5849625007211565,35.58496250072116,0.0,8.0
negative_controls,4,dense_contact_only,2,24,12,64,cells_only,none,0.0,uniform,cells_only_no_sweeps,0.16666666666666666,0.8333333333333334,3.1835144242670563,67.1835144242671,2.0,0.0
negative_controls,4,dense_contact_only,4,24,12,64,cells_only,none,0.0,uniform,cells_only_no_sweeps,0.3333333333333333,0.6666666666666666,2.125,66.125,4.0,0.0
negative_controls,4,dense_contact_only,6,24,12,64,cells_only,none,0.0,uniform,cells_only_no_sweeps,0.5,0.5,1.4001880212239592,65.40018802122395,6.0,0.0
negative_controls,4,dense_contact_only,8,24,12,64,cells_only,none,0.0,uniform,cells_only_no_sweeps,0.625,0.375,0.9166666666666666,64.91666666666667,8.0,0.0
negative_controls,4,critical_cell_entropy,2,24,12,64,cells_only,none,0.0,uniform,cells_only_no_sweeps,0.375,0.625,2.4914460711655217,66.49144607116556,2.0,0.0
negative_controls,4,critical_cell_entropy,4,24,12,64,cells_only,none,0.0,uniform,cells_only_no_sweeps,0.5416666666666666,0.4583333333333333,1.375,65.375,4.0,0.0
negative_controls,4,critical_cell_entropy,6,24,12,64,cells_only,none,0.0,uniform,cells_only_no_sweeps,0.7916666666666666,0.20833333333333334,0.646240625180289,64.64624062518028,6.0,0.0
negative_controls,4,critical_cell_entropy,8,24,12,64,cells_only,none,0.0,uniform,cells_only_no_sweeps,0.875,0.125,0.4166666666666667,64.41666666666667,8.0,0.0
negative_controls,4,contact_equivalence,2,24,12,64,cells_only,none,0.0,uniform,cells_only_no_sweeps,0.4166666666666667,0.5833333333333334,1.9377913886842946,65.93779138868432,2.0,0.0
negative_controls,4,contact_equivalence,4,24,12,64,cells_only,none,0.0,uniform,cells_only_no_sweeps,0.6666666666666666,0.3333333333333333,1.125,65.125,4.0,0.0
negative_controls,4,contact_equivalence,6,24,12,64,cells_only,none,0.0,uniform,cells_only_no_sweeps,0.75,0.25,0.646240625180289,64.64624062518028,6.0,0.0
negative_controls,4,contact_equivalence,8,24,12,64,cells_only,none,0.0,uniform,cells_only_no_sweeps,0.9166666666666666,0.08333333333333333,0.25,64.25,8.0,0.0
negative_controls,4,expected_regret,2,24,12,64,cells_only,none,0.0,uniform,cells_only_no_sweeps,0.2916666666666667,0.7083333333333334,2.6298597417858285,66.62985974178586,2.0,0.0
negative_controls,4,expected_regret,4,24,12,64,cells_only,none,0.0,uniform,cells_only_no_sweeps,0.375,0.625,2.0,66.0,4.0,0.0
negative_controls,4,expected_regret,6,24,12,64,cells_only,none,0.0,uniform,cells_only_no_sweeps,0.5416666666666666,0.4583333333333333,1.2924812503605778,65.29248125036057,6.0,0.0
negative_controls,4,expected_regret,8,24,12,64,cells_only,none,0.0,uniform,cells_only_no_sweeps,0.7916666666666666,0.20833333333333334,0.5,64.5,8.0,0.0
negative_controls,4,sampled_equivalence,2,24,12,64,cells_only,none,0.0,uniform,cells_only_no_sweeps,0.375,0.625,2.353032400545215,66.35303240054525,2.0,0.0
negative_controls,4,sampled_equivalence,4,24,12,64,cells_only,none,0.0,uniform,cells_only_no_sweeps,0.4583333333333333,0.5416666666666666,1.75,65.75,4.0,0.0
negative_controls,4,sampled_equivalence,6,24,12,64,cells_only,none,0.0,uniform,cells_only_no_sweeps,0.5833333333333334,0.4166666666666667,1.4001880212239592,65.40018802122395,6.0,0.0
negative_controls,4,sampled_equivalence,8,24,12,64,cells_only,none,0.0,uniform,cells_only_no_sweeps,0.8333333333333334,0.16666666666666666,0.8333333333333334,64.83333333333333,8.0,0.0
negative_controls,5,dense_entropy,2,24,12,64,cells_only,none,0.0,uniform,cells_only_no_sweeps,0.125,0.875,3.5849625007211565,59.58496250072114,0.0,2.0
negative_controls,5,dense_entropy,4,24,12,64,cells_only,none,0.0,uniform,cells_only_no_sweeps,0.041666666666666664,0.9583333333333334,3.5849625007211565,51.584962500721154,0.0,4.0
negative_controls,5,dense_entropy,6,24,12,64,cells_only,none,0.0,uniform,cells_only_no_sweeps,0.08333333333333333,0.9166666666666666,3.5849625007211565,43.58496250072116,0.0,6.0
negative_controls,5,dense_entropy,8,24,12,64,cells_only,none,0.0,uniform,cells_only_no_sweeps,0.08333333333333333,0.9166666666666666,3.5849625007211565,35.58496250072116,0.0,8.0
negative_controls,5,dense_contact_only,2,24,12,64,cells_only,none,0.0,uniform,cells_only_no_sweeps,0.16666666666666666,0.8333333333333334,3.0451007536467496,67.04510075364679,2.0,0.0
negative_controls,5,dense_contact_only,4,24,12,64,cells_only,none,0.0,uniform,cells_only_no_sweeps,0.4166666666666667,0.5833333333333334,2.125,66.125,4.0,0.0
negative_controls,5,dense_contact_only,6,24,12,64,cells_only,none,0.0,uniform,cells_only_no_sweeps,0.5416666666666666,0.4583333333333333,1.615601562950722,65.61560156295072,6.0,0.0
negative_controls,5,dense_contact_only,8,24,12,64,cells_only,none,0.0,uniform,cells_only_no_sweeps,0.6666666666666666,0.3333333333333333,0.8333333333333334,64.83333333333333,8.0,0.0
negative_controls,5,critical_cell_entropy,2,24,12,64,cells_only,none,0.0,uniform,cells_only_no_sweeps,0.125,0.875,3.0451007536467496,67.04510075364679,2.0,0.0
negative_controls,5,critical_cell_entropy,4,24,12,64,cells_only,none,0.0,uniform,cells_only_no_sweeps,0.3333333333333333,0.6666666666666666,2.375,66.375,4.0,0.0
negative_controls,5,critical_cell_entropy,6,24,12,64,cells_only,none,0.0,uniform,cells_only_no_sweeps,0.5833333333333334,0.4166666666666667,1.5078947920873407,65.50789479208733,6.0,0.0
negative_controls,5,critical_cell_entropy,8,24,12,64,cells_only,none,0.0,uniform,cells_only_no_sweeps,0.625,0.375,0.8333333333333334,64.83333333333333,8.0,0.0
negative_controls,5,contact_equivalence,2,24,12,64,cells_only,none,0.0,uniform,cells_only_no_sweeps,0.3333333333333333,0.6666666666666666,2.6298597417858285,66.62985974178586,2.0,0.0
negative_controls,5,contact_equivalence,4,24,12,64,cells_only,none,0.0,uniform,cells_only_no_sweeps,0.25,0.75,2.25,66.25,4.0,0.0
negative_controls,5,contact_equivalence,6,24,12,64,cells_only,none,0.0,uniform,cells_only_no_sweeps,0.5833333333333334,0.4166666666666667,1.4001880212239592,65.40018802122395,6.0,0.0
negative_controls,5,contact_equivalence,8,24,12,64,cells_only,none,0.0,uniform,cells_only_no_sweeps,0.6666666666666666,0.3333333333333333,0.75,64.75,8.0,0.0
negative_controls,5,expected_regret,2,24,12,64,cells_only,none,0.0,uniform,cells_only_no_sweeps,0.3333333333333333,0.6666666666666666,2.6298597417858285,66.62985974178586,2.0,0.0
negative_controls,5,expected_regret,4,24,12,64,cells_only,none,0.0,uniform,cells_only_no_sweeps,0.375,0.625,1.875,65.875,4.0,0.0
negative_controls,5,expected_regret,6,24,12,64,cells_only,none,0.0,uniform,cells_only_no_sweeps,0.625,0.375,1.077067708633815,65.07706770863382,6.0,0.0
negative_controls,5,expected_regret,8,24,12,64,cells_only,none,0.0,uniform,cells_only_no_sweeps,0.75,0.25,0.5833333333333334,64.58333333333333,8.0,0.0
negative_controls,5,sampled_equivalence,2,24,12,64,cells_only,none,0.0,uniform,cells_only_no_sweeps,0.2916666666666667,0.7083333333333334,2.6298597417858285,66.62985974178586,2.0,0.0
negative_controls,5,sampled_equivalence,4,24,12,64,cells_only,none,0.0,uniform,cells_only_no_sweeps,0.4583333333333333,0.5416666666666666,1.875,65.875,4.0,0.0
negative_controls,5,sampled_equivalence,6,24,12,64,cells_only,none,0.0,uniform,cells_only_no_sweeps,0.5833333333333334,0.4166666666666667,1.2924812503605778,65.29248125036055,6.0,0.0
negative_controls,5,sampled_equivalence,8,24,12,64,cells_only,none,0.0,uniform,cells_only_no_sweeps,0.8333333333333334,0.16666666666666666,0.5833333333333334,64.58333333333333,8.0,0.0
negative_controls,6,dense_entropy,2,24,12,64,cells_only,none,0.0,uniform,cells_only_no_sweeps,0.0,1.0,3.5849625007211565,59.58496250072114,0.0,2.0
negative_controls,6,dense_entropy,4,24,12,64,cells_only,none,0.0,uniform,cells_only_no_sweeps,0.041666666666666664,0.9583333333333334,3.5849625007211565,51.584962500721154,0.0,4.0
negative_controls,6,dense_entropy,6,24,12,64,cells_only,none,0.0,uniform,cells_only_no_sweeps,0.125,0.875,3.5849625007211565,43.58496250072116,0.0,6.0
negative_controls,6,dense_entropy,8,24,12,64,cells_only,none,0.0,uniform,cells_only_no_sweeps,0.08333333333333333,0.9166666666666666,3.5849625007211565,35.58496250072116,0.0,8.0
negative_controls,6,dense_contact_only,2,24,12,64,cells_only,none,0.0,uniform,cells_only_no_sweeps,0.16666666666666666,0.8333333333333334,2.9066870830264424,66.90668708302648,2.0,0.0
negative_controls,6,dense_contact_only,4,24,12,64,cells_only,none,0.0,uniform,cells_only_no_sweeps,0.4166666666666667,0.5833333333333334,2.375,66.375,4.0,0.0
negative_controls,6,dense_contact_only,6,24,12,64,cells_only,none,0.0,uniform,cells_only_no_sweeps,0.4166666666666667,0.5833333333333334,1.5078947920873407,65.50789479208733,6.0,0.0
negative_controls,6,dense_contact_only,8,24,12,64,cells_only,none,0.0,uniform,cells_only_no_sweeps,0.7083333333333334,0.2916666666666667,0.75,64.75,8.0,0.0
negative_controls,6,critical_cell_entropy,2,24,12,64,cells_only,none,0.0,uniform,cells_only_no_sweeps,0.2916666666666667,0.7083333333333334,2.6298597417858285,66.62985974178586,2.0,0.0
negative_controls,6,critical_cell_entropy,4,24,12,64,cells_only,none,0.0,uniform,cells_only_no_sweeps,0.4166666666666667,0.5833333333333334,2.0,66.0,4.0,0.0
negative_controls,6,critical_cell_entropy,6,24,12,64,cells_only,none,0.0,uniform,cells_only_no_sweeps,0.6666666666666666,0.3333333333333333,1.2924812503605778,65.29248125036057,6.0,0.0
negative_controls,6,critical_cell_entropy,8,24,12,64,cells_only,none,0.0,uniform,cells_only_no_sweeps,0.7083333333333334,0.2916666666666667,0.5833333333333334,64.58333333333333,8.0,0.0
negative_controls,6,contact_equivalence,2,24,12,64,cells_only,none,0.0,uniform,cells_only_no_sweeps,0.16666666666666666,0.8333333333333334,2.9066870830264424,66.90668708302648,2.0,0.0
negative_controls,6,contact_equivalence,4,24,12,64,cells_only,none,0.0,uniform,cells_only_no_sweeps,0.375,0.625,2.375,66.375,4.0,0.0
negative_controls,6,contact_equivalence,6,24,12,64,cells_only,none,0.0,uniform,cells_only_no_sweeps,0.5416666666666666,0.4583333333333333,1.7233083338141035,65.72330833381409,6.0,0.0
negative_controls,6,contact_equivalence,8,24,12,64,cells_only,none,0.0,uniform,cells_only_no_sweeps,0.6666666666666666,0.3333333333333333,1.0,65.0,8.0,0.0
negative_controls,6,expected_regret,2,24,12,64,cells_only,none,0.0,uniform,cells_only_no_sweeps,0.20833333333333334,0.7916666666666666,2.9066870830264424,66.90668708302648,2.0,0.0
negative_controls,6,expected_regret,4,24,12,64,cells_only,none,0.0,uniform,cells_only_no_sweeps,0.4166666666666667,0.5833333333333334,2.0,66.0,4.0,0.0
negative_controls,6,expected_regret,6,24,12,64,cells_only,none,0.0,uniform,cells_only_no_sweeps,0.625,0.375,1.1847744794971964,65.1847744794972,6.0,0.0
negative_controls,6,expected_regret,8,24,12,64,cells_only,none,0.0,uniform,cells_only_no_sweeps,0.75,0.25,0.75,64.75,8.0,0.0
negative_controls,6,sampled_equivalence,2,24,12,64,cells_only,none,0.0,uniform,cells_only_no_sweeps,0.2916666666666667,0.7083333333333334,2.7682734124061352,66.76827341240617,2.0,0.0
negative_controls,6,sampled_equivalence,4,24,12,64,cells_only,none,0.0,uniform,cells_only_no_sweeps,0.4166666666666667,0.5833333333333334,2.0,66.0,4.0,0.0
negative_controls,6,sampled_equivalence,6,24,12,64,cells_only,none,0.0,uniform,cells_only_no_sweeps,0.5,0.5,1.2924812503605778,65.29248125036057,6.0,0.0
negative_controls,6,sampled_equivalence,8,24,12,64,cells_only,none,0.0,uniform,cells_only_no_sweeps,0.75,0.25,0.75,64.75,8.0,0.0
negative_controls,7,dense_entropy,2,24,12,64,cells_only,none,0.0,uniform,cells_only_no_sweeps,0.08333333333333333,0.9166666666666666,3.5849625007211565,59.58496250072114,0.0,2.0
negative_controls,7,dense_entropy,4,24,12,64,cells_only,none,0.0,uniform,cells_only_no_sweeps,0.125,0.875,3.5849625007211565,51.584962500721154,0.0,4.0
negative_controls,7,dense_entropy,6,24,12,64,cells_only,none,0.0,uniform,cells_only_no_sweeps,0.0,1.0,3.5849625007211565,43.58496250072116,0.0,6.0
negative_controls,7,dense_entropy,8,24,12,64,cells_only,none,0.0,uniform,cells_only_no_sweeps,0.125,0.875,3.5849625007211565,35.58496250072116,0.0,8.0
negative_controls,7,dense_contact_only,2,24,12,64,cells_only,none,0.0,uniform,cells_only_no_sweeps,0.08333333333333333,0.9166666666666666,3.0451007536467496,67.04510075364679,2.0,0.0
negative_controls,7,dense_contact_only,4,24,12,64,cells_only,none,0.0,uniform,cells_only_no_sweeps,0.25,0.75,2.5,66.5,4.0,0.0
negative_controls,7,dense_contact_only,6,24,12,64,cells_only,none,0.0,uniform,cells_only_no_sweeps,0.5,0.5,1.5078947920873407,65.50789479208733,6.0,0.0
negative_controls,7,dense_contact_only,8,24,12,64,cells_only,none,0.0,uniform,cells_only_no_sweeps,0.875,0.125,0.6666666666666666,64.66666666666667,8.0,0.0
negative_controls,7,critical_cell_entropy,2,24,12,64,cells_only,none,0.0,uniform,cells_only_no_sweeps,0.20833333333333334,0.7916666666666666,2.7682734124061352,66.76827341240617,2.0,0.0
negative_controls,7,critical_cell_entropy,4,24,12,64,cells_only,none,0.0,uniform,cells_only_no_sweeps,0.4166666666666667,0.5833333333333334,2.0,66.0,4.0,0.0
negative_controls,7,critical_cell_entropy,6,24,12,64,cells_only,none,0.0,uniform,cells_only_no_sweeps,0.5833333333333334,0.4166666666666667,1.077067708633815,65.0770677086338,6.0,0.0
negative_controls,7,critical_cell_entropy,8,24,12,64,cells_only,none,0.0,uniform,cells_only_no_sweeps,0.625,0.375,0.8333333333333334,64.83333333333333,8.0,0.0
negative_controls,7,contact_equivalence,2,24,12,64,cells_only,none,0.0,uniform,cells_only_no_sweeps,0.16666666666666666,0.8333333333333334,2.7682734124061352,66.76827341240617,2.0,0.0
negative_controls,7,contact_equivalence,4,24,12,64,cells_only,none,0.0,uniform,cells_only_no_sweeps,0.4583333333333333,0.5416666666666666,2.125,66.125,4.0,0.0
negative_controls,7,contact_equivalence,6,24,12,64,cells_only,none,0.0,uniform,cells_only_no_sweeps,0.5833333333333334,0.4166666666666667,1.077067708633815,65.0770677086338,6.0,0.0
negative_controls,7,contact_equivalence,8,24,12,64,cells_only,none,0.0,uniform,cells_only_no_sweeps,0.8333333333333334,0.16666666666666666,0.5833333333333334,64.58333333333333,8.0,0.0
negative_controls,7,expected_regret,2,24,12,64,cells_only,none,0.0,uniform,cells_only_no_sweeps,0.3333333333333333,0.6666666666666666,2.2146187299249083,66.21461872992494,2.0,0.0
negative_controls,7,expected_regret,4,24,12,64,cells_only,none,0.0,uniform,cells_only_no_sweeps,0.5,0.5,1.625,65.625,4.0,0.0
negative_controls,7,expected_regret,6,24,12,64,cells_only,none,0.0,uniform,cells_only_no_sweeps,0.625,0.375,1.077067708633815,65.0770677086338,6.0,0.0
negative_controls,7,expected_regret,8,24,12,64,cells_only,none,0.0,uniform,cells_only_no_sweeps,0.9166666666666666,0.08333333333333333,0.3333333333333333,64.33333333333333,8.0,0.0
negative_controls,7,sampled_equivalence,2,24,12,64,cells_only,none,0.0,uniform,cells_only_no_sweeps,0.4166666666666667,0.5833333333333334,2.353032400545215,66.35303240054525,2.0,0.0
negative_controls,7,sampled_equivalence,4,24,12,64,cells_only,none,0.0,uniform,cells_only_no_sweeps,0.5833333333333334,0.4166666666666667,1.5,65.5,4.0,0.0
negative_controls,7,sampled_equivalence,6,24,12,64,cells_only,none,0.0,uniform,cells_only_no_sweeps,0.75,0.25,0.861654166907052,64.86165416690704,6.0,0.0
negative_controls,7,sampled_equivalence,8,24,12,64,cells_only,none,0.0,uniform,cells_only_no_sweeps,0.875,0.125,0.3333333333333333,64.33333333333333,8.0,0.0
negative_controls,8,dense_entropy,2,24,12,64,cells_only,none,0.0,uniform,cells_only_no_sweeps,0.041666666666666664,0.9583333333333334,3.5849625007211565,59.58496250072114,0.0,2.0
negative_controls,8,dense_entropy,4,24,12,64,cells_only,none,0.0,uniform,cells_only_no_sweeps,0.125,0.875,3.5849625007211565,51.584962500721154,0.0,4.0
negative_controls,8,dense_entropy,6,24,12,64,cells_only,none,0.0,uniform,cells_only_no_sweeps,0.08333333333333333,0.9166666666666666,3.5849625007211565,43.58496250072116,0.0,6.0
negative_controls,8,dense_entropy,8,24,12,64,cells_only,none,0.0,uniform,cells_only_no_sweeps,0.08333333333333333,0.9166666666666666,3.5849625007211565,35.58496250072116,0.0,8.0
negative_controls,8,dense_contact_only,2,24,12,64,cells_only,none,0.0,uniform,cells_only_no_sweeps,0.08333333333333333,0.9166666666666666,3.1835144242670563,67.1835144242671,2.0,0.0
negative_controls,8,dense_contact_only,4,24,12,64,cells_only,none,0.0,uniform,cells_only_no_sweeps,0.25,0.75,2.5,66.5,4.0,0.0
negative_controls,8,dense_contact_only,6,24,12,64,cells_only,none,0.0,uniform,cells_only_no_sweeps,0.5,0.5,1.7233083338141035,65.7233083338141,6.0,0.0
negative_controls,8,dense_contact_only,8,24,12,64,cells_only,none,0.0,uniform,cells_only_no_sweeps,0.6666666666666666,0.3333333333333333,0.8333333333333334,64.83333333333333,8.0,0.0
negative_controls,8,critical_cell_entropy,2,24,12,64,cells_only,none,0.0,uniform,cells_only_no_sweeps,0.20833333333333334,0.7916666666666666,2.9066870830264424,66.90668708302648,2.0,0.0
negative_controls,8,critical_cell_entropy,4,24,12,64,cells_only,none,0.0,uniform,cells_only_no_sweeps,0.25,0.75,2.5,66.5,4.0,0.0
negative_controls,8,critical_cell_entropy,6,24,12,64,cells_only,none,0.0,uniform,cells_only_no_sweeps,0.4583333333333333,0.5416666666666666,1.7233083338141035,65.7233083338141,6.0,0.0
negative_controls,8,critical_cell_entropy,8,24,12,64,cells_only,none,0.0,uniform,cells_only_no_sweeps,0.7083333333333334,0.2916666666666667,0.9166666666666666,64.91666666666667,8.0,0.0
negative_controls,8,contact_equivalence,2,24,12,64,cells_only,none,0.0,uniform,cells_only_no_sweeps,0.3333333333333333,0.6666666666666666,2.4914460711655217,66.49144607116556,2.0,0.0
negative_controls,8,contact_equivalence,4,24,12,64,cells_only,none,0.0,uniform,cells_only_no_sweeps,0.5,0.5,1.875,65.875,4.0,0.0
negative_controls,8,contact_equivalence,6,24,12,64,cells_only,none,0.0,uniform,cells_only_no_sweeps,0.625,0.375,1.5078947920873407,65.50789479208734,6.0,0.0
negative_controls,8,contact_equivalence,8,24,12,64,cells_only,none,0.0,uniform,cells_only_no_sweeps,0.75,0.25,0.75,64.75,8.0,0.0
negative_controls,8,expected_regret,2,24,12,64,cells_only,none,0.0,uniform,cells_only_no_sweeps,0.3333333333333333,0.6666666666666666,2.7682734124061352,66.76827341240617,2.0,0.0
negative_controls,8,expected_regret,4,24,12,64,cells_only,none,0.0,uniform,cells_only_no_sweeps,0.375,0.625,2.25,66.25,4.0,0.0
negative_controls,8,expected_regret,6,24,12,64,cells_only,none,0.0,uniform,cells_only_no_sweeps,0.5833333333333334,0.4166666666666667,1.4001880212239592,65.40018802122395,6.0,0.0
negative_controls,8,expected_regret,8,24,12,64,cells_only,none,0.0,uniform,cells_only_no_sweeps,0.8333333333333334,0.16666666666666666,0.3333333333333333,64.33333333333333,8.0,0.0
negative_controls,8,sampled_equivalence,2,24,12,64,cells_only,none,0.0,uniform,cells_only_no_sweeps,0.16666666666666666,0.8333333333333334,2.9066870830264424,66.90668708302648,2.0,0.0
negative_controls,8,sampled_equivalence,4,24,12,64,cells_only,none,0.0,uniform,cells_only_no_sweeps,0.2916666666666667,0.7083333333333334,2.25,66.25,4.0,0.0
negative_controls,8,sampled_equivalence,6,24,12,64,cells_only,none,0.0,uniform,cells_only_no_sweeps,0.625,0.375,1.1847744794971964,65.18477447949718,6.0,0.0
negative_controls,8,sampled_equivalence,8,24,12,64,cells_only,none,0.0,uniform,cells_only_no_sweeps,0.6666666666666666,0.3333333333333333,0.75,64.75,8.0,0.0
negative_controls,9,dense_entropy,2,24,12,64,cells_only,none,0.0,uniform,cells_only_no_sweeps,0.16666666666666666,0.8333333333333334,3.5849625007211565,59.58496250072114,0.0,2.0
negative_controls,9,dense_entropy,4,24,12,64,cells_only,none,0.0,uniform,cells_only_no_sweeps,0.0,1.0,3.5849625007211565,51.584962500721154,0.0,4.0
negative_controls,9,dense_entropy,6,24,12,64,cells_only,none,0.0,uniform,cells_only_no_sweeps,0.041666666666666664,0.9583333333333334,3.5849625007211565,43.58496250072116,0.0,6.0
negative_controls,9,dense_entropy,8,24,12,64,cells_only,none,0.0,uniform,cells_only_no_sweeps,0.125,0.875,3.5849625007211565,35.58496250072116,0.0,8.0
negative_controls,9,dense_contact_only,2,24,12,64,cells_only,none,0.0,uniform,cells_only_no_sweeps,0.20833333333333334,0.7916666666666666,2.9066870830264424,66.90668708302648,2.0,0.0
negative_controls,9,dense_contact_only,4,24,12,64,cells_only,none,0.0,uniform,cells_only_no_sweeps,0.3333333333333333,0.6666666666666666,2.0,66.0,4.0,0.0
negative_controls,9,dense_contact_only,6,24,12,64,cells_only,none,0.0,uniform,cells_only_no_sweeps,0.5833333333333334,0.4166666666666667,1.4001880212239592,65.40018802122395,6.0,0.0
negative_controls,9,dense_contact_only,8,24,12,64,cells_only,none,0.0,uniform,cells_only_no_sweeps,0.625,0.375,1.0,65.0,8.0,0.0
negative_controls,9,critical_cell_entropy,2,24,12,64,cells_only,none,0.0,uniform,cells_only_no_sweeps,0.25,0.75,2.7682734124061352,66.76827341240617,2.0,0.0
negative_controls,9,critical_cell_entropy,4,24,12,64,cells_only,none,0.0,uniform,cells_only_no_sweeps,0.5416666666666666,0.4583333333333333,1.875,65.875,4.0,0.0
negative_controls,9,critical_cell_entropy,6,24,12,64,cells_only,none,0.0,uniform,cells_only_no_sweeps,0.625,0.375,1.077067708633815,65.0770677086338,6.0,0.0
negative_controls,9,critical_cell_entropy,8,24,12,64,cells_only,none,0.0,uniform,cells_only_no_sweeps,0.7083333333333334,0.2916666666666667,0.75,64.75,8.0,0.0
negative_controls,9,contact_equivalence,2,24,12,64,cells_only,none,0.0,uniform,cells_only_no_sweeps,0.20833333333333334,0.7916666666666666,2.7682734124061352,66.76827341240617,2.0,0.0
negative_controls,9,contact_equivalence,4,24,12,64,cells_only,none,0.0,uniform,cells_only_no_sweeps,0.2916666666666667,0.7083333333333334,2.125,66.125,4.0,0.0
negative_controls,9,contact_equivalence,6,24,12,64,cells_only,none,0.0,uniform,cells_only_no_sweeps,0.4583333333333333,0.5416666666666666,1.5078947920873407,65.50789479208734,6.0,0.0
negative_controls,9,contact_equivalence,8,24,12,64,cells_only,none,0.0,uniform,cells_only_no_sweeps,0.6666666666666666,0.3333333333333333,0.8333333333333334,64.83333333333333,8.0,0.0
negative_controls,9,expected_regret,2,24,12,64,cells_only,none,0.0,uniform,cells_only_no_sweeps,0.25,0.75,2.7682734124061352,66.76827341240617,2.0,0.0
negative_controls,9,expected_regret,4,24,12,64,cells_only,none,0.0,uniform,cells_only_no_sweeps,0.4583333333333333,0.5416666666666666,1.875,65.875,4.0,0.0
negative_controls,9,expected_regret,6,24,12,64,cells_only,none,0.0,uniform,cells_only_no_sweeps,0.5833333333333334,0.4166666666666667,1.077067708633815,65.0770677086338,6.0,0.0
negative_controls,9,expected_regret,8,24,12,64,cells_only,none,0.0,uniform,cells_only_no_sweeps,0.8333333333333334,0.16666666666666666,0.4166666666666667,64.41666666666667,8.0,0.0
negative_controls,9,sampled_equivalence,2,24,12,64,cells_only,none,0.0,uniform,cells_only_no_sweeps,0.2916666666666667,0.7083333333333334,2.7682734124061352,66.76827341240617,2.0,0.0
negative_controls,9,sampled_equivalence,4,24,12,64,cells_only,none,0.0,uniform,cells_only_no_sweeps,0.4166666666666667,0.5833333333333334,1.875,65.875,4.0,0.0
negative_controls,9,sampled_equivalence,6,24,12,64,cells_only,none,0.0,uniform,cells_only_no_sweeps,0.4583333333333333,0.5416666666666666,1.5078947920873407,65.50789479208733,6.0,0.0
negative_controls,9,sampled_equivalence,8,24,12,64,cells_only,none,0.0,uniform,cells_only_no_sweeps,0.7083333333333334,0.2916666666666667,0.75,64.75,8.0,0.0
