suite,seed,method,budget,trials,lanes,decor_bits,library,noise_mode,noise_rate,prior_mode,success_rate,mean_regret,posterior_contact_entropy,posterior_full_entropy,contact_probes,decor_probes
noise_taxonomy,0,dense_contact_only,4,24,12,64,mixed,symmetric,0.0,uniform,1.0,0.0,0.0,64.0,4.0,0.0
noise_taxonomy,0,dense_contact_only,6,24,12,64,mixed,symmetric,0.0,uniform,1.0,0.0,0.0,64.0,6.0,0.0
noise_taxonomy,0,dense_contact_only,8,24,12,64,mixed,symmetric,0.0,uniform,1.0,0.0,0.0,64.0,8.0,0.0
noise_taxonomy,0,critical_cell_entropy,4,24,12,64,mixed,symmetric,0.0,uniform,0.4583333333333333,0.5416666666666666,2.125,66.125,4.0,0.0
noise_taxonomy,0,critical_cell_entropy,6,24,12,64,mixed,symmetric,0.0,uniform,0.6666666666666666,0.3333333333333333,0.861654166907052,64.86165416690704,6.0,0.0
noise_taxonomy,0,critical_cell_entropy,8,24,12,64,mixed,symmetric,0.0,uniform,0.7916666666666666,0.20833333333333334,0.4166666666666667,64.41666666666667,8.0,0.0
noise_taxonomy,0,contact_equivalence,4,24,12,64,mixed,symmetric,0.0,uniform,1.0,0.0,0.0,64.0,4.0,0.0
noise_taxonomy,0,contact_equivalence,6,24,12,64,mixed,symmetric,0.0,uniform,1.0,0.0,0.0,64.0,6.0,0.0
noise_taxonomy,0,contact_equivalence,8,24,12,64,mixed,symmetric,0.0,uniform,1.0,0.0,0.0,64.0,8.0,0.0
noise_taxonomy,0,expected_regret,4,24,12,64,mixed,symmetric,0.0,uniform,0.8333333333333334,0.16666666666666666,0.4166666666666667,64.41666666666667,4.0,0.0
noise_taxonomy,0,expected_regret,6,24,12,64,mixed,symmetric,0.0,uniform,1.0,0.0,0.0,64.0,6.0,0.0
noise_taxonomy,0,expected_regret,8,24,12,64,mixed,symmetric,0.0,uniform,1.0,0.0,0.0,64.0,8.0,0.0
noise_taxonomy,0,sampled_equivalence,4,24,12,64,mixed,symmetric,0.0,uniform,0.9583333333333334,0.041666666666666664,0.08333333333333333,64.08333333333333,4.0,0.0
noise_taxonomy,0,sampled_equivalence,6,24,12,64,mixed,symmetric,0.0,uniform,1.0,0.0,0.0,64.0,6.0,0.0
noise_taxonomy,0,sampled_equivalence,8,24,12,64,mixed,symmetric,0.0,uniform,1.0,0.0,0.0,64.0,8.0,0.0
noise_taxonomy,1,dense_contact_only,4,24,12,64,mixed,symmetric,0.0,uniform,1.0,0.0,0.0,64.0,4.0,0.0
noise_taxonomy,1,dense_contact_only,6,24,12,64,mixed,symmetric,0.0,uniform,1.0,0.0,0.0,64.0,6.0,0.0
noise_taxonomy,1,dense_contact_only,8,24,12,64,mixed,symmetric,0.0,uniform,1.0,0.0,0.0,64.0,8.0,0.0
noise_taxonomy,1,critical_cell_entropy,4,24,12,64,mixed,symmetric,0.0,uniform,0.4583333333333333,0.5416666666666666,1.75,65.75,4.0,0.0
noise_taxonomy,1,critical_cell_entropy,6,24,12,64,mixed,symmetric,0.0,uniform,0.75,0.25,1.077067708633815,65.0770677086338,6.0,0.0
noise_taxonomy,1,critical_cell_entropy,8,24,12,64,mixed,symmetric,0.0,uniform,0.7916666666666666,0.20833333333333334,0.5833333333333334,64.58333333333333,8.0,0.0
noise_taxonomy,1,contact_equivalence,4,24,12,64,mixed,symmetric,0.0,uniform,1.0,0.0,0.0,64.0,4.0,0.0
noise_taxonomy,1,contact_equivalence,6,24,12,64,mixed,symmetric,0.0,uniform,1.0,0.0,0.0,64.0,6.0,0.0
noise_taxonomy,1,contact_equivalence,8,24,12,64,mixed,symmetric,0.0,uniform,1.0,0.0,0.0,64.0,8.0,0.0
noise_taxonomy,1,expected_regret,4,24,12,64,mixed,symmetric,0.0,uniform,0.875,0.125,0.3333333333333333,64.33333333333333,4.0,0.0
noise_taxonomy,1,expected_regret,6,24,12,64,mixed,symmetric,0.0,uniform,1.0,0.0,0.0,64.0,6.0,0.0
noise_taxonomy,1,expected_regret,8,24,12,64,mixed,symmetric,0.0,uniform,1.0,0.0,0.0,64.0,8.0,0.0
noise_taxonomy,1,sampled_equivalence,4,24,12,64,mixed,symmetric,0.0,uniform,1.0,0.0,0.041666666666666664,64.04166666666667,4.0,0.0
noise_taxonomy,1,sampled_equivalence,6,24,12,64,mixed,symmetric,0.0,uniform,1.0,0.0,0.0,64.0,6.0,0.0
noise_taxonomy,1,sampled_equivalence,8,24,12,64,mixed,symmetric,0.0,uniform,1.0,0.0,0.0,64.0,8.0,0.0
noise_taxonomy,2,dense_contact_only,4,24,12,64,mixed,symmetric,0.0,uniform,1.0,0.0,0.0,64.0,4.0,0.0
noise_taxonomy,2,dense_contact_only,6,24,12,64,mixed,symmetric,0.0,uniform,1.0,0.0,0.0,64.0,6.0,0.0
noise_taxonomy,2,dense_contact_only,8,24,12,64,mixed,symmetric,0.0,uniform,1.0,0.0,0.0,64.0,8.0,0.0
noise_taxonomy,2,critical_cell_entropy,4,24,12,64,mixed,symmetric,0.0,uniform,0.2916666666666667,0.7083333333333334,2.25,66.25,4.0,0.0
noise_taxonomy,2,critical_cell_entropy,6,24,12,64,mixed,symmetric,0.0,uniform,0.4583333333333333,0.5416666666666666,1.5078947920873407,65.50789479208733,6.0,0.0
noise_taxonomy,2,critical_cell_entropy,8,24,12,64,mixed,symmetric,0.0,uniform,0.75,0.25,0.75,64.75,8.0,0.0
noise_taxonomy,2,contact_equivalence,4,24,12,64,mixed,symmetric,0.0,uniform,1.0,0.0,0.0,64.0,4.0,0.0
noise_taxonomy,2,contact_equivalence,6,24,12,64,mixed,symmetric,0.0,uniform,1.0,0.0,0.0,64.0,6.0,0.0
noise_taxonomy,2,contact_equivalence,8,24,12,64,mixed,symmetric,0.0,uniform,1.0,0.0,0.0,64.0,8.0,0.0
noise_taxonomy,2,expected_regret,4,24,12,64,mixed,symmetric,0.0,uniform,0.9583333333333334,0.041666666666666664,0.16666666666666666,64.16666666666667,4.0,0.0
noise_taxonomy,2,expected_regret,6,24,12,64,mixed,symmetric,0.0,uniform,1.0,0.0,0.0,64.0,6.0,0.0
noise_taxonomy,2,expected_regret,8,24,12,64,mixed,symmetric,0.0,uniform,1.0,0.0,0.0,64.0,8.0,0.0
noise_taxonomy,2,sampled_equivalence,4,24,12,64,mixed,symmetric,0.0,uniform,1.0,0.0,0.0,64.0,4.0,0.0
noise_taxonomy,2,sampled_equivalence,6,24,12,64,mixed,symmetric,0.0,uniform,1.0,0.0,0.0,64.0,6.0,0.0
noise_taxonomy,2,sampled_equivalence,8,24,12,64,mixed,symmetric,0.0,uniform,1.0,0.0,0.0,64.0,8.0,0.0
noise_taxonomy,3,dense_contact_only,4,24,12,64,mixed,symmetric,0.0,uniform,1.0,0.0,0.0,64.0,4.0,0.0
noise_taxonomy,3,dense_contact_only,6,24,12,64,mixed,symmetric,0.0,uniform,1.0,0.0,0.0,64.0,6.0,0.0
noise_taxonomy,3,dense_contact_only,8,24,12,64,mixed,symmetric,0.0,uniform,1.0,0.0,0.0,64.0,8.0,0.0
noise_taxonomy,3,critical_cell_entropy,4,24,12,64,mixed,symmetric,0.0,uniform,0.4583333333333333,0.5416666666666666,1.625,65.625,4.0,0.0
noise_taxonomy,3,critical_cell_entropy,6,24,12,64,mixed,symmetric,0.0,uniform,0.6666666666666666,0.3333333333333333,0.9693609377704334,64.96936093777043,6.0,0.0
noise_taxonomy,3,critical_cell_entropy,8,24,12,64,mixed,symmetric,0.0,uniform,0.875,0.125,0.4166666666666667,64.41666666666667,8.0,0.0
noise_taxonomy,3,contact_equivalence,4,24,12,64,mixed,symmetric,0.0,uniform,1.0,0.0,0.0,64.0,4.0,0.0
noise_taxonomy,3,contact_equivalence,6,24,12,64,mixed,symmetric,0.0,uniform,1.0,0.0,0.0,64.0,6.0,0.0
noise_taxonomy,3,contact_equivalence,8,24,12,64,mixed,symmetric,0.0,uniform,1.0,0.0,0.0,64.0,8.0,0.0
noise_taxonomy,3,expected_regret,4,24,12,64,mixed,symmetric,0.0,uniform,0.875,0.125,0.20833333333333334,64.20833333333333,4.0,0.0
noise_taxonomy,3,expected_regret,6,24,12,64,mixed,symmetric,0.0,uniform,1.0,0.0,0.0,64.0,6.0,0.0
noise_taxonomy,3,expected_regret,8,24,12,64,mixed,symmetric,0.0,uniform,1.0,0.0,0.0,64.0,8.0,0.0
noise_taxonomy,3,sampled_equivalence,4,24,12,64,mixed,symmetric,0.0,uniform,0.9583333333333334,0.041666666666666664,0.08333333333333333,64.08333333333333,4.0,0.0
noise_taxonomy,3,sampled_equivalence,6,24,12,64,mixed,symmetric,0.0,uniform,1.0,0.0,0.0,64.0,6.0,0.0
noise_taxonomy,3,sampled_equivalence,8,24,12,64,mixed,symmetric,0.0,uniform,1.0,0.0,0.0,64.0,8.0,0.0
noise_taxonomy,4,dense_contact_only,4,24,12,64,mixed,symmetric,0.0,uniform,1.0,0.0,0.0,64.0,4.0,0.0
noise_taxonomy,4,dense_contact_only,6,24,12,64,mixed,symmetric,0.0,uniform,1.0,0.0,0.0,64.0,6.0,0.0
noise_taxonomy,4,dense_contact_only,8,24,12,64,mixed,symmetric,0.0,uniform,1.0,0.0,0.0,64.0,8.0,0.0
noise_taxonomy,4,critical_cell_entropy,4,24,12,64,mixed,symmetric,0.0,uniform,0.5,0.5,1.75,65.75,4.0,0.0
noise_taxonomy,4,critical_cell_entropy,6,24,12,64,mixed,symmetric,0.0,uniform,0.75,0.25,0.9693609377704334,64.96936093777043,6.0,0.0
noise_taxonomy,4,critical_cell_entropy,8,24,12,64,mixed,symmetric,0.0,uniform,0.8333333333333334,0.16666666666666666,0.5,64.5,8.0,0.0
noise_taxonomy,4,contact_equivalence,4,24,12,64,mixed,symmetric,0.0,uniform,1.0,0.0,0.0,64.0,4.0,0.0
noise_taxonomy,4,contact_equivalence,6,24,12,64,mixed,symmetric,0.0,uniform,1.0,0.0,0.0,64.0,6.0,0.0
noise_taxonomy,4,contact_equivalence,8,24,12,64,mixed,symmetric,0.0,uniform,1.0,0.0,0.0,64.0,8.0,0.0
noise_taxonomy,4,expected_regret,4,24,12,64,mixed,symmetric,0.0,uniform,0.875,0.125,0.2916666666666667,64.29166666666667,4.0,0.0
noise_taxonomy,4,expected_regret,6,24,12,64,mixed,symmetric,0.0,uniform,1.0,0.0,0.0,64.0,6.0,0.0
noise_taxonomy,4,expected_regret,8,24,12,64,mixed,symmetric,0.0,uniform,1.0,0.0,0.0,64.0,8.0,0.0
noise_taxonomy,4,sampled_equivalence,4,24,12,64,mixed,symmetric,0.0,uniform,1.0,0.0,0.0,64.0,4.0,0.0
noise_taxonomy,4,sampled_equivalence,6,24,12,64,mixed,symmetric,0.0,uniform,1.0,0.0,0.0,64.0,6.0,0.0
noise_taxonomy,4,sampled_equivalence,8,24,12,64,mixed,symmetric,0.0,uniform,1.0,0.0,0.0,64.0,8.0,0.0
noise_taxonomy,5,dense_contact_only,4,24,12,64,mixed,symmetric,0.0,uniform,1.0,0.0,0.0,64.0,4.0,0.0
noise_taxonomy,5,dense_contact_only,6,24,12,64,mixed,symmetric,0.0,uniform,1.0,0.0,0.0,64.0,6.0,0.0
noise_taxonomy,5,dense_contact_only,8,24,12,64,mixed,symmetric,0.0,uniform,1.0,0.0,0.0,64.0,8.0,0.0
noise_taxonomy,5,critical_cell_entropy,4,24,12,64,mixed,symmetric,0.0,uniform,0.3333333333333333,0.6666666666666666,2.125,66.125,4.0,0.0
noise_taxonomy,5,critical_cell_entropy,6,24,12,64,mixed,symmetric,0.0,uniform,0.625,0.375,1.1847744794971964,65.18477447949721,6.0,0.0
noise_taxonomy,5,critical_cell_entropy,8,24,12,64,mixed,symmetric,0.0,uniform,0.8333333333333334,0.16666666666666666,0.75,64.75,8.0,0.0
noise_taxonomy,5,contact_equivalence,4,24,12,64,mixed,symmetric,0.0,uniform,1.0,0.0,0.0,64.0,4.0,0.0
noise_taxonomy,5,contact_equivalence,6,24,12,64,mixed,symmetric,0.0,uniform,1.0,0.0,0.0,64.0,6.0,0.0
noise_taxonomy,5,contact_equivalence,8,24,12,64,mixed,symmetric,0.0,uniform,1.0,0.0,0.0,64.0,8.0,0.0
noise_taxonomy,5,expected_regret,4,24,12,64,mixed,symmetric,0.0,uniform,0.875,0.125,0.16666666666666666,64.16666666666667,4.0,0.0
noise_taxonomy,5,expected_regret,6,24,12,64,mixed,symmetric,0.0,uniform,1.0,0.0,0.0,64.0,6.0,0.0
noise_taxonomy,5,expected_regret,8,24,12,64,mixed,symmetric,0.0,uniform,1.0,0.0,0.0,64.0,8.0,0.0
noise_taxonomy,5,sampled_equivalence,4,24,12,64,mixed,symmetric,0.0,uniform,0.9583333333333334,0.041666666666666664,0.041666666666666664,64.04166666666667,4.0,0.0
noise_taxonomy,5,sampled_equivalence,6,24,12,64,mixed,symmetric,0.0,uniform,1.0,0.0,0.0,64.0,6.0,0.0
noise_taxonomy,5,sampled_equivalence,8,24,12,64,mixed,symmetric,0.0,uniform,1.0,0.0,0.0,64.0,8.0,0.0
noise_taxonomy,6,dense_contact_only,4,24,12,64,mixed,symmetric,0.0,uniform,1.0,0.0,0.0,64.0,4.0,0.0
noise_taxonomy,6,dense_contact_only,6,24,12,64,mixed,symmetric,0.0,uniform,1.0,0.0,0.0,64.0,6.0,0.0
noise_taxonomy,6,dense_contact_only,8,24,12,64,mixed,symmetric,0.0,uniform,1.0,0.0,0.0,64.0,8.0,0.0
noise_taxonomy,6,critical_cell_entropy,4,24,12,64,mixed,symmetric,0.0,uniform,0.5416666666666666,0.4583333333333333,1.625,65.625,4.0,0.0
noise_taxonomy,6,critical_cell_entropy,6,24,12,64,mixed,symmetric,0.0,uniform,0.7083333333333334,0.2916666666666667,0.861654166907052,64.86165416690706,6.0,0.0
noise_taxonomy,6,critical_cell_entropy,8,24,12,64,mixed,symmetric,0.0,uniform,0.875,0.125,0.3333333333333333,64.33333333333333,8.0,0.0
noise_taxonomy,6,contact_equivalence,4,24,12,64,mixed,symmetric,0.0,uniform,1.0,0.0,0.0,64.0,4.0,0.0
noise_taxonomy,6,contact_equivalence,6,24,12,64,mixed,symmetric,0.0,uniform,1.0,0.0,0.0,64.0,6.0,0.0
noise_taxonomy,6,contact_equivalence,8,24,12,64,mixed,symmetric,0.0,uniform,1.0,0.0,0.0,64.0,8.0,0.0
noise_taxonomy,6,expected_regret,4,24,12,64,mixed,symmetric,0.0,uniform,0.8333333333333334,0.16666666666666666,0.375,64.375,4.0,0.0
noise_taxonomy,6,expected_regret,6,24,12,64,mixed,symmetric,0.0,uniform,1.0,0.0,0.0,64.0,6.0,0.0
noise_taxonomy,6,expected_regret,8,24,12,64,mixed,symmetric,0.0,uniform,1.0,0.0,0.0,64.0,8.0,0.0
noise_taxonomy,6,sampled_equivalence,4,24,12,64,mixed,symmetric,0.0,uniform,0.9166666666666666,0.08333333333333333,0.08333333333333333,64.08333333333333,4.0,0.0
noise_taxonomy,6,sampled_equivalence,6,24,12,64,mixed,symmetric,0.0,uniform,1.0,0.0,0.0,64.0,6.0,0.0
noise_taxonomy,6,sampled_equivalence,8,24,12,64,mixed,symmetric,0.0,uniform,1.0,0.0,0.0,64.0,8.0,0.0
noise_taxonomy,7,dense_contact_only,4,24,12,64,mixed,symmetric,0.0,uniform,1.0,0.0,0.0,64.0,4.0,0.0
noise_taxonomy,7,dense_contact_only,6,24,12,64,mixed,symmetric,0.0,uniform,1.0,0.0,0.0,64.0,6.0,0.0
noise_taxonomy,7,dense_contact_only,8,24,12,64,mixed,symmetric,0.0,uniform,1.0,0.0,0.0,64.0,8.0,0.0
noise_taxonomy,7,critical_cell_entropy,4,24,12,64,mixed,symmetric,0.0,uniform,0.16666666666666666,0.8333333333333334,2.5,66.5,4.0,0.0
noise_taxonomy,7,critical_cell_entropy,6,24,12,64,mixed,symmetric,0.0,uniform,0.5416666666666666,0.4583333333333333,1.5078947920873407,65.50789479208734,6.0,0.0
noise_taxonomy,7,critical_cell_entropy,8,24,12,64,mixed,symmetric,0.0,uniform,0.7083333333333334,0.2916666666666667,0.8333333333333334,64.83333333333333,8.0,0.0
noise_taxonomy,7,contact_equivalence,4,24,12,64,mixed,symmetric,0.0,uniform,1.0,0.0,0.0,64.0,4.0,0.0
noise_taxonomy,7,contact_equivalence,6,24,12,64,mixed,symmetric,0.0,uniform,1.0,0.0,0.0,64.0,6.0,0.0
noise_taxonomy,7,contact_equivalence,8,24,12,64,mixed,symmetric,0.0,uniform,1.0,0.0,0.0,64.0,8.0,0.0
noise_taxonomy,7,expected_regret,4,24,12,64,mixed,symmetric,0.0,uniform,0.5833333333333334,0.4166666666666667,0.5,64.5,4.0,0.0
noise_taxonomy,7,expected_regret,6,24,12,64,mixed,symmetric,0.0,uniform,1.0,0.0,0.0,64.0,6.0,0.0
noise_taxonomy,7,expected_regret,8,24,12,64,mixed,symmetric,0.0,uniform,1.0,0.0,0.0,64.0,8.0,0.0
noise_taxonomy,7,sampled_equivalence,4,24,12,64,mixed,symmetric,0.0,uniform,1.0,0.0,0.0,64.0,4.0,0.0
noise_taxonomy,7,sampled_equivalence,6,24,12,64,mixed,symmetric,0.0,uniform,1.0,0.0,0.0,64.0,6.0,0.0
noise_taxonomy,7,sampled_equivalence,8,24,12,64,mixed,symmetric,0.0,uniform,1.0,0.0,0.0,64.0,8.0,0.0
noise_taxonomy,8,dense_contact_only,4,24,12,64,mixed,symmetric,0.0,uniform,1.0,0.0,0.0,64.0,4.0,0.0
noise_taxonomy,8,dense_contact_only,6,24,12,64,mixed,symmetric,0.0,uniform,1.0,0.0,0.0,64.0,6.0,0.0
noise_taxonomy,8,dense_contact_only,8,24,12,64,mixed,symmetric,0.0,uniform,1.0,0.0,0.0,64.0,8.0,0.0
noise_taxonomy,8,critical_cell_entropy,4,24,12,64,mixed,symmetric,0.0,uniform,0.5,0.5,2.0,66.0,4.0,0.0
noise_taxonomy,8,critical_cell_entropy,6,24,12,64,mixed,symmetric,0.0,uniform,0.5833333333333334,0.4166666666666667,1.2924812503605778,65.29248125036058,6.0,0.0
noise_taxonomy,8,critical_cell_entropy,8,24,12,64,mixed,symmetric,0.0,uniform,0.6666666666666666,0.3333333333333333,0.75,64.75,8.0,0.0
noise_taxonomy,8,contact_equivalence,4,24,12,64,mixed,symmetric,0.0,uniform,1.0,0.0,0.0,64.0,4.0,0.0
noise_taxonomy,8,contact_equivalence,6,24,12,64,mixed,symmetric,0.0,uniform,1.0,0.0,0.0,64.0,6.0,0.0
noise_taxonomy,8,contact_equivalence,8,24,12,64,mixed,symmetric,0.0,uniform,1.0,0.0,0.0,64.0,8.0,0.0
noise_taxonomy,8,expected_regret,4,24,12,64,mixed,symmetric,0.0,uniform,0.8333333333333334,0.16666666666666666,0.4166666666666667,64.41666666666667,4.0,0.0
noise_taxonomy,8,expected_regret,6,24,12,64,mixed,symmetric,0.0,uniform,1.0,0.0,0.0,64.0,6.0,0.0
noise_taxonomy,8,expected_regret,8,24,12,64,mixed,symmetric,0.0,uniform,1.0,0.0,0.0,64.0,8.0,0.0
noise_taxonomy,8,sampled_equivalence,4,24,12,64,mixed,symmetric,0.0,uniform,1.0,0.0,0.041666666666666664,64.04166666666667,4.0,0.0
noise_taxonomy,8,sampled_equivalence,6,24,12,64,mixed,symmetric,0.0,uniform,1.0,0.0,0.0,64.0,6.0,0.0
noise_taxonomy,8,sampled_equivalence,8,24,12,64,mixed,symmetric,0.0,uniform,1.0,0.0,0.0,64.0,8.0,0.0
noise_taxonomy,9,dense_contact_only,4,24,12,64,mixed,symmetric,0.0,uniform,1.0,0.0,0.0,64.0,4.0,0.0
noise_taxonomy,9,dense_contact_only,6,24,12,64,mixed,symmetric,0.0,uniform,1.0,0.0,0.0,64.0,6.0,0.0
noise_taxonomy,9,dense_contact_only,8,24,12,64,mixed,symmetric,0.0,uniform,1.0,0.0,0.0,64.0,8.0,0.0
noise_taxonomy,9,critical_cell_entropy,4,24,12,64,mixed,symmetric,0.0,uniform,0.4166666666666667,0.5833333333333334,1.875,65.875,4.0,0.0
noise_taxonomy,9,critical_cell_entropy,6,24,12,64,mixed,symmetric,0.0,uniform,0.5416666666666666,0.4583333333333333,1.4001880212239592,65.40018802122397,6.0,0.0
noise_taxonomy,9,critical_cell_entropy,8,24,12,64,mixed,symmetric,0.0,uniform,0.6666666666666666,0.3333333333333333,0.6666666666666666,64.66666666666667,8.0,0.0
noise_taxonomy,9,contact_equivalence,4,24,12,64,mixed,symmetric,0.0,uniform,1.0,0.0,0.0,64.0,4.0,0.0
noise_taxonomy,9,contact_equivalence,6,24,12,64,mixed,symmetric,0.0,uniform,1.0,0.0,0.0,64.0,6.0,0.0
noise_taxonomy,9,contact_equivalence,8,24,12,64,mixed,symmetric,0.0,uniform,1.0,0.0,0.0,64.0,8.0,0.0
noise_taxonomy,9,expected_regret,4,24,12,64,mixed,symmetric,0.0,uniform,0.9166666666666666,0.08333333333333333,0.25,64.25,4.0,0.0
noise_taxonomy,9,expected_regret,6,24,12,64,mixed,symmetric,0.0,uniform,1.0,0.0,0.0,64.0,6.0,0.0
noise_taxonomy,9,expected_regret,8,24,12,64,mixed,symmetric,0.0,uniform,1.0,0.0,0.0,64.0,8.0,0.0
noise_taxonomy,9,sampled_equivalence,4,24,12,64,mixed,symmetric,0.0,uniform,0.9583333333333334,0.041666666666666664,0.041666666666666664,64.04166666666667,4.0,0.0
noise_taxonomy,9,sampled_equivalence,6,24,12,64,mixed,symmetric,0.0,uniform,1.0,0.0,0.0,64.0,6.0,0.0
noise_taxonomy,9,sampled_equivalence,8,24,12,64,mixed,symmetric,0.0,uniform,1.0,0.0,0.0,64.0,8.0,0.0
noise_taxonomy,0,dense_contact_only,4,24,12,64,mixed,symmetric,0.02,uniform,1.0,0.0,0.1635180691146841,64.16351806911469,4.0,0.0
noise_taxonomy,0,dense_contact_only,6,24,12,64,mixed,symmetric,0.02,uniform,1.0,0.0,0.0002856267708366364,64.00028562677085,6.0,0.0
noise_taxonomy,0,dense_contact_only,8,24,12,64,mixed,symmetric,0.02,uniform,1.0,0.0,1.8738036064595835e-05,64.00001873803609,8.0,0.0
noise_taxonomy,0,critical_cell_entropy,4,24,12,64,mixed,symmetric,0.02,uniform,0.4166666666666667,0.5833333333333334,2.3872278836623155,66.38722788366233,4.0,0.0
noise_taxonomy,0,critical_cell_entropy,6,24,12,64,mixed,symmetric,0.02,uniform,0.625,0.375,1.4946203421001882,65.49462034210018,6.0,0.0
noise_taxonomy,0,critical_cell_entropy,8,24,12,64,mixed,symmetric,0.02,uniform,0.625,0.375,1.1377203167726184,65.1377203167726,8.0,0.0
noise_taxonomy,0,contact_equivalence,4,24,12,64,mixed,symmetric,0.02,uniform,0.875,0.125,0.39817337241898887,64.39817337241898,4.0,0.0
noise_taxonomy,0,contact_equivalence,6,24,12,64,mixed,symmetric,0.02,uniform,0.9166666666666666,0.08333333333333333,0.34119984276717047,64.34119984276718,6.0,0.0
noise_taxonomy,0,contact_equivalence,8,24,12,64,mixed,symmetric,0.02,uniform,0.9583333333333334,0.041666666666666664,0.07497589759409456,64.0749758975941,8.0,0.0
noise_taxonomy,0,expected_regret,4,24,12,64,mixed,symmetric,0.02,uniform,0.875,0.125,0.7023171169917813,64.70231711699178,4.0,0.0
noise_taxonomy,0,expected_regret,6,24,12,64,mixed,symmetric,0.02,uniform,0.9166666666666666,0.08333333333333333,0.1741799228720801,64.17417992287209,6.0,0.0
noise_taxonomy,0,expected_regret,8,24,12,64,mixed,symmetric,0.02,uniform,0.9583333333333334,0.041666666666666664,0.05922282743683371,64.05922282743684,8.0,0.0
noise_taxonomy,0,sampled_equivalence,4,24,12,64,mixed,symmetric,0.02,uniform,0.9166666666666666,0.08333333333333333,0.5066283739342351,64.50662837393425,4.0,0.0
noise_taxonomy,0,sampled_equivalence,6,24,12,64,mixed,symmetric,0.02,uniform,0.9166666666666666,0.08333333333333333,0.14219492565243463,64.14219492565245,6.0,0.0
noise_taxonomy,0,sampled_equivalence,8,24,12,64,mixed,symmetric,0.02,uniform,0.9583333333333334,0.041666666666666664,0.04096323746505862,64.04096323746506,8.0,0.0
noise_taxonomy,1,dense_contact_only,4,24,12,64,mixed,symmetric,0.02,uniform,0.8333333333333334,0.16666666666666666,0.5579965264813771,64.55799652648138,4.0,0.0
noise_taxonomy,1,dense_contact_only,6,24,12,64,mixed,symmetric,0.02,uniform,0.875,0.125,0.24625874996654895,64.24625874996657,6.0,0.0
noise_taxonomy,1,dense_contact_only,8,24,12,64,mixed,symmetric,0.02,uniform,1.0,0.0,0.06862935995038633,64.0686293599504,8.0,0.0
noise_taxonomy,1,critical_cell_entropy,4,24,12,64,mixed,symmetric,0.02,uniform,0.4583333333333333,0.5416666666666666,2.216194600374382,66.2161946003744,4.0,0.0
noise_taxonomy,1,critical_cell_entropy,6,24,12,64,mixed,symmetric,0.02,uniform,0.6666666666666666,0.3333333333333333,1.7094899631917666,65.70948996319176,6.0,0.0
noise_taxonomy,1,critical_cell_entropy,8,24,12,64,mixed,symmetric,0.02,uniform,0.6666666666666666,0.3333333333333333,1.0364309270611793,65.03643092706116,8.0,0.0
noise_taxonomy,1,contact_equivalence,4,24,12,64,mixed,symmetric,0.02,uniform,0.9166666666666666,0.08333333333333333,0.28948621106520683,64.28948621106521,4.0,0.0
noise_taxonomy,1,contact_equivalence,6,24,12,64,mixed,symmetric,0.02,uniform,1.0,0.0,0.051382116316031734,64.05138211631605,6.0,0.0
noise_taxonomy,1,contact_equivalence,8,24,12,64,mixed,symmetric,0.02,uniform,1.0,0.0,0.000916506780346084,64.00091650678037,8.0,0.0
noise_taxonomy,1,expected_regret,4,24,12,64,mixed,symmetric,0.02,uniform,0.9583333333333334,0.041666666666666664,0.6897411568501927,64.68974115685019,4.0,0.0
noise_taxonomy,1,expected_regret,6,24,12,64,mixed,symmetric,0.02,uniform,0.9583333333333334,0.041666666666666664,0.1655388609919153,64.16553886099192,6.0,0.0
noise_taxonomy,1,expected_regret,8,24,12,64,mixed,symmetric,0.02,uniform,0.9583333333333334,0.041666666666666664,0.07922968115468478,64.07922968115467,8.0,0.0
noise_taxonomy,1,sampled_equivalence,4,24,12,64,mixed,symmetric,0.02,uniform,0.8333333333333334,0.16666666666666666,0.685586006245603,64.6855860062456,4.0,0.0
noise_taxonomy,1,sampled_equivalence,6,24,12,64,mixed,symmetric,0.02,uniform,1.0,0.0,0.1740901915636668,64.17409019156366,6.0,0.0
noise_taxonomy,1,sampled_equivalence,8,24,12,64,mixed,symmetric,0.02,uniform,1.0,0.0,0.02896554428722567,64.02896554428722,8.0,0.0
noise_taxonomy,2,dense_contact_only,4,24,12,64,mixed,symmetric,0.02,uniform,0.9583333333333334,0.041666666666666664,0.2749133825055209,64.27491338250553,4.0,0.0
noise_taxonomy,2,dense_contact_only,6,24,12,64,mixed,symmetric,0.02,uniform,1.0,0.0,0.0726201003482518,64.07262010034826,6.0,0.0
noise_taxonomy,2,dense_contact_only,8,24,12,64,mixed,symmetric,0.02,uniform,1.0,0.0,0.001354035361983891,64.00135403536198,8.0,0.0
noise_taxonomy,2,critical_cell_entropy,4,24,12,64,mixed,symmetric,0.02,uniform,0.25,0.75,2.516304135453431,66.51630413545344,4.0,0.0
noise_taxonomy,2,critical_cell_entropy,6,24,12,64,mixed,symmetric,0.02,uniform,0.375,0.625,1.8154377256920409,65.81543772569204,6.0,0.0
noise_taxonomy,2,critical_cell_entropy,8,24,12,64,mixed,symmetric,0.02,uniform,0.7916666666666666,0.20833333333333334,0.9449283522012877,64.94492835220127,8.0,0.0
noise_taxonomy,2,contact_equivalence,4,24,12,64,mixed,symmetric,0.02,uniform,0.8333333333333334,0.16666666666666666,0.4387136081088329,64.43871360810883,4.0,0.0
noise_taxonomy,2,contact_equivalence,6,24,12,64,mixed,symmetric,0.02,uniform,1.0,0.0,0.22627001386056847,64.22627001386059,6.0,0.0
noise_taxonomy,2,contact_equivalence,8,24,12,64,mixed,symmetric,0.02,uniform,1.0,0.0,0.0040950966869930435,64.00409509668701,8.0,0.0
noise_taxonomy,2,expected_regret,4,24,12,64,mixed,symmetric,0.02,uniform,0.7916666666666666,0.20833333333333334,0.757741927177368,64.75774192717736,4.0,0.0
noise_taxonomy,2,expected_regret,6,24,12,64,mixed,symmetric,0.02,uniform,0.9583333333333334,0.041666666666666664,0.19128478974410093,64.19128478974407,6.0,0.0
noise_taxonomy,2,expected_regret,8,24,12,64,mixed,symmetric,0.02,uniform,1.0,0.0,0.1492764957512904,64.14927649575132,8.0,0.0
noise_taxonomy,2,sampled_equivalence,4,24,12,64,mixed,symmetric,0.02,uniform,0.9583333333333334,0.041666666666666664,0.5050850817530769,64.50508508175308,4.0,0.0
noise_taxonomy,2,sampled_equivalence,6,24,12,64,mixed,symmetric,0.02,uniform,1.0,0.0,0.125160648757315,64.12516064875733,6.0,0.0
noise_taxonomy,2,sampled_equivalence,8,24,12,64,mixed,symmetric,0.02,uniform,1.0,0.0,0.015927694163124766,64.01592769416314,8.0,0.0
noise_taxonomy,3,dense_contact_only,4,24,12,64,mixed,symmetric,0.02,uniform,0.9583333333333334,0.041666666666666664,0.29378087655996965,64.29378087655998,4.0,0.0
noise_taxonomy,3,dense_contact_only,6,24,12,64,mixed,symmetric,0.02,uniform,1.0,0.0,0.0726460836749561,64.07264608367497,6.0,0.0
noise_taxonomy,3,dense_contact_only,8,24,12,64,mixed,symmetric,0.02,uniform,1.0,0.0,0.0011378032059448664,64.00113780320595,8.0,0.0
noise_taxonomy,3,critical_cell_entropy,4,24,12,64,mixed,symmetric,0.02,uniform,0.4166666666666667,0.5833333333333334,2.045161317086448,66.04516131708645,4.0,0.0
noise_taxonomy,3,critical_cell_entropy,6,24,12,64,mixed,symmetric,0.02,uniform,0.625,0.375,1.4688769254978766,65.46887692549787,6.0,0.0
noise_taxonomy,3,critical_cell_entropy,8,24,12,64,mixed,symmetric,0.02,uniform,0.7083333333333334,0.2916666666666667,1.1283067911087254,65.1283067911087,8.0,0.0
noise_taxonomy,3,contact_equivalence,4,24,12,64,mixed,symmetric,0.02,uniform,0.9583333333333334,0.041666666666666664,0.28575280314179524,64.28575280314179,4.0,0.0
noise_taxonomy,3,contact_equivalence,6,24,12,64,mixed,symmetric,0.02,uniform,0.9583333333333334,0.041666666666666664,0.07939258212438949,64.0793925821244,6.0,0.0
noise_taxonomy,3,contact_equivalence,8,24,12,64,mixed,symmetric,0.02,uniform,1.0,0.0,0.0066574677582798775,64.00665746775827,8.0,0.0
noise_taxonomy,3,expected_regret,4,24,12,64,mixed,symmetric,0.02,uniform,0.8333333333333334,0.16666666666666666,0.7438147624541341,64.74381476245412,4.0,0.0
noise_taxonomy,3,expected_regret,6,24,12,64,mixed,symmetric,0.02,uniform,0.9583333333333334,0.041666666666666664,0.2883893416669722,64.28838934166696,6.0,0.0
noise_taxonomy,3,expected_regret,8,24,12,64,mixed,symmetric,0.02,uniform,1.0,0.0,0.030915541987906085,64.03091554198791,8.0,0.0
noise_taxonomy,3,sampled_equivalence,4,24,12,64,mixed,symmetric,0.02,uniform,0.8333333333333334,0.16666666666666666,0.5367701424423653,64.53677014244236,4.0,0.0
noise_taxonomy,3,sampled_equivalence,6,24,12,64,mixed,symmetric,0.02,uniform,0.9583333333333334,0.041666666666666664,0.24744631787439342,64.2474463178744,6.0,0.0
noise_taxonomy,3,sampled_equivalence,8,24,12,64,mixed,symmetric,0.02,uniform,1.0,0.0,0.03678923630470548,64.0367892363047,8.0,0.0
noise_taxonomy,4,dense_contact_only,4,24,12,64,mixed,symmetric,0.02,uniform,0.875,0.125,0.5331041735971567,64.53310417359715,4.0,0.0
noise_taxonomy,4,dense_contact_only,6,24,12,64,mixed,symmetric,0.02,uniform,0.9166666666666666,0.08333333333333333,0.2176254245170739,64.2176254245171,6.0,0.0
noise_taxonomy,4,dense_contact_only,8,24,12,64,mixed,symmetric,0.02,uniform,1.0,0.0,0.008825219867932775,64.00882521986794,8.0,0.0
noise_taxonomy,4,critical_cell_entropy,4,24,12,64,mixed,symmetric,0.02,uniform,0.5,0.5,2.152457763803989,66.15245776380401,4.0,0.0
noise_taxonomy,4,critical_cell_entropy,6,24,12,64,mixed,symmetric,0.02,uniform,0.5833333333333334,0.4166666666666667,1.5203637587024994,65.52036375870249,6.0,0.0
noise_taxonomy,4,critical_cell_entropy,8,24,12,64,mixed,symmetric,0.02,uniform,0.8333333333333334,0.16666666666666666,1.0763401744694467,65.07634017446942,8.0,0.0
noise_taxonomy,4,contact_equivalence,4,24,12,64,mixed,symmetric,0.02,uniform,0.9583333333333334,0.041666666666666664,0.14249277664498017,64.14249277664497,4.0,0.0
noise_taxonomy,4,contact_equivalence,6,24,12,64,mixed,symmetric,0.02,uniform,1.0,0.0,0.032826229245261435,64.03282622924529,6.0,0.0
noise_taxonomy,4,contact_equivalence,8,24,12,64,mixed,symmetric,0.02,uniform,1.0,0.0,0.0007515466281935082,64.00075154662821,8.0,0.0
noise_taxonomy,4,expected_regret,4,24,12,64,mixed,symmetric,0.02,uniform,0.8333333333333334,0.16666666666666666,0.7697961619691555,64.76979616196915,4.0,0.0
noise_taxonomy,4,expected_regret,6,24,12,64,mixed,symmetric,0.02,uniform,0.9166666666666666,0.08333333333333333,0.13962445468226106,64.13962445468226,6.0,0.0
noise_taxonomy,4,expected_regret,8,24,12,64,mixed,symmetric,0.02,uniform,0.9583333333333334,0.041666666666666664,0.05473870672025149,64.05473870672024,8.0,0.0
noise_taxonomy,4,sampled_equivalence,4,24,12,64,mixed,symmetric,0.02,uniform,0.9166666666666666,0.08333333333333333,0.35058595013941857,64.3505859501394,4.0,0.0
noise_taxonomy,4,sampled_equivalence,6,24,12,64,mixed,symmetric,0.02,uniform,1.0,0.0,0.20667733891191506,64.20667733891193,6.0,0.0
noise_taxonomy,4,sampled_equivalence,8,24,12,64,mixed,symmetric,0.02,uniform,1.0,0.0,0.07666370921199424,64.07666370921201,8.0,0.0
noise_taxonomy,5,dense_contact_only,4,24,12,64,mixed,symmetric,0.02,uniform,0.9166666666666666,0.08333333333333333,0.39690088689345565,64.39690088689345,4.0,0.0
noise_taxonomy,5,dense_contact_only,6,24,12,64,mixed,symmetric,0.02,uniform,1.0,0.0,0.13451521280543852,64.13451521280545,6.0,0.0
noise_taxonomy,5,dense_contact_only,8,24,12,64,mixed,symmetric,0.02,uniform,1.0,0.0,0.002678454480768627,64.00267845448079,8.0,0.0
noise_taxonomy,5,critical_cell_entropy,4,24,12,64,mixed,symmetric,0.02,uniform,0.3333333333333333,0.6666666666666666,2.130677958730415,66.13067795873043,4.0,0.0
noise_taxonomy,5,critical_cell_entropy,6,24,12,64,mixed,symmetric,0.02,uniform,0.625,0.375,1.468876925497877,65.46887692549787,6.0,0.0
noise_taxonomy,5,critical_cell_entropy,8,24,12,64,mixed,symmetric,0.02,uniform,0.8333333333333334,0.16666666666666666,1.0270174013972868,65.02701740139726,8.0,0.0
noise_taxonomy,5,contact_equivalence,4,24,12,64,mixed,symmetric,0.02,uniform,0.9166666666666666,0.08333333333333333,0.5414614131757537,64.54146141317575,4.0,0.0
noise_taxonomy,5,contact_equivalence,6,24,12,64,mixed,symmetric,0.02,uniform,0.9166666666666666,0.08333333333333333,0.22366065341753336,64.22366065341755,6.0,0.0
noise_taxonomy,5,contact_equivalence,8,24,12,64,mixed,symmetric,0.02,uniform,1.0,0.0,0.028276199886063197,64.02827619988608,8.0,0.0
noise_taxonomy,5,expected_regret,4,24,12,64,mixed,symmetric,0.02,uniform,0.7916666666666666,0.20833333333333334,0.8366309218206046,64.8366309218206,4.0,0.0
noise_taxonomy,5,expected_regret,6,24,12,64,mixed,symmetric,0.02,uniform,0.875,0.125,0.36366869937764706,64.36366869937764,6.0,0.0
noise_taxonomy,5,expected_regret,8,24,12,64,mixed,symmetric,0.02,uniform,0.9583333333333334,0.041666666666666664,0.21105389870275007,64.21105389870273,8.0,0.0
noise_taxonomy,5,sampled_equivalence,4,24,12,64,mixed,symmetric,0.02,uniform,0.8333333333333334,0.16666666666666666,0.6550579375970337,64.65505793759705,4.0,0.0
noise_taxonomy,5,sampled_equivalence,6,24,12,64,mixed,symmetric,0.02,uniform,0.9166666666666666,0.08333333333333333,0.27779178173433566,64.27779178173432,6.0,0.0
noise_taxonomy,5,sampled_equivalence,8,24,12,64,mixed,symmetric,0.02,uniform,1.0,0.0,0.02522433883351452,64.02522433883351,8.0,0.0
noise_taxonomy,6,dense_contact_only,4,24,12,64,mixed,symmetric,0.02,uniform,1.0,0.0,0.3314166519047174,64.33141665190472,4.0,0.0
noise_taxonomy,6,dense_contact_only,6,24,12,64,mixed,symmetric,0.02,uniform,0.9583333333333334,0.041666666666666664,0.072651376815432,64.07265137681546,6.0,0.0
noise_taxonomy,6,dense_contact_only,8,24,12,64,mixed,symmetric,0.02,uniform,1.0,0.0,0.006144814125584287,64.0061448141256,8.0,0.0
noise_taxonomy,6,critical_cell_entropy,4,24,12,64,mixed,symmetric,0.02,uniform,0.5,0.5,2.066941122160022,66.06694112216003,4.0,0.0
noise_taxonomy,6,critical_cell_entropy,6,24,12,64,mixed,symmetric,0.02,uniform,0.6666666666666666,0.3333333333333333,1.4946203421001882,65.49462034210018,6.0,0.0
noise_taxonomy,6,critical_cell_entropy,8,24,12,64,mixed,symmetric,0.02,uniform,0.7083333333333334,0.2916666666666667,1.0872622665107263,65.0872622665107,8.0,0.0
noise_taxonomy,6,contact_equivalence,4,24,12,64,mixed,symmetric,0.02,uniform,0.875,0.125,0.44131553612968893,64.44131553612966,4.0,0.0
noise_taxonomy,6,contact_equivalence,6,24,12,64,mixed,symmetric,0.02,uniform,0.9583333333333334,0.041666666666666664,0.19687278359148896,64.1968727835915,6.0,0.0
noise_taxonomy,6,contact_equivalence,8,24,12,64,mixed,symmetric,0.02,uniform,1.0,0.0,0.01595086287334673,64.01595086287335,8.0,0.0
noise_taxonomy,6,expected_regret,4,24,12,64,mixed,symmetric,0.02,uniform,0.75,0.25,0.7960093144297987,64.79600931442981,4.0,0.0
noise_taxonomy,6,expected_regret,6,24,12,64,mixed,symmetric,0.02,uniform,1.0,0.0,0.22144822042392495,64.22144822042392,6.0,0.0
noise_taxonomy,6,expected_regret,8,24,12,64,mixed,symmetric,0.02,uniform,1.0,0.0,0.050791131318276846,64.05079113131826,8.0,0.0
noise_taxonomy,6,sampled_equivalence,4,24,12,64,mixed,symmetric,0.02,uniform,0.8333333333333334,0.16666666666666666,0.512764829628805,64.5127648296288,4.0,0.0
noise_taxonomy,6,sampled_equivalence,6,24,12,64,mixed,symmetric,0.02,uniform,0.9166666666666666,0.08333333333333333,0.1690725097431266,64.16907250974313,6.0,0.0
noise_taxonomy,6,sampled_equivalence,8,24,12,64,mixed,symmetric,0.02,uniform,1.0,0.0,0.037496962456467976,64.03749696245646,8.0,0.0
noise_taxonomy,7,dense_contact_only,4,24,12,64,mixed,symmetric,0.02,uniform,0.9583333333333334,0.041666666666666664,0.3814827528130456,64.38148275281306,4.0,0.0
noise_taxonomy,7,dense_contact_only,6,24,12,64,mixed,symmetric,0.02,uniform,0.9583333333333334,0.041666666666666664,0.08340541447463334,64.08340541447464,6.0,0.0
noise_taxonomy,7,dense_contact_only,8,24,12,64,mixed,symmetric,0.02,uniform,1.0,0.0,0.00621307297437269,64.0062130729744,8.0,0.0
noise_taxonomy,7,critical_cell_entropy,4,24,12,64,mixed,symmetric,0.02,uniform,0.16666666666666666,0.8333333333333334,2.538083940527005,66.53808394052703,4.0,0.0
noise_taxonomy,7,critical_cell_entropy,6,24,12,64,mixed,symmetric,0.02,uniform,0.5,0.5,1.6263115212027737,65.62631152120277,6.0,0.0
noise_taxonomy,7,critical_cell_entropy,8,24,12,64,mixed,symmetric,0.02,uniform,0.625,0.375,0.9038838276032884,64.90388382760327,8.0,0.0
noise_taxonomy,7,contact_equivalence,4,24,12,64,mixed,symmetric,0.02,uniform,0.9166666666666666,0.08333333333333333,0.4365570690616362,64.43655706906164,4.0,0.0
noise_taxonomy,7,contact_equivalence,6,24,12,64,mixed,symmetric,0.02,uniform,0.9583333333333334,0.041666666666666664,0.1012860313510972,64.10128603135111,6.0,0.0
noise_taxonomy,7,contact_equivalence,8,24,12,64,mixed,symmetric,0.02,uniform,1.0,0.0,0.006178006850478094,64.00617800685049,8.0,0.0
noise_taxonomy,7,expected_regret,4,24,12,64,mixed,symmetric,0.02,uniform,0.75,0.25,0.7627464061967854,64.7627464061968,4.0,0.0
noise_taxonomy,7,expected_regret,6,24,12,64,mixed,symmetric,0.02,uniform,0.9583333333333334,0.041666666666666664,0.29438739257672253,64.29438739257672,6.0,0.0
noise_taxonomy,7,expected_regret,8,24,12,64,mixed,symmetric,0.02,uniform,0.9583333333333334,0.041666666666666664,0.09719203296760197,64.0971920329676,8.0,0.0
noise_taxonomy,7,sampled_equivalence,4,24,12,64,mixed,symmetric,0.02,uniform,1.0,0.0,0.27176095147685403,64.27176095147685,4.0,0.0
noise_taxonomy,7,sampled_equivalence,6,24,12,64,mixed,symmetric,0.02,uniform,0.9583333333333334,0.041666666666666664,0.14218050366776083,64.14218050366775,6.0,0.0
noise_taxonomy,7,sampled_equivalence,8,24,12,64,mixed,symmetric,0.02,uniform,1.0,0.0,0.039338240665386465,64.0393382406654,8.0,0.0
noise_taxonomy,8,dense_contact_only,4,24,12,64,mixed,symmetric,0.02,uniform,0.9583333333333334,0.041666666666666664,0.2723219455914166,64.27232194559141,4.0,0.0
noise_taxonomy,8,dense_contact_only,6,24,12,64,mixed,symmetric,0.02,uniform,1.0,0.0,0.04758111620328951,64.0475811162033,6.0,0.0
noise_taxonomy,8,dense_contact_only,8,24,12,64,mixed,symmetric,0.02,uniform,1.0,0.0,9.296510386014202e-05,64.00009296510387,8.0,0.0
noise_taxonomy,8,critical_cell_entropy,4,24,12,64,mixed,symmetric,0.02,uniform,0.4583333333333333,0.5416666666666666,2.3017112420183485,66.30171124201836,4.0,0.0
noise_taxonomy,8,critical_cell_entropy,6,24,12,64,mixed,symmetric,0.02,uniform,0.4583333333333333,0.5416666666666666,1.6550290338961149,65.6550290338961,6.0,0.0
noise_taxonomy,8,critical_cell_entropy,8,24,12,64,mixed,symmetric,0.02,uniform,0.5833333333333334,0.4166666666666667,1.0872622665107265,65.0872622665107,8.0,0.0
noise_taxonomy,8,contact_equivalence,4,24,12,64,mixed,symmetric,0.02,uniform,0.9166666666666666,0.08333333333333333,0.31414412920234364,64.31414412920233,4.0,0.0
noise_taxonomy,8,contact_equivalence,6,24,12,64,mixed,symmetric,0.02,uniform,0.9583333333333334,0.041666666666666664,0.0901264109120297,64.09012641091205,6.0,0.0
noise_taxonomy,8,contact_equivalence,8,24,12,64,mixed,symmetric,0.02,uniform,1.0,0.0,0.0013789078137292528,64.00137890781372,8.0,0.0
noise_taxonomy,8,expected_regret,4,24,12,64,mixed,symmetric,0.02,uniform,0.75,0.25,0.8089254811579515,64.80892548115798,4.0,0.0
noise_taxonomy,8,expected_regret,6,24,12,64,mixed,symmetric,0.02,uniform,0.9583333333333334,0.041666666666666664,0.38025293370692387,64.3802529337069,6.0,0.0
noise_taxonomy,8,expected_regret,8,24,12,64,mixed,symmetric,0.02,uniform,0.9583333333333334,0.041666666666666664,0.15809290509865007,64.15809290509866,8.0,0.0
noise_taxonomy,8,sampled_equivalence,4,24,12,64,mixed,symmetric,0.02,uniform,0.9166666666666666,0.08333333333333333,0.6508917455630868,64.65089174556309,4.0,0.0
noise_taxonomy,8,sampled_equivalence,6,24,12,64,mixed,symmetric,0.02,uniform,0.9166666666666666,0.08333333333333333,0.21687765105567666,64.21687765105567,6.0,0.0
noise_taxonomy,8,sampled_equivalence,8,24,12,64,mixed,symmetric,0.02,uniform,0.9583333333333334,0.041666666666666664,0.19367853362549958,64.19367853362552,8.0,0.0
noise_taxonomy,9,dense_contact_only,4,24,12,64,mixed,symmetric,0.02,uniform,0.9166666666666666,0.08333333333333333,0.33039303431407796,64.3303930343141,4.0,0.0
noise_taxonomy,9,dense_contact_only,6,24,12,64,mixed,symmetric,0.02,uniform,0.9166666666666666,0.08333333333333333,0.10893106800400677,64.10893106800403,6.0,0.0
noise_taxonomy,9,dense_contact_only,8,24,12,64,mixed,symmetric,0.02,uniform,0.9583333333333334,0.041666666666666664,0.08623876212735004,64.08623876212737,8.0,0.0
noise_taxonomy,9,critical_cell_entropy,4,24,12,64,mixed,symmetric,0.02,uniform,0.4166666666666667,0.5833333333333334,2.323491047091923,66.32349104709193,4.0,0.0
noise_taxonomy,9,critical_cell_entropy,6,24,12,64,mixed,symmetric,0.02,uniform,0.5416666666666666,0.4583333333333333,1.8698986549876928,65.86989865498768,6.0,0.0
noise_taxonomy,9,critical_cell_entropy,8,24,12,64,mixed,symmetric,0.02,uniform,0.6666666666666666,0.3333333333333333,1.1994737482634452,65.19947374826343,8.0,0.0
noise_taxonomy,9,contact_equivalence,4,24,12,64,mixed,symmetric,0.02,uniform,0.9583333333333334,0.041666666666666664,0.19206784790011547,64.19206784790013,4.0,0.0
noise_taxonomy,9,contact_equivalence,6,24,12,64,mixed,symmetric,0.02,uniform,1.0,0.0,0.006426162237773537,64.00642616223779,6.0,0.0
noise_taxonomy,9,contact_equivalence,8,24,12,64,mixed,symmetric,0.02,uniform,1.0,0.0,0.006364814978196583,64.00636481497821,8.0,0.0
noise_taxonomy,9,expected_regret,4,24,12,64,mixed,symmetric,0.02,uniform,0.875,0.125,0.822107480566613,64.82210748056663,4.0,0.0
noise_taxonomy,9,expected_regret,6,24,12,64,mixed,symmetric,0.02,uniform,0.9583333333333334,0.041666666666666664,0.4158394587051136,64.41583945870511,6.0,0.0
noise_taxonomy,9,expected_regret,8,24,12,64,mixed,symmetric,0.02,uniform,1.0,0.0,0.13287803381542787,64.13287803381543,8.0,0.0
noise_taxonomy,9,sampled_equivalence,4,24,12,64,mixed,symmetric,0.02,uniform,0.9166666666666666,0.08333333333333333,0.32416549849674264,64.32416549849674,4.0,0.0
noise_taxonomy,9,sampled_equivalence,6,24,12,64,mixed,symmetric,0.02,uniform,0.9583333333333334,0.041666666666666664,0.10835044186207059,64.10835044186206,6.0,0.0
noise_taxonomy,9,sampled_equivalence,8,24,12,64,mixed,symmetric,0.02,uniform,1.0,0.0,0.016347471773593455,64.01634747177363,8.0,0.0
noise_taxonomy,0,dense_contact_only,4,24,12,64,mixed,symmetric,0.05,uniform,0.7083333333333334,0.2916666666666667,1.0228654337801382,65.02286543378013,4.0,0.0
noise_taxonomy,0,dense_contact_only,6,24,12,64,mixed,symmetric,0.05,uniform,0.7916666666666666,0.20833333333333334,0.4596460691718478,64.45964606917184,6.0,0.0
noise_taxonomy,0,dense_contact_only,8,24,12,64,mixed,symmetric,0.05,uniform,1.0,0.0,0.08511928645123183,64.08511928645125,8.0,0.0
noise_taxonomy,0,critical_cell_entropy,4,24,12,64,mixed,symmetric,0.05,uniform,0.4166666666666667,0.5833333333333334,2.508659828367794,66.50865982836781,4.0,0.0
noise_taxonomy,0,critical_cell_entropy,6,24,12,64,mixed,symmetric,0.05,uniform,0.6666666666666666,0.3333333333333333,2.0308424122377313,66.03084241223773,6.0,0.0
noise_taxonomy,0,critical_cell_entropy,8,24,12,64,mixed,symmetric,0.05,uniform,0.5416666666666666,0.4583333333333333,1.5993347190213905,65.59933471902139,8.0,0.0
noise_taxonomy,0,contact_equivalence,4,24,12,64,mixed,symmetric,0.05,uniform,0.8333333333333334,0.16666666666666666,0.8907557505216891,64.89075575052168,4.0,0.0
noise_taxonomy,0,contact_equivalence,6,24,12,64,mixed,symmetric,0.05,uniform,0.75,0.25,0.6857821521107574,64.68578215211075,6.0,0.0
noise_taxonomy,0,contact_equivalence,8,24,12,64,mixed,symmetric,0.05,uniform,0.9166666666666666,0.08333333333333333,0.23721656735933705,64.23721656735931,8.0,0.0
noise_taxonomy,0,expected_regret,4,24,12,64,mixed,symmetric,0.05,uniform,0.7083333333333334,0.2916666666666667,1.165543792014746,65.16554379201476,4.0,0.0
noise_taxonomy,0,expected_regret,6,24,12,64,mixed,symmetric,0.05,uniform,0.8333333333333334,0.16666666666666666,0.5701708933362549,64.57017089333625,6.0,0.0
noise_taxonomy,0,expected_regret,8,24,12,64,mixed,symmetric,0.05,uniform,0.8333333333333334,0.16666666666666666,0.21741691658465753,64.21741691658465,8.0,0.0
noise_taxonomy,0,sampled_equivalence,4,24,12,64,mixed,symmetric,0.05,uniform,0.7916666666666666,0.20833333333333334,0.840396396472198,64.8403963964722,4.0,0.0
noise_taxonomy,0,sampled_equivalence,6,24,12,64,mixed,symmetric,0.05,uniform,0.9166666666666666,0.08333333333333333,0.3112102539010617,64.31121025390107,6.0,0.0
noise_taxonomy,0,sampled_equivalence,8,24,12,64,mixed,symmetric,0.05,uniform,0.9583333333333334,0.041666666666666664,0.09696925815572917,64.09696925815574,8.0,0.0
noise_taxonomy,1,dense_contact_only,4,24,12,64,mixed,symmetric,0.05,uniform,0.6666666666666666,0.3333333333333333,1.2287614030031684,65.22876140300316,4.0,0.0
noise_taxonomy,1,dense_contact_only,6,24,12,64,mixed,symmetric,0.05,uniform,0.7083333333333334,0.2916666666666667,0.7011984470511526,64.70119844705115,6.0,0.0
noise_taxonomy,1,dense_contact_only,8,24,12,64,mixed,symmetric,0.05,uniform,0.8333333333333334,0.16666666666666666,0.4819486983661215,64.48194869836614,8.0,0.0
noise_taxonomy,1,critical_cell_entropy,4,24,12,64,mixed,symmetric,0.05,uniform,0.375,0.625,2.592103546784816,66.59210354678481,4.0,0.0
noise_taxonomy,1,critical_cell_entropy,6,24,12,64,mixed,symmetric,0.05,uniform,0.5416666666666666,0.4583333333333333,2.244377241851257,66.24437724185127,6.0,0.0
noise_taxonomy,1,critical_cell_entropy,8,24,12,64,mixed,symmetric,0.05,uniform,0.4166666666666667,0.5833333333333334,1.9658547177550905,65.96585471775508,8.0,0.0
noise_taxonomy,1,contact_equivalence,4,24,12,64,mixed,symmetric,0.05,uniform,0.8333333333333334,0.16666666666666666,0.6529539427160919,64.65295394271608,4.0,0.0
noise_taxonomy,1,contact_equivalence,6,24,12,64,mixed,symmetric,0.05,uniform,0.9583333333333334,0.041666666666666664,0.237014723713313,64.2370147237133,6.0,0.0
noise_taxonomy,1,contact_equivalence,8,24,12,64,mixed,symmetric,0.05,uniform,0.9583333333333334,0.041666666666666664,0.017975127585393543,64.0179751275854,8.0,0.0
noise_taxonomy,1,expected_regret,4,24,12,64,mixed,symmetric,0.05,uniform,0.75,0.25,1.1747426592614854,65.1747426592615,4.0,0.0
noise_taxonomy,1,expected_regret,6,24,12,64,mixed,symmetric,0.05,uniform,0.9166666666666666,0.08333333333333333,0.7023133761822097,64.7023133761822,6.0,0.0
noise_taxonomy,1,expected_regret,8,24,12,64,mixed,symmetric,0.05,uniform,1.0,0.0,0.2915733195762959,64.29157331957629,8.0,0.0
noise_taxonomy,1,sampled_equivalence,4,24,12,64,mixed,symmetric,0.05,uniform,0.75,0.25,1.0595652061599576,65.05956520615997,4.0,0.0
noise_taxonomy,1,sampled_equivalence,6,24,12,64,mixed,symmetric,0.05,uniform,0.875,0.125,0.6532109062029187,64.65321090620293,6.0,0.0
noise_taxonomy,1,sampled_equivalence,8,24,12,64,mixed,symmetric,0.05,uniform,0.9166666666666666,0.08333333333333333,0.2625674112362152,64.2625674112362,8.0,0.0
noise_taxonomy,2,dense_contact_only,4,24,12,64,mixed,symmetric,0.05,uniform,0.8333333333333334,0.16666666666666666,0.7050921343755631,64.70509213437555,4.0,0.0
noise_taxonomy,2,dense_contact_only,6,24,12,64,mixed,symmetric,0.05,uniform,0.9583333333333334,0.041666666666666664,0.3757416050040439,64.37574160500402,6.0,0.0
noise_taxonomy,2,dense_contact_only,8,24,12,64,mixed,symmetric,0.05,uniform,0.9166666666666666,0.08333333333333333,0.22690080668402043,64.22690080668401,8.0,0.0
noise_taxonomy,2,critical_cell_entropy,4,24,12,64,mixed,symmetric,0.05,uniform,0.125,0.875,2.5549508137377104,66.55495081373772,4.0,0.0
noise_taxonomy,2,critical_cell_entropy,6,24,12,64,mixed,symmetric,0.05,uniform,0.25,0.75,2.1603434205247454,66.16034342052474,6.0,0.0
noise_taxonomy,2,critical_cell_entropy,8,24,12,64,mixed,symmetric,0.05,uniform,0.4583333333333333,0.5416666666666666,1.6994890841899755,65.69948908418998,8.0,0.0
noise_taxonomy,2,contact_equivalence,4,24,12,64,mixed,symmetric,0.05,uniform,0.6666666666666666,0.3333333333333333,0.9536956709989844,64.95369567099898,4.0,0.0
noise_taxonomy,2,contact_equivalence,6,24,12,64,mixed,symmetric,0.05,uniform,0.9583333333333334,0.041666666666666664,0.5711538834559761,64.57115388345596,6.0,0.0
noise_taxonomy,2,contact_equivalence,8,24,12,64,mixed,symmetric,0.05,uniform,0.9583333333333334,0.041666666666666664,0.09919667566408119,64.09919667566409,8.0,0.0
noise_taxonomy,2,expected_regret,4,24,12,64,mixed,symmetric,0.05,uniform,0.75,0.25,1.0044829094158552,65.00448290941587,4.0,0.0
noise_taxonomy,2,expected_regret,6,24,12,64,mixed,symmetric,0.05,uniform,1.0,0.0,0.5332013434550085,64.533201343455,6.0,0.0
noise_taxonomy,2,expected_regret,8,24,12,64,mixed,symmetric,0.05,uniform,0.875,0.125,0.24977803865381287,64.24977803865382,8.0,0.0
noise_taxonomy,2,sampled_equivalence,4,24,12,64,mixed,symmetric,0.05,uniform,0.875,0.125,0.7986423585301177,64.79864235853012,4.0,0.0
noise_taxonomy,2,sampled_equivalence,6,24,12,64,mixed,symmetric,0.05,uniform,0.9166666666666666,0.08333333333333333,0.35175559879475493,64.35175559879477,6.0,0.0
noise_taxonomy,2,sampled_equivalence,8,24,12,64,mixed,symmetric,0.05,uniform,1.0,0.0,0.10547633031876803,64.10547633031878,8.0,0.0
noise_taxonomy,3,dense_contact_only,4,24,12,64,mixed,symmetric,0.05,uniform,0.875,0.125,0.7571158644717607,64.75711586447176,4.0,0.0
noise_taxonomy,3,dense_contact_only,6,24,12,64,mixed,symmetric,0.05,uniform,1.0,0.0,0.20450771322379635,64.20450771322379,6.0,0.0
noise_taxonomy,3,dense_contact_only,8,24,12,64,mixed,symmetric,0.05,uniform,1.0,0.0,0.02295909978509177,64.02295909978508,8.0,0.0
noise_taxonomy,3,critical_cell_entropy,4,24,12,64,mixed,symmetric,0.05,uniform,0.5416666666666666,0.4583333333333333,2.2595281206284543,66.25952812062846,4.0,0.0
noise_taxonomy,3,critical_cell_entropy,6,24,12,64,mixed,symmetric,0.05,uniform,0.7083333333333334,0.2916666666666667,1.6924069427335204,65.69240694273351,6.0,0.0
noise_taxonomy,3,critical_cell_entropy,8,24,12,64,mixed,symmetric,0.05,uniform,0.7916666666666666,0.20833333333333334,1.2942686487852486,65.29426864878526,8.0,0.0
noise_taxonomy,3,contact_equivalence,4,24,12,64,mixed,symmetric,0.05,uniform,0.7916666666666666,0.20833333333333334,0.9005939672117629,64.90059396721176,4.0,0.0
noise_taxonomy,3,contact_equivalence,6,24,12,64,mixed,symmetric,0.05,uniform,0.875,0.125,0.3482821484989766,64.34828214849897,6.0,0.0
noise_taxonomy,3,contact_equivalence,8,24,12,64,mixed,symmetric,0.05,uniform,0.9583333333333334,0.041666666666666664,0.1400106744636319,64.14001067446362,8.0,0.0
noise_taxonomy,3,expected_regret,4,24,12,64,mixed,symmetric,0.05,uniform,0.7083333333333334,0.2916666666666667,1.1137869690332585,65.11378696903326,4.0,0.0
noise_taxonomy,3,expected_regret,6,24,12,64,mixed,symmetric,0.05,uniform,0.8333333333333334,0.16666666666666666,0.4055687618639145,64.40556876186392,6.0,0.0
noise_taxonomy,3,expected_regret,8,24,12,64,mixed,symmetric,0.05,uniform,0.9583333333333334,0.041666666666666664,0.15354613612245624,64.15354613612247,8.0,0.0
noise_taxonomy,3,sampled_equivalence,4,24,12,64,mixed,symmetric,0.05,uniform,0.8333333333333334,0.16666666666666666,1.037174278144322,65.03717427814432,4.0,0.0
noise_taxonomy,3,sampled_equivalence,6,24,12,64,mixed,symmetric,0.05,uniform,0.875,0.125,0.40993952370097353,64.40993952370097,6.0,0.0
noise_taxonomy,3,sampled_equivalence,8,24,12,64,mixed,symmetric,0.05,uniform,0.9583333333333334,0.041666666666666664,0.104478710037281,64.10447871003728,8.0,0.0
noise_taxonomy,4,dense_contact_only,4,24,12,64,mixed,symmetric,0.05,uniform,0.75,0.25,1.083346663166114,65.0833466631661,4.0,0.0
noise_taxonomy,4,dense_contact_only,6,24,12,64,mixed,symmetric,0.05,uniform,0.8333333333333334,0.16666666666666666,0.5740335192591657,64.57403351925917,6.0,0.0
noise_taxonomy,4,dense_contact_only,8,24,12,64,mixed,symmetric,0.05,uniform,1.0,0.0,0.08087228803248532,64.0808722880325,8.0,0.0
noise_taxonomy,4,critical_cell_entropy,4,24,12,64,mixed,symmetric,0.05,uniform,0.4583333333333333,0.5416666666666666,2.6103800514304374,66.61038005143045,4.0,0.0
noise_taxonomy,4,critical_cell_entropy,6,24,12,64,mixed,symmetric,0.05,uniform,0.5,0.5,2.1714767789687506,66.17147677896875,6.0,0.0
noise_taxonomy,4,critical_cell_entropy,8,24,12,64,mixed,symmetric,0.05,uniform,0.6666666666666666,0.3333333333333333,1.7343001832381038,65.7343001832381,8.0,0.0
noise_taxonomy,4,contact_equivalence,4,24,12,64,mixed,symmetric,0.05,uniform,0.875,0.125,0.6258309043193915,64.62583090431939,4.0,0.0
noise_taxonomy,4,contact_equivalence,6,24,12,64,mixed,symmetric,0.05,uniform,0.9166666666666666,0.08333333333333333,0.27019326364811197,64.2701932636481,6.0,0.0
noise_taxonomy,4,contact_equivalence,8,24,12,64,mixed,symmetric,0.05,uniform,0.9583333333333334,0.041666666666666664,0.3009696923882494,64.30096969238825,8.0,0.0
noise_taxonomy,4,expected_regret,4,24,12,64,mixed,symmetric,0.05,uniform,0.8333333333333334,0.16666666666666666,1.1339517524696987,65.13395175246971,4.0,0.0
noise_taxonomy,4,expected_regret,6,24,12,64,mixed,symmetric,0.05,uniform,0.9166666666666666,0.08333333333333333,0.4737614599386035,64.47376145993859,6.0,0.0
noise_taxonomy,4,expected_regret,8,24,12,64,mixed,symmetric,0.05,uniform,0.9583333333333334,0.041666666666666664,0.16548734968060655,64.16548734968059,8.0,0.0
noise_taxonomy,4,sampled_equivalence,4,24,12,64,mixed,symmetric,0.05,uniform,0.75,0.25,0.8966251723407553,64.89662517234076,4.0,0.0
noise_taxonomy,4,sampled_equivalence,6,24,12,64,mixed,symmetric,0.05,uniform,0.875,0.125,0.5973865085426834,64.5973865085427,6.0,0.0
noise_taxonomy,4,sampled_equivalence,8,24,12,64,mixed,symmetric,0.05,uniform,0.875,0.125,0.1982509259252133,64.19825092592522,8.0,0.0
noise_taxonomy,5,dense_contact_only,4,24,12,64,mixed,symmetric,0.05,uniform,0.75,0.25,0.7809457305339689,64.78094573053396,4.0,0.0
noise_taxonomy,5,dense_contact_only,6,24,12,64,mixed,symmetric,0.05,uniform,0.9583333333333334,0.041666666666666664,0.43485210342306185,64.43485210342305,6.0,0.0
noise_taxonomy,5,dense_contact_only,8,24,12,64,mixed,symmetric,0.05,uniform,0.9583333333333334,0.041666666666666664,0.12037030928745325,64.12037030928747,8.0,0.0
noise_taxonomy,5,critical_cell_entropy,4,24,12,64,mixed,symmetric,0.05,uniform,0.20833333333333334,0.7916666666666666,2.5549508137377104,66.55495081373772,4.0,0.0
noise_taxonomy,5,critical_cell_entropy,6,24,12,64,mixed,symmetric,0.05,uniform,0.375,0.625,2.060387142145345,66.06038714214534,6.0,0.0
noise_taxonomy,5,critical_cell_entropy,8,24,12,64,mixed,symmetric,0.05,uniform,0.625,0.375,1.5450113802604557,65.54501138026046,8.0,0.0
noise_taxonomy,5,contact_equivalence,4,24,12,64,mixed,symmetric,0.05,uniform,0.8333333333333334,0.16666666666666666,1.0065825076504265,65.00658250765042,4.0,0.0
noise_taxonomy,5,contact_equivalence,6,24,12,64,mixed,symmetric,0.05,uniform,0.8333333333333334,0.16666666666666666,0.46784148241369167,64.46784148241368,6.0,0.0
noise_taxonomy,5,contact_equivalence,8,24,12,64,mixed,symmetric,0.05,uniform,1.0,0.0,0.10797163638248443,64.10797163638249,8.0,0.0
noise_taxonomy,5,expected_regret,4,24,12,64,mixed,symmetric,0.05,uniform,0.75,0.25,1.1404934457754303,65.14049344577543,4.0,0.0
noise_taxonomy,5,expected_regret,6,24,12,64,mixed,symmetric,0.05,uniform,0.9583333333333334,0.041666666666666664,0.5671332293589592,64.56713322935896,6.0,0.0
noise_taxonomy,5,expected_regret,8,24,12,64,mixed,symmetric,0.05,uniform,0.9583333333333334,0.041666666666666664,0.2062117018088865,64.20621170180888,8.0,0.0
noise_taxonomy,5,sampled_equivalence,4,24,12,64,mixed,symmetric,0.05,uniform,0.75,0.25,0.8960275579354304,64.89602755793543,4.0,0.0
noise_taxonomy,5,sampled_equivalence,6,24,12,64,mixed,symmetric,0.05,uniform,0.8333333333333334,0.16666666666666666,0.6047774575119398,64.60477745751193,6.0,0.0
noise_taxonomy,5,sampled_equivalence,8,24,12,64,mixed,symmetric,0.05,uniform,1.0,0.0,0.179790942552546,64.17979094255254,8.0,0.0
noise_taxonomy,6,dense_contact_only,4,24,12,64,mixed,symmetric,0.05,uniform,0.9583333333333334,0.041666666666666664,0.6937056639945941,64.69370566399459,4.0,0.0
noise_taxonomy,6,dense_contact_only,6,24,12,64,mixed,symmetric,0.05,uniform,0.9166666666666666,0.08333333333333333,0.2356520213370643,64.23565202133707,6.0,0.0
noise_taxonomy,6,dense_contact_only,8,24,12,64,mixed,symmetric,0.05,uniform,1.0,0.0,0.020919078329383455,64.02091907832938,8.0,0.0
noise_taxonomy,6,critical_cell_entropy,4,24,12,64,mixed,symmetric,0.05,uniform,0.25,0.75,2.674947541445975,66.674947541446,4.0,0.0
noise_taxonomy,6,critical_cell_entropy,6,24,12,64,mixed,symmetric,0.05,uniform,0.5,0.5,2.201210239088919,66.20121023908892,6.0,0.0
noise_taxonomy,6,critical_cell_entropy,8,24,12,64,mixed,symmetric,0.05,uniform,0.625,0.375,1.6799768444771697,65.67997684447717,8.0,0.0
noise_taxonomy,6,contact_equivalence,4,24,12,64,mixed,symmetric,0.05,uniform,0.8333333333333334,0.16666666666666666,0.7045695287381076,64.7045695287381,4.0,0.0
noise_taxonomy,6,contact_equivalence,6,24,12,64,mixed,symmetric,0.05,uniform,0.8333333333333334,0.16666666666666666,0.37700136109995275,64.37700136109994,6.0,0.0
noise_taxonomy,6,contact_equivalence,8,24,12,64,mixed,symmetric,0.05,uniform,0.875,0.125,0.355433355236608,64.35543335523661,8.0,0.0
noise_taxonomy,6,expected_regret,4,24,12,64,mixed,symmetric,0.05,uniform,0.75,0.25,1.2000523487536539,65.20005234875367,4.0,0.0
noise_taxonomy,6,expected_regret,6,24,12,64,mixed,symmetric,0.05,uniform,0.9166666666666666,0.08333333333333333,0.5206060271044881,64.52060602710448,6.0,0.0
noise_taxonomy,6,expected_regret,8,24,12,64,mixed,symmetric,0.05,uniform,0.9166666666666666,0.08333333333333333,0.2703461335577519,64.27034613355775,8.0,0.0
noise_taxonomy,6,sampled_equivalence,4,24,12,64,mixed,symmetric,0.05,uniform,0.7916666666666666,0.20833333333333334,1.1292032185344816,65.1292032185345,4.0,0.0
noise_taxonomy,6,sampled_equivalence,6,24,12,64,mixed,symmetric,0.05,uniform,0.7916666666666666,0.20833333333333334,0.5938805602113731,64.59388056021137,6.0,0.0
noise_taxonomy,6,sampled_equivalence,8,24,12,64,mixed,symmetric,0.05,uniform,0.9583333333333334,0.041666666666666664,0.17547078378468892,64.1754707837847,8.0,0.0
noise_taxonomy,7,dense_contact_only,4,24,12,64,mixed,symmetric,0.05,uniform,0.7916666666666666,0.20833333333333334,1.3136581439510369,65.31365814395103,4.0,0.0
noise_taxonomy,7,dense_contact_only,6,24,12,64,mixed,symmetric,0.05,uniform,0.875,0.125,0.5596313076478149,64.55963130764782,6.0,0.0
noise_taxonomy,7,dense_contact_only,8,24,12,64,mixed,symmetric,0.05,uniform,0.9583333333333334,0.041666666666666664,0.18418986232236556,64.18418986232237,8.0,0.0
noise_taxonomy,7,critical_cell_entropy,4,24,12,64,mixed,symmetric,0.05,uniform,0.2916666666666667,0.7083333333333334,2.5458125614148996,66.54581256141492,4.0,0.0
noise_taxonomy,7,critical_cell_entropy,6,24,12,64,mixed,symmetric,0.05,uniform,0.4583333333333333,0.5416666666666666,2.017031409170452,66.01703140917046,6.0,0.0
noise_taxonomy,7,critical_cell_entropy,8,24,12,64,mixed,symmetric,0.05,uniform,0.5,0.5,1.6926825372079366,65.69268253720794,8.0,0.0
noise_taxonomy,7,contact_equivalence,4,24,12,64,mixed,symmetric,0.05,uniform,0.8333333333333334,0.16666666666666666,0.8077026165907132,64.8077026165907,4.0,0.0
noise_taxonomy,7,contact_equivalence,6,24,12,64,mixed,symmetric,0.05,uniform,0.875,0.125,0.38908910105496647,64.38908910105496,6.0,0.0
noise_taxonomy,7,contact_equivalence,8,24,12,64,mixed,symmetric,0.05,uniform,1.0,0.0,0.12302479522619857,64.12302479522621,8.0,0.0
noise_taxonomy,7,expected_regret,4,24,12,64,mixed,symmetric,0.05,uniform,0.5,0.5,1.1470556751124807,65.14705567511248,4.0,0.0
noise_taxonomy,7,expected_regret,6,24,12,64,mixed,symmetric,0.05,uniform,0.875,0.125,0.6117818086039207,64.61178180860391,6.0,0.0
noise_taxonomy,7,expected_regret,8,24,12,64,mixed,symmetric,0.05,uniform,0.9166666666666666,0.08333333333333333,0.36950828533088703,64.36950828533087,8.0,0.0
noise_taxonomy,7,sampled_equivalence,4,24,12,64,mixed,symmetric,0.05,uniform,0.7083333333333334,0.2916666666666667,0.8543900535880417,64.85439005358803,4.0,0.0
noise_taxonomy,7,sampled_equivalence,6,24,12,64,mixed,symmetric,0.05,uniform,0.9166666666666666,0.08333333333333333,0.4545260676803425,64.45452606768033,6.0,0.0
noise_taxonomy,7,sampled_equivalence,8,24,12,64,mixed,symmetric,0.05,uniform,1.0,0.0,0.1006241798933532,64.10062417989336,8.0,0.0
noise_taxonomy,8,dense_contact_only,4,24,12,64,mixed,symmetric,0.05,uniform,0.7916666666666666,0.20833333333333334,1.0819279920029843,65.08192799200297,4.0,0.0
noise_taxonomy,8,dense_contact_only,6,24,12,64,mixed,symmetric,0.05,uniform,0.8333333333333334,0.16666666666666666,0.5353796009694602,64.53537960096946,6.0,0.0
noise_taxonomy,8,dense_contact_only,8,24,12,64,mixed,symmetric,0.05,uniform,0.875,0.125,0.46199758780041117,64.4619975878004,8.0,0.0
noise_taxonomy,8,critical_cell_entropy,4,24,12,64,mixed,symmetric,0.05,uniform,0.5,0.5,2.453230590675067,66.45323059067506,4.0,0.0
noise_taxonomy,8,critical_cell_entropy,6,24,12,64,mixed,symmetric,0.05,uniform,0.5,0.5,1.930697403645775,65.93069740364577,6.0,0.0
noise_taxonomy,8,critical_cell_entropy,8,24,12,64,mixed,symmetric,0.05,uniform,0.5416666666666666,0.4583333333333333,1.4835574517628967,65.4835574517629,8.0,0.0
noise_taxonomy,8,contact_equivalence,4,24,12,64,mixed,symmetric,0.05,uniform,0.8333333333333334,0.16666666666666666,0.7869455930603935,64.78694559306037,4.0,0.0
noise_taxonomy,8,contact_equivalence,6,24,12,64,mixed,symmetric,0.05,uniform,0.9583333333333334,0.041666666666666664,0.328976104636875,64.32897610463688,6.0,0.0
noise_taxonomy,8,contact_equivalence,8,24,12,64,mixed,symmetric,0.05,uniform,1.0,0.0,0.05565634596133118,64.05565634596134,8.0,0.0
noise_taxonomy,8,expected_regret,4,24,12,64,mixed,symmetric,0.05,uniform,0.6666666666666666,0.3333333333333333,1.0394694812799958,65.03946948128001,4.0,0.0
noise_taxonomy,8,expected_regret,6,24,12,64,mixed,symmetric,0.05,uniform,0.7916666666666666,0.20833333333333334,0.6266660234304986,64.6266660234305,6.0,0.0
noise_taxonomy,8,expected_regret,8,24,12,64,mixed,symmetric,0.05,uniform,0.9583333333333334,0.041666666666666664,0.3030450406260689,64.30304504062607,8.0,0.0
noise_taxonomy,8,sampled_equivalence,4,24,12,64,mixed,symmetric,0.05,uniform,0.875,0.125,0.864445966390964,64.86444596639099,4.0,0.0
noise_taxonomy,8,sampled_equivalence,6,24,12,64,mixed,symmetric,0.05,uniform,0.8333333333333334,0.16666666666666666,0.44724898657949663,64.44724898657951,6.0,0.0
noise_taxonomy,8,sampled_equivalence,8,24,12,64,mixed,symmetric,0.05,uniform,0.9166666666666666,0.08333333333333333,0.38672049152251486,64.38672049152252,8.0,0.0
noise_taxonomy,9,dense_contact_only,4,24,12,64,mixed,symmetric,0.05,uniform,0.7916666666666666,0.20833333333333334,0.8092623950564454,64.80926239505645,4.0,0.0
noise_taxonomy,9,dense_contact_only,6,24,12,64,mixed,symmetric,0.05,uniform,0.9166666666666666,0.08333333333333333,0.3239058909454031,64.3239058909454,6.0,0.0
noise_taxonomy,9,dense_contact_only,8,24,12,64,mixed,symmetric,0.05,uniform,0.9583333333333334,0.041666666666666664,0.10923677930738052,64.10923677930738,8.0,0.0
noise_taxonomy,9,critical_cell_entropy,4,24,12,64,mixed,symmetric,0.05,uniform,0.20833333333333334,0.7916666666666666,2.767529512185808,66.76752951218582,4.0,0.0
noise_taxonomy,9,critical_cell_entropy,6,24,12,64,mixed,symmetric,0.05,uniform,0.5,0.5,2.0852805375323054,66.0852805375323,6.0,0.0
noise_taxonomy,9,critical_cell_entropy,8,24,12,64,mixed,symmetric,0.05,uniform,0.5416666666666666,0.4583333333333333,1.6317244281916692,65.63172442819167,8.0,0.0
noise_taxonomy,9,contact_equivalence,4,24,12,64,mixed,symmetric,0.05,uniform,0.875,0.125,0.7189725080340473,64.71897250803404,4.0,0.0
noise_taxonomy,9,contact_equivalence,6,24,12,64,mixed,symmetric,0.05,uniform,0.8333333333333334,0.16666666666666666,0.2887406018949537,64.28874060189496,6.0,0.0
noise_taxonomy,9,contact_equivalence,8,24,12,64,mixed,symmetric,0.05,uniform,0.9583333333333334,0.041666666666666664,0.07051290935001114,64.07051290935001,8.0,0.0
noise_taxonomy,9,expected_regret,4,24,12,64,mixed,symmetric,0.05,uniform,0.625,0.375,1.117277045603282,65.11727704560329,4.0,0.0
noise_taxonomy,9,expected_regret,6,24,12,64,mixed,symmetric,0.05,uniform,0.75,0.25,0.7309775020477534,64.73097750204774,6.0,0.0
noise_taxonomy,9,expected_regret,8,24,12,64,mixed,symmetric,0.05,uniform,0.9166666666666666,0.08333333333333333,0.4105789686400303,64.41057896864004,8.0,0.0
noise_taxonomy,9,sampled_equivalence,4,24,12,64,mixed,symmetric,0.05,uniform,0.7083333333333334,0.2916666666666667,1.062526266093222,65.06252626609323,4.0,0.0
noise_taxonomy,9,sampled_equivalence,6,24,12,64,mixed,symmetric,0.05,uniform,0.75,0.25,0.7014757589090309,64.70147575890906,6.0,0.0
noise_taxonomy,9,sampled_equivalence,8,24,12,64,mixed,symmetric,0.05,uniform,0.9166666666666666,0.08333333333333333,0.34585557973750714,64.34585557973752,8.0,0.0
noise_taxonomy,0,dense_contact_only,4,24,12,64,mixed,symmetric,0.1,uniform,0.5416666666666666,0.4583333333333333,1.7640692293791131,65.7640692293791,4.0,0.0
noise_taxonomy,0,dense_contact_only,6,24,12,64,mixed,symmetric,0.1,uniform,0.7083333333333334,0.2916666666666667,0.9867534254580882,64.98675342545808,6.0,0.0
noise_taxonomy,0,dense_contact_only,8,24,12,64,mixed,symmetric,0.1,uniform,0.9583333333333334,0.041666666666666664,0.4258773697495433,64.42587736974954,8.0,0.0
noise_taxonomy,0,critical_cell_entropy,4,24,12,64,mixed,symmetric,0.1,uniform,0.4166666666666667,0.5833333333333334,2.896379438048679,66.89637943804867,4.0,0.0
noise_taxonomy,0,critical_cell_entropy,6,24,12,64,mixed,symmetric,0.1,uniform,0.5,0.5,2.5042736760849116,66.50427367608495,6.0,0.0
noise_taxonomy,0,critical_cell_entropy,8,24,12,64,mixed,symmetric,0.1,uniform,0.4583333333333333,0.5416666666666666,2.1902713768627042,66.1902713768627,8.0,0.0
noise_taxonomy,0,contact_equivalence,4,24,12,64,mixed,symmetric,0.1,uniform,0.7083333333333334,0.2916666666666667,1.461718778507284,65.46171877850729,4.0,0.0
noise_taxonomy,0,contact_equivalence,6,24,12,64,mixed,symmetric,0.1,uniform,0.625,0.375,1.0890466064181863,65.0890466064182,6.0,0.0
noise_taxonomy,0,contact_equivalence,8,24,12,64,mixed,symmetric,0.1,uniform,0.7916666666666666,0.20833333333333334,0.7182176772462637,64.71821767724626,8.0,0.0
noise_taxonomy,0,expected_regret,4,24,12,64,mixed,symmetric,0.1,uniform,0.5416666666666666,0.4583333333333333,1.7945037050753168,65.79450370507531,4.0,0.0
noise_taxonomy,0,expected_regret,6,24,12,64,mixed,symmetric,0.1,uniform,0.5833333333333334,0.4166666666666667,1.195219015409962,65.19521901540996,6.0,0.0
noise_taxonomy,0,expected_regret,8,24,12,64,mixed,symmetric,0.1,uniform,0.7083333333333334,0.2916666666666667,0.9138908076668802,64.91389080766687,8.0,0.0
noise_taxonomy,0,sampled_equivalence,4,24,12,64,mixed,symmetric,0.1,uniform,0.5416666666666666,0.4583333333333333,1.5985045061215228,65.59850450612153,4.0,0.0
noise_taxonomy,0,sampled_equivalence,6,24,12,64,mixed,symmetric,0.1,uniform,0.6666666666666666,0.3333333333333333,1.0985911671295974,65.09859116712958,6.0,0.0
noise_taxonomy,0,sampled_equivalence,8,24,12,64,mixed,symmetric,0.1,uniform,0.7916666666666666,0.20833333333333334,0.7692721660141792,64.76927216601418,8.0,0.0
noise_taxonomy,1,dense_contact_only,4,24,12,64,mixed,symmetric,0.1,uniform,0.625,0.375,2.0282316628620234,66.02823166286203,4.0,0.0
noise_taxonomy,1,dense_contact_only,6,24,12,64,mixed,symmetric,0.1,uniform,0.5833333333333334,0.4166666666666667,1.2116482918308273,65.21164829183081,6.0,0.0
noise_taxonomy,1,dense_contact_only,8,24,12,64,mixed,symmetric,0.1,uniform,0.75,0.25,1.058981567202567,65.05898156720258,8.0,0.0
noise_taxonomy,1,critical_cell_entropy,4,24,12,64,mixed,symmetric,0.1,uniform,0.2916666666666667,0.7083333333333334,2.8011454187868456,66.80114541878682,4.0,0.0
noise_taxonomy,1,critical_cell_entropy,6,24,12,64,mixed,symmetric,0.1,uniform,0.4583333333333333,0.5416666666666666,2.478512197525645,66.47851219752569,6.0,0.0
noise_taxonomy,1,critical_cell_entropy,8,24,12,64,mixed,symmetric,0.1,uniform,0.4583333333333333,0.5416666666666666,2.221335044917196,66.22133504491717,8.0,0.0
noise_taxonomy,1,contact_equivalence,4,24,12,64,mixed,symmetric,0.1,uniform,0.625,0.375,1.4894508210180695,65.48945082101808,4.0,0.0
noise_taxonomy,1,contact_equivalence,6,24,12,64,mixed,symmetric,0.1,uniform,0.7083333333333334,0.2916666666666667,0.8439688000112132,64.84396880001121,6.0,0.0
noise_taxonomy,1,contact_equivalence,8,24,12,64,mixed,symmetric,0.1,uniform,0.75,0.25,0.5450370567077758,64.54503705670776,8.0,0.0
noise_taxonomy,1,expected_regret,4,24,12,64,mixed,symmetric,0.1,uniform,0.5833333333333334,0.4166666666666667,1.7625098416838194,65.76250984168381,4.0,0.0
noise_taxonomy,1,expected_regret,6,24,12,64,mixed,symmetric,0.1,uniform,0.75,0.25,1.3304041389541488,65.33040413895415,6.0,0.0
noise_taxonomy,1,expected_regret,8,24,12,64,mixed,symmetric,0.1,uniform,0.7916666666666666,0.20833333333333334,0.8626491620744537,64.86264916207445,8.0,0.0
noise_taxonomy,1,sampled_equivalence,4,24,12,64,mixed,symmetric,0.1,uniform,0.5416666666666666,0.4583333333333333,1.7381777894025257,65.73817778940253,4.0,0.0
noise_taxonomy,1,sampled_equivalence,6,24,12,64,mixed,symmetric,0.1,uniform,0.6666666666666666,0.3333333333333333,1.1396643854271629,65.13966438542715,6.0,0.0
noise_taxonomy,1,sampled_equivalence,8,24,12,64,mixed,symmetric,0.1,uniform,0.7916666666666666,0.20833333333333334,0.8012761223496433,64.80127612234963,8.0,0.0
noise_taxonomy,2,dense_contact_only,4,24,12,64,mixed,symmetric,0.1,uniform,0.7083333333333334,0.2916666666666667,1.2233177481151456,65.22331774811515,4.0,0.0
noise_taxonomy,2,dense_contact_only,6,24,12,64,mixed,symmetric,0.1,uniform,0.7916666666666666,0.20833333333333334,0.7258294510089066,64.7258294510089,6.0,0.0
noise_taxonomy,2,dense_contact_only,8,24,12,64,mixed,symmetric,0.1,uniform,0.875,0.125,0.5393461957253627,64.53934619572536,8.0,0.0
noise_taxonomy,2,critical_cell_entropy,4,24,12,64,mixed,symmetric,0.1,uniform,0.16666666666666666,0.8333333333333334,2.8025246535921653,66.80252465359214,4.0,0.0
noise_taxonomy,2,critical_cell_entropy,6,24,12,64,mixed,symmetric,0.1,uniform,0.4583333333333333,0.5416666666666666,2.4105608218454635,66.4105608218455,6.0,0.0
noise_taxonomy,2,critical_cell_entropy,8,24,12,64,mixed,symmetric,0.1,uniform,0.4583333333333333,0.5416666666666666,2.1497165958269853,66.14971659582697,8.0,0.0
noise_taxonomy,2,contact_equivalence,4,24,12,64,mixed,symmetric,0.1,uniform,0.5416666666666666,0.4583333333333333,1.455108887613272,65.45510888761326,4.0,0.0
noise_taxonomy,2,contact_equivalence,6,24,12,64,mixed,symmetric,0.1,uniform,0.9166666666666666,0.08333333333333333,1.0295477163775333,65.02954771637752,6.0,0.0
noise_taxonomy,2,contact_equivalence,8,24,12,64,mixed,symmetric,0.1,uniform,0.9166666666666666,0.08333333333333333,0.32611553255091386,64.3261155325509,8.0,0.0
noise_taxonomy,2,expected_regret,4,24,12,64,mixed,symmetric,0.1,uniform,0.5833333333333334,0.4166666666666667,1.738067493587196,65.73806749358721,4.0,0.0
noise_taxonomy,2,expected_regret,6,24,12,64,mixed,symmetric,0.1,uniform,0.75,0.25,1.3224777536587402,65.32247775365875,6.0,0.0
noise_taxonomy,2,expected_regret,8,24,12,64,mixed,symmetric,0.1,uniform,0.8333333333333334,0.16666666666666666,0.860288811515792,64.86028881151579,8.0,0.0
noise_taxonomy,2,sampled_equivalence,4,24,12,64,mixed,symmetric,0.1,uniform,0.75,0.25,1.4677815701699979,65.46778157016999,4.0,0.0
noise_taxonomy,2,sampled_equivalence,6,24,12,64,mixed,symmetric,0.1,uniform,0.875,0.125,0.7518096336362569,64.75180963363626,6.0,0.0
noise_taxonomy,2,sampled_equivalence,8,24,12,64,mixed,symmetric,0.1,uniform,0.9166666666666666,0.08333333333333333,0.2899822947402791,64.28998229474027,8.0,0.0
noise_taxonomy,3,dense_contact_only,4,24,12,64,mixed,symmetric,0.1,uniform,0.6666666666666666,0.3333333333333333,1.969465680353955,65.96946568035396,4.0,0.0
noise_taxonomy,3,dense_contact_only,6,24,12,64,mixed,symmetric,0.1,uniform,0.7916666666666666,0.20833333333333334,1.0037124638590338,65.003712463859,6.0,0.0
noise_taxonomy,3,dense_contact_only,8,24,12,64,mixed,symmetric,0.1,uniform,0.9583333333333334,0.041666666666666664,0.38353710527300305,64.38353710527299,8.0,0.0
noise_taxonomy,3,critical_cell_entropy,4,24,12,64,mixed,symmetric,0.1,uniform,0.4166666666666667,0.5833333333333334,2.828150530562589,66.82815053056257,4.0,0.0
noise_taxonomy,3,critical_cell_entropy,6,24,12,64,mixed,symmetric,0.1,uniform,0.5833333333333334,0.4166666666666667,2.4284847388691797,66.42848473886922,6.0,0.0
noise_taxonomy,3,critical_cell_entropy,8,24,12,64,mixed,symmetric,0.1,uniform,0.6666666666666666,0.3333333333333333,2.0786305005755965,66.07863050057557,8.0,0.0
noise_taxonomy,3,contact_equivalence,4,24,12,64,mixed,symmetric,0.1,uniform,0.7916666666666666,0.20833333333333334,1.37535319597234,65.37535319597235,4.0,0.0
noise_taxonomy,3,contact_equivalence,6,24,12,64,mixed,symmetric,0.1,uniform,0.8333333333333334,0.16666666666666666,0.6617261310737169,64.6617261310737,6.0,0.0
noise_taxonomy,3,contact_equivalence,8,24,12,64,mixed,symmetric,0.1,uniform,0.875,0.125,0.40788929713556366,64.40788929713555,8.0,0.0
noise_taxonomy,3,expected_regret,4,24,12,64,mixed,symmetric,0.1,uniform,0.5,0.5,2.1624432719454494,66.16244327194545,4.0,0.0
noise_taxonomy,3,expected_regret,6,24,12,64,mixed,symmetric,0.1,uniform,0.5833333333333334,0.4166666666666667,1.6228138057531325,65.62281380575313,6.0,0.0
noise_taxonomy,3,expected_regret,8,24,12,64,mixed,symmetric,0.1,uniform,0.75,0.25,1.223040714040364,65.22304071404035,8.0,0.0
noise_taxonomy,3,sampled_equivalence,4,24,12,64,mixed,symmetric,0.1,uniform,0.75,0.25,1.6284055001282338,65.62840550012824,4.0,0.0
noise_taxonomy,3,sampled_equivalence,6,24,12,64,mixed,symmetric,0.1,uniform,0.7916666666666666,0.20833333333333334,1.1553688960649087,65.1553688960649,6.0,0.0
noise_taxonomy,3,sampled_equivalence,8,24,12,64,mixed,symmetric,0.1,uniform,0.9166666666666666,0.08333333333333333,0.5325197170967872,64.5325197170968,8.0,0.0
noise_taxonomy,4,dense_contact_only,4,24,12,64,mixed,symmetric,0.1,uniform,0.5416666666666666,0.4583333333333333,1.8785002366374541,65.87850023663744,4.0,0.0
noise_taxonomy,4,dense_contact_only,6,24,12,64,mixed,symmetric,0.1,uniform,0.6666666666666666,0.3333333333333333,1.1581288473840803,65.15812884738408,6.0,0.0
noise_taxonomy,4,dense_contact_only,8,24,12,64,mixed,symmetric,0.1,uniform,0.9583333333333334,0.041666666666666664,0.4820711200082166,64.4820711200082,8.0,0.0
noise_taxonomy,4,critical_cell_entropy,4,24,12,64,mixed,symmetric,0.1,uniform,0.4583333333333333,0.5416666666666666,2.8991379076593167,66.8991379076593,4.0,0.0
noise_taxonomy,4,critical_cell_entropy,6,24,12,64,mixed,symmetric,0.1,uniform,0.4583333333333333,0.5416666666666666,2.5659633151083847,66.5659633151084,6.0,0.0
noise_taxonomy,4,critical_cell_entropy,8,24,12,64,mixed,symmetric,0.1,uniform,0.75,0.25,2.2463983115605295,66.2463983115605,8.0,0.0
noise_taxonomy,4,contact_equivalence,4,24,12,64,mixed,symmetric,0.1,uniform,0.625,0.375,1.5772458803589167,65.57724588035892,4.0,0.0
noise_taxonomy,4,contact_equivalence,6,24,12,64,mixed,symmetric,0.1,uniform,0.8333333333333334,0.16666666666666666,1.2174609030410373,65.21746090304103,6.0,0.0
noise_taxonomy,4,contact_equivalence,8,24,12,64,mixed,symmetric,0.1,uniform,0.75,0.25,0.8593873532567112,64.8593873532567,8.0,0.0
noise_taxonomy,4,expected_regret,4,24,12,64,mixed,symmetric,0.1,uniform,0.6666666666666666,0.3333333333333333,1.666217808564843,65.66621780856484,4.0,0.0
noise_taxonomy,4,expected_regret,6,24,12,64,mixed,symmetric,0.1,uniform,0.75,0.25,1.1465972558376534,65.14659725583765,6.0,0.0
noise_taxonomy,4,expected_regret,8,24,12,64,mixed,symmetric,0.1,uniform,0.8333333333333334,0.16666666666666666,0.7844762043279491,64.78447620432794,8.0,0.0
noise_taxonomy,4,sampled_equivalence,4,24,12,64,mixed,symmetric,0.1,uniform,0.7083333333333334,0.2916666666666667,1.269203351989662,65.26920335198967,4.0,0.0
noise_taxonomy,4,sampled_equivalence,6,24,12,64,mixed,symmetric,0.1,uniform,0.9583333333333334,0.041666666666666664,0.8139333647956487,64.81393336479563,6.0,0.0
noise_taxonomy,4,sampled_equivalence,8,24,12,64,mixed,symmetric,0.1,uniform,0.9583333333333334,0.041666666666666664,0.25874069889485357,64.25874069889485,8.0,0.0
noise_taxonomy,5,dense_contact_only,4,24,12,64,mixed,symmetric,0.1,uniform,0.6666666666666666,0.3333333333333333,1.2487340810462815,65.24873408104628,4.0,0.0
noise_taxonomy,5,dense_contact_only,6,24,12,64,mixed,symmetric,0.1,uniform,0.875,0.125,0.5843609051277384,64.58436090512775,6.0,0.0
noise_taxonomy,5,dense_contact_only,8,24,12,64,mixed,symmetric,0.1,uniform,0.875,0.125,0.3482465040494225,64.34824650404941,8.0,0.0
noise_taxonomy,5,critical_cell_entropy,4,24,12,64,mixed,symmetric,0.1,uniform,0.25,0.75,2.8066623580081225,66.80666235800811,4.0,0.0
noise_taxonomy,5,critical_cell_entropy,6,24,12,64,mixed,symmetric,0.1,uniform,0.4166666666666667,0.5833333333333334,2.490362701765289,66.49036270176532,6.0,0.0
noise_taxonomy,5,critical_cell_entropy,8,24,12,64,mixed,symmetric,0.1,uniform,0.5833333333333334,0.4166666666666667,2.1198175138554984,66.11981751385548,8.0,0.0
noise_taxonomy,5,contact_equivalence,4,24,12,64,mixed,symmetric,0.1,uniform,0.625,0.375,1.792957808311659,65.79295780831166,4.0,0.0
noise_taxonomy,5,contact_equivalence,6,24,12,64,mixed,symmetric,0.1,uniform,0.7083333333333334,0.2916666666666667,1.190621910136377,65.19062191013636,6.0,0.0
noise_taxonomy,5,contact_equivalence,8,24,12,64,mixed,symmetric,0.1,uniform,0.9166666666666666,0.08333333333333333,0.6829386536190961,64.6829386536191,8.0,0.0
noise_taxonomy,5,expected_regret,4,24,12,64,mixed,symmetric,0.1,uniform,0.6666666666666666,0.3333333333333333,1.8073728756337752,65.80737287563379,4.0,0.0
noise_taxonomy,5,expected_regret,6,24,12,64,mixed,symmetric,0.1,uniform,0.75,0.25,1.2095736964277741,65.20957369642778,6.0,0.0
noise_taxonomy,5,expected_regret,8,24,12,64,mixed,symmetric,0.1,uniform,0.8333333333333334,0.16666666666666666,0.8085523266871234,64.80855232668713,8.0,0.0
noise_taxonomy,5,sampled_equivalence,4,24,12,64,mixed,symmetric,0.1,uniform,0.5833333333333334,0.4166666666666667,1.4277098609039525,65.42770986090393,4.0,0.0
noise_taxonomy,5,sampled_equivalence,6,24,12,64,mixed,symmetric,0.1,uniform,0.625,0.375,1.1852533800601326,65.18525338006013,6.0,0.0
noise_taxonomy,5,sampled_equivalence,8,24,12,64,mixed,symmetric,0.1,uniform,0.9166666666666666,0.08333333333333333,0.6220134006361397,64.62201340063613,8.0,0.0
noise_taxonomy,6,dense_contact_only,4,24,12,64,mixed,symmetric,0.1,uniform,0.75,0.25,1.573323227347717,65.57332322734771,4.0,0.0
noise_taxonomy,6,dense_contact_only,6,24,12,64,mixed,symmetric,0.1,uniform,0.7916666666666666,0.20833333333333334,0.8511666015909984,64.85116660159099,6.0,0.0
noise_taxonomy,6,dense_contact_only,8,24,12,64,mixed,symmetric,0.1,uniform,1.0,0.0,0.3295419256635536,64.32954192566355,8.0,0.0
noise_taxonomy,6,critical_cell_entropy,4,24,12,64,mixed,symmetric,0.1,uniform,0.4166666666666667,0.5833333333333334,2.8409899796918743,66.84098997969186,4.0,0.0
noise_taxonomy,6,critical_cell_entropy,6,24,12,64,mixed,symmetric,0.1,uniform,0.5833333333333334,0.4166666666666667,2.4603275118736665,66.4603275118737,6.0,0.0
noise_taxonomy,6,critical_cell_entropy,8,24,12,64,mixed,symmetric,0.1,uniform,0.625,0.375,2.119104642341597,66.11910464234158,8.0,0.0
noise_taxonomy,6,contact_equivalence,4,24,12,64,mixed,symmetric,0.1,uniform,0.6666666666666666,0.3333333333333333,1.6243560959817163,65.62435609598174,4.0,0.0
noise_taxonomy,6,contact_equivalence,6,24,12,64,mixed,symmetric,0.1,uniform,0.7083333333333334,0.2916666666666667,0.7616992039959465,64.76169920399595,6.0,0.0
noise_taxonomy,6,contact_equivalence,8,24,12,64,mixed,symmetric,0.1,uniform,0.7916666666666666,0.20833333333333334,0.813003884054117,64.81300388405411,8.0,0.0
noise_taxonomy,6,expected_regret,4,24,12,64,mixed,symmetric,0.1,uniform,0.5416666666666666,0.4583333333333333,1.86896959296901,65.86896959296902,4.0,0.0
noise_taxonomy,6,expected_regret,6,24,12,64,mixed,symmetric,0.1,uniform,0.75,0.25,1.311794079815299,65.3117940798153,6.0,0.0
noise_taxonomy,6,expected_regret,8,24,12,64,mixed,symmetric,0.1,uniform,0.9166666666666666,0.08333333333333333,0.9708763262031138,64.97087632620313,8.0,0.0
noise_taxonomy,6,sampled_equivalence,4,24,12,64,mixed,symmetric,0.1,uniform,0.6666666666666666,0.3333333333333333,1.7027327304379698,65.70273273043797,4.0,0.0
noise_taxonomy,6,sampled_equivalence,6,24,12,64,mixed,symmetric,0.1,uniform,0.7083333333333334,0.2916666666666667,1.0750378242650571,65.07503782426505,6.0,0.0
noise_taxonomy,6,sampled_equivalence,8,24,12,64,mixed,symmetric,0.1,uniform,0.875,0.125,0.5407017550921858,64.54070175509217,8.0,0.0
noise_taxonomy,7,dense_contact_only,4,24,12,64,mixed,symmetric,0.1,uniform,0.5833333333333334,0.4166666666666667,1.7624141681172585,65.76241416811726,4.0,0.0
noise_taxonomy,7,dense_contact_only,6,24,12,64,mixed,symmetric,0.1,uniform,0.75,0.25,1.2048387898227007,65.20483878982269,6.0,0.0
noise_taxonomy,7,dense_contact_only,8,24,12,64,mixed,symmetric,0.1,uniform,0.7916666666666666,0.20833333333333334,0.898445980870444,64.89844598087043,8.0,0.0
noise_taxonomy,7,critical_cell_entropy,4,24,12,64,mixed,symmetric,0.1,uniform,0.08333333333333333,0.9166666666666666,2.9275222542403783,66.92752225424036,4.0,0.0
noise_taxonomy,7,critical_cell_entropy,6,24,12,64,mixed,symmetric,0.1,uniform,0.25,0.75,2.621991741793297,66.62199174179332,6.0,0.0
noise_taxonomy,7,critical_cell_entropy,8,24,12,64,mixed,symmetric,0.1,uniform,0.5416666666666666,0.4583333333333333,2.095415656183914,66.09541565618389,8.0,0.0
noise_taxonomy,7,contact_equivalence,4,24,12,64,mixed,symmetric,0.1,uniform,0.6666666666666666,0.3333333333333333,1.47712091798745,65.47712091798745,4.0,0.0
noise_taxonomy,7,contact_equivalence,6,24,12,64,mixed,symmetric,0.1,uniform,0.7916666666666666,0.20833333333333334,1.0254947503454548,65.02549475034544,6.0,0.0
noise_taxonomy,7,contact_equivalence,8,24,12,64,mixed,symmetric,0.1,uniform,0.875,0.125,0.5177367918304837,64.51773679183047,8.0,0.0
noise_taxonomy,7,expected_regret,4,24,12,64,mixed,symmetric,0.1,uniform,0.4166666666666667,0.5833333333333334,2.0909216596016305,66.09092165960162,4.0,0.0
noise_taxonomy,7,expected_regret,6,24,12,64,mixed,symmetric,0.1,uniform,0.75,0.25,1.364078205531446,65.36407820553147,6.0,0.0
noise_taxonomy,7,expected_regret,8,24,12,64,mixed,symmetric,0.1,uniform,0.8333333333333334,0.16666666666666666,0.9972807916143718,64.99728079161439,8.0,0.0
noise_taxonomy,7,sampled_equivalence,4,24,12,64,mixed,symmetric,0.1,uniform,0.5833333333333334,0.4166666666666667,1.50537124883438,65.50537124883438,4.0,0.0
noise_taxonomy,7,sampled_equivalence,6,24,12,64,mixed,symmetric,0.1,uniform,0.8333333333333334,0.16666666666666666,0.9224785139147537,64.92247851391475,6.0,0.0
noise_taxonomy,7,sampled_equivalence,8,24,12,64,mixed,symmetric,0.1,uniform,0.875,0.125,0.5644075633536509,64.56440756335365,8.0,0.0
noise_taxonomy,8,dense_contact_only,4,24,12,64,mixed,symmetric,0.1,uniform,0.6666666666666666,0.3333333333333333,1.7423664855990977,65.74236648559909,4.0,0.0
noise_taxonomy,8,dense_contact_only,6,24,12,64,mixed,symmetric,0.1,uniform,0.7083333333333334,0.2916666666666667,1.1427996086591874,65.14279960865919,6.0,0.0
noise_taxonomy,8,dense_contact_only,8,24,12,64,mixed,symmetric,0.1,uniform,0.875,0.125,0.513626107498313,64.51362610749831,8.0,0.0
noise_taxonomy,8,critical_cell_entropy,4,24,12,64,mixed,symmetric,0.1,uniform,0.375,0.625,2.862051816364927,66.86205181636491,4.0,0.0
noise_taxonomy,8,critical_cell_entropy,6,24,12,64,mixed,symmetric,0.1,uniform,0.25,0.75,2.5800626133006443,66.58006261330068,6.0,0.0
noise_taxonomy,8,critical_cell_entropy,8,24,12,64,mixed,symmetric,0.1,uniform,0.2916666666666667,0.7083333333333334,2.1120717566593052,66.11207175665929,8.0,0.0
noise_taxonomy,8,contact_equivalence,4,24,12,64,mixed,symmetric,0.1,uniform,0.6666666666666666,0.3333333333333333,1.6570665410841439,65.65706654108415,4.0,0.0
noise_taxonomy,8,contact_equivalence,6,24,12,64,mixed,symmetric,0.1,uniform,0.8333333333333334,0.16666666666666666,0.9457295839906026,64.9457295839906,6.0,0.0
noise_taxonomy,8,contact_equivalence,8,24,12,64,mixed,symmetric,0.1,uniform,0.875,0.125,0.5686402057865696,64.56864020578655,8.0,0.0
noise_taxonomy,8,expected_regret,4,24,12,64,mixed,symmetric,0.1,uniform,0.625,0.375,1.9116284593842465,65.91162845938426,4.0,0.0
noise_taxonomy,8,expected_regret,6,24,12,64,mixed,symmetric,0.1,uniform,0.75,0.25,1.3263892566398436,65.32638925663984,6.0,0.0
noise_taxonomy,8,expected_regret,8,24,12,64,mixed,symmetric,0.1,uniform,0.8333333333333334,0.16666666666666666,0.9534599913453339,64.95345999134534,8.0,0.0
noise_taxonomy,8,sampled_equivalence,4,24,12,64,mixed,symmetric,0.1,uniform,0.75,0.25,1.4517966257923918,65.4517966257924,4.0,0.0
noise_taxonomy,8,sampled_equivalence,6,24,12,64,mixed,symmetric,0.1,uniform,0.7916666666666666,0.20833333333333334,0.9237667650167488,64.92376676501675,6.0,0.0
noise_taxonomy,8,sampled_equivalence,8,24,12,64,mixed,symmetric,0.1,uniform,0.875,0.125,0.5497692120746089,64.5497692120746,8.0,0.0
noise_taxonomy,9,dense_contact_only,4,24,12,64,mixed,symmetric,0.1,uniform,0.5416666666666666,0.4583333333333333,1.638553907810554,65.63855390781056,4.0,0.0
noise_taxonomy,9,dense_contact_only,6,24,12,64,mixed,symmetric,0.1,uniform,0.75,0.25,1.2155092621354358,65.21550926213543,6.0,0.0
noise_taxonomy,9,dense_contact_only,8,24,12,64,mixed,symmetric,0.1,uniform,0.875,0.125,0.8276366868375958,64.82763668683761,8.0,0.0
noise_taxonomy,9,critical_cell_entropy,4,24,12,64,mixed,symmetric,0.1,uniform,0.2916666666666667,0.7083333333333334,2.8336674697838653,66.83366746978386,4.0,0.0
noise_taxonomy,9,critical_cell_entropy,6,24,12,64,mixed,symmetric,0.1,uniform,0.4166666666666667,0.5833333333333334,2.3803373080812036,66.38033730808124,6.0,0.0
noise_taxonomy,9,critical_cell_entropy,8,24,12,64,mixed,symmetric,0.1,uniform,0.375,0.625,2.070804104109684,66.07080410410965,8.0,0.0
noise_taxonomy,9,contact_equivalence,4,24,12,64,mixed,symmetric,0.1,uniform,0.8333333333333334,0.16666666666666666,1.1984369278478944,65.1984369278479,4.0,0.0
noise_taxonomy,9,contact_equivalence,6,24,12,64,mixed,symmetric,0.1,uniform,0.8333333333333334,0.16666666666666666,0.5133983109345355,64.51339831093452,6.0,0.0
noise_taxonomy,9,contact_equivalence,8,24,12,64,mixed,symmetric,0.1,uniform,0.9166666666666666,0.08333333333333333,0.3209636637188771,64.32096366371884,8.0,0.0
noise_taxonomy,9,expected_regret,4,24,12,64,mixed,symmetric,0.1,uniform,0.5,0.5,1.9066861332983038,65.9066861332983,4.0,0.0
noise_taxonomy,9,expected_regret,6,24,12,64,mixed,symmetric,0.1,uniform,0.625,0.375,1.3613838782555894,65.36138387825561,6.0,0.0
noise_taxonomy,9,expected_regret,8,24,12,64,mixed,symmetric,0.1,uniform,0.6666666666666666,0.3333333333333333,1.1978136190943214,65.19781361909432,8.0,0.0
noise_taxonomy,9,sampled_equivalence,4,24,12,64,mixed,symmetric,0.1,uniform,0.5833333333333334,0.4166666666666667,1.625907359808802,65.62590735980879,4.0,0.0
noise_taxonomy,9,sampled_equivalence,6,24,12,64,mixed,symmetric,0.1,uniform,0.7083333333333334,0.2916666666666667,1.0672629770257844,65.06726297702578,6.0,0.0
noise_taxonomy,9,sampled_equivalence,8,24,12,64,mixed,symmetric,0.1,uniform,0.75,0.25,0.7236440812673105,64.7236440812673,8.0,0.0
noise_taxonomy,0,dense_contact_only,4,24,12,64,mixed,symmetric,0.2,uniform,0.3333333333333333,0.6666666666666666,2.7193512185156155,66.7193512185156,4.0,0.0
noise_taxonomy,0,dense_contact_only,6,24,12,64,mixed,symmetric,0.2,uniform,0.5833333333333334,0.4166666666666667,2.0933287082841203,66.09332870828412,6.0,0.0
noise_taxonomy,0,dense_contact_only,8,24,12,64,mixed,symmetric,0.2,uniform,0.75,0.25,1.8155220341465812,65.81552203414658,8.0,0.0
noise_taxonomy,0,critical_cell_entropy,4,24,12,64,mixed,symmetric,0.2,uniform,0.16666666666666666,0.8333333333333334,3.265800533574323,67.26580053357435,4.0,0.0
noise_taxonomy,0,critical_cell_entropy,6,24,12,64,mixed,symmetric,0.2,uniform,0.4166666666666667,0.5833333333333334,3.0497702074572,67.04977020745719,6.0,0.0
noise_taxonomy,0,critical_cell_entropy,8,24,12,64,mixed,symmetric,0.2,uniform,0.3333333333333333,0.6666666666666666,2.879703849859459,66.87970384985947,8.0,0.0
noise_taxonomy,0,contact_equivalence,4,24,12,64,mixed,symmetric,0.2,uniform,0.3333333333333333,0.6666666666666666,2.520696310895146,66.52069631089513,4.0,0.0
noise_taxonomy,0,contact_equivalence,6,24,12,64,mixed,symmetric,0.2,uniform,0.4583333333333333,0.5416666666666666,2.334940725721497,66.33494072572151,6.0,0.0
noise_taxonomy,0,contact_equivalence,8,24,12,64,mixed,symmetric,0.2,uniform,0.4583333333333333,0.5416666666666666,1.8641388340782934,65.86413883407829,8.0,0.0
noise_taxonomy,0,expected_regret,4,24,12,64,mixed,symmetric,0.2,uniform,0.16666666666666666,0.8333333333333334,2.7646998386805284,66.76469983868051,4.0,0.0
noise_taxonomy,0,expected_regret,6,24,12,64,mixed,symmetric,0.2,uniform,0.2916666666666667,0.7083333333333334,2.276903090754871,66.27690309075489,6.0,0.0
noise_taxonomy,0,expected_regret,8,24,12,64,mixed,symmetric,0.2,uniform,0.5,0.5,2.059468973268275,66.05946897326827,8.0,0.0
noise_taxonomy,0,sampled_equivalence,4,24,12,64,mixed,symmetric,0.2,uniform,0.3333333333333333,0.6666666666666666,2.6217703915942163,66.62177039159421,4.0,0.0
noise_taxonomy,0,sampled_equivalence,6,24,12,64,mixed,symmetric,0.2,uniform,0.4166666666666667,0.5833333333333334,1.89118967562216,65.89118967562216,6.0,0.0
noise_taxonomy,0,sampled_equivalence,8,24,12,64,mixed,symmetric,0.2,uniform,0.5416666666666666,0.4583333333333333,1.7490224039257354,65.74902240392574,8.0,0.0
noise_taxonomy,1,dense_contact_only,4,24,12,64,mixed,symmetric,0.2,uniform,0.2916666666666667,0.7083333333333334,2.5481032634828287,66.54810326348282,4.0,0.0
noise_taxonomy,1,dense_contact_only,6,24,12,64,mixed,symmetric,0.2,uniform,0.3333333333333333,0.6666666666666666,2.179563423163689,66.17956342316369,6.0,0.0
noise_taxonomy,1,dense_contact_only,8,24,12,64,mixed,symmetric,0.2,uniform,0.5416666666666666,0.4583333333333333,1.6315766878154332,65.63157668781544,8.0,0.0
noise_taxonomy,1,critical_cell_entropy,4,24,12,64,mixed,symmetric,0.2,uniform,0.16666666666666666,0.8333333333333334,3.2177263537070075,67.21772635370704,4.0,0.0
noise_taxonomy,1,critical_cell_entropy,6,24,12,64,mixed,symmetric,0.2,uniform,0.2916666666666667,0.7083333333333334,3.0160385126357645,67.01603851263575,6.0,0.0
noise_taxonomy,1,critical_cell_entropy,8,24,12,64,mixed,symmetric,0.2,uniform,0.2916666666666667,0.7083333333333334,2.8557503402809936,66.85575034028098,8.0,0.0
noise_taxonomy,1,contact_equivalence,4,24,12,64,mixed,symmetric,0.2,uniform,0.4166666666666667,0.5833333333333334,2.6167077274528707,66.61670772745286,4.0,0.0
noise_taxonomy,1,contact_equivalence,6,24,12,64,mixed,symmetric,0.2,uniform,0.3333333333333333,0.6666666666666666,2.2665071870834597,66.26650718708346,6.0,0.0
noise_taxonomy,1,contact_equivalence,8,24,12,64,mixed,symmetric,0.2,uniform,0.5416666666666666,0.4583333333333333,1.9992756723500262,65.99927567235004,8.0,0.0
noise_taxonomy,1,expected_regret,4,24,12,64,mixed,symmetric,0.2,uniform,0.375,0.625,2.65856980686493,66.6585698068649,4.0,0.0
noise_taxonomy,1,expected_regret,6,24,12,64,mixed,symmetric,0.2,uniform,0.4583333333333333,0.5416666666666666,2.391844663794956,66.39184466379494,6.0,0.0
noise_taxonomy,1,expected_regret,8,24,12,64,mixed,symmetric,0.2,uniform,0.6666666666666666,0.3333333333333333,1.9879593309287387,65.98795933092873,8.0,0.0
noise_taxonomy,1,sampled_equivalence,4,24,12,64,mixed,symmetric,0.2,uniform,0.375,0.625,2.5102497609481413,66.51024976094814,4.0,0.0
noise_taxonomy,1,sampled_equivalence,6,24,12,64,mixed,symmetric,0.2,uniform,0.625,0.375,1.8134540535807926,65.8134540535808,6.0,0.0
noise_taxonomy,1,sampled_equivalence,8,24,12,64,mixed,symmetric,0.2,uniform,0.6666666666666666,0.3333333333333333,1.383440517102519,65.38344051710251,8.0,0.0
noise_taxonomy,2,dense_contact_only,4,24,12,64,mixed,symmetric,0.2,uniform,0.5,0.5,2.3133664919084076,66.31336649190841,4.0,0.0
noise_taxonomy,2,dense_contact_only,6,24,12,64,mixed,symmetric,0.2,uniform,0.5833333333333334,0.4166666666666667,1.9070745164656764,65.90707451646567,6.0,0.0
noise_taxonomy,2,dense_contact_only,8,24,12,64,mixed,symmetric,0.2,uniform,0.7083333333333334,0.2916666666666667,1.4750829844826476,65.47508298448265,8.0,0.0
noise_taxonomy,2,critical_cell_entropy,4,24,12,64,mixed,symmetric,0.2,uniform,0.08333333333333333,0.9166666666666666,3.2106956002701814,67.2106956002702,4.0,0.0
noise_taxonomy,2,critical_cell_entropy,6,24,12,64,mixed,symmetric,0.2,uniform,0.20833333333333334,0.7916666666666666,3.019122303763046,67.01912230376304,6.0,0.0
noise_taxonomy,2,critical_cell_entropy,8,24,12,64,mixed,symmetric,0.2,uniform,0.25,0.75,2.8493427723247233,66.84934277232473,8.0,0.0
noise_taxonomy,2,contact_equivalence,4,24,12,64,mixed,symmetric,0.2,uniform,0.5,0.5,2.5684763089393363,66.56847630893934,4.0,0.0
noise_taxonomy,2,contact_equivalence,6,24,12,64,mixed,symmetric,0.2,uniform,0.4583333333333333,0.5416666666666666,1.760112135701777,65.76011213570179,6.0,0.0
noise_taxonomy,2,contact_equivalence,8,24,12,64,mixed,symmetric,0.2,uniform,0.625,0.375,1.6179670900800558,65.61796709008006,8.0,0.0
noise_taxonomy,2,expected_regret,4,24,12,64,mixed,symmetric,0.2,uniform,0.4583333333333333,0.5416666666666666,2.7172822200957243,66.71728222009571,4.0,0.0
noise_taxonomy,2,expected_regret,6,24,12,64,mixed,symmetric,0.2,uniform,0.5416666666666666,0.4583333333333333,2.3170601988569715,66.31706019885696,6.0,0.0
noise_taxonomy,2,expected_regret,8,24,12,64,mixed,symmetric,0.2,uniform,0.5,0.5,2.0091765447892773,66.00917654478927,8.0,0.0
noise_taxonomy,2,sampled_equivalence,4,24,12,64,mixed,symmetric,0.2,uniform,0.5,0.5,2.4106555261672917,66.4106555261673,4.0,0.0
noise_taxonomy,2,sampled_equivalence,6,24,12,64,mixed,symmetric,0.2,uniform,0.6666666666666666,0.3333333333333333,1.6182354237646848,65.61823542376469,6.0,0.0
noise_taxonomy,2,sampled_equivalence,8,24,12,64,mixed,symmetric,0.2,uniform,0.75,0.25,1.3800423237591426,65.38004232375916,8.0,0.0
noise_taxonomy,3,dense_contact_only,4,24,12,64,mixed,symmetric,0.2,uniform,0.2916666666666667,0.7083333333333334,2.6063360519438157,66.60633605194381,4.0,0.0
noise_taxonomy,3,dense_contact_only,6,24,12,64,mixed,symmetric,0.2,uniform,0.4166666666666667,0.5833333333333334,2.355796527719245,66.35579652771926,6.0,0.0
noise_taxonomy,3,dense_contact_only,8,24,12,64,mixed,symmetric,0.2,uniform,0.625,0.375,1.6802454890236287,65.68024548902362,8.0,0.0
noise_taxonomy,3,critical_cell_entropy,4,24,12,64,mixed,symmetric,0.2,uniform,0.3333333333333333,0.6666666666666666,3.21614711766745,67.21614711766746,4.0,0.0
noise_taxonomy,3,critical_cell_entropy,6,24,12,64,mixed,symmetric,0.2,uniform,0.3333333333333333,0.6666666666666666,3.070171738332339,67.07017173833233,6.0,0.0
noise_taxonomy,3,critical_cell_entropy,8,24,12,64,mixed,symmetric,0.2,uniform,0.5,0.5,2.8993963465621486,66.89939634656214,8.0,0.0
noise_taxonomy,3,contact_equivalence,4,24,12,64,mixed,symmetric,0.2,uniform,0.5,0.5,2.5664658446514075,66.56646584465139,4.0,0.0
noise_taxonomy,3,contact_equivalence,6,24,12,64,mixed,symmetric,0.2,uniform,0.4583333333333333,0.5416666666666666,2.102115801407691,66.10211580140769,6.0,0.0
noise_taxonomy,3,contact_equivalence,8,24,12,64,mixed,symmetric,0.2,uniform,0.5416666666666666,0.4583333333333333,1.5867403639344995,65.5867403639345,8.0,0.0
noise_taxonomy,3,expected_regret,4,24,12,64,mixed,symmetric,0.2,uniform,0.375,0.625,2.777972880880514,66.7779728808805,4.0,0.0
noise_taxonomy,3,expected_regret,6,24,12,64,mixed,symmetric,0.2,uniform,0.5416666666666666,0.4583333333333333,2.366803807066051,66.36680380706606,6.0,0.0
noise_taxonomy,3,expected_regret,8,24,12,64,mixed,symmetric,0.2,uniform,0.5,0.5,2.112656908579168,66.11265690857915,8.0,0.0
noise_taxonomy,3,sampled_equivalence,4,24,12,64,mixed,symmetric,0.2,uniform,0.375,0.625,2.224912588692905,66.2249125886929,4.0,0.0
noise_taxonomy,3,sampled_equivalence,6,24,12,64,mixed,symmetric,0.2,uniform,0.4166666666666667,0.5833333333333334,2.034684538006935,66.03468453800694,6.0,0.0
noise_taxonomy,3,sampled_equivalence,8,24,12,64,mixed,symmetric,0.2,uniform,0.5416666666666666,0.4583333333333333,1.6358428296775491,65.63584282967754,8.0,0.0
noise_taxonomy,4,dense_contact_only,4,24,12,64,mixed,symmetric,0.2,uniform,0.25,0.75,2.4290754255300553,66.42907542553004,4.0,0.0
noise_taxonomy,4,dense_contact_only,6,24,12,64,mixed,symmetric,0.2,uniform,0.5416666666666666,0.4583333333333333,2.2627658224619562,66.26276582246194,6.0,0.0
noise_taxonomy,4,dense_contact_only,8,24,12,64,mixed,symmetric,0.2,uniform,0.7083333333333334,0.2916666666666667,1.512262669999803,65.5122626699998,8.0,0.0
noise_taxonomy,4,critical_cell_entropy,4,24,12,64,mixed,symmetric,0.2,uniform,0.2916666666666667,0.7083333333333334,3.2336950318996993,67.23369503189973,4.0,0.0
noise_taxonomy,4,critical_cell_entropy,6,24,12,64,mixed,symmetric,0.2,uniform,0.375,0.625,3.0439187273887742,67.04391872738877,6.0,0.0
noise_taxonomy,4,critical_cell_entropy,8,24,12,64,mixed,symmetric,0.2,uniform,0.4583333333333333,0.5416666666666666,2.8778682457449154,66.87786824574492,8.0,0.0
noise_taxonomy,4,contact_equivalence,4,24,12,64,mixed,symmetric,0.2,uniform,0.20833333333333334,0.7916666666666666,2.729903580087532,66.72990358008752,4.0,0.0
noise_taxonomy,4,contact_equivalence,6,24,12,64,mixed,symmetric,0.2,uniform,0.375,0.625,2.5267081060279373,66.52670810602795,6.0,0.0
noise_taxonomy,4,contact_equivalence,8,24,12,64,mixed,symmetric,0.2,uniform,0.5416666666666666,0.4583333333333333,2.061421339018796,66.06142133901879,8.0,0.0
noise_taxonomy,4,expected_regret,4,24,12,64,mixed,symmetric,0.2,uniform,0.5,0.5,2.7568829979081557,66.75688299790814,4.0,0.0
noise_taxonomy,4,expected_regret,6,24,12,64,mixed,symmetric,0.2,uniform,0.4583333333333333,0.5416666666666666,2.169581947574173,66.16958194757417,6.0,0.0
noise_taxonomy,4,expected_regret,8,24,12,64,mixed,symmetric,0.2,uniform,0.5,0.5,1.9889517611607197,65.98895176116072,8.0,0.0
noise_taxonomy,4,sampled_equivalence,4,24,12,64,mixed,symmetric,0.2,uniform,0.2916666666666667,0.7083333333333334,2.6984032562986413,66.69840325629866,4.0,0.0
noise_taxonomy,4,sampled_equivalence,6,24,12,64,mixed,symmetric,0.2,uniform,0.625,0.375,2.3528545272198547,66.35285452721986,6.0,0.0
noise_taxonomy,4,sampled_equivalence,8,24,12,64,mixed,symmetric,0.2,uniform,0.5416666666666666,0.4583333333333333,1.7692223623337886,65.76922236233379,8.0,0.0
noise_taxonomy,5,dense_contact_only,4,24,12,64,mixed,symmetric,0.2,uniform,0.2916666666666667,0.7083333333333334,2.503566335923496,66.50356633592348,4.0,0.0
noise_taxonomy,5,dense_contact_only,6,24,12,64,mixed,symmetric,0.2,uniform,0.5416666666666666,0.4583333333333333,1.8890524115129825,65.88905241151299,6.0,0.0
noise_taxonomy,5,dense_contact_only,8,24,12,64,mixed,symmetric,0.2,uniform,0.5416666666666666,0.4583333333333333,1.6221001112528537,65.62210011125285,8.0,0.0
noise_taxonomy,5,critical_cell_entropy,4,24,12,64,mixed,symmetric,0.2,uniform,0.125,0.875,3.230721232916702,67.23072123291671,4.0,0.0
noise_taxonomy,5,critical_cell_entropy,6,24,12,64,mixed,symmetric,0.2,uniform,0.16666666666666666,0.8333333333333334,3.056159340800083,67.05615934080006,6.0,0.0
noise_taxonomy,5,critical_cell_entropy,8,24,12,64,mixed,symmetric,0.2,uniform,0.20833333333333334,0.7916666666666666,2.8685112160775272,66.86851121607751,8.0,0.0
noise_taxonomy,5,contact_equivalence,4,24,12,64,mixed,symmetric,0.2,uniform,0.4166666666666667,0.5833333333333334,2.678971774863257,66.67897177486324,4.0,0.0
noise_taxonomy,5,contact_equivalence,6,24,12,64,mixed,symmetric,0.2,uniform,0.5416666666666666,0.4583333333333333,2.0868109045019643,66.08681090450197,6.0,0.0
noise_taxonomy,5,contact_equivalence,8,24,12,64,mixed,symmetric,0.2,uniform,0.5416666666666666,0.4583333333333333,1.7374593439442159,65.73745934394422,8.0,0.0
noise_taxonomy,5,expected_regret,4,24,12,64,mixed,symmetric,0.2,uniform,0.4166666666666667,0.5833333333333334,2.587104615962763,66.58710461596274,4.0,0.0
noise_taxonomy,5,expected_regret,6,24,12,64,mixed,symmetric,0.2,uniform,0.4583333333333333,0.5416666666666666,2.1684074298971807,66.16840742989717,6.0,0.0
noise_taxonomy,5,expected_regret,8,24,12,64,mixed,symmetric,0.2,uniform,0.625,0.375,1.8934668769272098,65.8934668769272,8.0,0.0
noise_taxonomy,5,sampled_equivalence,4,24,12,64,mixed,symmetric,0.2,uniform,0.2916666666666667,0.7083333333333334,2.695519954437811,66.6955199544378,4.0,0.0
noise_taxonomy,5,sampled_equivalence,6,24,12,64,mixed,symmetric,0.2,uniform,0.4583333333333333,0.5416666666666666,2.3317617710413727,66.33176177104137,6.0,0.0
noise_taxonomy,5,sampled_equivalence,8,24,12,64,mixed,symmetric,0.2,uniform,0.5416666666666666,0.4583333333333333,2.014242044668804,66.0142420446688,8.0,0.0
noise_taxonomy,6,dense_contact_only,4,24,12,64,mixed,symmetric,0.2,uniform,0.5833333333333334,0.4166666666666667,2.347601069432716,66.3476010694327,4.0,0.0
noise_taxonomy,6,dense_contact_only,6,24,12,64,mixed,symmetric,0.2,uniform,0.625,0.375,1.7132341921013403,65.71323419210134,6.0,0.0
noise_taxonomy,6,dense_contact_only,8,24,12,64,mixed,symmetric,0.2,uniform,0.7083333333333334,0.2916666666666667,1.3552327184558053,65.35523271845581,8.0,0.0
noise_taxonomy,6,critical_cell_entropy,4,24,12,64,mixed,symmetric,0.2,uniform,0.25,0.75,3.224572434047714,67.22457243404774,4.0,0.0
noise_taxonomy,6,critical_cell_entropy,6,24,12,64,mixed,symmetric,0.2,uniform,0.2916666666666667,0.7083333333333334,3.0564553793092926,67.05645537930928,6.0,0.0
noise_taxonomy,6,critical_cell_entropy,8,24,12,64,mixed,symmetric,0.2,uniform,0.3333333333333333,0.6666666666666666,2.871751959007256,66.87175195900724,8.0,0.0
noise_taxonomy,6,contact_equivalence,4,24,12,64,mixed,symmetric,0.2,uniform,0.4166666666666667,0.5833333333333334,2.5679487341644776,66.56794873416446,4.0,0.0
noise_taxonomy,6,contact_equivalence,6,24,12,64,mixed,symmetric,0.2,uniform,0.5416666666666666,0.4583333333333333,1.7540839187045172,65.75408391870451,6.0,0.0
noise_taxonomy,6,contact_equivalence,8,24,12,64,mixed,symmetric,0.2,uniform,0.6666666666666666,0.3333333333333333,1.4991319524403404,65.49913195244034,8.0,0.0
noise_taxonomy,6,expected_regret,4,24,12,64,mixed,symmetric,0.2,uniform,0.375,0.625,2.6953306346155173,66.6953306346155,4.0,0.0
noise_taxonomy,6,expected_regret,6,24,12,64,mixed,symmetric,0.2,uniform,0.375,0.625,2.3759826674821842,66.37598266748219,6.0,0.0
noise_taxonomy,6,expected_regret,8,24,12,64,mixed,symmetric,0.2,uniform,0.4583333333333333,0.5416666666666666,2.148193067654739,66.14819306765473,8.0,0.0
noise_taxonomy,6,sampled_equivalence,4,24,12,64,mixed,symmetric,0.2,uniform,0.4583333333333333,0.5416666666666666,2.466502728047758,66.46650272804777,4.0,0.0
noise_taxonomy,6,sampled_equivalence,6,24,12,64,mixed,symmetric,0.2,uniform,0.5416666666666666,0.4583333333333333,1.6864258739920928,65.68642587399209,6.0,0.0
noise_taxonomy,6,sampled_equivalence,8,24,12,64,mixed,symmetric,0.2,uniform,0.7083333333333334,0.2916666666666667,1.4569858492274819,65.4569858492275,8.0,0.0
noise_taxonomy,7,dense_contact_only,4,24,12,64,mixed,symmetric,0.2,uniform,0.375,0.625,2.3516039281967562,66.35160392819675,4.0,0.0
noise_taxonomy,7,dense_contact_only,6,24,12,64,mixed,symmetric,0.2,uniform,0.6666666666666666,0.3333333333333333,1.950786903605941,65.95078690360593,6.0,0.0
noise_taxonomy,7,dense_contact_only,8,24,12,64,mixed,symmetric,0.2,uniform,0.7083333333333334,0.2916666666666667,1.5934495692799633,65.59344956927997,8.0,0.0
noise_taxonomy,7,critical_cell_entropy,4,24,12,64,mixed,symmetric,0.2,uniform,0.16666666666666666,0.8333333333333334,3.2393863256778914,67.2393863256779,4.0,0.0
noise_taxonomy,7,critical_cell_entropy,6,24,12,64,mixed,symmetric,0.2,uniform,0.125,0.875,3.0329489856387375,67.03294898563873,6.0,0.0
noise_taxonomy,7,critical_cell_entropy,8,24,12,64,mixed,symmetric,0.2,uniform,0.375,0.625,2.820408588239266,66.82040858823926,8.0,0.0
noise_taxonomy,7,contact_equivalence,4,24,12,64,mixed,symmetric,0.2,uniform,0.5416666666666666,0.4583333333333333,2.4375882099914024,66.43758820999139,4.0,0.0
noise_taxonomy,7,contact_equivalence,6,24,12,64,mixed,symmetric,0.2,uniform,0.625,0.375,2.087581678495766,66.08758167849578,6.0,0.0
noise_taxonomy,7,contact_equivalence,8,24,12,64,mixed,symmetric,0.2,uniform,0.7083333333333334,0.2916666666666667,1.3512937466354822,65.35129374663548,8.0,0.0
noise_taxonomy,7,expected_regret,4,24,12,64,mixed,symmetric,0.2,uniform,0.16666666666666666,0.8333333333333334,2.600735349163592,66.60073534916357,4.0,0.0
noise_taxonomy,7,expected_regret,6,24,12,64,mixed,symmetric,0.2,uniform,0.3333333333333333,0.6666666666666666,2.1214153281183976,66.1214153281184,6.0,0.0
noise_taxonomy,7,expected_regret,8,24,12,64,mixed,symmetric,0.2,uniform,0.6666666666666666,0.3333333333333333,1.8743067054998177,65.87430670549982,8.0,0.0
noise_taxonomy,7,sampled_equivalence,4,24,12,64,mixed,symmetric,0.2,uniform,0.4583333333333333,0.5416666666666666,2.4124602908571497,66.41246029085715,4.0,0.0
noise_taxonomy,7,sampled_equivalence,6,24,12,64,mixed,symmetric,0.2,uniform,0.4583333333333333,0.5416666666666666,1.9831645769321142,65.98316457693211,6.0,0.0
noise_taxonomy,7,sampled_equivalence,8,24,12,64,mixed,symmetric,0.2,uniform,0.5833333333333334,0.4166666666666667,1.6965626155227067,65.69656261552272,8.0,0.0
noise_taxonomy,8,dense_contact_only,4,24,12,64,mixed,symmetric,0.2,uniform,0.4166666666666667,0.5833333333333334,2.5950209051448665,66.59502090514486,4.0,0.0
noise_taxonomy,8,dense_contact_only,6,24,12,64,mixed,symmetric,0.2,uniform,0.5416666666666666,0.4583333333333333,2.137358644070875,66.13735864407087,6.0,0.0
noise_taxonomy,8,dense_contact_only,8,24,12,64,mixed,symmetric,0.2,uniform,0.5833333333333334,0.4166666666666667,1.7226799797334198,65.72267997973341,8.0,0.0
noise_taxonomy,8,critical_cell_entropy,4,24,12,64,mixed,symmetric,0.2,uniform,0.2916666666666667,0.7083333333333334,3.2222959165364373,67.22229591653645,4.0,0.0
noise_taxonomy,8,critical_cell_entropy,6,24,12,64,mixed,symmetric,0.2,uniform,0.25,0.75,3.0493751709158623,67.04937517091584,6.0,0.0
noise_taxonomy,8,critical_cell_entropy,8,24,12,64,mixed,symmetric,0.2,uniform,0.20833333333333334,0.7916666666666666,2.8615007887995745,66.86150078879957,8.0,0.0
noise_taxonomy,8,contact_equivalence,4,24,12,64,mixed,symmetric,0.2,uniform,0.3333333333333333,0.6666666666666666,2.592115323148807,66.5921153231488,4.0,0.0
noise_taxonomy,8,contact_equivalence,6,24,12,64,mixed,symmetric,0.2,uniform,0.5416666666666666,0.4583333333333333,2.00358958967286,66.00358958967284,6.0,0.0
noise_taxonomy,8,contact_equivalence,8,24,12,64,mixed,symmetric,0.2,uniform,0.6666666666666666,0.3333333333333333,1.5624243852100284,65.56242438521004,8.0,0.0
noise_taxonomy,8,expected_regret,4,24,12,64,mixed,symmetric,0.2,uniform,0.4583333333333333,0.5416666666666666,2.624181563565055,66.62418156356505,4.0,0.0
noise_taxonomy,8,expected_regret,6,24,12,64,mixed,symmetric,0.2,uniform,0.625,0.375,2.3025023676425227,66.30250236764252,6.0,0.0
noise_taxonomy,8,expected_regret,8,24,12,64,mixed,symmetric,0.2,uniform,0.625,0.375,1.9822499596940046,65.98224995969402,8.0,0.0
noise_taxonomy,8,sampled_equivalence,4,24,12,64,mixed,symmetric,0.2,uniform,0.5,0.5,2.3879820655456303,66.38798206554564,4.0,0.0
noise_taxonomy,8,sampled_equivalence,6,24,12,64,mixed,symmetric,0.2,uniform,0.5833333333333334,0.4166666666666667,1.7600384613891213,65.76003846138913,6.0,0.0
noise_taxonomy,8,sampled_equivalence,8,24,12,64,mixed,symmetric,0.2,uniform,0.5416666666666666,0.4583333333333333,1.806864456055975,65.80686445605598,8.0,0.0
noise_taxonomy,9,dense_contact_only,4,24,12,64,mixed,symmetric,0.2,uniform,0.4166666666666667,0.5833333333333334,2.415795053992465,66.41579505399245,4.0,0.0
noise_taxonomy,9,dense_contact_only,6,24,12,64,mixed,symmetric,0.2,uniform,0.5416666666666666,0.4583333333333333,2.086765947902165,66.08676594790217,6.0,0.0
noise_taxonomy,9,dense_contact_only,8,24,12,64,mixed,symmetric,0.2,uniform,0.6666666666666666,0.3333333333333333,1.7383106852845591,65.73831068528456,8.0,0.0
noise_taxonomy,9,critical_cell_entropy,4,24,12,64,mixed,symmetric,0.2,uniform,0.20833333333333334,0.7916666666666666,3.2264079742750735,67.22640797427506,4.0,0.0
noise_taxonomy,9,critical_cell_entropy,6,24,12,64,mixed,symmetric,0.2,uniform,0.16666666666666666,0.8333333333333334,3.016137510667892,67.01613751066787,6.0,0.0
noise_taxonomy,9,critical_cell_entropy,8,24,12,64,mixed,symmetric,0.2,uniform,0.16666666666666666,0.8333333333333334,2.8325856530881555,66.83258565308816,8.0,0.0
noise_taxonomy,9,contact_equivalence,4,24,12,64,mixed,symmetric,0.2,uniform,0.75,0.25,2.213695103439512,66.21369510343949,4.0,0.0
noise_taxonomy,9,contact_equivalence,6,24,12,64,mixed,symmetric,0.2,uniform,0.75,0.25,1.6961377115934553,65.69613771159347,6.0,0.0
noise_taxonomy,9,contact_equivalence,8,24,12,64,mixed,symmetric,0.2,uniform,0.7083333333333334,0.2916666666666667,1.3012820398989433,65.30128203989896,8.0,0.0
noise_taxonomy,9,expected_regret,4,24,12,64,mixed,symmetric,0.2,uniform,0.375,0.625,2.5413983158213367,66.54139831582133,4.0,0.0
noise_taxonomy,9,expected_regret,6,24,12,64,mixed,symmetric,0.2,uniform,0.375,0.625,2.2607867751202106,66.2607867751202,6.0,0.0
noise_taxonomy,9,expected_regret,8,24,12,64,mixed,symmetric,0.2,uniform,0.5,0.5,1.9257433980831165,65.92574339808311,8.0,0.0
noise_taxonomy,9,sampled_equivalence,4,24,12,64,mixed,symmetric,0.2,uniform,0.2916666666666667,0.7083333333333334,2.494842930821289,66.49484293082128,4.0,0.0
noise_taxonomy,9,sampled_equivalence,6,24,12,64,mixed,symmetric,0.2,uniform,0.5,0.5,1.980477941919948,65.98047794191994,6.0,0.0
noise_taxonomy,9,sampled_equivalence,8,24,12,64,mixed,symmetric,0.2,uniform,0.5,0.5,1.6861664007501442,65.68616640075015,8.0,0.0
noise_taxonomy,0,dense_contact_only,4,24,12,64,mixed,symmetric,0.3,uniform,0.2916666666666667,0.7083333333333334,3.193733795544692,67.19373379554467,4.0,0.0
noise_taxonomy,0,dense_contact_only,6,24,12,64,mixed,symmetric,0.3,uniform,0.3333333333333333,0.6666666666666666,2.9457669921303586,66.94576699213037,6.0,0.0
noise_taxonomy,0,dense_contact_only,8,24,12,64,mixed,symmetric,0.3,uniform,0.4166666666666667,0.5833333333333334,2.7496379395944577,66.74963793959446,8.0,0.0
noise_taxonomy,0,critical_cell_entropy,4,24,12,64,mixed,symmetric,0.3,uniform,0.125,0.875,3.432714076310198,67.4327140763102,4.0,0.0
noise_taxonomy,0,critical_cell_entropy,6,24,12,64,mixed,symmetric,0.3,uniform,0.041666666666666664,0.9583333333333334,3.3578451425468754,67.35784514254688,6.0,0.0
noise_taxonomy,0,critical_cell_entropy,8,24,12,64,mixed,symmetric,0.3,uniform,0.125,0.875,3.2828780507899498,67.28287805078998,8.0,0.0
noise_taxonomy,0,contact_equivalence,4,24,12,64,mixed,symmetric,0.3,uniform,0.125,0.875,3.1996468160660227,67.19964681606602,4.0,0.0
noise_taxonomy,0,contact_equivalence,6,24,12,64,mixed,symmetric,0.3,uniform,0.16666666666666666,0.8333333333333334,3.048412018934209,67.04841201893421,6.0,0.0
noise_taxonomy,0,contact_equivalence,8,24,12,64,mixed,symmetric,0.3,uniform,0.25,0.75,2.8503212358768444,66.85032123587685,8.0,0.0
noise_taxonomy,0,expected_regret,4,24,12,64,mixed,symmetric,0.3,uniform,0.08333333333333333,0.9166666666666666,3.18749025881157,67.18749025881158,4.0,0.0
noise_taxonomy,0,expected_regret,6,24,12,64,mixed,symmetric,0.3,uniform,0.2916666666666667,0.7083333333333334,2.995360048357989,66.995360048358,6.0,0.0
noise_taxonomy,0,expected_regret,8,24,12,64,mixed,symmetric,0.3,uniform,0.3333333333333333,0.6666666666666666,2.8844266011177404,66.88442660111772,8.0,0.0
noise_taxonomy,0,sampled_equivalence,4,24,12,64,mixed,symmetric,0.3,uniform,0.20833333333333334,0.7916666666666666,3.159843486439726,67.15984348643974,4.0,0.0
noise_taxonomy,0,sampled_equivalence,6,24,12,64,mixed,symmetric,0.3,uniform,0.2916666666666667,0.7083333333333334,2.833265093517697,66.83326509351768,6.0,0.0
noise_taxonomy,0,sampled_equivalence,8,24,12,64,mixed,symmetric,0.3,uniform,0.4166666666666667,0.5833333333333334,2.5568878313922663,66.55688783139226,8.0,0.0
noise_taxonomy,1,dense_contact_only,4,24,12,64,mixed,symmetric,0.3,uniform,0.125,0.875,3.113683846375798,67.1136838463758,4.0,0.0
noise_taxonomy,1,dense_contact_only,6,24,12,64,mixed,symmetric,0.3,uniform,0.25,0.75,2.814947920768042,66.81494792076802,6.0,0.0
noise_taxonomy,1,dense_contact_only,8,24,12,64,mixed,symmetric,0.3,uniform,0.3333333333333333,0.6666666666666666,2.7522840200685255,66.7522840200685,8.0,0.0
noise_taxonomy,1,critical_cell_entropy,4,24,12,64,mixed,symmetric,0.3,uniform,0.25,0.75,3.432139486609714,67.43213948660971,4.0,0.0
noise_taxonomy,1,critical_cell_entropy,6,24,12,64,mixed,symmetric,0.3,uniform,0.125,0.875,3.360654475279271,67.36065447527926,6.0,0.0
noise_taxonomy,1,critical_cell_entropy,8,24,12,64,mixed,symmetric,0.3,uniform,0.16666666666666666,0.8333333333333334,3.283535216789305,67.28353521678933,8.0,0.0
noise_taxonomy,1,contact_equivalence,4,24,12,64,mixed,symmetric,0.3,uniform,0.16666666666666666,0.8333333333333334,3.126515846730016,67.12651584673002,4.0,0.0
noise_taxonomy,1,contact_equivalence,6,24,12,64,mixed,symmetric,0.3,uniform,0.3333333333333333,0.6666666666666666,2.978381082058563,66.97838108205856,6.0,0.0
noise_taxonomy,1,contact_equivalence,8,24,12,64,mixed,symmetric,0.3,uniform,0.3333333333333333,0.6666666666666666,2.78784018608188,66.78784018608188,8.0,0.0
noise_taxonomy,1,expected_regret,4,24,12,64,mixed,symmetric,0.3,uniform,0.16666666666666666,0.8333333333333334,3.1724085934188064,67.17240859341882,4.0,0.0
noise_taxonomy,1,expected_regret,6,24,12,64,mixed,symmetric,0.3,uniform,0.25,0.75,2.9896756638553232,66.98967566385535,6.0,0.0
noise_taxonomy,1,expected_regret,8,24,12,64,mixed,symmetric,0.3,uniform,0.2916666666666667,0.7083333333333334,2.8163095296782283,66.81630952967822,8.0,0.0
noise_taxonomy,1,sampled_equivalence,4,24,12,64,mixed,symmetric,0.3,uniform,0.2916666666666667,0.7083333333333334,3.0896729783401398,67.08967297834015,4.0,0.0
noise_taxonomy,1,sampled_equivalence,6,24,12,64,mixed,symmetric,0.3,uniform,0.4583333333333333,0.5416666666666666,2.814983097379748,66.81498309737975,6.0,0.0
noise_taxonomy,1,sampled_equivalence,8,24,12,64,mixed,symmetric,0.3,uniform,0.4166666666666667,0.5833333333333334,2.425634790961204,66.42563479096121,8.0,0.0
noise_taxonomy,2,dense_contact_only,4,24,12,64,mixed,symmetric,0.3,uniform,0.20833333333333334,0.7916666666666666,3.076734734726017,67.076734734726,4.0,0.0
noise_taxonomy,2,dense_contact_only,6,24,12,64,mixed,symmetric,0.3,uniform,0.25,0.75,2.74231294236864,66.74231294236863,6.0,0.0
noise_taxonomy,2,dense_contact_only,8,24,12,64,mixed,symmetric,0.3,uniform,0.4166666666666667,0.5833333333333334,2.569198092735204,66.56919809273519,8.0,0.0
noise_taxonomy,2,critical_cell_entropy,4,24,12,64,mixed,symmetric,0.3,uniform,0.125,0.875,3.4315648969092316,67.43156489690925,4.0,0.0
noise_taxonomy,2,critical_cell_entropy,6,24,12,64,mixed,symmetric,0.3,uniform,0.041666666666666664,0.9583333333333334,3.356402608785078,67.35640260878507,6.0,0.0
noise_taxonomy,2,critical_cell_entropy,8,24,12,64,mixed,symmetric,0.3,uniform,0.16666666666666666,0.8333333333333334,3.2844013540355026,67.28440135403552,8.0,0.0
noise_taxonomy,2,contact_equivalence,4,24,12,64,mixed,symmetric,0.3,uniform,0.2916666666666667,0.7083333333333334,2.958073433846972,66.95807343384698,4.0,0.0
noise_taxonomy,2,contact_equivalence,6,24,12,64,mixed,symmetric,0.3,uniform,0.375,0.625,2.7702738661213258,66.77027386612134,6.0,0.0
noise_taxonomy,2,contact_equivalence,8,24,12,64,mixed,symmetric,0.3,uniform,0.2916666666666667,0.7083333333333334,2.586879790635409,66.58687979063541,8.0,0.0
noise_taxonomy,2,expected_regret,4,24,12,64,mixed,symmetric,0.3,uniform,0.2916666666666667,0.7083333333333334,3.2065164281038165,67.20651642810382,4.0,0.0
noise_taxonomy,2,expected_regret,6,24,12,64,mixed,symmetric,0.3,uniform,0.2916666666666667,0.7083333333333334,3.049566958360154,67.04956695836016,6.0,0.0
noise_taxonomy,2,expected_regret,8,24,12,64,mixed,symmetric,0.3,uniform,0.375,0.625,2.8760793053324156,66.87607930533241,8.0,0.0
noise_taxonomy,2,sampled_equivalence,4,24,12,64,mixed,symmetric,0.3,uniform,0.20833333333333334,0.7916666666666666,3.075693173381675,67.07569317338167,4.0,0.0
noise_taxonomy,2,sampled_equivalence,6,24,12,64,mixed,symmetric,0.3,uniform,0.3333333333333333,0.6666666666666666,2.7151431547723406,66.71514315477235,6.0,0.0
noise_taxonomy,2,sampled_equivalence,8,24,12,64,mixed,symmetric,0.3,uniform,0.4166666666666667,0.5833333333333334,2.5582140191797635,66.55821401917976,8.0,0.0
noise_taxonomy,3,dense_contact_only,4,24,12,64,mixed,symmetric,0.3,uniform,0.125,0.875,3.2467786674245898,67.24677866742458,4.0,0.0
noise_taxonomy,3,dense_contact_only,6,24,12,64,mixed,symmetric,0.3,uniform,0.25,0.75,3.0009807370647383,67.00098073706475,6.0,0.0
noise_taxonomy,3,dense_contact_only,8,24,12,64,mixed,symmetric,0.3,uniform,0.25,0.75,2.6864404705891936,66.6864404705892,8.0,0.0
noise_taxonomy,3,critical_cell_entropy,4,24,12,64,mixed,symmetric,0.3,uniform,0.2916666666666667,0.7083333333333334,3.4321944969622287,67.43219449696224,4.0,0.0
noise_taxonomy,3,critical_cell_entropy,6,24,12,64,mixed,symmetric,0.3,uniform,0.2916666666666667,0.7083333333333334,3.3573331404982856,67.35733314049828,6.0,0.0
noise_taxonomy,3,critical_cell_entropy,8,24,12,64,mixed,symmetric,0.3,uniform,0.25,0.75,3.284280013349383,67.2842800133494,8.0,0.0
noise_taxonomy,3,contact_equivalence,4,24,12,64,mixed,symmetric,0.3,uniform,0.20833333333333334,0.7916666666666666,3.081496602288821,67.08149660228882,4.0,0.0
noise_taxonomy,3,contact_equivalence,6,24,12,64,mixed,symmetric,0.3,uniform,0.25,0.75,2.855850052574871,66.85585005257488,6.0,0.0
noise_taxonomy,3,contact_equivalence,8,24,12,64,mixed,symmetric,0.3,uniform,0.375,0.625,2.507018926291556,66.50701892629155,8.0,0.0
noise_taxonomy,3,expected_regret,4,24,12,64,mixed,symmetric,0.3,uniform,0.3333333333333333,0.6666666666666666,3.2634433965626926,67.2634433965627,4.0,0.0
noise_taxonomy,3,expected_regret,6,24,12,64,mixed,symmetric,0.3,uniform,0.375,0.625,3.078927815541109,67.07892781554112,6.0,0.0
noise_taxonomy,3,expected_regret,8,24,12,64,mixed,symmetric,0.3,uniform,0.3333333333333333,0.6666666666666666,3.0266120787984865,67.02661207879848,8.0,0.0
noise_taxonomy,3,sampled_equivalence,4,24,12,64,mixed,symmetric,0.3,uniform,0.2916666666666667,0.7083333333333334,3.0467413086612427,67.04674130866124,4.0,0.0
noise_taxonomy,3,sampled_equivalence,6,24,12,64,mixed,symmetric,0.3,uniform,0.2916666666666667,0.7083333333333334,2.8587098091197656,66.85870980911979,6.0,0.0
noise_taxonomy,3,sampled_equivalence,8,24,12,64,mixed,symmetric,0.3,uniform,0.3333333333333333,0.6666666666666666,2.5092424519872574,66.50924245198725,8.0,0.0
noise_taxonomy,4,dense_contact_only,4,24,12,64,mixed,symmetric,0.3,uniform,0.20833333333333334,0.7916666666666666,3.0543086071858436,67.05430860718585,4.0,0.0
noise_taxonomy,4,dense_contact_only,6,24,12,64,mixed,symmetric,0.3,uniform,0.4166666666666667,0.5833333333333334,2.8907849890308843,66.89078498903089,6.0,0.0
noise_taxonomy,4,dense_contact_only,8,24,12,64,mixed,symmetric,0.3,uniform,0.5416666666666666,0.4583333333333333,2.4746591486389966,66.474659148639,8.0,0.0
noise_taxonomy,4,critical_cell_entropy,4,24,12,64,mixed,symmetric,0.3,uniform,0.20833333333333334,0.7916666666666666,3.4393327895258103,67.43933278952582,4.0,0.0
noise_taxonomy,4,critical_cell_entropy,6,24,12,64,mixed,symmetric,0.3,uniform,0.25,0.75,3.3617779110703285,67.36177791107035,6.0,0.0
noise_taxonomy,4,critical_cell_entropy,8,24,12,64,mixed,symmetric,0.3,uniform,0.2916666666666667,0.7083333333333334,3.284927201585235,67.28492720158526,8.0,0.0
noise_taxonomy,4,contact_equivalence,4,24,12,64,mixed,symmetric,0.3,uniform,0.125,0.875,3.1027407343231954,67.10274073432319,4.0,0.0
noise_taxonomy,4,contact_equivalence,6,24,12,64,mixed,symmetric,0.3,uniform,0.08333333333333333,0.9166666666666666,2.978288653799183,66.97828865379918,6.0,0.0
noise_taxonomy,4,contact_equivalence,8,24,12,64,mixed,symmetric,0.3,uniform,0.25,0.75,2.7264957579547313,66.72649575795472,8.0,0.0
noise_taxonomy,4,expected_regret,4,24,12,64,mixed,symmetric,0.3,uniform,0.25,0.75,3.245965301367756,67.24596530136776,4.0,0.0
noise_taxonomy,4,expected_regret,6,24,12,64,mixed,symmetric,0.3,uniform,0.20833333333333334,0.7916666666666666,3.0855636301569533,67.08556363015695,6.0,0.0
noise_taxonomy,4,expected_regret,8,24,12,64,mixed,symmetric,0.3,uniform,0.25,0.75,2.886302807919201,66.88630280791921,8.0,0.0
noise_taxonomy,4,sampled_equivalence,4,24,12,64,mixed,symmetric,0.3,uniform,0.16666666666666666,0.8333333333333334,3.1980360050217267,67.19803600502173,4.0,0.0
noise_taxonomy,4,sampled_equivalence,6,24,12,64,mixed,symmetric,0.3,uniform,0.25,0.75,3.0142253026754955,67.01422530267548,6.0,0.0
noise_taxonomy,4,sampled_equivalence,8,24,12,64,mixed,symmetric,0.3,uniform,0.20833333333333334,0.7916666666666666,2.8224106910484466,66.82241069104845,8.0,0.0
noise_taxonomy,5,dense_contact_only,4,24,12,64,mixed,symmetric,0.3,uniform,0.20833333333333334,0.7916666666666666,3.0371387810566826,67.03713878105668,4.0,0.0
noise_taxonomy,5,dense_contact_only,6,24,12,64,mixed,symmetric,0.3,uniform,0.3333333333333333,0.6666666666666666,2.850687777402918,66.85068777740292,6.0,0.0
noise_taxonomy,5,dense_contact_only,8,24,12,64,mixed,symmetric,0.3,uniform,0.375,0.625,2.6051054752402814,66.60510547524028,8.0,0.0
noise_taxonomy,5,critical_cell_entropy,4,24,12,64,mixed,symmetric,0.3,uniform,0.20833333333333334,0.7916666666666666,3.4267485750378524,67.42674857503786,4.0,0.0
noise_taxonomy,5,critical_cell_entropy,6,24,12,64,mixed,symmetric,0.3,uniform,0.125,0.875,3.354407930497601,67.35440793049759,6.0,0.0
noise_taxonomy,5,critical_cell_entropy,8,24,12,64,mixed,symmetric,0.3,uniform,0.16666666666666666,0.8333333333333334,3.2889333855449965,67.28893338554501,8.0,0.0
noise_taxonomy,5,contact_equivalence,4,24,12,64,mixed,symmetric,0.3,uniform,0.125,0.875,3.2077088437449324,67.20770884374492,4.0,0.0
noise_taxonomy,5,contact_equivalence,6,24,12,64,mixed,symmetric,0.3,uniform,0.25,0.75,2.9112441166867105,66.91124411668672,6.0,0.0
noise_taxonomy,5,contact_equivalence,8,24,12,64,mixed,symmetric,0.3,uniform,0.375,0.625,2.688385120727545,66.68838512072752,8.0,0.0
noise_taxonomy,5,expected_regret,4,24,12,64,mixed,symmetric,0.3,uniform,0.3333333333333333,0.6666666666666666,3.1738072216037523,67.17380722160377,4.0,0.0
noise_taxonomy,5,expected_regret,6,24,12,64,mixed,symmetric,0.3,uniform,0.16666666666666666,0.8333333333333334,3.0127965699102313,67.01279656991025,6.0,0.0
noise_taxonomy,5,expected_regret,8,24,12,64,mixed,symmetric,0.3,uniform,0.16666666666666666,0.8333333333333334,2.886139575337412,66.88613957533741,8.0,0.0
noise_taxonomy,5,sampled_equivalence,4,24,12,64,mixed,symmetric,0.3,uniform,0.20833333333333334,0.7916666666666666,3.212699173167597,67.2126991731676,4.0,0.0
noise_taxonomy,5,sampled_equivalence,6,24,12,64,mixed,symmetric,0.3,uniform,0.3333333333333333,0.6666666666666666,3.0541936808239445,67.05419368082396,6.0,0.0
noise_taxonomy,5,sampled_equivalence,8,24,12,64,mixed,symmetric,0.3,uniform,0.375,0.625,2.8590392097934294,66.85903920979344,8.0,0.0
noise_taxonomy,6,dense_contact_only,4,24,12,64,mixed,symmetric,0.3,uniform,0.375,0.625,3.0352774294398386,67.03527742943983,4.0,0.0
noise_taxonomy,6,dense_contact_only,6,24,12,64,mixed,symmetric,0.3,uniform,0.375,0.625,2.7017393717321774,66.70173937173217,6.0,0.0
noise_taxonomy,6,dense_contact_only,8,24,12,64,mixed,symmetric,0.3,uniform,0.5833333333333334,0.4166666666666667,2.4441260232470103,66.44412602324701,8.0,0.0
noise_taxonomy,6,critical_cell_entropy,4,24,12,64,mixed,symmetric,0.3,uniform,0.16666666666666666,0.8333333333333334,3.4371998989239585,67.43719989892396,4.0,0.0
noise_taxonomy,6,critical_cell_entropy,6,24,12,64,mixed,symmetric,0.3,uniform,0.20833333333333334,0.7916666666666666,3.3613488213171316,67.36134882131712,6.0,0.0
noise_taxonomy,6,critical_cell_entropy,8,24,12,64,mixed,symmetric,0.3,uniform,0.20833333333333334,0.7916666666666666,3.291275830835314,67.29127583083535,8.0,0.0
noise_taxonomy,6,contact_equivalence,4,24,12,64,mixed,symmetric,0.3,uniform,0.16666666666666666,0.8333333333333334,3.163045305276373,67.16304530527637,4.0,0.0
noise_taxonomy,6,contact_equivalence,6,24,12,64,mixed,symmetric,0.3,uniform,0.25,0.75,2.987258789334037,66.98725878933405,6.0,0.0
noise_taxonomy,6,contact_equivalence,8,24,12,64,mixed,symmetric,0.3,uniform,0.3333333333333333,0.6666666666666666,2.8816892324180867,66.88168923241807,8.0,0.0
noise_taxonomy,6,expected_regret,4,24,12,64,mixed,symmetric,0.3,uniform,0.25,0.75,3.1427571662771485,67.14275716627715,4.0,0.0
noise_taxonomy,6,expected_regret,6,24,12,64,mixed,symmetric,0.3,uniform,0.3333333333333333,0.6666666666666666,2.9099517118811886,66.90995171188119,6.0,0.0
noise_taxonomy,6,expected_regret,8,24,12,64,mixed,symmetric,0.3,uniform,0.375,0.625,2.73036649400038,66.73036649400036,8.0,0.0
noise_taxonomy,6,sampled_equivalence,4,24,12,64,mixed,symmetric,0.3,uniform,0.20833333333333334,0.7916666666666666,3.1168271590871552,67.11682715908715,4.0,0.0
noise_taxonomy,6,sampled_equivalence,6,24,12,64,mixed,symmetric,0.3,uniform,0.25,0.75,2.834113811698241,66.83411381169823,6.0,0.0
noise_taxonomy,6,sampled_equivalence,8,24,12,64,mixed,symmetric,0.3,uniform,0.25,0.75,2.7454782888184233,66.74547828881842,8.0,0.0
noise_taxonomy,7,dense_contact_only,4,24,12,64,mixed,symmetric,0.3,uniform,0.2916666666666667,0.7083333333333334,3.1115016784791134,67.11150167847912,4.0,0.0
noise_taxonomy,7,dense_contact_only,6,24,12,64,mixed,symmetric,0.3,uniform,0.3333333333333333,0.6666666666666666,2.9561314208990024,66.956131420899,6.0,0.0
noise_taxonomy,7,dense_contact_only,8,24,12,64,mixed,symmetric,0.3,uniform,0.25,0.75,2.6427469867924387,66.64274698679242,8.0,0.0
noise_taxonomy,7,critical_cell_entropy,4,24,12,64,mixed,symmetric,0.3,uniform,0.125,0.875,3.437774488624442,67.43777448862447,4.0,0.0
noise_taxonomy,7,critical_cell_entropy,6,24,12,64,mixed,symmetric,0.3,uniform,0.08333333333333333,0.9166666666666666,3.360043811006904,67.36004381100692,6.0,0.0
noise_taxonomy,7,critical_cell_entropy,8,24,12,64,mixed,symmetric,0.3,uniform,0.20833333333333334,0.7916666666666666,3.2841953734217895,67.28419537342181,8.0,0.0
noise_taxonomy,7,contact_equivalence,4,24,12,64,mixed,symmetric,0.3,uniform,0.25,0.75,3.101220045791155,67.10122004579115,4.0,0.0
noise_taxonomy,7,contact_equivalence,6,24,12,64,mixed,symmetric,0.3,uniform,0.3333333333333333,0.6666666666666666,2.878177024928755,66.87817702492877,6.0,0.0
noise_taxonomy,7,contact_equivalence,8,24,12,64,mixed,symmetric,0.3,uniform,0.5416666666666666,0.4583333333333333,2.5437227203834945,66.5437227203835,8.0,0.0
noise_taxonomy,7,expected_regret,4,24,12,64,mixed,symmetric,0.3,uniform,0.25,0.75,3.1159509022750846,67.1159509022751,4.0,0.0
noise_taxonomy,7,expected_regret,6,24,12,64,mixed,symmetric,0.3,uniform,0.16666666666666666,0.8333333333333334,2.9470384201478868,66.9470384201479,6.0,0.0
noise_taxonomy,7,expected_regret,8,24,12,64,mixed,symmetric,0.3,uniform,0.3333333333333333,0.6666666666666666,2.804830749660772,66.80483074966078,8.0,0.0
noise_taxonomy,7,sampled_equivalence,4,24,12,64,mixed,symmetric,0.3,uniform,0.125,0.875,3.171040156612094,67.17104015661208,4.0,0.0
noise_taxonomy,7,sampled_equivalence,6,24,12,64,mixed,symmetric,0.3,uniform,0.2916666666666667,0.7083333333333334,2.9702087067633456,66.97020870676333,6.0,0.0
noise_taxonomy,7,sampled_equivalence,8,24,12,64,mixed,symmetric,0.3,uniform,0.2916666666666667,0.7083333333333334,2.721393546324956,66.72139354632496,8.0,0.0
noise_taxonomy,8,dense_contact_only,4,24,12,64,mixed,symmetric,0.3,uniform,0.2916666666666667,0.7083333333333334,3.079908901868361,67.07990890186836,4.0,0.0
noise_taxonomy,8,dense_contact_only,6,24,12,64,mixed,symmetric,0.3,uniform,0.2916666666666667,0.7083333333333334,2.814769766658736,66.81476976665873,6.0,0.0
noise_taxonomy,8,dense_contact_only,8,24,12,64,mixed,symmetric,0.3,uniform,0.2916666666666667,0.7083333333333334,2.599005154260803,66.5990051542608,8.0,0.0
noise_taxonomy,8,critical_cell_entropy,4,24,12,64,mixed,symmetric,0.3,uniform,0.041666666666666664,0.9583333333333334,3.4440458054786744,67.44404580547867,4.0,0.0
noise_taxonomy,8,critical_cell_entropy,6,24,12,64,mixed,symmetric,0.3,uniform,0.16666666666666666,0.8333333333333334,3.3682761089135784,67.36827610891358,6.0,0.0
noise_taxonomy,8,critical_cell_entropy,8,24,12,64,mixed,symmetric,0.3,uniform,0.041666666666666664,0.9583333333333334,3.2900213100425177,67.29002131004255,8.0,0.0
noise_taxonomy,8,contact_equivalence,4,24,12,64,mixed,symmetric,0.3,uniform,0.25,0.75,3.3107177573199453,67.31071775731994,4.0,0.0
noise_taxonomy,8,contact_equivalence,6,24,12,64,mixed,symmetric,0.3,uniform,0.25,0.75,2.9634354038663697,66.96343540386638,6.0,0.0
noise_taxonomy,8,contact_equivalence,8,24,12,64,mixed,symmetric,0.3,uniform,0.3333333333333333,0.6666666666666666,2.6730771612250592,66.67307716122504,8.0,0.0
noise_taxonomy,8,expected_regret,4,24,12,64,mixed,symmetric,0.3,uniform,0.20833333333333334,0.7916666666666666,3.113727999955793,67.1137279999558,4.0,0.0
noise_taxonomy,8,expected_regret,6,24,12,64,mixed,symmetric,0.3,uniform,0.5416666666666666,0.4583333333333333,2.942306477645852,66.94230647764586,6.0,0.0
noise_taxonomy,8,expected_regret,8,24,12,64,mixed,symmetric,0.3,uniform,0.5,0.5,2.7636693501192604,66.76366935011926,8.0,0.0
noise_taxonomy,8,sampled_equivalence,4,24,12,64,mixed,symmetric,0.3,uniform,0.4166666666666667,0.5833333333333334,3.057555860838784,67.0575558608388,4.0,0.0
noise_taxonomy,8,sampled_equivalence,6,24,12,64,mixed,symmetric,0.3,uniform,0.3333333333333333,0.6666666666666666,2.8164097386949245,66.81640973869493,6.0,0.0
noise_taxonomy,8,sampled_equivalence,8,24,12,64,mixed,symmetric,0.3,uniform,0.25,0.75,2.7513753930228226,66.75137539302283,8.0,0.0
noise_taxonomy,9,dense_contact_only,4,24,12,64,mixed,symmetric,0.3,uniform,0.20833333333333334,0.7916666666666666,3.055288297583846,67.05528829758384,4.0,0.0
noise_taxonomy,9,dense_contact_only,6,24,12,64,mixed,symmetric,0.3,uniform,0.3333333333333333,0.6666666666666666,2.989971474471952,66.98997147447194,6.0,0.0
noise_taxonomy,9,dense_contact_only,8,24,12,64,mixed,symmetric,0.3,uniform,0.25,0.75,2.8990010098109873,66.89900100981096,8.0,0.0
noise_taxonomy,9,critical_cell_entropy,4,24,12,64,mixed,symmetric,0.3,uniform,0.125,0.875,3.431406580638201,67.43140658063821,4.0,0.0
noise_taxonomy,9,critical_cell_entropy,6,24,12,64,mixed,symmetric,0.3,uniform,0.08333333333333333,0.9166666666666666,3.3580820976923236,67.35808209769233,6.0,0.0
noise_taxonomy,9,critical_cell_entropy,8,24,12,64,mixed,symmetric,0.3,uniform,0.20833333333333334,0.7916666666666666,3.2940388423883626,67.29403884238837,8.0,0.0
noise_taxonomy,9,contact_equivalence,4,24,12,64,mixed,symmetric,0.3,uniform,0.375,0.625,2.8770037519212295,66.87700375192124,4.0,0.0
noise_taxonomy,9,contact_equivalence,6,24,12,64,mixed,symmetric,0.3,uniform,0.5,0.5,2.65872391797833,66.65872391797835,6.0,0.0
noise_taxonomy,9,contact_equivalence,8,24,12,64,mixed,symmetric,0.3,uniform,0.625,0.375,2.3740411022751133,66.3740411022751,8.0,0.0
noise_taxonomy,9,expected_regret,4,24,12,64,mixed,symmetric,0.3,uniform,0.25,0.75,3.1652401394376573,67.16524013943766,4.0,0.0
noise_taxonomy,9,expected_regret,6,24,12,64,mixed,symmetric,0.3,uniform,0.20833333333333334,0.7916666666666666,2.906534303148426,66.90653430314843,6.0,0.0
noise_taxonomy,9,expected_regret,8,24,12,64,mixed,symmetric,0.3,uniform,0.2916666666666667,0.7083333333333334,2.7366124269880014,66.73661242698802,8.0,0.0
noise_taxonomy,9,sampled_equivalence,4,24,12,64,mixed,symmetric,0.3,uniform,0.125,0.875,3.038744741142379,67.0387447411424,4.0,0.0
noise_taxonomy,9,sampled_equivalence,6,24,12,64,mixed,symmetric,0.3,uniform,0.25,0.75,2.886275809677757,66.88627580967777,6.0,0.0
noise_taxonomy,9,sampled_equivalence,8,24,12,64,mixed,symmetric,0.3,uniform,0.20833333333333334,0.7916666666666666,2.7033343524709483,66.70333435247095,8.0,0.0
noise_taxonomy,0,dense_contact_only,4,24,12,64,mixed,false_positive,0.0,uniform,1.0,0.0,0.0,64.0,4.0,0.0
noise_taxonomy,0,dense_contact_only,6,24,12,64,mixed,false_positive,0.0,uniform,1.0,0.0,0.0,64.0,6.0,0.0
noise_taxonomy,0,dense_contact_only,8,24,12,64,mixed,false_positive,0.0,uniform,1.0,0.0,0.0,64.0,8.0,0.0
noise_taxonomy,0,critical_cell_entropy,4,24,12,64,mixed,false_positive,0.0,uniform,0.4583333333333333,0.5416666666666666,2.125,66.125,4.0,0.0
noise_taxonomy,0,critical_cell_entropy,6,24,12,64,mixed,false_positive,0.0,uniform,0.6666666666666666,0.3333333333333333,0.861654166907052,64.86165416690704,6.0,0.0
noise_taxonomy,0,critical_cell_entropy,8,24,12,64,mixed,false_positive,0.0,uniform,0.7916666666666666,0.20833333333333334,0.4166666666666667,64.41666666666667,8.0,0.0
noise_taxonomy,0,contact_equivalence,4,24,12,64,mixed,false_positive,0.0,uniform,1.0,0.0,0.0,64.0,4.0,0.0
noise_taxonomy,0,contact_equivalence,6,24,12,64,mixed,false_positive,0.0,uniform,1.0,0.0,0.0,64.0,6.0,0.0
noise_taxonomy,0,contact_equivalence,8,24,12,64,mixed,false_positive,0.0,uniform,1.0,0.0,0.0,64.0,8.0,0.0
noise_taxonomy,0,expected_regret,4,24,12,64,mixed,false_positive,0.0,uniform,0.8333333333333334,0.16666666666666666,0.4166666666666667,64.41666666666667,4.0,0.0
noise_taxonomy,0,expected_regret,6,24,12,64,mixed,false_positive,0.0,uniform,1.0,0.0,0.0,64.0,6.0,0.0
noise_taxonomy,0,expected_regret,8,24,12,64,mixed,false_positive,0.0,uniform,1.0,0.0,0.0,64.0,8.0,0.0
noise_taxonomy,0,sampled_equivalence,4,24,12,64,mixed,false_positive,0.0,uniform,0.9583333333333334,0.041666666666666664,0.08333333333333333,64.08333333333333,4.0,0.0
noise_taxonomy,0,sampled_equivalence,6,24,12,64,mixed,false_positive,0.0,uniform,1.0,0.0,0.0,64.0,6.0,0.0
noise_taxonomy,0,sampled_equivalence,8,24,12,64,mixed,false_positive,0.0,uniform,1.0,0.0,0.0,64.0,8.0,0.0
noise_taxonomy,1,dense_contact_only,4,24,12,64,mixed,false_positive,0.0,uniform,1.0,0.0,0.0,64.0,4.0,0.0
noise_taxonomy,1,dense_contact_only,6,24,12,64,mixed,false_positive,0.0,uniform,1.0,0.0,0.0,64.0,6.0,0.0
noise_taxonomy,1,dense_contact_only,8,24,12,64,mixed,false_positive,0.0,uniform,1.0,0.0,0.0,64.0,8.0,0.0
noise_taxonomy,1,critical_cell_entropy,4,24,12,64,mixed,false_positive,0.0,uniform,0.4583333333333333,0.5416666666666666,1.75,65.75,4.0,0.0
noise_taxonomy,1,critical_cell_entropy,6,24,12,64,mixed,false_positive,0.0,uniform,0.75,0.25,1.077067708633815,65.0770677086338,6.0,0.0
noise_taxonomy,1,critical_cell_entropy,8,24,12,64,mixed,false_positive,0.0,uniform,0.7916666666666666,0.20833333333333334,0.5833333333333334,64.58333333333333,8.0,0.0
noise_taxonomy,1,contact_equivalence,4,24,12,64,mixed,false_positive,0.0,uniform,1.0,0.0,0.0,64.0,4.0,0.0
noise_taxonomy,1,contact_equivalence,6,24,12,64,mixed,false_positive,0.0,uniform,1.0,0.0,0.0,64.0,6.0,0.0
noise_taxonomy,1,contact_equivalence,8,24,12,64,mixed,false_positive,0.0,uniform,1.0,0.0,0.0,64.0,8.0,0.0
noise_taxonomy,1,expected_regret,4,24,12,64,mixed,false_positive,0.0,uniform,0.875,0.125,0.3333333333333333,64.33333333333333,4.0,0.0
noise_taxonomy,1,expected_regret,6,24,12,64,mixed,false_positive,0.0,uniform,1.0,0.0,0.0,64.0,6.0,0.0
noise_taxonomy,1,expected_regret,8,24,12,64,mixed,false_positive,0.0,uniform,1.0,0.0,0.0,64.0,8.0,0.0
noise_taxonomy,1,sampled_equivalence,4,24,12,64,mixed,false_positive,0.0,uniform,1.0,0.0,0.041666666666666664,64.04166666666667,4.0,0.0
noise_taxonomy,1,sampled_equivalence,6,24,12,64,mixed,false_positive,0.0,uniform,1.0,0.0,0.0,64.0,6.0,0.0
noise_taxonomy,1,sampled_equivalence,8,24,12,64,mixed,false_positive,0.0,uniform,1.0,0.0,0.0,64.0,8.0,0.0
noise_taxonomy,2,dense_contact_only,4,24,12,64,mixed,false_positive,0.0,uniform,1.0,0.0,0.0,64.0,4.0,0.0
noise_taxonomy,2,dense_contact_only,6,24,12,64,mixed,false_positive,0.0,uniform,1.0,0.0,0.0,64.0,6.0,0.0
noise_taxonomy,2,dense_contact_only,8,24,12,64,mixed,false_positive,0.0,uniform,1.0,0.0,0.0,64.0,8.0,0.0
noise_taxonomy,2,critical_cell_entropy,4,24,12,64,mixed,false_positive,0.0,uniform,0.2916666666666667,0.7083333333333334,2.25,66.25,4.0,0.0
noise_taxonomy,2,critical_cell_entropy,6,24,12,64,mixed,false_positive,0.0,uniform,0.4583333333333333,0.5416666666666666,1.5078947920873407,65.50789479208733,6.0,0.0
noise_taxonomy,2,critical_cell_entropy,8,24,12,64,mixed,false_positive,0.0,uniform,0.75,0.25,0.75,64.75,8.0,0.0
noise_taxonomy,2,contact_equivalence,4,24,12,64,mixed,false_positive,0.0,uniform,1.0,0.0,0.0,64.0,4.0,0.0
noise_taxonomy,2,contact_equivalence,6,24,12,64,mixed,false_positive,0.0,uniform,1.0,0.0,0.0,64.0,6.0,0.0
noise_taxonomy,2,contact_equivalence,8,24,12,64,mixed,false_positive,0.0,uniform,1.0,0.0,0.0,64.0,8.0,0.0
noise_taxonomy,2,expected_regret,4,24,12,64,mixed,false_positive,0.0,uniform,0.9583333333333334,0.041666666666666664,0.16666666666666666,64.16666666666667,4.0,0.0
noise_taxonomy,2,expected_regret,6,24,12,64,mixed,false_positive,0.0,uniform,1.0,0.0,0.0,64.0,6.0,0.0
noise_taxonomy,2,expected_regret,8,24,12,64,mixed,false_positive,0.0,uniform,1.0,0.0,0.0,64.0,8.0,0.0
noise_taxonomy,2,sampled_equivalence,4,24,12,64,mixed,false_positive,0.0,uniform,1.0,0.0,0.0,64.0,4.0,0.0
noise_taxonomy,2,sampled_equivalence,6,24,12,64,mixed,false_positive,0.0,uniform,1.0,0.0,0.0,64.0,6.0,0.0
noise_taxonomy,2,sampled_equivalence,8,24,12,64,mixed,false_positive,0.0,uniform,1.0,0.0,0.0,64.0,8.0,0.0
noise_taxonomy,3,dense_contact_only,4,24,12,64,mixed,false_positive,0.0,uniform,1.0,0.0,0.0,64.0,4.0,0.0
noise_taxonomy,3,dense_contact_only,6,24,12,64,mixed,false_positive,0.0,uniform,1.0,0.0,0.0,64.0,6.0,0.0
noise_taxonomy,3,dense_contact_only,8,24,12,64,mixed,false_positive,0.0,uniform,1.0,0.0,0.0,64.0,8.0,0.0
noise_taxonomy,3,critical_cell_entropy,4,24,12,64,mixed,false_positive,0.0,uniform,0.4583333333333333,0.5416666666666666,1.625,65.625,4.0,0.0
noise_taxonomy,3,critical_cell_entropy,6,24,12,64,mixed,false_positive,0.0,uniform,0.6666666666666666,0.3333333333333333,0.9693609377704334,64.96936093777043,6.0,0.0
noise_taxonomy,3,critical_cell_entropy,8,24,12,64,mixed,false_positive,0.0,uniform,0.875,0.125,0.4166666666666667,64.41666666666667,8.0,0.0
noise_taxonomy,3,contact_equivalence,4,24,12,64,mixed,false_positive,0.0,uniform,1.0,0.0,0.0,64.0,4.0,0.0
noise_taxonomy,3,contact_equivalence,6,24,12,64,mixed,false_positive,0.0,uniform,1.0,0.0,0.0,64.0,6.0,0.0
noise_taxonomy,3,contact_equivalence,8,24,12,64,mixed,false_positive,0.0,uniform,1.0,0.0,0.0,64.0,8.0,0.0
noise_taxonomy,3,expected_regret,4,24,12,64,mixed,false_positive,0.0,uniform,0.875,0.125,0.20833333333333334,64.20833333333333,4.0,0.0
noise_taxonomy,3,expected_regret,6,24,12,64,mixed,false_positive,0.0,uniform,1.0,0.0,0.0,64.0,6.0,0.0
noise_taxonomy,3,expected_regret,8,24,12,64,mixed,false_positive,0.0,uniform,1.0,0.0,0.0,64.0,8.0,0.0
noise_taxonomy,3,sampled_equivalence,4,24,12,64,mixed,false_positive,0.0,uniform,0.9583333333333334,0.041666666666666664,0.08333333333333333,64.08333333333333,4.0,0.0
noise_taxonomy,3,sampled_equivalence,6,24,12,64,mixed,false_positive,0.0,uniform,1.0,0.0,0.0,64.0,6.0,0.0
noise_taxonomy,3,sampled_equivalence,8,24,12,64,mixed,false_positive,0.0,uniform,1.0,0.0,0.0,64.0,8.0,0.0
noise_taxonomy,4,dense_contact_only,4,24,12,64,mixed,false_positive,0.0,uniform,1.0,0.0,0.0,64.0,4.0,0.0
noise_taxonomy,4,dense_contact_only,6,24,12,64,mixed,false_positive,0.0,uniform,1.0,0.0,0.0,64.0,6.0,0.0
noise_taxonomy,4,dense_contact_only,8,24,12,64,mixed,false_positive,0.0,uniform,1.0,0.0,0.0,64.0,8.0,0.0
noise_taxonomy,4,critical_cell_entropy,4,24,12,64,mixed,false_positive,0.0,uniform,0.5,0.5,1.75,65.75,4.0,0.0
noise_taxonomy,4,critical_cell_entropy,6,24,12,64,mixed,false_positive,0.0,uniform,0.75,0.25,0.9693609377704334,64.96936093777043,6.0,0.0
noise_taxonomy,4,critical_cell_entropy,8,24,12,64,mixed,false_positive,0.0,uniform,0.8333333333333334,0.16666666666666666,0.5,64.5,8.0,0.0
noise_taxonomy,4,contact_equivalence,4,24,12,64,mixed,false_positive,0.0,uniform,1.0,0.0,0.0,64.0,4.0,0.0
noise_taxonomy,4,contact_equivalence,6,24,12,64,mixed,false_positive,0.0,uniform,1.0,0.0,0.0,64.0,6.0,0.0
noise_taxonomy,4,contact_equivalence,8,24,12,64,mixed,false_positive,0.0,uniform,1.0,0.0,0.0,64.0,8.0,0.0
noise_taxonomy,4,expected_regret,4,24,12,64,mixed,false_positive,0.0,uniform,0.875,0.125,0.2916666666666667,64.29166666666667,4.0,0.0
noise_taxonomy,4,expected_regret,6,24,12,64,mixed,false_positive,0.0,uniform,1.0,0.0,0.0,64.0,6.0,0.0
noise_taxonomy,4,expected_regret,8,24,12,64,mixed,false_positive,0.0,uniform,1.0,0.0,0.0,64.0,8.0,0.0
noise_taxonomy,4,sampled_equivalence,4,24,12,64,mixed,false_positive,0.0,uniform,1.0,0.0,0.0,64.0,4.0,0.0
noise_taxonomy,4,sampled_equivalence,6,24,12,64,mixed,false_positive,0.0,uniform,1.0,0.0,0.0,64.0,6.0,0.0
noise_taxonomy,4,sampled_equivalence,8,24,12,64,mixed,false_positive,0.0,uniform,1.0,0.0,0.0,64.0,8.0,0.0
noise_taxonomy,5,dense_contact_only,4,24,12,64,mixed,false_positive,0.0,uniform,1.0,0.0,0.0,64.0,4.0,0.0
noise_taxonomy,5,dense_contact_only,6,24,12,64,mixed,false_positive,0.0,uniform,1.0,0.0,0.0,64.0,6.0,0.0
noise_taxonomy,5,dense_contact_only,8,24,12,64,mixed,false_positive,0.0,uniform,1.0,0.0,0.0,64.0,8.0,0.0
noise_taxonomy,5,critical_cell_entropy,4,24,12,64,mixed,false_positive,0.0,uniform,0.3333333333333333,0.6666666666666666,2.125,66.125,4.0,0.0
noise_taxonomy,5,critical_cell_entropy,6,24,12,64,mixed,false_positive,0.0,uniform,0.625,0.375,1.1847744794971964,65.18477447949721,6.0,0.0
noise_taxonomy,5,critical_cell_entropy,8,24,12,64,mixed,false_positive,0.0,uniform,0.8333333333333334,0.16666666666666666,0.75,64.75,8.0,0.0
noise_taxonomy,5,contact_equivalence,4,24,12,64,mixed,false_positive,0.0,uniform,1.0,0.0,0.0,64.0,4.0,0.0
noise_taxonomy,5,contact_equivalence,6,24,12,64,mixed,false_positive,0.0,uniform,1.0,0.0,0.0,64.0,6.0,0.0
noise_taxonomy,5,contact_equivalence,8,24,12,64,mixed,false_positive,0.0,uniform,1.0,0.0,0.0,64.0,8.0,0.0
noise_taxonomy,5,expected_regret,4,24,12,64,mixed,false_positive,0.0,uniform,0.875,0.125,0.16666666666666666,64.16666666666667,4.0,0.0
noise_taxonomy,5,expected_regret,6,24,12,64,mixed,false_positive,0.0,uniform,1.0,0.0,0.0,64.0,6.0,0.0
noise_taxonomy,5,expected_regret,8,24,12,64,mixed,false_positive,0.0,uniform,1.0,0.0,0.0,64.0,8.0,0.0
noise_taxonomy,5,sampled_equivalence,4,24,12,64,mixed,false_positive,0.0,uniform,0.9583333333333334,0.041666666666666664,0.041666666666666664,64.04166666666667,4.0,0.0
noise_taxonomy,5,sampled_equivalence,6,24,12,64,mixed,false_positive,0.0,uniform,1.0,0.0,0.0,64.0,6.0,0.0
noise_taxonomy,5,sampled_equivalence,8,24,12,64,mixed,false_positive,0.0,uniform,1.0,0.0,0.0,64.0,8.0,0.0
noise_taxonomy,6,dense_contact_only,4,24,12,64,mixed,false_positive,0.0,uniform,1.0,0.0,0.0,64.0,4.0,0.0
noise_taxonomy,6,dense_contact_only,6,24,12,64,mixed,false_positive,0.0,uniform,1.0,0.0,0.0,64.0,6.0,0.0
noise_taxonomy,6,dense_contact_only,8,24,12,64,mixed,false_positive,0.0,uniform,1.0,0.0,0.0,64.0,8.0,0.0
noise_taxonomy,6,critical_cell_entropy,4,24,12,64,mixed,false_positive,0.0,uniform,0.5416666666666666,0.4583333333333333,1.625,65.625,4.0,0.0
noise_taxonomy,6,critical_cell_entropy,6,24,12,64,mixed,false_positive,0.0,uniform,0.7083333333333334,0.2916666666666667,0.861654166907052,64.86165416690706,6.0,0.0
noise_taxonomy,6,critical_cell_entropy,8,24,12,64,mixed,false_positive,0.0,uniform,0.875,0.125,0.3333333333333333,64.33333333333333,8.0,0.0
noise_taxonomy,6,contact_equivalence,4,24,12,64,mixed,false_positive,0.0,uniform,1.0,0.0,0.0,64.0,4.0,0.0
noise_taxonomy,6,contact_equivalence,6,24,12,64,mixed,false_positive,0.0,uniform,1.0,0.0,0.0,64.0,6.0,0.0
noise_taxonomy,6,contact_equivalence,8,24,12,64,mixed,false_positive,0.0,uniform,1.0,0.0,0.0,64.0,8.0,0.0
noise_taxonomy,6,expected_regret,4,24,12,64,mixed,false_positive,0.0,uniform,0.8333333333333334,0.16666666666666666,0.375,64.375,4.0,0.0
noise_taxonomy,6,expected_regret,6,24,12,64,mixed,false_positive,0.0,uniform,1.0,0.0,0.0,64.0,6.0,0.0
noise_taxonomy,6,expected_regret,8,24,12,64,mixed,false_positive,0.0,uniform,1.0,0.0,0.0,64.0,8.0,0.0
noise_taxonomy,6,sampled_equivalence,4,24,12,64,mixed,false_positive,0.0,uniform,0.9166666666666666,0.08333333333333333,0.08333333333333333,64.08333333333333,4.0,0.0
noise_taxonomy,6,sampled_equivalence,6,24,12,64,mixed,false_positive,0.0,uniform,1.0,0.0,0.0,64.0,6.0,0.0
noise_taxonomy,6,sampled_equivalence,8,24,12,64,mixed,false_positive,0.0,uniform,1.0,0.0,0.0,64.0,8.0,0.0
noise_taxonomy,7,dense_contact_only,4,24,12,64,mixed,false_positive,0.0,uniform,1.0,0.0,0.0,64.0,4.0,0.0
noise_taxonomy,7,dense_contact_only,6,24,12,64,mixed,false_positive,0.0,uniform,1.0,0.0,0.0,64.0,6.0,0.0
noise_taxonomy,7,dense_contact_only,8,24,12,64,mixed,false_positive,0.0,uniform,1.0,0.0,0.0,64.0,8.0,0.0
noise_taxonomy,7,critical_cell_entropy,4,24,12,64,mixed,false_positive,0.0,uniform,0.16666666666666666,0.8333333333333334,2.5,66.5,4.0,0.0
noise_taxonomy,7,critical_cell_entropy,6,24,12,64,mixed,false_positive,0.0,uniform,0.5416666666666666,0.4583333333333333,1.5078947920873407,65.50789479208734,6.0,0.0
noise_taxonomy,7,critical_cell_entropy,8,24,12,64,mixed,false_positive,0.0,uniform,0.7083333333333334,0.2916666666666667,0.8333333333333334,64.83333333333333,8.0,0.0
noise_taxonomy,7,contact_equivalence,4,24,12,64,mixed,false_positive,0.0,uniform,1.0,0.0,0.0,64.0,4.0,0.0
noise_taxonomy,7,contact_equivalence,6,24,12,64,mixed,false_positive,0.0,uniform,1.0,0.0,0.0,64.0,6.0,0.0
noise_taxonomy,7,contact_equivalence,8,24,12,64,mixed,false_positive,0.0,uniform,1.0,0.0,0.0,64.0,8.0,0.0
noise_taxonomy,7,expected_regret,4,24,12,64,mixed,false_positive,0.0,uniform,0.5833333333333334,0.4166666666666667,0.5,64.5,4.0,0.0
noise_taxonomy,7,expected_regret,6,24,12,64,mixed,false_positive,0.0,uniform,1.0,0.0,0.0,64.0,6.0,0.0
noise_taxonomy,7,expected_regret,8,24,12,64,mixed,false_positive,0.0,uniform,1.0,0.0,0.0,64.0,8.0,0.0
noise_taxonomy,7,sampled_equivalence,4,24,12,64,mixed,false_positive,0.0,uniform,1.0,0.0,0.0,64.0,4.0,0.0
noise_taxonomy,7,sampled_equivalence,6,24,12,64,mixed,false_positive,0.0,uniform,1.0,0.0,0.0,64.0,6.0,0.0
noise_taxonomy,7,sampled_equivalence,8,24,12,64,mixed,false_positive,0.0,uniform,1.0,0.0,0.0,64.0,8.0,0.0
noise_taxonomy,8,dense_contact_only,4,24,12,64,mixed,false_positive,0.0,uniform,1.0,0.0,0.0,64.0,4.0,0.0
noise_taxonomy,8,dense_contact_only,6,24,12,64,mixed,false_positive,0.0,uniform,1.0,0.0,0.0,64.0,6.0,0.0
noise_taxonomy,8,dense_contact_only,8,24,12,64,mixed,false_positive,0.0,uniform,1.0,0.0,0.0,64.0,8.0,0.0
noise_taxonomy,8,critical_cell_entropy,4,24,12,64,mixed,false_positive,0.0,uniform,0.5,0.5,2.0,66.0,4.0,0.0
noise_taxonomy,8,critical_cell_entropy,6,24,12,64,mixed,false_positive,0.0,uniform,0.5833333333333334,0.4166666666666667,1.2924812503605778,65.29248125036058,6.0,0.0
noise_taxonomy,8,critical_cell_entropy,8,24,12,64,mixed,false_positive,0.0,uniform,0.6666666666666666,0.3333333333333333,0.75,64.75,8.0,0.0
noise_taxonomy,8,contact_equivalence,4,24,12,64,mixed,false_positive,0.0,uniform,1.0,0.0,0.0,64.0,4.0,0.0
noise_taxonomy,8,contact_equivalence,6,24,12,64,mixed,false_positive,0.0,uniform,1.0,0.0,0.0,64.0,6.0,0.0
noise_taxonomy,8,contact_equivalence,8,24,12,64,mixed,false_positive,0.0,uniform,1.0,0.0,0.0,64.0,8.0,0.0
noise_taxonomy,8,expected_regret,4,24,12,64,mixed,false_positive,0.0,uniform,0.8333333333333334,0.16666666666666666,0.4166666666666667,64.41666666666667,4.0,0.0
noise_taxonomy,8,expected_regret,6,24,12,64,mixed,false_positive,0.0,uniform,1.0,0.0,0.0,64.0,6.0,0.0
noise_taxonomy,8,expected_regret,8,24,12,64,mixed,false_positive,0.0,uniform,1.0,0.0,0.0,64.0,8.0,0.0
noise_taxonomy,8,sampled_equivalence,4,24,12,64,mixed,false_positive,0.0,uniform,1.0,0.0,0.041666666666666664,64.04166666666667,4.0,0.0
noise_taxonomy,8,sampled_equivalence,6,24,12,64,mixed,false_positive,0.0,uniform,1.0,0.0,0.0,64.0,6.0,0.0
noise_taxonomy,8,sampled_equivalence,8,24,12,64,mixed,false_positive,0.0,uniform,1.0,0.0,0.0,64.0,8.0,0.0
noise_taxonomy,9,dense_contact_only,4,24,12,64,mixed,false_positive,0.0,uniform,1.0,0.0,0.0,64.0,4.0,0.0
noise_taxonomy,9,dense_contact_only,6,24,12,64,mixed,false_positive,0.0,uniform,1.0,0.0,0.0,64.0,6.0,0.0
noise_taxonomy,9,dense_contact_only,8,24,12,64,mixed,false_positive,0.0,uniform,1.0,0.0,0.0,64.0,8.0,0.0
noise_taxonomy,9,critical_cell_entropy,4,24,12,64,mixed,false_positive,0.0,uniform,0.4166666666666667,0.5833333333333334,1.875,65.875,4.0,0.0
noise_taxonomy,9,critical_cell_entropy,6,24,12,64,mixed,false_positive,0.0,uniform,0.5416666666666666,0.4583333333333333,1.4001880212239592,65.40018802122397,6.0,0.0
noise_taxonomy,9,critical_cell_entropy,8,24,12,64,mixed,false_positive,0.0,uniform,0.6666666666666666,0.3333333333333333,0.6666666666666666,64.66666666666667,8.0,0.0
noise_taxonomy,9,contact_equivalence,4,24,12,64,mixed,false_positive,0.0,uniform,1.0,0.0,0.0,64.0,4.0,0.0
noise_taxonomy,9,contact_equivalence,6,24,12,64,mixed,false_positive,0.0,uniform,1.0,0.0,0.0,64.0,6.0,0.0
noise_taxonomy,9,contact_equivalence,8,24,12,64,mixed,false_positive,0.0,uniform,1.0,0.0,0.0,64.0,8.0,0.0
noise_taxonomy,9,expected_regret,4,24,12,64,mixed,false_positive,0.0,uniform,0.9166666666666666,0.08333333333333333,0.25,64.25,4.0,0.0
noise_taxonomy,9,expected_regret,6,24,12,64,mixed,false_positive,0.0,uniform,1.0,0.0,0.0,64.0,6.0,0.0
noise_taxonomy,9,expected_regret,8,24,12,64,mixed,false_positive,0.0,uniform,1.0,0.0,0.0,64.0,8.0,0.0
noise_taxonomy,9,sampled_equivalence,4,24,12,64,mixed,false_positive,0.0,uniform,0.9583333333333334,0.041666666666666664,0.041666666666666664,64.04166666666667,4.0,0.0
noise_taxonomy,9,sampled_equivalence,6,24,12,64,mixed,false_positive,0.0,uniform,1.0,0.0,0.0,64.0,6.0,0.0
noise_taxonomy,9,sampled_equivalence,8,24,12,64,mixed,false_positive,0.0,uniform,1.0,0.0,0.0,64.0,8.0,0.0
noise_taxonomy,0,dense_contact_only,4,24,12,64,mixed,false_positive,0.02,uniform,1.0,0.0,0.10614894555968095,64.10614894555968,4.0,0.0
noise_taxonomy,0,dense_contact_only,6,24,12,64,mixed,false_positive,0.02,uniform,1.0,0.0,0.00015245026170551012,64.0001524502617,6.0,0.0
noise_taxonomy,0,dense_contact_only,8,24,12,64,mixed,false_positive,0.02,uniform,1.0,0.0,1.0477317375979963e-06,64.00000104773173,8.0,0.0
noise_taxonomy,0,critical_cell_entropy,4,24,12,64,mixed,false_positive,0.02,uniform,0.4583333333333333,0.5416666666666666,2.353217034600679,66.35321703460068,4.0,0.0
noise_taxonomy,0,critical_cell_entropy,6,24,12,64,mixed,false_positive,0.02,uniform,0.625,0.375,1.4267300911580072,65.426730091158,6.0,0.0
noise_taxonomy,0,critical_cell_entropy,8,24,12,64,mixed,false_positive,0.02,uniform,0.6666666666666666,0.3333333333333333,0.9802879077846859,64.98028790778467,8.0,0.0
noise_taxonomy,0,contact_equivalence,4,24,12,64,mixed,false_positive,0.02,uniform,1.0,0.0,0.14780797955364203,64.14780797955365,4.0,0.0
noise_taxonomy,0,contact_equivalence,6,24,12,64,mixed,false_positive,0.02,uniform,1.0,0.0,0.0061339191566391485,64.00613391915664,6.0,0.0
noise_taxonomy,0,contact_equivalence,8,24,12,64,mixed,false_positive,0.02,uniform,1.0,0.0,6.825455312250823e-06,64.00000682545532,8.0,0.0
noise_taxonomy,0,expected_regret,4,24,12,64,mixed,false_positive,0.02,uniform,0.8333333333333334,0.16666666666666666,0.4962001294101983,64.4962001294102,4.0,0.0
noise_taxonomy,0,expected_regret,6,24,12,64,mixed,false_positive,0.02,uniform,1.0,0.0,0.0035030923331275284,64.00350309233312,6.0,0.0
noise_taxonomy,0,expected_regret,8,24,12,64,mixed,false_positive,0.02,uniform,1.0,0.0,0.0021659462093574808,64.00216594620936,8.0,0.0
noise_taxonomy,0,sampled_equivalence,4,24,12,64,mixed,false_positive,0.02,uniform,0.875,0.125,0.35831178174160155,64.3583117817416,4.0,0.0
noise_taxonomy,0,sampled_equivalence,6,24,12,64,mixed,false_positive,0.02,uniform,0.9166666666666666,0.08333333333333333,0.12675165150473486,64.12675165150473,6.0,0.0
noise_taxonomy,0,sampled_equivalence,8,24,12,64,mixed,false_positive,0.02,uniform,0.9583333333333334,0.041666666666666664,0.013929485553445779,64.01392948555345,8.0,0.0
noise_taxonomy,1,dense_contact_only,4,24,12,64,mixed,false_positive,0.02,uniform,0.9583333333333334,0.041666666666666664,0.10022255878702889,64.10022255878702,4.0,0.0
noise_taxonomy,1,dense_contact_only,6,24,12,64,mixed,false_positive,0.02,uniform,1.0,0.0,0.0119707209271874,64.01197072092718,6.0,0.0
noise_taxonomy,1,dense_contact_only,8,24,12,64,mixed,false_positive,0.02,uniform,1.0,0.0,1.5326142411412326e-06,64.00000153261425,8.0,0.0
noise_taxonomy,1,critical_cell_entropy,4,24,12,64,mixed,false_positive,0.02,uniform,0.4583333333333333,0.5416666666666666,2.163578220033498,66.1635782200335,4.0,0.0
noise_taxonomy,1,critical_cell_entropy,6,24,12,64,mixed,false_positive,0.02,uniform,0.7083333333333334,0.2916666666666667,1.5516550731989787,65.55165507319899,6.0,0.0
noise_taxonomy,1,critical_cell_entropy,8,24,12,64,mixed,false_positive,0.02,uniform,0.6666666666666666,0.3333333333333333,1.071840005529089,65.07184000552908,8.0,0.0
noise_taxonomy,1,contact_equivalence,4,24,12,64,mixed,false_positive,0.02,uniform,0.9166666666666666,0.08333333333333333,0.178030593558452,64.17803059355846,4.0,0.0
noise_taxonomy,1,contact_equivalence,6,24,12,64,mixed,false_positive,0.02,uniform,1.0,0.0,0.006167275810428206,64.00616727581043,6.0,0.0
noise_taxonomy,1,contact_equivalence,8,24,12,64,mixed,false_positive,0.02,uniform,1.0,0.0,7.52319033873479e-06,64.00000752319035,8.0,0.0
noise_taxonomy,1,expected_regret,4,24,12,64,mixed,false_positive,0.02,uniform,0.8333333333333334,0.16666666666666666,0.42885572417766976,64.42885572417767,4.0,0.0
noise_taxonomy,1,expected_regret,6,24,12,64,mixed,false_positive,0.02,uniform,1.0,0.0,0.0024685940116153647,64.0024685940116,6.0,0.0
noise_taxonomy,1,expected_regret,8,24,12,64,mixed,false_positive,0.02,uniform,1.0,0.0,0.001335948230969851,64.00133594823096,8.0,0.0
noise_taxonomy,1,sampled_equivalence,4,24,12,64,mixed,false_positive,0.02,uniform,0.9166666666666666,0.08333333333333333,0.284482518610289,64.28448251861029,4.0,0.0
noise_taxonomy,1,sampled_equivalence,6,24,12,64,mixed,false_positive,0.02,uniform,1.0,0.0,0.043390547963860854,64.04339054796385,6.0,0.0
noise_taxonomy,1,sampled_equivalence,8,24,12,64,mixed,false_positive,0.02,uniform,1.0,0.0,0.006874083610051815,64.00687408361006,8.0,0.0
noise_taxonomy,2,dense_contact_only,4,24,12,64,mixed,false_positive,0.02,uniform,1.0,0.0,0.09435929413782783,64.09435929413783,4.0,0.0
noise_taxonomy,2,dense_contact_only,6,24,12,64,mixed,false_positive,0.02,uniform,1.0,0.0,0.00013567735131081625,64.00013567735131,6.0,0.0
noise_taxonomy,2,dense_contact_only,8,24,12,64,mixed,false_positive,0.02,uniform,1.0,0.0,7.164522646031436e-06,64.00000716452264,8.0,0.0
noise_taxonomy,2,critical_cell_entropy,4,24,12,64,mixed,false_positive,0.02,uniform,0.25,0.75,2.4368592125973296,66.43685921259733,4.0,0.0
noise_taxonomy,2,critical_cell_entropy,6,24,12,64,mixed,false_positive,0.02,uniform,0.375,0.625,1.7030521474458462,65.70305214744585,6.0,0.0
noise_taxonomy,2,critical_cell_entropy,8,24,12,64,mixed,false_positive,0.02,uniform,0.7083333333333334,0.2916666666666667,1.1944154443746278,65.19441544437463,8.0,0.0
noise_taxonomy,2,contact_equivalence,4,24,12,64,mixed,false_positive,0.02,uniform,0.9166666666666666,0.08333333333333333,0.1591833801259104,64.15918338012591,4.0,0.0
noise_taxonomy,2,contact_equivalence,6,24,12,64,mixed,false_positive,0.02,uniform,1.0,0.0,0.00742144916030434,64.0074214491603,6.0,0.0
noise_taxonomy,2,contact_equivalence,8,24,12,64,mixed,false_positive,0.02,uniform,1.0,0.0,7.785614160707479e-06,64.00000778561416,8.0,0.0
noise_taxonomy,2,expected_regret,4,24,12,64,mixed,false_positive,0.02,uniform,0.9166666666666666,0.08333333333333333,0.29628198389141486,64.29628198389142,4.0,0.0
noise_taxonomy,2,expected_regret,6,24,12,64,mixed,false_positive,0.02,uniform,0.9583333333333334,0.041666666666666664,0.04365709266296632,64.04365709266297,6.0,0.0
noise_taxonomy,2,expected_regret,8,24,12,64,mixed,false_positive,0.02,uniform,1.0,0.0,0.0015225936915818864,64.00152259369159,8.0,0.0
noise_taxonomy,2,sampled_equivalence,4,24,12,64,mixed,false_positive,0.02,uniform,0.9583333333333334,0.041666666666666664,0.3161959750381141,64.31619597503811,4.0,0.0
noise_taxonomy,2,sampled_equivalence,6,24,12,64,mixed,false_positive,0.02,uniform,1.0,0.0,0.06556880187425192,64.06556880187425,6.0,0.0
noise_taxonomy,2,sampled_equivalence,8,24,12,64,mixed,false_positive,0.02,uniform,1.0,0.0,0.0068737597963660435,64.00687375979636,8.0,0.0
noise_taxonomy,3,dense_contact_only,4,24,12,64,mixed,false_positive,0.02,uniform,1.0,0.0,0.11106798330928629,64.1110679833093,4.0,0.0
noise_taxonomy,3,dense_contact_only,6,24,12,64,mixed,false_positive,0.02,uniform,1.0,0.0,0.00012461397871112338,64.0001246139787,6.0,0.0
noise_taxonomy,3,dense_contact_only,8,24,12,64,mixed,false_positive,0.02,uniform,1.0,0.0,1.0471668442734088e-06,64.00000104716685,8.0,0.0
noise_taxonomy,3,critical_cell_entropy,4,24,12,64,mixed,false_positive,0.02,uniform,0.4583333333333333,0.5416666666666666,1.9962938640401975,65.99629386404021,4.0,0.0
noise_taxonomy,3,critical_cell_entropy,6,24,12,64,mixed,false_positive,0.02,uniform,0.6666666666666666,0.3333333333333333,1.3737859067462146,65.37378590674622,6.0,0.0
noise_taxonomy,3,critical_cell_entropy,8,24,12,64,mixed,false_positive,0.02,uniform,0.8333333333333334,0.16666666666666666,0.7129578921218459,64.71295789212185,8.0,0.0
noise_taxonomy,3,contact_equivalence,4,24,12,64,mixed,false_positive,0.02,uniform,1.0,0.0,0.08750665728249375,64.08750665728249,4.0,0.0
noise_taxonomy,3,contact_equivalence,6,24,12,64,mixed,false_positive,0.02,uniform,1.0,0.0,0.0001285207303886576,64.00012852073039,6.0,0.0
noise_taxonomy,3,contact_equivalence,8,24,12,64,mixed,false_positive,0.02,uniform,1.0,0.0,1.191279597598025e-06,64.00000119127958,8.0,0.0
noise_taxonomy,3,expected_regret,4,24,12,64,mixed,false_positive,0.02,uniform,0.9166666666666666,0.08333333333333333,0.2742931343416076,64.27429313434162,4.0,0.0
noise_taxonomy,3,expected_regret,6,24,12,64,mixed,false_positive,0.02,uniform,1.0,0.0,0.0024099482549412737,64.00240994825494,6.0,0.0
noise_taxonomy,3,expected_regret,8,24,12,64,mixed,false_positive,0.02,uniform,1.0,0.0,0.001310989188322651,64.00131098918833,8.0,0.0
noise_taxonomy,3,sampled_equivalence,4,24,12,64,mixed,false_positive,0.02,uniform,0.875,0.125,0.2739262153369668,64.27392621533697,4.0,0.0
noise_taxonomy,3,sampled_equivalence,6,24,12,64,mixed,false_positive,0.02,uniform,0.9583333333333334,0.041666666666666664,0.11642318103843564,64.11642318103843,6.0,0.0
noise_taxonomy,3,sampled_equivalence,8,24,12,64,mixed,false_positive,0.02,uniform,1.0,0.0,0.0019387885379075554,64.0019387885379,8.0,0.0
noise_taxonomy,4,dense_contact_only,4,24,12,64,mixed,false_positive,0.02,uniform,1.0,0.0,0.2005377670314,64.2005377670314,4.0,0.0
noise_taxonomy,4,dense_contact_only,6,24,12,64,mixed,false_positive,0.02,uniform,1.0,0.0,0.04472573274238869,64.04472573274239,6.0,0.0
noise_taxonomy,4,dense_contact_only,8,24,12,64,mixed,false_positive,0.02,uniform,1.0,0.0,0.00021889685129946874,64.00021889685131,8.0,0.0
noise_taxonomy,4,critical_cell_entropy,4,24,12,64,mixed,false_positive,0.02,uniform,0.5,0.5,2.1022905006107284,66.10229050061074,4.0,0.0
noise_taxonomy,4,critical_cell_entropy,6,24,12,64,mixed,false_positive,0.02,uniform,0.625,0.375,1.4796742755697991,65.47967427556979,6.0,0.0
noise_taxonomy,4,critical_cell_entropy,8,24,12,64,mixed,false_positive,0.02,uniform,0.7916666666666666,0.20833333333333334,1.0829610969969639,65.08296109699695,8.0,0.0
noise_taxonomy,4,contact_equivalence,4,24,12,64,mixed,false_positive,0.02,uniform,0.9583333333333334,0.041666666666666664,0.08071733340422109,64.08071733340422,4.0,0.0
noise_taxonomy,4,contact_equivalence,6,24,12,64,mixed,false_positive,0.02,uniform,1.0,0.0,0.005914501395958474,64.00591450139596,6.0,0.0
noise_taxonomy,4,contact_equivalence,8,24,12,64,mixed,false_positive,0.02,uniform,1.0,0.0,5.274442022968472e-07,64.0000005274442,8.0,0.0
noise_taxonomy,4,expected_regret,4,24,12,64,mixed,false_positive,0.02,uniform,0.8333333333333334,0.16666666666666666,0.3754275093575304,64.37542750935752,4.0,0.0
noise_taxonomy,4,expected_regret,6,24,12,64,mixed,false_positive,0.02,uniform,1.0,0.0,0.003266997401327826,64.00326699740133,6.0,0.0
noise_taxonomy,4,expected_regret,8,24,12,64,mixed,false_positive,0.02,uniform,1.0,0.0,0.0021588881772426185,64.00215888817725,8.0,0.0
noise_taxonomy,4,sampled_equivalence,4,24,12,64,mixed,false_positive,0.02,uniform,0.9583333333333334,0.041666666666666664,0.20612169479891237,64.20612169479892,4.0,0.0
noise_taxonomy,4,sampled_equivalence,6,24,12,64,mixed,false_positive,0.02,uniform,1.0,0.0,0.09290067179411228,64.09290067179411,6.0,0.0
noise_taxonomy,4,sampled_equivalence,8,24,12,64,mixed,false_positive,0.02,uniform,1.0,0.0,0.013093204806523514,64.01309320480652,8.0,0.0
noise_taxonomy,5,dense_contact_only,4,24,12,64,mixed,false_positive,0.02,uniform,0.9583333333333334,0.041666666666666664,0.19611298447369505,64.1961129844737,4.0,0.0
noise_taxonomy,5,dense_contact_only,6,24,12,64,mixed,false_positive,0.02,uniform,1.0,0.0,0.00013864713440473237,64.0001386471344,6.0,0.0
noise_taxonomy,5,dense_contact_only,8,24,12,64,mixed,false_positive,0.02,uniform,1.0,0.0,3.837073687464938e-07,64.00000038370736,8.0,0.0
noise_taxonomy,5,critical_cell_entropy,4,24,12,64,mixed,false_positive,0.02,uniform,0.3333333333333333,0.6666666666666666,2.0799360420368473,66.07993604203686,4.0,0.0
noise_taxonomy,5,critical_cell_entropy,6,24,12,64,mixed,false_positive,0.02,uniform,0.625,0.375,1.400257998952111,65.40025799895213,6.0,0.0
noise_taxonomy,5,critical_cell_entropy,8,24,12,64,mixed,false_positive,0.02,uniform,0.75,0.25,1.0201554520151925,65.02015545201519,8.0,0.0
noise_taxonomy,5,contact_equivalence,4,24,12,64,mixed,false_positive,0.02,uniform,0.9166666666666666,0.08333333333333333,0.37071432685285793,64.37071432685286,4.0,0.0
noise_taxonomy,5,contact_equivalence,6,24,12,64,mixed,false_positive,0.02,uniform,1.0,0.0,0.09534261414864868,64.09534261414866,6.0,0.0
noise_taxonomy,5,contact_equivalence,8,24,12,64,mixed,false_positive,0.02,uniform,1.0,0.0,0.000431652592222172,64.00043165259223,8.0,0.0
noise_taxonomy,5,expected_regret,4,24,12,64,mixed,false_positive,0.02,uniform,0.7916666666666666,0.20833333333333334,0.3570333327704775,64.35703333277048,4.0,0.0
noise_taxonomy,5,expected_regret,6,24,12,64,mixed,false_positive,0.02,uniform,1.0,0.0,0.003014529415432185,64.00301452941542,6.0,0.0
noise_taxonomy,5,expected_regret,8,24,12,64,mixed,false_positive,0.02,uniform,1.0,0.0,0.0017350429273363987,64.00173504292734,8.0,0.0
noise_taxonomy,5,sampled_equivalence,4,24,12,64,mixed,false_positive,0.02,uniform,0.875,0.125,0.35367183568885535,64.35367183568886,4.0,0.0
noise_taxonomy,5,sampled_equivalence,6,24,12,64,mixed,false_positive,0.02,uniform,0.9583333333333334,0.041666666666666664,0.10944237233723558,64.10944237233723,6.0,0.0
noise_taxonomy,5,sampled_equivalence,8,24,12,64,mixed,false_positive,0.02,uniform,1.0,0.0,0.0070858570786336,64.00708585707862,8.0,0.0
noise_taxonomy,6,dense_contact_only,4,24,12,64,mixed,false_positive,0.02,uniform,0.9583333333333334,0.041666666666666664,0.22493669154682625,64.22493669154683,4.0,0.0
noise_taxonomy,6,dense_contact_only,6,24,12,64,mixed,false_positive,0.02,uniform,0.9583333333333334,0.041666666666666664,0.04504799934318563,64.04504799934317,6.0,0.0
noise_taxonomy,6,dense_contact_only,8,24,12,64,mixed,false_positive,0.02,uniform,1.0,0.0,0.00021976628228485284,64.00021976628229,8.0,0.0
noise_taxonomy,6,critical_cell_entropy,4,24,12,64,mixed,false_positive,0.02,uniform,0.5,0.5,2.0186483226140783,66.01864832261408,4.0,0.0
noise_taxonomy,6,critical_cell_entropy,6,24,12,64,mixed,false_positive,0.02,uniform,0.6666666666666666,0.3333333333333333,1.4267300911580072,65.42673009115802,6.0,0.0
noise_taxonomy,6,critical_cell_entropy,8,24,12,64,mixed,false_positive,0.02,uniform,0.7916666666666666,0.20833333333333334,0.8673156348480201,64.86731563484803,8.0,0.0
noise_taxonomy,6,contact_equivalence,4,24,12,64,mixed,false_positive,0.02,uniform,0.9583333333333334,0.041666666666666664,0.11524865713199688,64.115248657132,4.0,0.0
noise_taxonomy,6,contact_equivalence,6,24,12,64,mixed,false_positive,0.02,uniform,1.0,0.0,0.0013964206603407868,64.00139642066034,6.0,0.0
noise_taxonomy,6,contact_equivalence,8,24,12,64,mixed,false_positive,0.02,uniform,1.0,0.0,8.137490575316696e-06,64.00000813749057,8.0,0.0
noise_taxonomy,6,expected_regret,4,24,12,64,mixed,false_positive,0.02,uniform,0.8333333333333334,0.16666666666666666,0.4353798711261889,64.4353798711262,4.0,0.0
noise_taxonomy,6,expected_regret,6,24,12,64,mixed,false_positive,0.02,uniform,1.0,0.0,0.002427998266115394,64.00242799826611,6.0,0.0
noise_taxonomy,6,expected_regret,8,24,12,64,mixed,false_positive,0.02,uniform,1.0,0.0,0.0015227552218560526,64.00152275522187,8.0,0.0
noise_taxonomy,6,sampled_equivalence,4,24,12,64,mixed,false_positive,0.02,uniform,0.8333333333333334,0.16666666666666666,0.3721704074579201,64.37217040745792,4.0,0.0
noise_taxonomy,6,sampled_equivalence,6,24,12,64,mixed,false_positive,0.02,uniform,0.9166666666666666,0.08333333333333333,0.10952478033565287,64.10952478033566,6.0,0.0
noise_taxonomy,6,sampled_equivalence,8,24,12,64,mixed,false_positive,0.02,uniform,1.0,0.0,0.0,64.0,8.0,0.0
noise_taxonomy,7,dense_contact_only,4,24,12,64,mixed,false_positive,0.02,uniform,1.0,0.0,0.13001976456541772,64.13001976456543,4.0,0.0
noise_taxonomy,7,dense_contact_only,6,24,12,64,mixed,false_positive,0.02,uniform,1.0,0.0,0.00014700750035127855,64.00014700750036,6.0,0.0
noise_taxonomy,7,dense_contact_only,8,24,12,64,mixed,false_positive,0.02,uniform,1.0,0.0,7.505106378909314e-06,64.00000750510638,8.0,0.0
noise_taxonomy,7,critical_cell_entropy,4,24,12,64,mixed,false_positive,0.02,uniform,0.16666666666666666,0.8333333333333334,2.4145047540234486,66.41450475402347,4.0,0.0
noise_taxonomy,7,critical_cell_entropy,6,24,12,64,mixed,false_positive,0.02,uniform,0.5,0.5,1.4759565360755447,65.47595653607554,6.0,0.0
noise_taxonomy,7,critical_cell_entropy,8,24,12,64,mixed,false_positive,0.02,uniform,0.625,0.375,0.9898910736935584,64.98989107369356,8.0,0.0
noise_taxonomy,7,contact_equivalence,4,24,12,64,mixed,false_positive,0.02,uniform,0.9583333333333334,0.041666666666666664,0.28055813803382496,64.28055813803383,4.0,0.0
noise_taxonomy,7,contact_equivalence,6,24,12,64,mixed,false_positive,0.02,uniform,0.9583333333333334,0.041666666666666664,0.04503841720445895,64.04503841720445,6.0,0.0
noise_taxonomy,7,contact_equivalence,8,24,12,64,mixed,false_positive,0.02,uniform,1.0,0.0,0.00021957075611704047,64.00021957075613,8.0,0.0
noise_taxonomy,7,expected_regret,4,24,12,64,mixed,false_positive,0.02,uniform,0.5416666666666666,0.4583333333333333,0.6170472701647997,64.61704727016482,4.0,0.0
noise_taxonomy,7,expected_regret,6,24,12,64,mixed,false_positive,0.02,uniform,0.9583333333333334,0.041666666666666664,0.04495547891854557,64.04495547891854,6.0,0.0
noise_taxonomy,7,expected_regret,8,24,12,64,mixed,false_positive,0.02,uniform,1.0,0.0,0.002166124973910419,64.00216612497391,8.0,0.0
noise_taxonomy,7,sampled_equivalence,4,24,12,64,mixed,false_positive,0.02,uniform,1.0,0.0,0.1763507803467431,64.17635078034674,4.0,0.0
noise_taxonomy,7,sampled_equivalence,6,24,12,64,mixed,false_positive,0.02,uniform,1.0,0.0,0.0363404897971909,64.03634048979718,6.0,0.0
noise_taxonomy,7,sampled_equivalence,8,24,12,64,mixed,false_positive,0.02,uniform,1.0,0.0,0.012250502124271865,64.01225050212427,8.0,0.0
noise_taxonomy,8,dense_contact_only,4,24,12,64,mixed,false_positive,0.02,uniform,0.9166666666666666,0.08333333333333333,0.15741073728745436,64.15741073728746,4.0,0.0
noise_taxonomy,8,dense_contact_only,6,24,12,64,mixed,false_positive,0.02,uniform,1.0,0.0,0.00010262230656862702,64.00010262230658,6.0,0.0
noise_taxonomy,8,dense_contact_only,8,24,12,64,mixed,false_positive,0.02,uniform,1.0,0.0,8.516406764611622e-07,64.00000085164068,8.0,0.0
noise_taxonomy,8,critical_cell_entropy,4,24,12,64,mixed,false_positive,0.02,uniform,0.4583333333333333,0.5416666666666666,2.269574856604029,66.26957485660405,4.0,0.0
noise_taxonomy,8,critical_cell_entropy,6,24,12,64,mixed,false_positive,0.02,uniform,0.4583333333333333,0.5416666666666666,1.604599257610771,65.60459925761079,6.0,0.0
noise_taxonomy,8,critical_cell_entropy,8,24,12,64,mixed,false_positive,0.02,uniform,0.5416666666666666,0.4583333333333333,0.9898910736935584,64.98989107369356,8.0,0.0
noise_taxonomy,8,contact_equivalence,4,24,12,64,mixed,false_positive,0.02,uniform,0.9583333333333334,0.041666666666666664,0.10113107913580577,64.10113107913581,4.0,0.0
noise_taxonomy,8,contact_equivalence,6,24,12,64,mixed,false_positive,0.02,uniform,1.0,0.0,0.0008002203216296244,64.00080022032162,6.0,0.0
noise_taxonomy,8,contact_equivalence,8,24,12,64,mixed,false_positive,0.02,uniform,1.0,0.0,7.187501004741413e-06,64.000007187501,8.0,0.0
noise_taxonomy,8,expected_regret,4,24,12,64,mixed,false_positive,0.02,uniform,0.7916666666666666,0.20833333333333334,0.5634510638311266,64.56345106383114,4.0,0.0
noise_taxonomy,8,expected_regret,6,24,12,64,mixed,false_positive,0.02,uniform,1.0,0.0,0.07328461320453847,64.07328461320454,6.0,0.0
noise_taxonomy,8,expected_regret,8,24,12,64,mixed,false_positive,0.02,uniform,1.0,0.0,0.007354761274634382,64.00735476127463,8.0,0.0
noise_taxonomy,8,sampled_equivalence,4,24,12,64,mixed,false_positive,0.02,uniform,1.0,0.0,0.20341974176235322,64.20341974176236,4.0,0.0
noise_taxonomy,8,sampled_equivalence,6,24,12,64,mixed,false_positive,0.02,uniform,1.0,0.0,0.046172552334305145,64.0461725523343,6.0,0.0
noise_taxonomy,8,sampled_equivalence,8,24,12,64,mixed,false_positive,0.02,uniform,1.0,0.0,0.008370655859053546,64.00837065585905,8.0,0.0
noise_taxonomy,9,dense_contact_only,4,24,12,64,mixed,false_positive,0.02,uniform,1.0,0.0,0.12090030095530863,64.12090030095533,4.0,0.0
noise_taxonomy,9,dense_contact_only,6,24,12,64,mixed,false_positive,0.02,uniform,1.0,0.0,0.0059411529404271276,64.00594115294042,6.0,0.0
noise_taxonomy,9,dense_contact_only,8,24,12,64,mixed,false_positive,0.02,uniform,1.0,0.0,1.3298936169799309e-05,64.00001329893617,8.0,0.0
noise_taxonomy,9,critical_cell_entropy,4,24,12,64,mixed,false_positive,0.02,uniform,0.375,0.625,2.269574856604029,66.26957485660405,4.0,0.0
noise_taxonomy,9,critical_cell_entropy,6,24,12,64,mixed,false_positive,0.02,uniform,0.5,0.5,1.77875068456928,65.7787506845693,6.0,0.0
noise_taxonomy,9,critical_cell_entropy,8,24,12,64,mixed,false_positive,0.02,uniform,0.5833333333333334,0.4166666666666667,1.081443171437962,65.08144317143795,8.0,0.0
noise_taxonomy,9,contact_equivalence,4,24,12,64,mixed,false_positive,0.02,uniform,0.9583333333333334,0.041666666666666664,0.12619295342696876,64.12619295342698,4.0,0.0
noise_taxonomy,9,contact_equivalence,6,24,12,64,mixed,false_positive,0.02,uniform,1.0,0.0,0.00037186542551850284,64.0003718654255,6.0,0.0
noise_taxonomy,9,contact_equivalence,8,24,12,64,mixed,false_positive,0.02,uniform,1.0,0.0,0.0058029412858391196,64.00580294128586,8.0,0.0
noise_taxonomy,9,expected_regret,4,24,12,64,mixed,false_positive,0.02,uniform,0.9166666666666666,0.08333333333333333,0.3651912176710101,64.36519121767101,4.0,0.0
noise_taxonomy,9,expected_regret,6,24,12,64,mixed,false_positive,0.02,uniform,1.0,0.0,0.002899376133809034,64.0028993761338,6.0,0.0
noise_taxonomy,9,expected_regret,8,24,12,64,mixed,false_positive,0.02,uniform,1.0,0.0,0.0009119603799427053,64.00091196037995,8.0,0.0
noise_taxonomy,9,sampled_equivalence,4,24,12,64,mixed,false_positive,0.02,uniform,0.9166666666666666,0.08333333333333333,0.214251210909723,64.21425121090971,4.0,0.0
noise_taxonomy,9,sampled_equivalence,6,24,12,64,mixed,false_positive,0.02,uniform,1.0,0.0,0.07978738464533223,64.07978738464531,6.0,0.0
noise_taxonomy,9,sampled_equivalence,8,24,12,64,mixed,false_positive,0.02,uniform,1.0,0.0,0.007926039086477595,64.00792603908647,8.0,0.0
noise_taxonomy,0,dense_contact_only,4,24,12,64,mixed,false_positive,0.05,uniform,0.9583333333333334,0.041666666666666664,0.32383416709853213,64.32383416709852,4.0,0.0
noise_taxonomy,0,dense_contact_only,6,24,12,64,mixed,false_positive,0.05,uniform,1.0,0.0,0.017289953916739695,64.01728995391673,6.0,0.0
noise_taxonomy,0,dense_contact_only,8,24,12,64,mixed,false_positive,0.05,uniform,1.0,0.0,0.00017169882046226453,64.00017169882045,8.0,0.0
noise_taxonomy,0,critical_cell_entropy,4,24,12,64,mixed,false_positive,0.05,uniform,0.375,0.625,2.5420231454137414,66.54202314541372,4.0,0.0
noise_taxonomy,0,critical_cell_entropy,6,24,12,64,mixed,false_positive,0.05,uniform,0.625,0.375,1.7934428059464766,65.7934428059465,6.0,0.0
noise_taxonomy,0,critical_cell_entropy,8,24,12,64,mixed,false_positive,0.05,uniform,0.5833333333333334,0.4166666666666667,1.306966807080823,65.3069668070808,8.0,0.0
noise_taxonomy,0,contact_equivalence,4,24,12,64,mixed,false_positive,0.05,uniform,0.9583333333333334,0.041666666666666664,0.2124918149743623,64.21249181497437,4.0,0.0
noise_taxonomy,0,contact_equivalence,6,24,12,64,mixed,false_positive,0.05,uniform,0.9583333333333334,0.041666666666666664,0.005247140296506688,64.0052471402965,6.0,0.0
noise_taxonomy,0,contact_equivalence,8,24,12,64,mixed,false_positive,0.05,uniform,0.9583333333333334,0.041666666666666664,0.05057219105005795,64.05057219105005,8.0,0.0
noise_taxonomy,0,expected_regret,4,24,12,64,mixed,false_positive,0.05,uniform,0.625,0.375,1.1399954878811962,65.1399954878812,4.0,0.0
noise_taxonomy,0,expected_regret,6,24,12,64,mixed,false_positive,0.05,uniform,0.7916666666666666,0.20833333333333334,0.38386118148238185,64.38386118148237,6.0,0.0
noise_taxonomy,0,expected_regret,8,24,12,64,mixed,false_positive,0.05,uniform,1.0,0.0,0.1232446068993059,64.1232446068993,8.0,0.0
noise_taxonomy,0,sampled_equivalence,4,24,12,64,mixed,false_positive,0.05,uniform,0.7916666666666666,0.20833333333333334,0.4661157450783516,64.46611574507834,4.0,0.0
noise_taxonomy,0,sampled_equivalence,6,24,12,64,mixed,false_positive,0.05,uniform,0.9583333333333334,0.041666666666666664,0.08480257966652073,64.08480257966652,6.0,0.0
noise_taxonomy,0,sampled_equivalence,8,24,12,64,mixed,false_positive,0.05,uniform,0.9583333333333334,0.041666666666666664,0.03069129622424141,64.03069129622425,8.0,0.0
noise_taxonomy,1,dense_contact_only,4,24,12,64,mixed,false_positive,0.05,uniform,0.9583333333333334,0.041666666666666664,0.21950361884909275,64.21950361884909,4.0,0.0
noise_taxonomy,1,dense_contact_only,6,24,12,64,mixed,false_positive,0.05,uniform,1.0,0.0,0.03744884935542828,64.03744884935541,6.0,0.0
noise_taxonomy,1,dense_contact_only,8,24,12,64,mixed,false_positive,0.05,uniform,1.0,0.0,2.2332030135216295e-05,64.00002233203013,8.0,0.0
noise_taxonomy,1,critical_cell_entropy,4,24,12,64,mixed,false_positive,0.05,uniform,0.4583333333333333,0.5416666666666666,2.3710938932410865,66.37109389324107,4.0,0.0
noise_taxonomy,1,critical_cell_entropy,6,24,12,64,mixed,false_positive,0.05,uniform,0.7083333333333334,0.2916666666666667,1.843821258261908,65.84382125826191,6.0,0.0
noise_taxonomy,1,critical_cell_entropy,8,24,12,64,mixed,false_positive,0.05,uniform,0.5,0.5,1.4796348646121882,65.47963486461215,8.0,0.0
noise_taxonomy,1,contact_equivalence,4,24,12,64,mixed,false_positive,0.05,uniform,0.8333333333333334,0.16666666666666666,0.42395731601591774,64.42395731601592,4.0,0.0
noise_taxonomy,1,contact_equivalence,6,24,12,64,mixed,false_positive,0.05,uniform,1.0,0.0,0.040466018938597886,64.04046601893857,6.0,0.0
noise_taxonomy,1,contact_equivalence,8,24,12,64,mixed,false_positive,0.05,uniform,1.0,0.0,0.0002997723159836294,64.00029977231598,8.0,0.0
noise_taxonomy,1,expected_regret,4,24,12,64,mixed,false_positive,0.05,uniform,0.7916666666666666,0.20833333333333334,0.8978370895798146,64.89783708957981,4.0,0.0
noise_taxonomy,1,expected_regret,6,24,12,64,mixed,false_positive,0.05,uniform,0.9583333333333334,0.041666666666666664,0.2317649817007097,64.23176498170072,6.0,0.0
noise_taxonomy,1,expected_regret,8,24,12,64,mixed,false_positive,0.05,uniform,1.0,0.0,0.006309418355825467,64.00630941835581,8.0,0.0
noise_taxonomy,1,sampled_equivalence,4,24,12,64,mixed,false_positive,0.05,uniform,0.9166666666666666,0.08333333333333333,0.4318102102704369,64.43181021027044,4.0,0.0
noise_taxonomy,1,sampled_equivalence,6,24,12,64,mixed,false_positive,0.05,uniform,1.0,0.0,0.1038470346326158,64.10384703463262,6.0,0.0
noise_taxonomy,1,sampled_equivalence,8,24,12,64,mixed,false_positive,0.05,uniform,1.0,0.0,0.009713244529227383,64.00971324452924,8.0,0.0
noise_taxonomy,2,dense_contact_only,4,24,12,64,mixed,false_positive,0.05,uniform,1.0,0.0,0.2278604578976022,64.22786045789759,4.0,0.0
noise_taxonomy,2,dense_contact_only,6,24,12,64,mixed,false_positive,0.05,uniform,1.0,0.0,0.013452266006018341,64.01345226600601,6.0,0.0
noise_taxonomy,2,dense_contact_only,8,24,12,64,mixed,false_positive,0.05,uniform,1.0,0.0,0.00017816209802711046,64.00017816209802,8.0,0.0
noise_taxonomy,2,critical_cell_entropy,4,24,12,64,mixed,false_positive,0.05,uniform,0.20833333333333334,0.7916666666666666,2.328733716365323,66.3287337163653,4.0,0.0
noise_taxonomy,2,critical_cell_entropy,6,24,12,64,mixed,false_positive,0.05,uniform,0.375,0.625,1.777214307299565,65.77721430729957,6.0,0.0
noise_taxonomy,2,critical_cell_entropy,8,24,12,64,mixed,false_positive,0.05,uniform,0.5833333333333334,0.4166666666666667,1.331919220072732,65.33191922007269,8.0,0.0
noise_taxonomy,2,contact_equivalence,4,24,12,64,mixed,false_positive,0.05,uniform,0.8333333333333334,0.16666666666666666,0.38379814409984986,64.38379814409986,4.0,0.0
noise_taxonomy,2,contact_equivalence,6,24,12,64,mixed,false_positive,0.05,uniform,1.0,0.0,0.03787894904760813,64.0378789490476,6.0,0.0
noise_taxonomy,2,contact_equivalence,8,24,12,64,mixed,false_positive,0.05,uniform,1.0,0.0,0.0003622861993341548,64.00036228619932,8.0,0.0
noise_taxonomy,2,expected_regret,4,24,12,64,mixed,false_positive,0.05,uniform,0.625,0.375,1.1637527087007176,65.16375270870073,4.0,0.0
noise_taxonomy,2,expected_regret,6,24,12,64,mixed,false_positive,0.05,uniform,0.875,0.125,0.3596802070048546,64.35968020700486,6.0,0.0
noise_taxonomy,2,expected_regret,8,24,12,64,mixed,false_positive,0.05,uniform,0.9583333333333334,0.041666666666666664,0.050066299069246555,64.05006629906924,8.0,0.0
noise_taxonomy,2,sampled_equivalence,4,24,12,64,mixed,false_positive,0.05,uniform,0.9166666666666666,0.08333333333333333,0.36181156347701743,64.36181156347702,4.0,0.0
noise_taxonomy,2,sampled_equivalence,6,24,12,64,mixed,false_positive,0.05,uniform,1.0,0.0,0.05813672039738962,64.0581367203974,6.0,0.0
noise_taxonomy,2,sampled_equivalence,8,24,12,64,mixed,false_positive,0.05,uniform,1.0,0.0,0.010677772264778326,64.01067777226478,8.0,0.0
noise_taxonomy,3,dense_contact_only,4,24,12,64,mixed,false_positive,0.05,uniform,1.0,0.0,0.2473304423535366,64.24733044235354,4.0,0.0
noise_taxonomy,3,dense_contact_only,6,24,12,64,mixed,false_positive,0.05,uniform,1.0,0.0,0.0019399876272068867,64.00193998762721,6.0,0.0
noise_taxonomy,3,dense_contact_only,8,24,12,64,mixed,false_positive,0.05,uniform,1.0,0.0,1.1768142909329056e-05,64.0000117681429,8.0,0.0
noise_taxonomy,3,critical_cell_entropy,4,24,12,64,mixed,false_positive,0.05,uniform,0.4166666666666667,0.5833333333333334,2.3177715359789817,66.31777153597896,4.0,0.0
noise_taxonomy,3,critical_cell_entropy,6,24,12,64,mixed,false_positive,0.05,uniform,0.5833333333333334,0.4166666666666667,1.710607356337223,65.71060735633723,6.0,0.0
noise_taxonomy,3,critical_cell_entropy,8,24,12,64,mixed,false_positive,0.05,uniform,0.7916666666666666,0.20833333333333334,1.1592511625413664,65.15925116254134,8.0,0.0
noise_taxonomy,3,contact_equivalence,4,24,12,64,mixed,false_positive,0.05,uniform,0.9583333333333334,0.041666666666666664,0.22085830578540203,64.2208583057854,4.0,0.0
noise_taxonomy,3,contact_equivalence,6,24,12,64,mixed,false_positive,0.05,uniform,1.0,0.0,0.007730761045525694,64.00773076104552,6.0,0.0
noise_taxonomy,3,contact_equivalence,8,24,12,64,mixed,false_positive,0.05,uniform,1.0,0.0,3.633209572986995e-05,64.00003633209572,8.0,0.0
noise_taxonomy,3,expected_regret,4,24,12,64,mixed,false_positive,0.05,uniform,0.75,0.25,0.9395192627859362,64.93951926278594,4.0,0.0
noise_taxonomy,3,expected_regret,6,24,12,64,mixed,false_positive,0.05,uniform,0.9583333333333334,0.041666666666666664,0.24388552461845017,64.24388552461846,6.0,0.0
noise_taxonomy,3,expected_regret,8,24,12,64,mixed,false_positive,0.05,uniform,1.0,0.0,0.006609147192681123,64.00660914719268,8.0,0.0
noise_taxonomy,3,sampled_equivalence,4,24,12,64,mixed,false_positive,0.05,uniform,0.875,0.125,0.48813803554517826,64.48813803554518,4.0,0.0
noise_taxonomy,3,sampled_equivalence,6,24,12,64,mixed,false_positive,0.05,uniform,1.0,0.0,0.04187302779322083,64.04187302779322,6.0,0.0
noise_taxonomy,3,sampled_equivalence,8,24,12,64,mixed,false_positive,0.05,uniform,1.0,0.0,0.017063263836585713,64.01706326383658,8.0,0.0
noise_taxonomy,4,dense_contact_only,4,24,12,64,mixed,false_positive,0.05,uniform,1.0,0.0,0.3156074495468558,64.31560744954685,4.0,0.0
noise_taxonomy,4,dense_contact_only,6,24,12,64,mixed,false_positive,0.05,uniform,1.0,0.0,0.04937177209700694,64.04937177209699,6.0,0.0
noise_taxonomy,4,dense_contact_only,8,24,12,64,mixed,false_positive,0.05,uniform,1.0,0.0,0.0011275799931731777,64.00112757999317,8.0,0.0
noise_taxonomy,4,critical_cell_entropy,4,24,12,64,mixed,false_positive,0.05,uniform,0.5,0.5,2.446340611275874,66.44634061127586,4.0,0.0
noise_taxonomy,4,critical_cell_entropy,6,24,12,64,mixed,false_positive,0.05,uniform,0.5833333333333334,0.4166666666666667,1.8908617958005254,65.89086179580053,6.0,0.0
noise_taxonomy,4,critical_cell_entropy,8,24,12,64,mixed,false_positive,0.05,uniform,0.75,0.25,1.414480924284387,65.41448092428436,8.0,0.0
noise_taxonomy,4,contact_equivalence,4,24,12,64,mixed,false_positive,0.05,uniform,0.9583333333333334,0.041666666666666664,0.29024321915797935,64.29024321915797,4.0,0.0
noise_taxonomy,4,contact_equivalence,6,24,12,64,mixed,false_positive,0.05,uniform,1.0,0.0,0.032405566349318474,64.03240556634931,6.0,0.0
noise_taxonomy,4,contact_equivalence,8,24,12,64,mixed,false_positive,0.05,uniform,1.0,0.0,0.0004495164115783801,64.00044951641156,8.0,0.0
noise_taxonomy,4,expected_regret,4,24,12,64,mixed,false_positive,0.05,uniform,0.5416666666666666,0.4583333333333333,1.2460302182586704,65.24603021825867,4.0,0.0
noise_taxonomy,4,expected_regret,6,24,12,64,mixed,false_positive,0.05,uniform,0.75,0.25,0.3860392666172803,64.38603926661727,6.0,0.0
noise_taxonomy,4,expected_regret,8,24,12,64,mixed,false_positive,0.05,uniform,0.9583333333333334,0.041666666666666664,0.0534925422890554,64.05349254228905,8.0,0.0
noise_taxonomy,4,sampled_equivalence,4,24,12,64,mixed,false_positive,0.05,uniform,0.8333333333333334,0.16666666666666666,0.6388536115568316,64.63885361155683,4.0,0.0
noise_taxonomy,4,sampled_equivalence,6,24,12,64,mixed,false_positive,0.05,uniform,0.9583333333333334,0.041666666666666664,0.21790560924003177,64.21790560924002,6.0,0.0
noise_taxonomy,4,sampled_equivalence,8,24,12,64,mixed,false_positive,0.05,uniform,1.0,0.0,0.03493030484178383,64.03493030484178,8.0,0.0
noise_taxonomy,5,dense_contact_only,4,24,12,64,mixed,false_positive,0.05,uniform,0.8333333333333334,0.16666666666666666,0.45763098523832,64.45763098523831,4.0,0.0
noise_taxonomy,5,dense_contact_only,6,24,12,64,mixed,false_positive,0.05,uniform,0.9583333333333334,0.041666666666666664,0.06720597345764663,64.06720597345763,6.0,0.0
noise_taxonomy,5,dense_contact_only,8,24,12,64,mixed,false_positive,0.05,uniform,1.0,0.0,0.001305758481769311,64.00130575848176,8.0,0.0
noise_taxonomy,5,critical_cell_entropy,4,24,12,64,mixed,false_positive,0.05,uniform,0.2916666666666667,0.7083333333333334,2.317771535978982,66.31777153597896,4.0,0.0
noise_taxonomy,5,critical_cell_entropy,6,24,12,64,mixed,false_positive,0.05,uniform,0.5,0.5,1.692685901315615,65.69268590131564,6.0,0.0
noise_taxonomy,5,critical_cell_entropy,8,24,12,64,mixed,false_positive,0.05,uniform,0.6666666666666666,0.3333333333333333,1.2667652797449307,65.2667652797449,8.0,0.0
noise_taxonomy,5,contact_equivalence,4,24,12,64,mixed,false_positive,0.05,uniform,1.0,0.0,0.24480358997031507,64.24480358997032,4.0,0.0
noise_taxonomy,5,contact_equivalence,6,24,12,64,mixed,false_positive,0.05,uniform,1.0,0.0,0.013345406194341871,64.01334540619435,6.0,0.0
noise_taxonomy,5,contact_equivalence,8,24,12,64,mixed,false_positive,0.05,uniform,1.0,0.0,8.837828013954594e-06,64.000008837828,8.0,0.0
noise_taxonomy,5,expected_regret,4,24,12,64,mixed,false_positive,0.05,uniform,0.75,0.25,0.7715887317920842,64.7715887317921,4.0,0.0
noise_taxonomy,5,expected_regret,6,24,12,64,mixed,false_positive,0.05,uniform,0.8333333333333334,0.16666666666666666,0.2373599188550196,64.237359918855,6.0,0.0
noise_taxonomy,5,expected_regret,8,24,12,64,mixed,false_positive,0.05,uniform,0.9583333333333334,0.041666666666666664,0.03314065725053941,64.03314065725054,8.0,0.0
noise_taxonomy,5,sampled_equivalence,4,24,12,64,mixed,false_positive,0.05,uniform,0.8333333333333334,0.16666666666666666,0.42930514620919635,64.42930514620919,4.0,0.0
noise_taxonomy,5,sampled_equivalence,6,24,12,64,mixed,false_positive,0.05,uniform,0.9166666666666666,0.08333333333333333,0.18225088258262498,64.18225088258264,6.0,0.0
noise_taxonomy,5,sampled_equivalence,8,24,12,64,mixed,false_positive,0.05,uniform,1.0,0.0,0.008747956505476029,64.00874795650546,8.0,0.0
noise_taxonomy,6,dense_contact_only,4,24,12,64,mixed,false_positive,0.05,uniform,0.9583333333333334,0.041666666666666664,0.374126728082167,64.37412672808217,4.0,0.0
noise_taxonomy,6,dense_contact_only,6,24,12,64,mixed,false_positive,0.05,uniform,0.9583333333333334,0.041666666666666664,0.05104472511343139,64.05104472511341,6.0,0.0
noise_taxonomy,6,dense_contact_only,8,24,12,64,mixed,false_positive,0.05,uniform,1.0,0.0,0.0011546262673099781,64.00115462626731,8.0,0.0
noise_taxonomy,6,critical_cell_entropy,4,24,12,64,mixed,false_positive,0.05,uniform,0.4583333333333333,0.5416666666666666,2.393018254013769,66.39301825401375,4.0,0.0
noise_taxonomy,6,critical_cell_entropy,6,24,12,64,mixed,false_positive,0.05,uniform,0.6666666666666666,0.3333333333333333,1.843821258261908,65.84382125826193,6.0,0.0
noise_taxonomy,6,critical_cell_entropy,8,24,12,64,mixed,false_positive,0.05,uniform,0.75,0.25,1.2667652797449307,65.2667652797449,8.0,0.0
noise_taxonomy,6,contact_equivalence,4,24,12,64,mixed,false_positive,0.05,uniform,0.9583333333333334,0.041666666666666664,0.3776653986856869,64.37766539868569,4.0,0.0
noise_taxonomy,6,contact_equivalence,6,24,12,64,mixed,false_positive,0.05,uniform,0.9166666666666666,0.08333333333333333,0.15853931252552975,64.15853931252552,6.0,0.0
noise_taxonomy,6,contact_equivalence,8,24,12,64,mixed,false_positive,0.05,uniform,1.0,0.0,0.034221223715151246,64.03422122371514,8.0,0.0
noise_taxonomy,6,expected_regret,4,24,12,64,mixed,false_positive,0.05,uniform,0.7083333333333334,0.2916666666666667,1.0581441691612676,65.05814416916125,4.0,0.0
noise_taxonomy,6,expected_regret,6,24,12,64,mixed,false_positive,0.05,uniform,0.8333333333333334,0.16666666666666666,0.3033298078737679,64.30332980787377,6.0,0.0
noise_taxonomy,6,expected_regret,8,24,12,64,mixed,false_positive,0.05,uniform,1.0,0.0,0.013856826855794669,64.01385682685579,8.0,0.0
noise_taxonomy,6,sampled_equivalence,4,24,12,64,mixed,false_positive,0.05,uniform,0.7916666666666666,0.20833333333333334,0.489081704643759,64.48908170464375,4.0,0.0
noise_taxonomy,6,sampled_equivalence,6,24,12,64,mixed,false_positive,0.05,uniform,0.9583333333333334,0.041666666666666664,0.1017732176679819,64.10177321766798,6.0,0.0
noise_taxonomy,6,sampled_equivalence,8,24,12,64,mixed,false_positive,0.05,uniform,1.0,0.0,0.01780319676539326,64.0178031967654,8.0,0.0
noise_taxonomy,7,dense_contact_only,4,24,12,64,mixed,false_positive,0.05,uniform,0.9166666666666666,0.08333333333333333,0.4864227456386081,64.4864227456386,4.0,0.0
noise_taxonomy,7,dense_contact_only,6,24,12,64,mixed,false_positive,0.05,uniform,0.9583333333333334,0.041666666666666664,0.05103017142217403,64.05103017142216,6.0,0.0
noise_taxonomy,7,dense_contact_only,8,24,12,64,mixed,false_positive,0.05,uniform,1.0,0.0,0.0012837453602965265,64.00128374536028,8.0,0.0
noise_taxonomy,7,critical_cell_entropy,4,24,12,64,mixed,false_positive,0.05,uniform,0.16666666666666666,0.8333333333333334,2.5843833222895047,66.5843833222895,4.0,0.0
noise_taxonomy,7,critical_cell_entropy,6,24,12,64,mixed,false_positive,0.05,uniform,0.5,0.5,1.827592759614996,65.82759275961502,6.0,0.0
noise_taxonomy,7,critical_cell_entropy,8,24,12,64,mixed,false_positive,0.05,uniform,0.625,0.375,1.3493269839565858,65.34932698395656,8.0,0.0
noise_taxonomy,7,contact_equivalence,4,24,12,64,mixed,false_positive,0.05,uniform,0.9166666666666666,0.08333333333333333,0.34200014063266154,64.34200014063266,4.0,0.0
noise_taxonomy,7,contact_equivalence,6,24,12,64,mixed,false_positive,0.05,uniform,0.9583333333333334,0.041666666666666664,0.08554365051170132,64.0855436505117,6.0,0.0
noise_taxonomy,7,contact_equivalence,8,24,12,64,mixed,false_positive,0.05,uniform,1.0,0.0,0.014470887912410664,64.01447088791241,8.0,0.0
noise_taxonomy,7,expected_regret,4,24,12,64,mixed,false_positive,0.05,uniform,0.875,0.125,0.7465773883621827,64.74657738836218,4.0,0.0
noise_taxonomy,7,expected_regret,6,24,12,64,mixed,false_positive,0.05,uniform,0.875,0.125,0.2097581190997806,64.20975811909979,6.0,0.0
noise_taxonomy,7,expected_regret,8,24,12,64,mixed,false_positive,0.05,uniform,1.0,0.0,0.052179198350626475,64.05217919835063,8.0,0.0
noise_taxonomy,7,sampled_equivalence,4,24,12,64,mixed,false_positive,0.05,uniform,0.8333333333333334,0.16666666666666666,0.44553733144002666,64.44553733144001,4.0,0.0
noise_taxonomy,7,sampled_equivalence,6,24,12,64,mixed,false_positive,0.05,uniform,1.0,0.0,0.16672523054071445,64.16672523054072,6.0,0.0
noise_taxonomy,7,sampled_equivalence,8,24,12,64,mixed,false_positive,0.05,uniform,1.0,0.0,0.016774478592453592,64.01677447859247,8.0,0.0
noise_taxonomy,8,dense_contact_only,4,24,12,64,mixed,false_positive,0.05,uniform,0.8333333333333334,0.16666666666666666,0.3855667320131442,64.38556673201313,4.0,0.0
noise_taxonomy,8,dense_contact_only,6,24,12,64,mixed,false_positive,0.05,uniform,1.0,0.0,0.001517402667312123,64.00151740266729,6.0,0.0
noise_taxonomy,8,dense_contact_only,8,24,12,64,mixed,false_positive,0.05,uniform,1.0,0.0,5.372861529319648e-06,64.00000537286152,8.0,0.0
noise_taxonomy,8,critical_cell_entropy,4,24,12,64,mixed,false_positive,0.05,uniform,0.4583333333333333,0.5416666666666666,2.4353784308895325,66.43537843088951,4.0,0.0
noise_taxonomy,8,critical_cell_entropy,6,24,12,64,mixed,false_positive,0.05,uniform,0.4166666666666667,0.5833333333333334,1.9250117494690446,65.92501174946906,6.0,0.0
noise_taxonomy,8,critical_cell_entropy,8,24,12,64,mixed,false_positive,0.05,uniform,0.5,0.5,1.2841730436287846,65.28417304362875,8.0,0.0
noise_taxonomy,8,contact_equivalence,4,24,12,64,mixed,false_positive,0.05,uniform,0.9583333333333334,0.041666666666666664,0.2268769743496065,64.2268769743496,4.0,0.0
noise_taxonomy,8,contact_equivalence,6,24,12,64,mixed,false_positive,0.05,uniform,1.0,0.0,0.013287727142498137,64.01328772714248,6.0,0.0
noise_taxonomy,8,contact_equivalence,8,24,12,64,mixed,false_positive,0.05,uniform,1.0,0.0,8.333807420490178e-05,64.0000833380742,8.0,0.0
noise_taxonomy,8,expected_regret,4,24,12,64,mixed,false_positive,0.05,uniform,0.625,0.375,1.086020266779878,65.0860202667799,4.0,0.0
noise_taxonomy,8,expected_regret,6,24,12,64,mixed,false_positive,0.05,uniform,0.875,0.125,0.3841270296311406,64.38412702963113,6.0,0.0
noise_taxonomy,8,expected_regret,8,24,12,64,mixed,false_positive,0.05,uniform,1.0,0.0,0.02962216384293717,64.02962216384293,8.0,0.0
noise_taxonomy,8,sampled_equivalence,4,24,12,64,mixed,false_positive,0.05,uniform,1.0,0.0,0.31831727047399055,64.318317270474,4.0,0.0
noise_taxonomy,8,sampled_equivalence,6,24,12,64,mixed,false_positive,0.05,uniform,1.0,0.0,0.12659954629483663,64.12659954629483,6.0,0.0
noise_taxonomy,8,sampled_equivalence,8,24,12,64,mixed,false_positive,0.05,uniform,1.0,0.0,0.009211326211824482,64.00921132621183,8.0,0.0
noise_taxonomy,9,dense_contact_only,4,24,12,64,mixed,false_positive,0.05,uniform,0.9166666666666666,0.08333333333333333,0.2716625960228268,64.27166259602284,4.0,0.0
noise_taxonomy,9,dense_contact_only,6,24,12,64,mixed,false_positive,0.05,uniform,1.0,0.0,0.07942919039709205,64.07942919039706,6.0,0.0
noise_taxonomy,9,dense_contact_only,8,24,12,64,mixed,false_positive,0.05,uniform,1.0,0.0,0.012857630899535366,64.01285763089955,8.0,0.0
noise_taxonomy,9,critical_cell_entropy,4,24,12,64,mixed,false_positive,0.05,uniform,0.3333333333333333,0.6666666666666666,2.4353784308895325,66.43537843088951,4.0,0.0
noise_taxonomy,9,critical_cell_entropy,6,24,12,64,mixed,false_positive,0.05,uniform,0.4166666666666667,0.5833333333333334,1.920887332003305,65.92088733200335,6.0,0.0
noise_taxonomy,9,critical_cell_entropy,8,24,12,64,mixed,false_positive,0.05,uniform,0.5833333333333334,0.4166666666666667,1.343427362891396,65.34342736289138,8.0,0.0
noise_taxonomy,9,contact_equivalence,4,24,12,64,mixed,false_positive,0.05,uniform,0.9583333333333334,0.041666666666666664,0.2768358127784601,64.27683581277846,4.0,0.0
noise_taxonomy,9,contact_equivalence,6,24,12,64,mixed,false_positive,0.05,uniform,0.9583333333333334,0.041666666666666664,0.02498831157931379,64.02498831157929,6.0,0.0
noise_taxonomy,9,contact_equivalence,8,24,12,64,mixed,false_positive,0.05,uniform,1.0,0.0,0.04280050676753075,64.04280050676752,8.0,0.0
noise_taxonomy,9,expected_regret,4,24,12,64,mixed,false_positive,0.05,uniform,0.6666666666666666,0.3333333333333333,0.9891813378466411,64.98918133784665,4.0,0.0
noise_taxonomy,9,expected_regret,6,24,12,64,mixed,false_positive,0.05,uniform,0.9166666666666666,0.08333333333333333,0.4199100684845307,64.41991006848453,6.0,0.0
noise_taxonomy,9,expected_regret,8,24,12,64,mixed,false_positive,0.05,uniform,0.9583333333333334,0.041666666666666664,0.029597377415474278,64.02959737741547,8.0,0.0
noise_taxonomy,9,sampled_equivalence,4,24,12,64,mixed,false_positive,0.05,uniform,0.8333333333333334,0.16666666666666666,0.5636558389475981,64.56365583894761,4.0,0.0
noise_taxonomy,9,sampled_equivalence,6,24,12,64,mixed,false_positive,0.05,uniform,0.9166666666666666,0.08333333333333333,0.1937094427368974,64.1937094427369,6.0,0.0
noise_taxonomy,9,sampled_equivalence,8,24,12,64,mixed,false_positive,0.05,uniform,1.0,0.0,0.028802932378120663,64.02880293237813,8.0,0.0
noise_taxonomy,0,dense_contact_only,4,24,12,64,mixed,false_positive,0.1,uniform,0.9166666666666666,0.08333333333333333,0.6836135276377154,64.68361352763773,4.0,0.0
noise_taxonomy,0,dense_contact_only,6,24,12,64,mixed,false_positive,0.1,uniform,0.9166666666666666,0.08333333333333333,0.16527235677109678,64.1652723567711,6.0,0.0
noise_taxonomy,0,dense_contact_only,8,24,12,64,mixed,false_positive,0.1,uniform,1.0,0.0,0.009927561192774955,64.00992756119277,8.0,0.0
noise_taxonomy,0,critical_cell_entropy,4,24,12,64,mixed,false_positive,0.1,uniform,0.375,0.625,2.674744001107397,66.67474400110741,4.0,0.0
noise_taxonomy,0,critical_cell_entropy,6,24,12,64,mixed,false_positive,0.1,uniform,0.5833333333333334,0.4166666666666667,2.081564661924664,66.08156466192467,6.0,0.0
noise_taxonomy,0,critical_cell_entropy,8,24,12,64,mixed,false_positive,0.1,uniform,0.4583333333333333,0.5416666666666666,1.6815826469546515,65.68158264695465,8.0,0.0
noise_taxonomy,0,contact_equivalence,4,24,12,64,mixed,false_positive,0.1,uniform,0.875,0.125,0.6164590837800158,64.61645908378001,4.0,0.0
noise_taxonomy,0,contact_equivalence,6,24,12,64,mixed,false_positive,0.1,uniform,0.9166666666666666,0.08333333333333333,0.15947367799516574,64.15947367799517,6.0,0.0
noise_taxonomy,0,contact_equivalence,8,24,12,64,mixed,false_positive,0.1,uniform,0.9166666666666666,0.08333333333333333,0.15164857056366887,64.15164857056367,8.0,0.0
noise_taxonomy,0,expected_regret,4,24,12,64,mixed,false_positive,0.1,uniform,0.625,0.375,0.9520441717178398,64.95204417171787,4.0,0.0
noise_taxonomy,0,expected_regret,6,24,12,64,mixed,false_positive,0.1,uniform,0.8333333333333334,0.16666666666666666,0.3761366376130593,64.37613663761306,6.0,0.0
noise_taxonomy,0,expected_regret,8,24,12,64,mixed,false_positive,0.1,uniform,0.9583333333333334,0.041666666666666664,0.17835089881905952,64.17835089881905,8.0,0.0
noise_taxonomy,0,sampled_equivalence,4,24,12,64,mixed,false_positive,0.1,uniform,0.7083333333333334,0.2916666666666667,1.000101603657516,65.00010160365751,4.0,0.0
noise_taxonomy,0,sampled_equivalence,6,24,12,64,mixed,false_positive,0.1,uniform,0.875,0.125,0.2967144060966453,64.29671440609665,6.0,0.0
noise_taxonomy,0,sampled_equivalence,8,24,12,64,mixed,false_positive,0.1,uniform,1.0,0.0,0.11917770756538874,64.11917770756538,8.0,0.0
noise_taxonomy,1,dense_contact_only,4,24,12,64,mixed,false_positive,0.1,uniform,0.875,0.125,0.6163835662609732,64.61638356626096,4.0,0.0
noise_taxonomy,1,dense_contact_only,6,24,12,64,mixed,false_positive,0.1,uniform,0.875,0.125,0.1425258546343921,64.1425258546344,6.0,0.0
noise_taxonomy,1,dense_contact_only,8,24,12,64,mixed,false_positive,0.1,uniform,0.9583333333333334,0.041666666666666664,0.07132023141840653,64.07132023141841,8.0,0.0
noise_taxonomy,1,critical_cell_entropy,4,24,12,64,mixed,false_positive,0.1,uniform,0.375,0.625,2.539813277967127,66.53981327796713,4.0,0.0
noise_taxonomy,1,critical_cell_entropy,6,24,12,64,mixed,false_positive,0.1,uniform,0.5416666666666666,0.4583333333333333,2.1552207006103594,66.15522070061037,6.0,0.0
noise_taxonomy,1,critical_cell_entropy,8,24,12,64,mixed,false_positive,0.1,uniform,0.5833333333333334,0.4166666666666667,1.7770909545915534,65.77709095459154,8.0,0.0
noise_taxonomy,1,contact_equivalence,4,24,12,64,mixed,false_positive,0.1,uniform,0.75,0.25,0.5978402840053066,64.59784028400531,4.0,0.0
noise_taxonomy,1,contact_equivalence,6,24,12,64,mixed,false_positive,0.1,uniform,0.875,0.125,0.34492821044545025,64.34492821044545,6.0,0.0
noise_taxonomy,1,contact_equivalence,8,24,12,64,mixed,false_positive,0.1,uniform,0.9583333333333334,0.041666666666666664,0.02634439898821464,64.0263443989882,8.0,0.0
noise_taxonomy,1,expected_regret,4,24,12,64,mixed,false_positive,0.1,uniform,0.7916666666666666,0.20833333333333334,0.7528408236559417,64.75284082365596,4.0,0.0
noise_taxonomy,1,expected_regret,6,24,12,64,mixed,false_positive,0.1,uniform,1.0,0.0,0.08986027866883828,64.08986027866884,6.0,0.0
noise_taxonomy,1,expected_regret,8,24,12,64,mixed,false_positive,0.1,uniform,1.0,0.0,0.042878122139069115,64.04287812213907,8.0,0.0
noise_taxonomy,1,sampled_equivalence,4,24,12,64,mixed,false_positive,0.1,uniform,0.8333333333333334,0.16666666666666666,0.8355943211977778,64.83559432119779,4.0,0.0
noise_taxonomy,1,sampled_equivalence,6,24,12,64,mixed,false_positive,0.1,uniform,0.9583333333333334,0.041666666666666664,0.22524257982262874,64.22524257982263,6.0,0.0
noise_taxonomy,1,sampled_equivalence,8,24,12,64,mixed,false_positive,0.1,uniform,0.9583333333333334,0.041666666666666664,0.08260894853924673,64.08260894853925,8.0,0.0
noise_taxonomy,2,dense_contact_only,4,24,12,64,mixed,false_positive,0.1,uniform,0.875,0.125,0.6150962874562854,64.61509628745628,4.0,0.0
noise_taxonomy,2,dense_contact_only,6,24,12,64,mixed,false_positive,0.1,uniform,0.9166666666666666,0.08333333333333333,0.20131949256473425,64.20131949256474,6.0,0.0
noise_taxonomy,2,dense_contact_only,8,24,12,64,mixed,false_positive,0.1,uniform,0.9583333333333334,0.041666666666666664,0.059482860773753775,64.05948286077376,8.0,0.0
noise_taxonomy,2,critical_cell_entropy,4,24,12,64,mixed,false_positive,0.1,uniform,0.20833333333333334,0.7916666666666666,2.59611249520283,66.59611249520283,4.0,0.0
noise_taxonomy,2,critical_cell_entropy,6,24,12,64,mixed,false_positive,0.1,uniform,0.375,0.625,2.107761358595087,66.10776135859508,6.0,0.0
noise_taxonomy,2,critical_cell_entropy,8,24,12,64,mixed,false_positive,0.1,uniform,0.5,0.5,1.782400857127193,65.7824008571272,8.0,0.0
noise_taxonomy,2,contact_equivalence,4,24,12,64,mixed,false_positive,0.1,uniform,0.7083333333333334,0.2916666666666667,0.7786189605044606,64.77861896050446,4.0,0.0
noise_taxonomy,2,contact_equivalence,6,24,12,64,mixed,false_positive,0.1,uniform,1.0,0.0,0.25322442638976356,64.25322442638976,6.0,0.0
noise_taxonomy,2,contact_equivalence,8,24,12,64,mixed,false_positive,0.1,uniform,1.0,0.0,0.01693659931391832,64.01693659931391,8.0,0.0
noise_taxonomy,2,expected_regret,4,24,12,64,mixed,false_positive,0.1,uniform,0.8333333333333334,0.16666666666666666,0.708390125504098,64.70839012550411,4.0,0.0
noise_taxonomy,2,expected_regret,6,24,12,64,mixed,false_positive,0.1,uniform,0.9583333333333334,0.041666666666666664,0.2169556753893046,64.21695567538929,6.0,0.0
noise_taxonomy,2,expected_regret,8,24,12,64,mixed,false_positive,0.1,uniform,1.0,0.0,0.06153366417596413,64.06153366417597,8.0,0.0
noise_taxonomy,2,sampled_equivalence,4,24,12,64,mixed,false_positive,0.1,uniform,0.8333333333333334,0.16666666666666666,0.7004397330199654,64.70043973301998,4.0,0.0
noise_taxonomy,2,sampled_equivalence,6,24,12,64,mixed,false_positive,0.1,uniform,0.9583333333333334,0.041666666666666664,0.21576512245964866,64.21576512245966,6.0,0.0
noise_taxonomy,2,sampled_equivalence,8,24,12,64,mixed,false_positive,0.1,uniform,1.0,0.0,0.06281658579529491,64.0628165857953,8.0,0.0
noise_taxonomy,3,dense_contact_only,4,24,12,64,mixed,false_positive,0.1,uniform,0.875,0.125,0.6846958580797766,64.68469585807976,4.0,0.0
noise_taxonomy,3,dense_contact_only,6,24,12,64,mixed,false_positive,0.1,uniform,1.0,0.0,0.10630015253500757,64.10630015253501,6.0,0.0
noise_taxonomy,3,dense_contact_only,8,24,12,64,mixed,false_positive,0.1,uniform,1.0,0.0,0.00595151478563325,64.00595151478562,8.0,0.0
noise_taxonomy,3,critical_cell_entropy,4,24,12,64,mixed,false_positive,0.1,uniform,0.4166666666666667,0.5833333333333334,2.6104946354677265,66.61049463546775,4.0,0.0
noise_taxonomy,3,critical_cell_entropy,6,24,12,64,mixed,false_positive,0.1,uniform,0.5,0.5,2.1444156991233845,66.14441569912339,6.0,0.0
noise_taxonomy,3,critical_cell_entropy,8,24,12,64,mixed,false_positive,0.1,uniform,0.7083333333333334,0.2916666666666667,1.6232025581036549,65.62320255810364,8.0,0.0
noise_taxonomy,3,contact_equivalence,4,24,12,64,mixed,false_positive,0.1,uniform,0.875,0.125,0.5078202742534813,64.50782027425348,4.0,0.0
noise_taxonomy,3,contact_equivalence,6,24,12,64,mixed,false_positive,0.1,uniform,0.9583333333333334,0.041666666666666664,0.031709336116431217,64.03170933611644,6.0,0.0
noise_taxonomy,3,contact_equivalence,8,24,12,64,mixed,false_positive,0.1,uniform,0.9583333333333334,0.041666666666666664,0.007593272467482214,64.00759327246749,8.0,0.0
noise_taxonomy,3,expected_regret,4,24,12,64,mixed,false_positive,0.1,uniform,0.75,0.25,0.7940387149940501,64.79403871499406,4.0,0.0
noise_taxonomy,3,expected_regret,6,24,12,64,mixed,false_positive,0.1,uniform,0.9583333333333334,0.041666666666666664,0.1537393569794825,64.15373935697947,6.0,0.0
noise_taxonomy,3,expected_regret,8,24,12,64,mixed,false_positive,0.1,uniform,1.0,0.0,0.06885985227626742,64.06885985227628,8.0,0.0
noise_taxonomy,3,sampled_equivalence,4,24,12,64,mixed,false_positive,0.1,uniform,0.9166666666666666,0.08333333333333333,0.6315097247946089,64.63150972479461,4.0,0.0
noise_taxonomy,3,sampled_equivalence,6,24,12,64,mixed,false_positive,0.1,uniform,0.9583333333333334,0.041666666666666664,0.18716139583505376,64.18716139583505,6.0,0.0
noise_taxonomy,3,sampled_equivalence,8,24,12,64,mixed,false_positive,0.1,uniform,0.9583333333333334,0.041666666666666664,0.07759626875422795,64.07759626875423,8.0,0.0
noise_taxonomy,4,dense_contact_only,4,24,12,64,mixed,false_positive,0.1,uniform,0.875,0.125,0.6978709834032691,64.69787098340326,4.0,0.0
noise_taxonomy,4,dense_contact_only,6,24,12,64,mixed,false_positive,0.1,uniform,0.9166666666666666,0.08333333333333333,0.18326715863176543,64.18326715863176,6.0,0.0
noise_taxonomy,4,dense_contact_only,8,24,12,64,mixed,false_positive,0.1,uniform,1.0,0.0,0.014392779320915506,64.01439277932091,8.0,0.0
noise_taxonomy,4,critical_cell_entropy,4,24,12,64,mixed,false_positive,0.1,uniform,0.4583333333333333,0.5416666666666666,2.688511469460353,66.68851146946035,4.0,0.0
noise_taxonomy,4,critical_cell_entropy,6,24,12,64,mixed,false_positive,0.1,uniform,0.5,0.5,2.250023598764537,66.25002359876453,6.0,0.0
noise_taxonomy,4,critical_cell_entropy,8,24,12,64,mixed,false_positive,0.1,uniform,0.7916666666666666,0.20833333333333334,1.7681865023019103,65.7681865023019,8.0,0.0
noise_taxonomy,4,contact_equivalence,4,24,12,64,mixed,false_positive,0.1,uniform,0.8333333333333334,0.16666666666666666,0.6628795421774704,64.66287954217748,4.0,0.0
noise_taxonomy,4,contact_equivalence,6,24,12,64,mixed,false_positive,0.1,uniform,0.9583333333333334,0.041666666666666664,0.1472962522288867,64.14729625222888,6.0,0.0
noise_taxonomy,4,contact_equivalence,8,24,12,64,mixed,false_positive,0.1,uniform,1.0,0.0,0.030596862705586023,64.03059686270558,8.0,0.0
noise_taxonomy,4,expected_regret,4,24,12,64,mixed,false_positive,0.1,uniform,0.9166666666666666,0.08333333333333333,0.600983091726911,64.60098309172692,4.0,0.0
noise_taxonomy,4,expected_regret,6,24,12,64,mixed,false_positive,0.1,uniform,0.9583333333333334,0.041666666666666664,0.08464893628921567,64.08464893628921,6.0,0.0
noise_taxonomy,4,expected_regret,8,24,12,64,mixed,false_positive,0.1,uniform,0.9583333333333334,0.041666666666666664,0.07974990976983323,64.07974990976984,8.0,0.0
noise_taxonomy,4,sampled_equivalence,4,24,12,64,mixed,false_positive,0.1,uniform,0.9166666666666666,0.08333333333333333,0.8085298333668284,64.80852983336685,4.0,0.0
noise_taxonomy,4,sampled_equivalence,6,24,12,64,mixed,false_positive,0.1,uniform,0.9583333333333334,0.041666666666666664,0.29929269158879307,64.29929269158879,6.0,0.0
noise_taxonomy,4,sampled_equivalence,8,24,12,64,mixed,false_positive,0.1,uniform,1.0,0.0,0.07227584218557553,64.07227584218558,8.0,0.0
noise_taxonomy,5,dense_contact_only,4,24,12,64,mixed,false_positive,0.1,uniform,0.75,0.25,0.7060745961319337,64.70607459613193,4.0,0.0
noise_taxonomy,5,dense_contact_only,6,24,12,64,mixed,false_positive,0.1,uniform,0.9166666666666666,0.08333333333333333,0.24953525646373123,64.24953525646376,6.0,0.0
noise_taxonomy,5,dense_contact_only,8,24,12,64,mixed,false_positive,0.1,uniform,0.9583333333333334,0.041666666666666664,0.07653177886326502,64.07653177886327,8.0,0.0
noise_taxonomy,5,critical_cell_entropy,4,24,12,64,mixed,false_positive,0.1,uniform,0.25,0.75,2.6052908074381347,66.60529080743812,4.0,0.0
noise_taxonomy,5,critical_cell_entropy,6,24,12,64,mixed,false_positive,0.1,uniform,0.4583333333333333,0.5416666666666666,2.1751313942912254,66.17513139429123,6.0,0.0
noise_taxonomy,5,critical_cell_entropy,8,24,12,64,mixed,false_positive,0.1,uniform,0.5416666666666666,0.4583333333333333,1.73875806266005,65.73875806266005,8.0,0.0
noise_taxonomy,5,contact_equivalence,4,24,12,64,mixed,false_positive,0.1,uniform,0.7916666666666666,0.20833333333333334,0.8598002864260423,64.85980028642605,4.0,0.0
noise_taxonomy,5,contact_equivalence,6,24,12,64,mixed,false_positive,0.1,uniform,0.9166666666666666,0.08333333333333333,0.31113586165636,64.31113586165635,6.0,0.0
noise_taxonomy,5,contact_equivalence,8,24,12,64,mixed,false_positive,0.1,uniform,1.0,0.0,0.03696068842937039,64.03696068842937,8.0,0.0
noise_taxonomy,5,expected_regret,4,24,12,64,mixed,false_positive,0.1,uniform,0.7916666666666666,0.20833333333333334,0.8299706595823501,64.82997065958236,4.0,0.0
noise_taxonomy,5,expected_regret,6,24,12,64,mixed,false_positive,0.1,uniform,0.875,0.125,0.2139733226896654,64.21397332268968,6.0,0.0
noise_taxonomy,5,expected_regret,8,24,12,64,mixed,false_positive,0.1,uniform,1.0,0.0,0.0512423869780334,64.05124238697803,8.0,0.0
noise_taxonomy,5,sampled_equivalence,4,24,12,64,mixed,false_positive,0.1,uniform,0.7916666666666666,0.20833333333333334,0.6018623427289536,64.60186234272895,4.0,0.0
noise_taxonomy,5,sampled_equivalence,6,24,12,64,mixed,false_positive,0.1,uniform,0.9166666666666666,0.08333333333333333,0.2545892806563979,64.2545892806564,6.0,0.0
noise_taxonomy,5,sampled_equivalence,8,24,12,64,mixed,false_positive,0.1,uniform,0.9583333333333334,0.041666666666666664,0.11786892395594799,64.11786892395595,8.0,0.0
noise_taxonomy,6,dense_contact_only,4,24,12,64,mixed,false_positive,0.1,uniform,0.9583333333333334,0.041666666666666664,0.802373625859183,64.80237362585918,4.0,0.0
noise_taxonomy,6,dense_contact_only,6,24,12,64,mixed,false_positive,0.1,uniform,0.9166666666666666,0.08333333333333333,0.12588106682682787,64.12588106682682,6.0,0.0
noise_taxonomy,6,dense_contact_only,8,24,12,64,mixed,false_positive,0.1,uniform,1.0,0.0,0.007874338351267702,64.00787433835126,8.0,0.0
noise_taxonomy,6,critical_cell_entropy,4,24,12,64,mixed,false_positive,0.1,uniform,0.4583333333333333,0.5416666666666666,2.608651799724449,66.60865179972446,4.0,0.0
noise_taxonomy,6,critical_cell_entropy,6,24,12,64,mixed,false_positive,0.1,uniform,0.5833333333333334,0.4166666666666667,2.1924892339877586,66.19248923398776,6.0,0.0
noise_taxonomy,6,critical_cell_entropy,8,24,12,64,mixed,false_positive,0.1,uniform,0.6666666666666666,0.3333333333333333,1.6927483157559575,65.69274831575596,8.0,0.0
noise_taxonomy,6,contact_equivalence,4,24,12,64,mixed,false_positive,0.1,uniform,0.9583333333333334,0.041666666666666664,0.5081356262425976,64.5081356262426,4.0,0.0
noise_taxonomy,6,contact_equivalence,6,24,12,64,mixed,false_positive,0.1,uniform,1.0,0.0,0.06400018664854608,64.06400018664853,6.0,0.0
noise_taxonomy,6,contact_equivalence,8,24,12,64,mixed,false_positive,0.1,uniform,1.0,0.0,0.0017714103768499158,64.00177141037685,8.0,0.0
noise_taxonomy,6,expected_regret,4,24,12,64,mixed,false_positive,0.1,uniform,0.7916666666666666,0.20833333333333334,0.9086833303135521,64.90868333031355,4.0,0.0
noise_taxonomy,6,expected_regret,6,24,12,64,mixed,false_positive,0.1,uniform,0.9583333333333334,0.041666666666666664,0.12987316862439416,64.1298731686244,6.0,0.0
noise_taxonomy,6,expected_regret,8,24,12,64,mixed,false_positive,0.1,uniform,1.0,0.0,0.037598680791928116,64.03759868079193,8.0,0.0
noise_taxonomy,6,sampled_equivalence,4,24,12,64,mixed,false_positive,0.1,uniform,0.6666666666666666,0.3333333333333333,0.9144876867235602,64.91448768672356,4.0,0.0
noise_taxonomy,6,sampled_equivalence,6,24,12,64,mixed,false_positive,0.1,uniform,0.9166666666666666,0.08333333333333333,0.34958368515872457,64.34958368515872,6.0,0.0
noise_taxonomy,6,sampled_equivalence,8,24,12,64,mixed,false_positive,0.1,uniform,1.0,0.0,0.037443298384462094,64.03744329838446,8.0,0.0
noise_taxonomy,7,dense_contact_only,4,24,12,64,mixed,false_positive,0.1,uniform,0.8333333333333334,0.16666666666666666,0.7380461002262885,64.7380461002263,4.0,0.0
noise_taxonomy,7,dense_contact_only,6,24,12,64,mixed,false_positive,0.1,uniform,0.9166666666666666,0.08333333333333333,0.12661616863582675,64.12661616863582,6.0,0.0
noise_taxonomy,7,dense_contact_only,8,24,12,64,mixed,false_positive,0.1,uniform,1.0,0.0,0.009485946886975544,64.00948594688697,8.0,0.0
noise_taxonomy,7,critical_cell_entropy,4,24,12,64,mixed,false_positive,0.1,uniform,0.125,0.875,2.688511469460353,66.68851146946035,4.0,0.0
noise_taxonomy,7,critical_cell_entropy,6,24,12,64,mixed,false_positive,0.1,uniform,0.4166666666666667,0.5833333333333334,2.1586545826637953,66.1586545826638,6.0,0.0
noise_taxonomy,7,critical_cell_entropy,8,24,12,64,mixed,false_positive,0.1,uniform,0.4583333333333333,0.5416666666666666,1.7310934285634556,65.73109342856345,8.0,0.0
noise_taxonomy,7,contact_equivalence,4,24,12,64,mixed,false_positive,0.1,uniform,0.9166666666666666,0.08333333333333333,0.714086652862047,64.71408665286206,4.0,0.0
noise_taxonomy,7,contact_equivalence,6,24,12,64,mixed,false_positive,0.1,uniform,0.9583333333333334,0.041666666666666664,0.09129831055320514,64.0912983105532,6.0,0.0
noise_taxonomy,7,contact_equivalence,8,24,12,64,mixed,false_positive,0.1,uniform,1.0,0.0,0.008475190890439967,64.00847519089044,8.0,0.0
noise_taxonomy,7,expected_regret,4,24,12,64,mixed,false_positive,0.1,uniform,0.625,0.375,0.8811679241844907,64.8811679241845,4.0,0.0
noise_taxonomy,7,expected_regret,6,24,12,64,mixed,false_positive,0.1,uniform,0.9583333333333334,0.041666666666666664,0.14174253419260543,64.1417425341926,6.0,0.0
noise_taxonomy,7,expected_regret,8,24,12,64,mixed,false_positive,0.1,uniform,1.0,0.0,0.03583960188270429,64.03583960188269,8.0,0.0
noise_taxonomy,7,sampled_equivalence,4,24,12,64,mixed,false_positive,0.1,uniform,0.75,0.25,0.6235658065648555,64.62356580656487,4.0,0.0
noise_taxonomy,7,sampled_equivalence,6,24,12,64,mixed,false_positive,0.1,uniform,0.9583333333333334,0.041666666666666664,0.15303529878656583,64.15303529878656,6.0,0.0
noise_taxonomy,7,sampled_equivalence,8,24,12,64,mixed,false_positive,0.1,uniform,0.9583333333333334,0.041666666666666664,0.06431549822154296,64.06431549822155,8.0,0.0
noise_taxonomy,8,dense_contact_only,4,24,12,64,mixed,false_positive,0.1,uniform,0.7916666666666666,0.20833333333333334,0.5963879916225748,64.59638799162256,4.0,0.0
noise_taxonomy,8,dense_contact_only,6,24,12,64,mixed,false_positive,0.1,uniform,0.9583333333333334,0.041666666666666664,0.10444842756608284,64.10444842756608,6.0,0.0
noise_taxonomy,8,dense_contact_only,8,24,12,64,mixed,false_positive,0.1,uniform,1.0,0.0,0.02678228766925371,64.02678228766925,8.0,0.0
noise_taxonomy,8,critical_cell_entropy,4,24,12,64,mixed,false_positive,0.1,uniform,0.4166666666666667,0.5833333333333334,2.6196729477030307,66.61967294770305,4.0,0.0
noise_taxonomy,8,critical_cell_entropy,6,24,12,64,mixed,false_positive,0.1,uniform,0.375,0.625,2.1551049147339927,66.155104914734,6.0,0.0
noise_taxonomy,8,critical_cell_entropy,8,24,12,64,mixed,false_positive,0.1,uniform,0.4583333333333333,0.5416666666666666,1.7110729110870155,65.71107291108702,8.0,0.0
noise_taxonomy,8,contact_equivalence,4,24,12,64,mixed,false_positive,0.1,uniform,0.9166666666666666,0.08333333333333333,0.6974755943830665,64.69747559438308,4.0,0.0
noise_taxonomy,8,contact_equivalence,6,24,12,64,mixed,false_positive,0.1,uniform,1.0,0.0,0.05397092733264416,64.05397092733266,6.0,0.0
noise_taxonomy,8,contact_equivalence,8,24,12,64,mixed,false_positive,0.1,uniform,1.0,0.0,0.004745507272497985,64.00474550727249,8.0,0.0
noise_taxonomy,8,expected_regret,4,24,12,64,mixed,false_positive,0.1,uniform,0.875,0.125,0.7614312896495304,64.76143128964954,4.0,0.0
noise_taxonomy,8,expected_regret,6,24,12,64,mixed,false_positive,0.1,uniform,0.9583333333333334,0.041666666666666664,0.10807673536124822,64.10807673536125,6.0,0.0
noise_taxonomy,8,expected_regret,8,24,12,64,mixed,false_positive,0.1,uniform,1.0,0.0,0.03042312025479896,64.0304231202548,8.0,0.0
noise_taxonomy,8,sampled_equivalence,4,24,12,64,mixed,false_positive,0.1,uniform,0.875,0.125,0.6553674329428775,64.65536743294288,4.0,0.0
noise_taxonomy,8,sampled_equivalence,6,24,12,64,mixed,false_positive,0.1,uniform,0.9583333333333334,0.041666666666666664,0.29081399377870204,64.29081399377871,6.0,0.0
noise_taxonomy,8,sampled_equivalence,8,24,12,64,mixed,false_positive,0.1,uniform,1.0,0.0,0.10433943993554355,64.10433943993554,8.0,0.0
noise_taxonomy,9,dense_contact_only,4,24,12,64,mixed,false_positive,0.1,uniform,0.75,0.25,0.6883514974606033,64.68835149746062,4.0,0.0
noise_taxonomy,9,dense_contact_only,6,24,12,64,mixed,false_positive,0.1,uniform,0.9583333333333334,0.041666666666666664,0.22392489805484503,64.22392489805485,6.0,0.0
noise_taxonomy,9,dense_contact_only,8,24,12,64,mixed,false_positive,0.1,uniform,1.0,0.0,0.0319066756096843,64.03190667560968,8.0,0.0
noise_taxonomy,9,critical_cell_entropy,4,24,12,64,mixed,false_positive,0.1,uniform,0.2916666666666667,0.7083333333333334,2.6242621038206826,66.6242621038207,4.0,0.0
noise_taxonomy,9,critical_cell_entropy,6,24,12,64,mixed,false_positive,0.1,uniform,0.2916666666666667,0.7083333333333334,2.174046277847243,66.17404627784725,6.0,0.0
noise_taxonomy,9,critical_cell_entropy,8,24,12,64,mixed,false_positive,0.1,uniform,0.5,0.5,1.6255924347120583,65.62559243471206,8.0,0.0
noise_taxonomy,9,contact_equivalence,4,24,12,64,mixed,false_positive,0.1,uniform,0.9583333333333334,0.041666666666666664,0.5959638193006649,64.59596381930068,4.0,0.0
noise_taxonomy,9,contact_equivalence,6,24,12,64,mixed,false_positive,0.1,uniform,0.9583333333333334,0.041666666666666664,0.07254698973932468,64.07254698973934,6.0,0.0
noise_taxonomy,9,contact_equivalence,8,24,12,64,mixed,false_positive,0.1,uniform,1.0,0.0,0.06453969342388832,64.0645396934239,8.0,0.0
noise_taxonomy,9,expected_regret,4,24,12,64,mixed,false_positive,0.1,uniform,0.7916666666666666,0.20833333333333334,0.7690244577190047,64.76902445771903,4.0,0.0
noise_taxonomy,9,expected_regret,6,24,12,64,mixed,false_positive,0.1,uniform,0.875,0.125,0.1809433538004359,64.18094335380043,6.0,0.0
noise_taxonomy,9,expected_regret,8,24,12,64,mixed,false_positive,0.1,uniform,0.875,0.125,0.13720422367460425,64.13720422367459,8.0,0.0
noise_taxonomy,9,sampled_equivalence,4,24,12,64,mixed,false_positive,0.1,uniform,0.7083333333333334,0.2916666666666667,0.8635800036886611,64.86358000368868,4.0,0.0
noise_taxonomy,9,sampled_equivalence,6,24,12,64,mixed,false_positive,0.1,uniform,0.875,0.125,0.3977043493286431,64.39770434932865,6.0,0.0
noise_taxonomy,9,sampled_equivalence,8,24,12,64,mixed,false_positive,0.1,uniform,0.9583333333333334,0.041666666666666664,0.11220193433551194,64.11220193433552,8.0,0.0
noise_taxonomy,0,dense_contact_only,4,24,12,64,mixed,false_positive,0.2,uniform,0.6666666666666666,0.3333333333333333,1.3035067922576553,65.30350679225764,4.0,0.0
noise_taxonomy,0,dense_contact_only,6,24,12,64,mixed,false_positive,0.2,uniform,0.875,0.125,0.42042633884490893,64.4204263388449,6.0,0.0
noise_taxonomy,0,dense_contact_only,8,24,12,64,mixed,false_positive,0.2,uniform,0.9583333333333334,0.041666666666666664,0.09319185407185444,64.09319185407186,8.0,0.0
noise_taxonomy,0,critical_cell_entropy,4,24,12,64,mixed,false_positive,0.2,uniform,0.20833333333333334,0.7916666666666666,2.910514852309955,66.91051485230996,4.0,0.0
noise_taxonomy,0,critical_cell_entropy,6,24,12,64,mixed,false_positive,0.2,uniform,0.25,0.75,2.514736916834439,66.51473691683445,6.0,0.0
noise_taxonomy,0,critical_cell_entropy,8,24,12,64,mixed,false_positive,0.2,uniform,0.25,0.75,2.2230777058065048,66.22307770580652,8.0,0.0
noise_taxonomy,0,contact_equivalence,4,24,12,64,mixed,false_positive,0.2,uniform,0.5416666666666666,0.4583333333333333,1.139827029237753,65.13982702923774,4.0,0.0
noise_taxonomy,0,contact_equivalence,6,24,12,64,mixed,false_positive,0.2,uniform,0.875,0.125,0.4109680306851591,64.41096803068515,6.0,0.0
noise_taxonomy,0,contact_equivalence,8,24,12,64,mixed,false_positive,0.2,uniform,0.9583333333333334,0.041666666666666664,0.12346992648052098,64.12346992648052,8.0,0.0
noise_taxonomy,0,expected_regret,4,24,12,64,mixed,false_positive,0.2,uniform,0.5833333333333334,0.4166666666666667,1.5822577095937513,65.58225770959375,4.0,0.0
noise_taxonomy,0,expected_regret,6,24,12,64,mixed,false_positive,0.2,uniform,0.8333333333333334,0.16666666666666666,0.931488574259789,64.9314885742598,6.0,0.0
noise_taxonomy,0,expected_regret,8,24,12,64,mixed,false_positive,0.2,uniform,1.0,0.0,0.37297811028203204,64.37297811028203,8.0,0.0
noise_taxonomy,0,sampled_equivalence,4,24,12,64,mixed,false_positive,0.2,uniform,0.5,0.5,1.3897560382141814,65.38975603821417,4.0,0.0
noise_taxonomy,0,sampled_equivalence,6,24,12,64,mixed,false_positive,0.2,uniform,0.75,0.25,0.7146079265534203,64.71460792655343,6.0,0.0
noise_taxonomy,0,sampled_equivalence,8,24,12,64,mixed,false_positive,0.2,uniform,0.7916666666666666,0.20833333333333334,0.27403180845434494,64.27403180845435,8.0,0.0
noise_taxonomy,1,dense_contact_only,4,24,12,64,mixed,false_positive,0.2,uniform,0.5,0.5,1.216019840312763,65.21601984031274,4.0,0.0
noise_taxonomy,1,dense_contact_only,6,24,12,64,mixed,false_positive,0.2,uniform,0.875,0.125,0.6265344379977869,64.62653443799778,6.0,0.0
noise_taxonomy,1,dense_contact_only,8,24,12,64,mixed,false_positive,0.2,uniform,0.875,0.125,0.2764957337993051,64.27649573379932,8.0,0.0
noise_taxonomy,1,critical_cell_entropy,4,24,12,64,mixed,false_positive,0.2,uniform,0.2916666666666667,0.7083333333333334,2.8496102689797307,66.84961026897973,4.0,0.0
noise_taxonomy,1,critical_cell_entropy,6,24,12,64,mixed,false_positive,0.2,uniform,0.375,0.625,2.5251654963612937,66.52516549636131,6.0,0.0
noise_taxonomy,1,critical_cell_entropy,8,24,12,64,mixed,false_positive,0.2,uniform,0.25,0.75,2.24676667693068,66.24676667693069,8.0,0.0
noise_taxonomy,1,contact_equivalence,4,24,12,64,mixed,false_positive,0.2,uniform,0.625,0.375,1.306041376427358,65.30604137642736,4.0,0.0
noise_taxonomy,1,contact_equivalence,6,24,12,64,mixed,false_positive,0.2,uniform,0.9583333333333334,0.041666666666666664,0.5196843022884875,64.51968430228847,6.0,0.0
noise_taxonomy,1,contact_equivalence,8,24,12,64,mixed,false_positive,0.2,uniform,0.9583333333333334,0.041666666666666664,0.12187696554087281,64.12187696554086,8.0,0.0
noise_taxonomy,1,expected_regret,4,24,12,64,mixed,false_positive,0.2,uniform,0.6666666666666666,0.3333333333333333,1.5187979740421873,65.51879797404219,4.0,0.0
noise_taxonomy,1,expected_regret,6,24,12,64,mixed,false_positive,0.2,uniform,0.875,0.125,0.5826388061491422,64.58263880614912,6.0,0.0
noise_taxonomy,1,expected_regret,8,24,12,64,mixed,false_positive,0.2,uniform,0.9166666666666666,0.08333333333333333,0.2266225717501912,64.2266225717502,8.0,0.0
noise_taxonomy,1,sampled_equivalence,4,24,12,64,mixed,false_positive,0.2,uniform,0.7916666666666666,0.20833333333333334,1.3891595485016672,65.38915954850167,4.0,0.0
noise_taxonomy,1,sampled_equivalence,6,24,12,64,mixed,false_positive,0.2,uniform,0.7916666666666666,0.20833333333333334,0.52451520093774,64.52451520093776,6.0,0.0
noise_taxonomy,1,sampled_equivalence,8,24,12,64,mixed,false_positive,0.2,uniform,0.8333333333333334,0.16666666666666666,0.3360795848600003,64.33607958486,8.0,0.0
noise_taxonomy,2,dense_contact_only,4,24,12,64,mixed,false_positive,0.2,uniform,0.5833333333333334,0.4166666666666667,1.2400207697697248,65.24002076976971,4.0,0.0
noise_taxonomy,2,dense_contact_only,6,24,12,64,mixed,false_positive,0.2,uniform,0.875,0.125,0.40257710747847386,64.40257710747848,6.0,0.0
noise_taxonomy,2,dense_contact_only,8,24,12,64,mixed,false_positive,0.2,uniform,0.9583333333333334,0.041666666666666664,0.17019907927119274,64.17019907927121,8.0,0.0
noise_taxonomy,2,critical_cell_entropy,4,24,12,64,mixed,false_positive,0.2,uniform,0.25,0.75,2.8858934259868008,66.8858934259868,4.0,0.0
noise_taxonomy,2,critical_cell_entropy,6,24,12,64,mixed,false_positive,0.2,uniform,0.4166666666666667,0.5833333333333334,2.5637076660085167,66.56370766600854,6.0,0.0
noise_taxonomy,2,critical_cell_entropy,8,24,12,64,mixed,false_positive,0.2,uniform,0.4583333333333333,0.5416666666666666,2.235735823503932,66.23573582350393,8.0,0.0
noise_taxonomy,2,contact_equivalence,4,24,12,64,mixed,false_positive,0.2,uniform,0.5833333333333334,0.4166666666666667,1.1243348633606696,65.12433486336066,4.0,0.0
noise_taxonomy,2,contact_equivalence,6,24,12,64,mixed,false_positive,0.2,uniform,0.9583333333333334,0.041666666666666664,0.46243280810451065,64.46243280810451,6.0,0.0
noise_taxonomy,2,contact_equivalence,8,24,12,64,mixed,false_positive,0.2,uniform,1.0,0.0,0.09633004270368267,64.0963300427037,8.0,0.0
noise_taxonomy,2,expected_regret,4,24,12,64,mixed,false_positive,0.2,uniform,0.5833333333333334,0.4166666666666667,1.413496215089668,65.41349621508967,4.0,0.0
noise_taxonomy,2,expected_regret,6,24,12,64,mixed,false_positive,0.2,uniform,0.7916666666666666,0.20833333333333334,0.5662494111739509,64.56624941117396,6.0,0.0
noise_taxonomy,2,expected_regret,8,24,12,64,mixed,false_positive,0.2,uniform,0.9583333333333334,0.041666666666666664,0.26664706194610827,64.2666470619461,8.0,0.0
noise_taxonomy,2,sampled_equivalence,4,24,12,64,mixed,false_positive,0.2,uniform,0.7083333333333334,0.2916666666666667,1.2325677832557818,65.23256778325579,4.0,0.0
noise_taxonomy,2,sampled_equivalence,6,24,12,64,mixed,false_positive,0.2,uniform,0.8333333333333334,0.16666666666666666,0.6058157174469984,64.605815717447,6.0,0.0
noise_taxonomy,2,sampled_equivalence,8,24,12,64,mixed,false_positive,0.2,uniform,1.0,0.0,0.22934362026087343,64.22934362026088,8.0,0.0
noise_taxonomy,3,dense_contact_only,4,24,12,64,mixed,false_positive,0.2,uniform,0.625,0.375,1.2830641955306612,65.28306419553066,4.0,0.0
noise_taxonomy,3,dense_contact_only,6,24,12,64,mixed,false_positive,0.2,uniform,0.9583333333333334,0.041666666666666664,0.4443270684482248,64.44432706844822,6.0,0.0
noise_taxonomy,3,dense_contact_only,8,24,12,64,mixed,false_positive,0.2,uniform,1.0,0.0,0.12045850150796748,64.12045850150798,8.0,0.0
noise_taxonomy,3,critical_cell_entropy,4,24,12,64,mixed,false_positive,0.2,uniform,0.25,0.75,2.892100657465047,66.89210065746504,4.0,0.0
noise_taxonomy,3,critical_cell_entropy,6,24,12,64,mixed,false_positive,0.2,uniform,0.3333333333333333,0.6666666666666666,2.5678741003197882,66.56787410031978,6.0,0.0
noise_taxonomy,3,critical_cell_entropy,8,24,12,64,mixed,false_positive,0.2,uniform,0.4166666666666667,0.5833333333333334,2.1798722189060675,66.17987221890607,8.0,0.0
noise_taxonomy,3,contact_equivalence,4,24,12,64,mixed,false_positive,0.2,uniform,0.625,0.375,1.178823558650956,65.17882355865093,4.0,0.0
noise_taxonomy,3,contact_equivalence,6,24,12,64,mixed,false_positive,0.2,uniform,0.875,0.125,0.36515110303502835,64.36515110303503,6.0,0.0
noise_taxonomy,3,contact_equivalence,8,24,12,64,mixed,false_positive,0.2,uniform,0.9166666666666666,0.08333333333333333,0.08769780051407805,64.08769780051408,8.0,0.0
noise_taxonomy,3,expected_regret,4,24,12,64,mixed,false_positive,0.2,uniform,0.625,0.375,1.5552590863499338,65.55525908634995,4.0,0.0
noise_taxonomy,3,expected_regret,6,24,12,64,mixed,false_positive,0.2,uniform,0.75,0.25,0.7564587104899908,64.75645871049001,6.0,0.0
noise_taxonomy,3,expected_regret,8,24,12,64,mixed,false_positive,0.2,uniform,0.9583333333333334,0.041666666666666664,0.4297954316077273,64.42979543160774,8.0,0.0
noise_taxonomy,3,sampled_equivalence,4,24,12,64,mixed,false_positive,0.2,uniform,0.6666666666666666,0.3333333333333333,1.0315156894957427,65.03151568949575,4.0,0.0
noise_taxonomy,3,sampled_equivalence,6,24,12,64,mixed,false_positive,0.2,uniform,0.8333333333333334,0.16666666666666666,0.3863890823332086,64.38638908233321,6.0,0.0
noise_taxonomy,3,sampled_equivalence,8,24,12,64,mixed,false_positive,0.2,uniform,0.875,0.125,0.24002649433954482,64.24002649433955,8.0,0.0
noise_taxonomy,4,dense_contact_only,4,24,12,64,mixed,false_positive,0.2,uniform,0.8333333333333334,0.16666666666666666,1.0801177591355478,65.08011775913555,4.0,0.0
noise_taxonomy,4,dense_contact_only,6,24,12,64,mixed,false_positive,0.2,uniform,0.9583333333333334,0.041666666666666664,0.28129575764895826,64.28129575764896,6.0,0.0
noise_taxonomy,4,dense_contact_only,8,24,12,64,mixed,false_positive,0.2,uniform,0.9583333333333334,0.041666666666666664,0.1907879583096779,64.19078795830968,8.0,0.0
noise_taxonomy,4,critical_cell_entropy,4,24,12,64,mixed,false_positive,0.2,uniform,0.25,0.75,2.9176091414819827,66.91760914148198,4.0,0.0
noise_taxonomy,4,critical_cell_entropy,6,24,12,64,mixed,false_positive,0.2,uniform,0.2916666666666667,0.7083333333333334,2.5740755525814927,66.57407555258149,6.0,0.0
noise_taxonomy,4,critical_cell_entropy,8,24,12,64,mixed,false_positive,0.2,uniform,0.5,0.5,2.2081606370177984,66.20816063701781,8.0,0.0
noise_taxonomy,4,contact_equivalence,4,24,12,64,mixed,false_positive,0.2,uniform,0.625,0.375,1.238115643084468,65.23811564308447,4.0,0.0
noise_taxonomy,4,contact_equivalence,6,24,12,64,mixed,false_positive,0.2,uniform,0.875,0.125,0.5613718621152926,64.56137186211531,6.0,0.0
noise_taxonomy,4,contact_equivalence,8,24,12,64,mixed,false_positive,0.2,uniform,1.0,0.0,0.15363630269376655,64.15363630269377,8.0,0.0
noise_taxonomy,4,expected_regret,4,24,12,64,mixed,false_positive,0.2,uniform,0.4166666666666667,0.5833333333333334,1.3886809581614827,65.38868095816149,4.0,0.0
noise_taxonomy,4,expected_regret,6,24,12,64,mixed,false_positive,0.2,uniform,0.7916666666666666,0.20833333333333334,0.6150925462770976,64.6150925462771,6.0,0.0
noise_taxonomy,4,expected_regret,8,24,12,64,mixed,false_positive,0.2,uniform,0.9166666666666666,0.08333333333333333,0.349587435153685,64.34958743515368,8.0,0.0
noise_taxonomy,4,sampled_equivalence,4,24,12,64,mixed,false_positive,0.2,uniform,0.7083333333333334,0.2916666666666667,1.4645769734597112,65.4645769734597,4.0,0.0
noise_taxonomy,4,sampled_equivalence,6,24,12,64,mixed,false_positive,0.2,uniform,0.875,0.125,0.4656554249163358,64.46565542491633,6.0,0.0
noise_taxonomy,4,sampled_equivalence,8,24,12,64,mixed,false_positive,0.2,uniform,1.0,0.0,0.22825840255524285,64.22825840255526,8.0,0.0
noise_taxonomy,5,dense_contact_only,4,24,12,64,mixed,false_positive,0.2,uniform,0.5833333333333334,0.4166666666666667,1.313757431100333,65.31375743110034,4.0,0.0
noise_taxonomy,5,dense_contact_only,6,24,12,64,mixed,false_positive,0.2,uniform,0.7916666666666666,0.20833333333333334,0.5105970990667911,64.51059709906679,6.0,0.0
noise_taxonomy,5,dense_contact_only,8,24,12,64,mixed,false_positive,0.2,uniform,0.875,0.125,0.2386247700067848,64.23862477000678,8.0,0.0
noise_taxonomy,5,critical_cell_entropy,4,24,12,64,mixed,false_positive,0.2,uniform,0.20833333333333334,0.7916666666666666,2.90155834572171,66.9015583457217,4.0,0.0
noise_taxonomy,5,critical_cell_entropy,6,24,12,64,mixed,false_positive,0.2,uniform,0.16666666666666666,0.8333333333333334,2.551287723369023,66.55128772336903,6.0,0.0
noise_taxonomy,5,critical_cell_entropy,8,24,12,64,mixed,false_positive,0.2,uniform,0.20833333333333334,0.7916666666666666,2.2638112451820693,66.26381124518207,8.0,0.0
noise_taxonomy,5,contact_equivalence,4,24,12,64,mixed,false_positive,0.2,uniform,0.6666666666666666,0.3333333333333333,1.2255326942778315,65.22553269427782,4.0,0.0
noise_taxonomy,5,contact_equivalence,6,24,12,64,mixed,false_positive,0.2,uniform,0.9583333333333334,0.041666666666666664,0.35556588099720393,64.35556588099719,6.0,0.0
noise_taxonomy,5,contact_equivalence,8,24,12,64,mixed,false_positive,0.2,uniform,1.0,0.0,0.0925585059716083,64.09255850597162,8.0,0.0
noise_taxonomy,5,expected_regret,4,24,12,64,mixed,false_positive,0.2,uniform,0.75,0.25,1.4243823630950498,65.42438236309505,4.0,0.0
noise_taxonomy,5,expected_regret,6,24,12,64,mixed,false_positive,0.2,uniform,0.75,0.25,0.5780906648917331,64.57809066489173,6.0,0.0
noise_taxonomy,5,expected_regret,8,24,12,64,mixed,false_positive,0.2,uniform,0.9166666666666666,0.08333333333333333,0.4014400449813104,64.40144004498133,8.0,0.0
noise_taxonomy,5,sampled_equivalence,4,24,12,64,mixed,false_positive,0.2,uniform,0.625,0.375,1.327952647773319,65.3279526477733,4.0,0.0
noise_taxonomy,5,sampled_equivalence,6,24,12,64,mixed,false_positive,0.2,uniform,0.9166666666666666,0.08333333333333333,0.4749506125866672,64.47495061258667,6.0,0.0
noise_taxonomy,5,sampled_equivalence,8,24,12,64,mixed,false_positive,0.2,uniform,0.9583333333333334,0.041666666666666664,0.191441921120613,64.19144192112061,8.0,0.0
noise_taxonomy,6,dense_contact_only,4,24,12,64,mixed,false_positive,0.2,uniform,0.7916666666666666,0.20833333333333334,1.2103414604916065,65.21034146049159,4.0,0.0
noise_taxonomy,6,dense_contact_only,6,24,12,64,mixed,false_positive,0.2,uniform,0.9166666666666666,0.08333333333333333,0.2893922282060621,64.28939222820604,6.0,0.0
noise_taxonomy,6,dense_contact_only,8,24,12,64,mixed,false_positive,0.2,uniform,0.9583333333333334,0.041666666666666664,0.08661738093537076,64.08661738093538,8.0,0.0
noise_taxonomy,6,critical_cell_entropy,4,24,12,64,mixed,false_positive,0.2,uniform,0.25,0.75,2.8784132607894097,66.8784132607894,4.0,0.0
noise_taxonomy,6,critical_cell_entropy,6,24,12,64,mixed,false_positive,0.2,uniform,0.4166666666666667,0.5833333333333334,2.5175869331848,66.51758693318482,6.0,0.0
noise_taxonomy,6,critical_cell_entropy,8,24,12,64,mixed,false_positive,0.2,uniform,0.3333333333333333,0.6666666666666666,2.1885046815637126,66.18850468156371,8.0,0.0
noise_taxonomy,6,contact_equivalence,4,24,12,64,mixed,false_positive,0.2,uniform,0.75,0.25,1.0330844158609145,65.0330844158609,4.0,0.0
noise_taxonomy,6,contact_equivalence,6,24,12,64,mixed,false_positive,0.2,uniform,0.9166666666666666,0.08333333333333333,0.34577285459374113,64.34577285459376,6.0,0.0
noise_taxonomy,6,contact_equivalence,8,24,12,64,mixed,false_positive,0.2,uniform,1.0,0.0,0.14939968404847628,64.14939968404848,8.0,0.0
noise_taxonomy,6,expected_regret,4,24,12,64,mixed,false_positive,0.2,uniform,0.5,0.5,1.6351772372703188,65.63517723727033,4.0,0.0
noise_taxonomy,6,expected_regret,6,24,12,64,mixed,false_positive,0.2,uniform,0.7083333333333334,0.2916666666666667,0.8195749934013711,64.81957499340136,6.0,0.0
noise_taxonomy,6,expected_regret,8,24,12,64,mixed,false_positive,0.2,uniform,0.875,0.125,0.4488210274949846,64.44882102749499,8.0,0.0
noise_taxonomy,6,sampled_equivalence,4,24,12,64,mixed,false_positive,0.2,uniform,0.6666666666666666,0.3333333333333333,1.146270295080251,65.14627029508024,4.0,0.0
noise_taxonomy,6,sampled_equivalence,6,24,12,64,mixed,false_positive,0.2,uniform,0.9166666666666666,0.08333333333333333,0.43784981613821733,64.43784981613823,6.0,0.0
noise_taxonomy,6,sampled_equivalence,8,24,12,64,mixed,false_positive,0.2,uniform,0.9583333333333334,0.041666666666666664,0.1397993501623895,64.13979935016239,8.0,0.0
noise_taxonomy,7,dense_contact_only,4,24,12,64,mixed,false_positive,0.2,uniform,0.7083333333333334,0.2916666666666667,1.185437781218364,65.18543778121835,4.0,0.0
noise_taxonomy,7,dense_contact_only,6,24,12,64,mixed,false_positive,0.2,uniform,0.9583333333333334,0.041666666666666664,0.40684508785614587,64.40684508785613,6.0,0.0
noise_taxonomy,7,dense_contact_only,8,24,12,64,mixed,false_positive,0.2,uniform,0.9583333333333334,0.041666666666666664,0.1691581064203981,64.16915810642043,8.0,0.0
noise_taxonomy,7,critical_cell_entropy,4,24,12,64,mixed,false_positive,0.2,uniform,0.25,0.75,2.884461135610275,66.88446113561027,4.0,0.0
noise_taxonomy,7,critical_cell_entropy,6,24,12,64,mixed,false_positive,0.2,uniform,0.2916666666666667,0.7083333333333334,2.523619649158572,66.52361964915859,6.0,0.0
noise_taxonomy,7,critical_cell_entropy,8,24,12,64,mixed,false_positive,0.2,uniform,0.375,0.625,2.189880891411422,66.18988089141145,8.0,0.0
noise_taxonomy,7,contact_equivalence,4,24,12,64,mixed,false_positive,0.2,uniform,0.625,0.375,1.0789429211184272,65.07894292111843,4.0,0.0
noise_taxonomy,7,contact_equivalence,6,24,12,64,mixed,false_positive,0.2,uniform,0.9583333333333334,0.041666666666666664,0.3972359187516435,64.39723591875163,6.0,0.0
noise_taxonomy,7,contact_equivalence,8,24,12,64,mixed,false_positive,0.2,uniform,1.0,0.0,0.13732220159744948,64.13732220159744,8.0,0.0
noise_taxonomy,7,expected_regret,4,24,12,64,mixed,false_positive,0.2,uniform,0.75,0.25,1.7152834305824738,65.71528343058247,4.0,0.0
noise_taxonomy,7,expected_regret,6,24,12,64,mixed,false_positive,0.2,uniform,0.8333333333333334,0.16666666666666666,0.5528125137090706,64.55281251370907,6.0,0.0
noise_taxonomy,7,expected_regret,8,24,12,64,mixed,false_positive,0.2,uniform,1.0,0.0,0.21316729328781958,64.21316729328781,8.0,0.0
noise_taxonomy,7,sampled_equivalence,4,24,12,64,mixed,false_positive,0.2,uniform,0.7083333333333334,0.2916666666666667,1.0880232714911167,65.08802327149111,4.0,0.0
noise_taxonomy,7,sampled_equivalence,6,24,12,64,mixed,false_positive,0.2,uniform,0.9166666666666666,0.08333333333333333,0.5990898390240214,64.59908983902403,6.0,0.0
noise_taxonomy,7,sampled_equivalence,8,24,12,64,mixed,false_positive,0.2,uniform,0.9583333333333334,0.041666666666666664,0.19110964084664359,64.19110964084663,8.0,0.0
noise_taxonomy,8,dense_contact_only,4,24,12,64,mixed,false_positive,0.2,uniform,0.7083333333333334,0.2916666666666667,0.9612344123902151,64.9612344123902,4.0,0.0
noise_taxonomy,8,dense_contact_only,6,24,12,64,mixed,false_positive,0.2,uniform,0.875,0.125,0.44859746051767546,64.44859746051768,6.0,0.0
noise_taxonomy,8,dense_contact_only,8,24,12,64,mixed,false_positive,0.2,uniform,0.9583333333333334,0.041666666666666664,0.16504860197626578,64.16504860197628,8.0,0.0
noise_taxonomy,8,critical_cell_entropy,4,24,12,64,mixed,false_positive,0.2,uniform,0.2916666666666667,0.7083333333333334,2.9049681591575065,66.90496815915749,4.0,0.0
noise_taxonomy,8,critical_cell_entropy,6,24,12,64,mixed,false_positive,0.2,uniform,0.2916666666666667,0.7083333333333334,2.558472910318587,66.5584729103186,6.0,0.0
noise_taxonomy,8,critical_cell_entropy,8,24,12,64,mixed,false_positive,0.2,uniform,0.125,0.875,2.179789065036711,66.17978906503672,8.0,0.0
noise_taxonomy,8,contact_equivalence,4,24,12,64,mixed,false_positive,0.2,uniform,0.8333333333333334,0.16666666666666666,1.1263132745530673,65.12631327455306,4.0,0.0
noise_taxonomy,8,contact_equivalence,6,24,12,64,mixed,false_positive,0.2,uniform,0.9166666666666666,0.08333333333333333,0.2247046007355614,64.22470460073556,6.0,0.0
noise_taxonomy,8,contact_equivalence,8,24,12,64,mixed,false_positive,0.2,uniform,1.0,0.0,0.14253753592980012,64.1425375359298,8.0,0.0
noise_taxonomy,8,expected_regret,4,24,12,64,mixed,false_positive,0.2,uniform,0.6666666666666666,0.3333333333333333,1.454400784548706,65.4544007845487,4.0,0.0
noise_taxonomy,8,expected_regret,6,24,12,64,mixed,false_positive,0.2,uniform,0.9166666666666666,0.08333333333333333,0.6376850686816705,64.63768506868166,6.0,0.0
noise_taxonomy,8,expected_regret,8,24,12,64,mixed,false_positive,0.2,uniform,1.0,0.0,0.23405644938444695,64.23405644938444,8.0,0.0
noise_taxonomy,8,sampled_equivalence,4,24,12,64,mixed,false_positive,0.2,uniform,0.7083333333333334,0.2916666666666667,1.1617928259362005,65.16179282593619,4.0,0.0
noise_taxonomy,8,sampled_equivalence,6,24,12,64,mixed,false_positive,0.2,uniform,0.875,0.125,0.6355504357137751,64.63555043571378,6.0,0.0
noise_taxonomy,8,sampled_equivalence,8,24,12,64,mixed,false_positive,0.2,uniform,0.9583333333333334,0.041666666666666664,0.2454454470581888,64.24544544705819,8.0,0.0
noise_taxonomy,9,dense_contact_only,4,24,12,64,mixed,false_positive,0.2,uniform,0.5833333333333334,0.4166666666666667,1.162144301901528,65.16214430190153,4.0,0.0
noise_taxonomy,9,dense_contact_only,6,24,12,64,mixed,false_positive,0.2,uniform,0.875,0.125,0.41347009911551647,64.41347009911553,6.0,0.0
noise_taxonomy,9,dense_contact_only,8,24,12,64,mixed,false_positive,0.2,uniform,1.0,0.0,0.06846609858466772,64.06846609858466,8.0,0.0
noise_taxonomy,9,critical_cell_entropy,4,24,12,64,mixed,false_positive,0.2,uniform,0.3333333333333333,0.6666666666666666,2.8921006574650474,66.89210065746504,4.0,0.0
noise_taxonomy,9,critical_cell_entropy,6,24,12,64,mixed,false_positive,0.2,uniform,0.4583333333333333,0.5416666666666666,2.551101948965007,66.55110194896501,6.0,0.0
noise_taxonomy,9,critical_cell_entropy,8,24,12,64,mixed,false_positive,0.2,uniform,0.16666666666666666,0.8333333333333334,2.2020749582522865,66.20207495825231,8.0,0.0
noise_taxonomy,9,contact_equivalence,4,24,12,64,mixed,false_positive,0.2,uniform,0.9583333333333334,0.041666666666666664,1.068211745574848,65.06821174557484,4.0,0.0
noise_taxonomy,9,contact_equivalence,6,24,12,64,mixed,false_positive,0.2,uniform,0.9583333333333334,0.041666666666666664,0.23725753481988557,64.23725753481988,6.0,0.0
noise_taxonomy,9,contact_equivalence,8,24,12,64,mixed,false_positive,0.2,uniform,0.9166666666666666,0.08333333333333333,0.17964751743409232,64.17964751743409,8.0,0.0
noise_taxonomy,9,expected_regret,4,24,12,64,mixed,false_positive,0.2,uniform,0.5833333333333334,0.4166666666666667,1.556297588982121,65.55629758898212,4.0,0.0
noise_taxonomy,9,expected_regret,6,24,12,64,mixed,false_positive,0.2,uniform,0.6666666666666666,0.3333333333333333,0.5633038416156572,64.56330384161566,6.0,0.0
noise_taxonomy,9,expected_regret,8,24,12,64,mixed,false_positive,0.2,uniform,0.7916666666666666,0.20833333333333334,0.25631857790712137,64.25631857790711,8.0,0.0
noise_taxonomy,9,sampled_equivalence,4,24,12,64,mixed,false_positive,0.2,uniform,0.625,0.375,1.2644784441823866,65.26447844418239,4.0,0.0
noise_taxonomy,9,sampled_equivalence,6,24,12,64,mixed,false_positive,0.2,uniform,0.8333333333333334,0.16666666666666666,0.6552460809203966,64.65524608092039,6.0,0.0
noise_taxonomy,9,sampled_equivalence,8,24,12,64,mixed,false_positive,0.2,uniform,0.9583333333333334,0.041666666666666664,0.2927533365019133,64.29275333650192,8.0,0.0
noise_taxonomy,0,dense_contact_only,4,24,12,64,mixed,false_positive,0.3,uniform,0.5833333333333334,0.4166666666666667,1.7308030001284604,65.73080300012845,4.0,0.0
noise_taxonomy,0,dense_contact_only,6,24,12,64,mixed,false_positive,0.3,uniform,0.7916666666666666,0.20833333333333334,0.8612675109080908,64.86126751090809,6.0,0.0
noise_taxonomy,0,dense_contact_only,8,24,12,64,mixed,false_positive,0.3,uniform,0.9166666666666666,0.08333333333333333,0.37708128195657986,64.37708128195656,8.0,0.0
noise_taxonomy,0,critical_cell_entropy,4,24,12,64,mixed,false_positive,0.3,uniform,0.08333333333333333,0.9166666666666666,3.057439796965937,67.05743979696595,4.0,0.0
noise_taxonomy,0,critical_cell_entropy,6,24,12,64,mixed,false_positive,0.3,uniform,0.25,0.75,2.8137080159316206,66.81370801593164,6.0,0.0
noise_taxonomy,0,critical_cell_entropy,8,24,12,64,mixed,false_positive,0.3,uniform,0.16666666666666666,0.8333333333333334,2.596211581743033,66.59621158174303,8.0,0.0
noise_taxonomy,0,contact_equivalence,4,24,12,64,mixed,false_positive,0.3,uniform,0.5,0.5,1.5788715847697563,65.57887158476974,4.0,0.0
noise_taxonomy,0,contact_equivalence,6,24,12,64,mixed,false_positive,0.3,uniform,0.7916666666666666,0.20833333333333334,0.776711756069998,64.77671175606999,6.0,0.0
noise_taxonomy,0,contact_equivalence,8,24,12,64,mixed,false_positive,0.3,uniform,0.8333333333333334,0.16666666666666666,0.3336444403294639,64.33364444032946,8.0,0.0
noise_taxonomy,0,expected_regret,4,24,12,64,mixed,false_positive,0.3,uniform,0.4166666666666667,0.5833333333333334,1.8808368580982158,65.8808368580982,4.0,0.0
noise_taxonomy,0,expected_regret,6,24,12,64,mixed,false_positive,0.3,uniform,0.7916666666666666,0.20833333333333334,1.0789233836415766,65.0789233836416,6.0,0.0
noise_taxonomy,0,expected_regret,8,24,12,64,mixed,false_positive,0.3,uniform,0.9166666666666666,0.08333333333333333,0.5994121033852896,64.5994121033853,8.0,0.0
noise_taxonomy,0,sampled_equivalence,4,24,12,64,mixed,false_positive,0.3,uniform,0.5833333333333334,0.4166666666666667,1.6777620977512406,65.67776209775126,4.0,0.0
noise_taxonomy,0,sampled_equivalence,6,24,12,64,mixed,false_positive,0.3,uniform,0.75,0.25,1.0204081839023533,65.02040818390235,6.0,0.0
noise_taxonomy,0,sampled_equivalence,8,24,12,64,mixed,false_positive,0.3,uniform,0.8333333333333334,0.16666666666666666,0.5902298234865813,64.5902298234866,8.0,0.0
noise_taxonomy,1,dense_contact_only,4,24,12,64,mixed,false_positive,0.3,uniform,0.3333333333333333,0.6666666666666666,1.7386501433958887,65.7386501433959,4.0,0.0
noise_taxonomy,1,dense_contact_only,6,24,12,64,mixed,false_positive,0.3,uniform,0.625,0.375,1.1226502302348778,65.12265023023487,6.0,0.0
noise_taxonomy,1,dense_contact_only,8,24,12,64,mixed,false_positive,0.3,uniform,0.625,0.375,0.7783526922613856,64.77835269226138,8.0,0.0
noise_taxonomy,1,critical_cell_entropy,4,24,12,64,mixed,false_positive,0.3,uniform,0.2916666666666667,0.7083333333333334,3.0454426259405047,67.04544262594051,4.0,0.0
noise_taxonomy,1,critical_cell_entropy,6,24,12,64,mixed,false_positive,0.3,uniform,0.375,0.625,2.77933801404783,66.77933801404785,6.0,0.0
noise_taxonomy,1,critical_cell_entropy,8,24,12,64,mixed,false_positive,0.3,uniform,0.2916666666666667,0.7083333333333334,2.5325640738404402,66.53256407384045,8.0,0.0
noise_taxonomy,1,contact_equivalence,4,24,12,64,mixed,false_positive,0.3,uniform,0.5416666666666666,0.4583333333333333,1.7886178586540966,65.78861785865409,4.0,0.0
noise_taxonomy,1,contact_equivalence,6,24,12,64,mixed,false_positive,0.3,uniform,0.875,0.125,0.9935219014498512,64.99352190144985,6.0,0.0
noise_taxonomy,1,contact_equivalence,8,24,12,64,mixed,false_positive,0.3,uniform,0.875,0.125,0.4572903405773951,64.45729034057742,8.0,0.0
noise_taxonomy,1,expected_regret,4,24,12,64,mixed,false_positive,0.3,uniform,0.4583333333333333,0.5416666666666666,1.811186014626484,65.81118601462647,4.0,0.0
noise_taxonomy,1,expected_regret,6,24,12,64,mixed,false_positive,0.3,uniform,0.875,0.125,0.920463494320794,64.9204634943208,6.0,0.0
noise_taxonomy,1,expected_regret,8,24,12,64,mixed,false_positive,0.3,uniform,0.9166666666666666,0.08333333333333333,0.5311404787213241,64.53114047872133,8.0,0.0
noise_taxonomy,1,sampled_equivalence,4,24,12,64,mixed,false_positive,0.3,uniform,0.7083333333333334,0.2916666666666667,1.7973660219507208,65.79736602195074,4.0,0.0
noise_taxonomy,1,sampled_equivalence,6,24,12,64,mixed,false_positive,0.3,uniform,0.7083333333333334,0.2916666666666667,1.1205269862831444,65.12052698628314,6.0,0.0
noise_taxonomy,1,sampled_equivalence,8,24,12,64,mixed,false_positive,0.3,uniform,0.8333333333333334,0.16666666666666666,0.5370013236771006,64.5370013236771,8.0,0.0
noise_taxonomy,2,dense_contact_only,4,24,12,64,mixed,false_positive,0.3,uniform,0.4583333333333333,0.5416666666666666,1.8112304666188532,65.81123046661882,4.0,0.0
noise_taxonomy,2,dense_contact_only,6,24,12,64,mixed,false_positive,0.3,uniform,0.75,0.25,0.9026891965919129,64.90268919659191,6.0,0.0
noise_taxonomy,2,dense_contact_only,8,24,12,64,mixed,false_positive,0.3,uniform,0.875,0.125,0.5743436092846446,64.57434360928464,8.0,0.0
noise_taxonomy,2,critical_cell_entropy,4,24,12,64,mixed,false_positive,0.3,uniform,0.16666666666666666,0.8333333333333334,3.056757696492854,67.05675769649287,4.0,0.0
noise_taxonomy,2,critical_cell_entropy,6,24,12,64,mixed,false_positive,0.3,uniform,0.25,0.75,2.8200159414405124,66.8200159414405,6.0,0.0
noise_taxonomy,2,critical_cell_entropy,8,24,12,64,mixed,false_positive,0.3,uniform,0.25,0.75,2.5622179749671807,66.5622179749672,8.0,0.0
noise_taxonomy,2,contact_equivalence,4,24,12,64,mixed,false_positive,0.3,uniform,0.5416666666666666,0.4583333333333333,1.5252245522937258,65.52522455229372,4.0,0.0
noise_taxonomy,2,contact_equivalence,6,24,12,64,mixed,false_positive,0.3,uniform,0.875,0.125,0.9023203990182256,64.90232039901822,6.0,0.0
noise_taxonomy,2,contact_equivalence,8,24,12,64,mixed,false_positive,0.3,uniform,0.9583333333333334,0.041666666666666664,0.37447823390942897,64.37447823390943,8.0,0.0
noise_taxonomy,2,expected_regret,4,24,12,64,mixed,false_positive,0.3,uniform,0.5416666666666666,0.4583333333333333,1.83819308835973,65.83819308835972,4.0,0.0
noise_taxonomy,2,expected_regret,6,24,12,64,mixed,false_positive,0.3,uniform,0.9166666666666666,0.08333333333333333,0.9167333981802882,64.91673339818027,6.0,0.0
noise_taxonomy,2,expected_regret,8,24,12,64,mixed,false_positive,0.3,uniform,0.9166666666666666,0.08333333333333333,0.4523550017777862,64.4523550017778,8.0,0.0
noise_taxonomy,2,sampled_equivalence,4,24,12,64,mixed,false_positive,0.3,uniform,0.7083333333333334,0.2916666666666667,1.5439081768816507,65.54390817688164,4.0,0.0
noise_taxonomy,2,sampled_equivalence,6,24,12,64,mixed,false_positive,0.3,uniform,0.7916666666666666,0.20833333333333334,0.9349714008863012,64.9349714008863,6.0,0.0
noise_taxonomy,2,sampled_equivalence,8,24,12,64,mixed,false_positive,0.3,uniform,0.875,0.125,0.6334309284114179,64.63343092841143,8.0,0.0
noise_taxonomy,3,dense_contact_only,4,24,12,64,mixed,false_positive,0.3,uniform,0.5833333333333334,0.4166666666666667,1.703155898280361,65.70315589828036,4.0,0.0
noise_taxonomy,3,dense_contact_only,6,24,12,64,mixed,false_positive,0.3,uniform,0.875,0.125,0.8237807650848605,64.82378076508486,6.0,0.0
noise_taxonomy,3,dense_contact_only,8,24,12,64,mixed,false_positive,0.3,uniform,0.875,0.125,0.4295853790878308,64.42958537908784,8.0,0.0
noise_taxonomy,3,critical_cell_entropy,4,24,12,64,mixed,false_positive,0.3,uniform,0.25,0.75,3.0469036888997683,67.04690368889977,4.0,0.0
noise_taxonomy,3,critical_cell_entropy,6,24,12,64,mixed,false_positive,0.3,uniform,0.25,0.75,2.8255914068550356,66.82559140685504,6.0,0.0
noise_taxonomy,3,critical_cell_entropy,8,24,12,64,mixed,false_positive,0.3,uniform,0.3333333333333333,0.6666666666666666,2.563738671855863,66.56373867185587,8.0,0.0
noise_taxonomy,3,contact_equivalence,4,24,12,64,mixed,false_positive,0.3,uniform,0.5,0.5,1.6285998123245269,65.62859981232452,4.0,0.0
noise_taxonomy,3,contact_equivalence,6,24,12,64,mixed,false_positive,0.3,uniform,0.6666666666666666,0.3333333333333333,0.7788920316131448,64.77889203161313,6.0,0.0
noise_taxonomy,3,contact_equivalence,8,24,12,64,mixed,false_positive,0.3,uniform,0.7916666666666666,0.20833333333333334,0.5127647244897618,64.51276472448977,8.0,0.0
noise_taxonomy,3,expected_regret,4,24,12,64,mixed,false_positive,0.3,uniform,0.625,0.375,1.8018912050713498,65.80189120507133,4.0,0.0
noise_taxonomy,3,expected_regret,6,24,12,64,mixed,false_positive,0.3,uniform,0.75,0.25,1.0181057729112821,65.01810577291128,6.0,0.0
noise_taxonomy,3,expected_regret,8,24,12,64,mixed,false_positive,0.3,uniform,0.8333333333333334,0.16666666666666666,0.6890095688781458,64.68900956887813,8.0,0.0
noise_taxonomy,3,sampled_equivalence,4,24,12,64,mixed,false_positive,0.3,uniform,0.6666666666666666,0.3333333333333333,1.5383458500254552,65.53834585002544,4.0,0.0
noise_taxonomy,3,sampled_equivalence,6,24,12,64,mixed,false_positive,0.3,uniform,0.7916666666666666,0.20833333333333334,0.827309671364885,64.82730967136489,6.0,0.0
noise_taxonomy,3,sampled_equivalence,8,24,12,64,mixed,false_positive,0.3,uniform,0.875,0.125,0.43939335962098197,64.43939335962098,8.0,0.0
noise_taxonomy,4,dense_contact_only,4,24,12,64,mixed,false_positive,0.3,uniform,0.75,0.25,1.50078359146495,65.50078359146495,4.0,0.0
noise_taxonomy,4,dense_contact_only,6,24,12,64,mixed,false_positive,0.3,uniform,0.875,0.125,0.6884189695656219,64.68841896956563,6.0,0.0
noise_taxonomy,4,dense_contact_only,8,24,12,64,mixed,false_positive,0.3,uniform,0.875,0.125,0.43523275150090496,64.4352327515009,8.0,0.0
noise_taxonomy,4,critical_cell_entropy,4,24,12,64,mixed,false_positive,0.3,uniform,0.25,0.75,3.0667580976102182,67.06675809761022,4.0,0.0
noise_taxonomy,4,critical_cell_entropy,6,24,12,64,mixed,false_positive,0.3,uniform,0.20833333333333334,0.7916666666666666,2.8447890606459008,66.8447890606459,6.0,0.0
noise_taxonomy,4,critical_cell_entropy,8,24,12,64,mixed,false_positive,0.3,uniform,0.2916666666666667,0.7083333333333334,2.5781633049095958,66.57816330490961,8.0,0.0
noise_taxonomy,4,contact_equivalence,4,24,12,64,mixed,false_positive,0.3,uniform,0.5833333333333334,0.4166666666666667,1.6198089628996775,65.61980896289967,4.0,0.0
noise_taxonomy,4,contact_equivalence,6,24,12,64,mixed,false_positive,0.3,uniform,0.7083333333333334,0.2916666666666667,1.030232999034475,65.03023299903447,6.0,0.0
noise_taxonomy,4,contact_equivalence,8,24,12,64,mixed,false_positive,0.3,uniform,0.9166666666666666,0.08333333333333333,0.5912654606953459,64.59126546069537,8.0,0.0
noise_taxonomy,4,expected_regret,4,24,12,64,mixed,false_positive,0.3,uniform,0.5416666666666666,0.4583333333333333,1.5990083630835947,65.5990083630836,4.0,0.0
noise_taxonomy,4,expected_regret,6,24,12,64,mixed,false_positive,0.3,uniform,0.7083333333333334,0.2916666666666667,0.8708371625605867,64.87083716256059,6.0,0.0
noise_taxonomy,4,expected_regret,8,24,12,64,mixed,false_positive,0.3,uniform,0.7916666666666666,0.20833333333333334,0.5583912541978326,64.55839125419782,8.0,0.0
noise_taxonomy,4,sampled_equivalence,4,24,12,64,mixed,false_positive,0.3,uniform,0.625,0.375,1.879382582884684,65.87938258288469,4.0,0.0
noise_taxonomy,4,sampled_equivalence,6,24,12,64,mixed,false_positive,0.3,uniform,0.7083333333333334,0.2916666666666667,0.9531147223384818,64.95311472233848,6.0,0.0
noise_taxonomy,4,sampled_equivalence,8,24,12,64,mixed,false_positive,0.3,uniform,0.7916666666666666,0.20833333333333334,0.4233181324078638,64.42331813240786,8.0,0.0
noise_taxonomy,5,dense_contact_only,4,24,12,64,mixed,false_positive,0.3,uniform,0.4166666666666667,0.5833333333333334,1.7481901639211908,65.7481901639212,4.0,0.0
noise_taxonomy,5,dense_contact_only,6,24,12,64,mixed,false_positive,0.3,uniform,0.7083333333333334,0.2916666666666667,1.0027153157514983,65.00271531575147,6.0,0.0
noise_taxonomy,5,dense_contact_only,8,24,12,64,mixed,false_positive,0.3,uniform,0.8333333333333334,0.16666666666666666,0.5369326184070151,64.53693261840701,8.0,0.0
noise_taxonomy,5,critical_cell_entropy,4,24,12,64,mixed,false_positive,0.3,uniform,0.16666666666666666,0.8333333333333334,3.0717582981689002,67.07175829816892,4.0,0.0
noise_taxonomy,5,critical_cell_entropy,6,24,12,64,mixed,false_positive,0.3,uniform,0.20833333333333334,0.7916666666666666,2.853218040725508,66.85321804072554,6.0,0.0
noise_taxonomy,5,critical_cell_entropy,8,24,12,64,mixed,false_positive,0.3,uniform,0.20833333333333334,0.7916666666666666,2.6042775255437443,66.60427752554376,8.0,0.0
noise_taxonomy,5,contact_equivalence,4,24,12,64,mixed,false_positive,0.3,uniform,0.4166666666666667,0.5833333333333334,1.800357839557324,65.80035783955731,4.0,0.0
noise_taxonomy,5,contact_equivalence,6,24,12,64,mixed,false_positive,0.3,uniform,0.8333333333333334,0.16666666666666666,0.952806203208699,64.95280620320868,6.0,0.0
noise_taxonomy,5,contact_equivalence,8,24,12,64,mixed,false_positive,0.3,uniform,0.8333333333333334,0.16666666666666666,0.4995207655478073,64.49952076554781,8.0,0.0
noise_taxonomy,5,expected_regret,4,24,12,64,mixed,false_positive,0.3,uniform,0.5833333333333334,0.4166666666666667,1.8389449024948217,65.8389449024948,4.0,0.0
noise_taxonomy,5,expected_regret,6,24,12,64,mixed,false_positive,0.3,uniform,0.7916666666666666,0.20833333333333334,1.059936632794238,65.05993663279425,6.0,0.0
noise_taxonomy,5,expected_regret,8,24,12,64,mixed,false_positive,0.3,uniform,0.9583333333333334,0.041666666666666664,0.646889395883984,64.64688939588399,8.0,0.0
noise_taxonomy,5,sampled_equivalence,4,24,12,64,mixed,false_positive,0.3,uniform,0.6666666666666666,0.3333333333333333,1.6431437967651332,65.64314379676514,4.0,0.0
noise_taxonomy,5,sampled_equivalence,6,24,12,64,mixed,false_positive,0.3,uniform,0.75,0.25,0.7793319809052645,64.77933198090527,6.0,0.0
noise_taxonomy,5,sampled_equivalence,8,24,12,64,mixed,false_positive,0.3,uniform,0.9166666666666666,0.08333333333333333,0.38541199043655266,64.38541199043654,8.0,0.0
noise_taxonomy,6,dense_contact_only,4,24,12,64,mixed,false_positive,0.3,uniform,0.6666666666666666,0.3333333333333333,1.6467328529627494,65.64673285296273,4.0,0.0
noise_taxonomy,6,dense_contact_only,6,24,12,64,mixed,false_positive,0.3,uniform,0.875,0.125,0.6811640454360797,64.68116404543606,6.0,0.0
noise_taxonomy,6,dense_contact_only,8,24,12,64,mixed,false_positive,0.3,uniform,0.9583333333333334,0.041666666666666664,0.34792401435120396,64.34792401435121,8.0,0.0
noise_taxonomy,6,critical_cell_entropy,4,24,12,64,mixed,false_positive,0.3,uniform,0.20833333333333334,0.7916666666666666,3.0469036888997683,67.04690368889977,4.0,0.0
noise_taxonomy,6,critical_cell_entropy,6,24,12,64,mixed,false_positive,0.3,uniform,0.375,0.625,2.766102751869026,66.76610275186904,6.0,0.0
noise_taxonomy,6,critical_cell_entropy,8,24,12,64,mixed,false_positive,0.3,uniform,0.3333333333333333,0.6666666666666666,2.5028522315678976,66.5028522315679,8.0,0.0
noise_taxonomy,6,contact_equivalence,4,24,12,64,mixed,false_positive,0.3,uniform,0.5833333333333334,0.4166666666666667,1.57087930409236,65.57087930409234,4.0,0.0
noise_taxonomy,6,contact_equivalence,6,24,12,64,mixed,false_positive,0.3,uniform,0.875,0.125,0.8285539626959014,64.82855396269589,6.0,0.0
noise_taxonomy,6,contact_equivalence,8,24,12,64,mixed,false_positive,0.3,uniform,0.9583333333333334,0.041666666666666664,0.33981912303446055,64.33981912303447,8.0,0.0
noise_taxonomy,6,expected_regret,4,24,12,64,mixed,false_positive,0.3,uniform,0.4583333333333333,0.5416666666666666,1.9367828544751065,65.93678285447511,4.0,0.0
noise_taxonomy,6,expected_regret,6,24,12,64,mixed,false_positive,0.3,uniform,0.8333333333333334,0.16666666666666666,0.9065744591366204,64.90657445913662,6.0,0.0
noise_taxonomy,6,expected_regret,8,24,12,64,mixed,false_positive,0.3,uniform,0.9166666666666666,0.08333333333333333,0.41891810805636354,64.41891810805637,8.0,0.0
noise_taxonomy,6,sampled_equivalence,4,24,12,64,mixed,false_positive,0.3,uniform,0.5833333333333334,0.4166666666666667,1.8303402456291515,65.83034024562915,4.0,0.0
noise_taxonomy,6,sampled_equivalence,6,24,12,64,mixed,false_positive,0.3,uniform,0.75,0.25,1.120973662070657,65.12097366207067,6.0,0.0
noise_taxonomy,6,sampled_equivalence,8,24,12,64,mixed,false_positive,0.3,uniform,0.7916666666666666,0.20833333333333334,0.8918240747869364,64.89182407478692,8.0,0.0
noise_taxonomy,7,dense_contact_only,4,24,12,64,mixed,false_positive,0.3,uniform,0.6666666666666666,0.3333333333333333,1.572221003477022,65.57222100347701,4.0,0.0
noise_taxonomy,7,dense_contact_only,6,24,12,64,mixed,false_positive,0.3,uniform,0.9583333333333334,0.041666666666666664,0.6080993770807204,64.60809937708072,6.0,0.0
noise_taxonomy,7,dense_contact_only,8,24,12,64,mixed,false_positive,0.3,uniform,0.9583333333333334,0.041666666666666664,0.18730165603954643,64.18730165603954,8.0,0.0
noise_taxonomy,7,critical_cell_entropy,4,24,12,64,mixed,false_positive,0.3,uniform,0.2916666666666667,0.7083333333333334,3.054679621852699,67.05467962185271,4.0,0.0
noise_taxonomy,7,critical_cell_entropy,6,24,12,64,mixed,false_positive,0.3,uniform,0.3333333333333333,0.6666666666666666,2.767548683173412,66.76754868317342,6.0,0.0
noise_taxonomy,7,critical_cell_entropy,8,24,12,64,mixed,false_positive,0.3,uniform,0.2916666666666667,0.7083333333333334,2.5364461579912505,66.53644615799125,8.0,0.0
noise_taxonomy,7,contact_equivalence,4,24,12,64,mixed,false_positive,0.3,uniform,0.625,0.375,1.4183718627389947,65.418371862739,4.0,0.0
noise_taxonomy,7,contact_equivalence,6,24,12,64,mixed,false_positive,0.3,uniform,0.9166666666666666,0.08333333333333333,0.7013835324781944,64.70138353247818,6.0,0.0
noise_taxonomy,7,contact_equivalence,8,24,12,64,mixed,false_positive,0.3,uniform,0.9166666666666666,0.08333333333333333,0.32250014049376224,64.32250014049377,8.0,0.0
noise_taxonomy,7,expected_regret,4,24,12,64,mixed,false_positive,0.3,uniform,0.375,0.625,2.018672867990534,66.01867286799053,4.0,0.0
noise_taxonomy,7,expected_regret,6,24,12,64,mixed,false_positive,0.3,uniform,0.75,0.25,1.1897840892760623,65.18978408927607,6.0,0.0
noise_taxonomy,7,expected_regret,8,24,12,64,mixed,false_positive,0.3,uniform,0.9583333333333334,0.041666666666666664,0.5791111609244936,64.5791111609245,8.0,0.0
noise_taxonomy,7,sampled_equivalence,4,24,12,64,mixed,false_positive,0.3,uniform,0.5833333333333334,0.4166666666666667,1.581062181924435,65.58106218192442,4.0,0.0
noise_taxonomy,7,sampled_equivalence,6,24,12,64,mixed,false_positive,0.3,uniform,0.8333333333333334,0.16666666666666666,0.8854764719684759,64.88547647196847,6.0,0.0
noise_taxonomy,7,sampled_equivalence,8,24,12,64,mixed,false_positive,0.3,uniform,0.875,0.125,0.5008437623201257,64.50084376232013,8.0,0.0
noise_taxonomy,8,dense_contact_only,4,24,12,64,mixed,false_positive,0.3,uniform,0.5833333333333334,0.4166666666666667,1.384047115029776,65.38404711502976,4.0,0.0
noise_taxonomy,8,dense_contact_only,6,24,12,64,mixed,false_positive,0.3,uniform,0.7916666666666666,0.20833333333333334,0.7728018339683853,64.77280183396837,6.0,0.0
noise_taxonomy,8,dense_contact_only,8,24,12,64,mixed,false_positive,0.3,uniform,0.8333333333333334,0.16666666666666666,0.4246147778567138,64.42461477785672,8.0,0.0
noise_taxonomy,8,critical_cell_entropy,4,24,12,64,mixed,false_positive,0.3,uniform,0.20833333333333334,0.7916666666666666,3.078917219440939,67.07891721944094,4.0,0.0
noise_taxonomy,8,critical_cell_entropy,6,24,12,64,mixed,false_positive,0.3,uniform,0.20833333333333334,0.7916666666666666,2.7929414591762867,66.79294145917629,6.0,0.0
noise_taxonomy,8,critical_cell_entropy,8,24,12,64,mixed,false_positive,0.3,uniform,0.08333333333333333,0.9166666666666666,2.559927927523977,66.55992792752399,8.0,0.0
noise_taxonomy,8,contact_equivalence,4,24,12,64,mixed,false_positive,0.3,uniform,0.75,0.25,1.6702645581321252,65.6702645581321,4.0,0.0
noise_taxonomy,8,contact_equivalence,6,24,12,64,mixed,false_positive,0.3,uniform,0.8333333333333334,0.16666666666666666,0.5881976116421831,64.58819761164217,6.0,0.0
noise_taxonomy,8,contact_equivalence,8,24,12,64,mixed,false_positive,0.3,uniform,0.9583333333333334,0.041666666666666664,0.27604392470202516,64.27604392470202,8.0,0.0
noise_taxonomy,8,expected_regret,4,24,12,64,mixed,false_positive,0.3,uniform,0.5833333333333334,0.4166666666666667,1.7753935276000246,65.7753935276,4.0,0.0
noise_taxonomy,8,expected_regret,6,24,12,64,mixed,false_positive,0.3,uniform,0.9166666666666666,0.08333333333333333,0.879548993606951,64.87954899360695,6.0,0.0
noise_taxonomy,8,expected_regret,8,24,12,64,mixed,false_positive,0.3,uniform,0.9583333333333334,0.041666666666666664,0.41326582855342536,64.41326582855342,8.0,0.0
noise_taxonomy,8,sampled_equivalence,4,24,12,64,mixed,false_positive,0.3,uniform,0.6666666666666666,0.3333333333333333,1.633767599209414,65.6337675992094,4.0,0.0
noise_taxonomy,8,sampled_equivalence,6,24,12,64,mixed,false_positive,0.3,uniform,0.75,0.25,0.9397676432070252,64.939767643207,6.0,0.0
noise_taxonomy,8,sampled_equivalence,8,24,12,64,mixed,false_positive,0.3,uniform,0.8333333333333334,0.16666666666666666,0.4641245664382972,64.46412456643829,8.0,0.0
noise_taxonomy,9,dense_contact_only,4,24,12,64,mixed,false_positive,0.3,uniform,0.4583333333333333,0.5416666666666666,1.637839373757423,65.63783937375743,4.0,0.0
noise_taxonomy,9,dense_contact_only,6,24,12,64,mixed,false_positive,0.3,uniform,0.8333333333333334,0.16666666666666666,0.8942304319220771,64.89423043192208,6.0,0.0
noise_taxonomy,9,dense_contact_only,8,24,12,64,mixed,false_positive,0.3,uniform,0.875,0.125,0.4089517883344813,64.40895178833449,8.0,0.0
noise_taxonomy,9,critical_cell_entropy,4,24,12,64,mixed,false_positive,0.3,uniform,0.125,0.875,3.068567989446528,67.06856798944655,4.0,0.0
noise_taxonomy,9,critical_cell_entropy,6,24,12,64,mixed,false_positive,0.3,uniform,0.20833333333333334,0.7916666666666666,2.833349428292422,66.83334942829242,6.0,0.0
noise_taxonomy,9,critical_cell_entropy,8,24,12,64,mixed,false_positive,0.3,uniform,0.16666666666666666,0.8333333333333334,2.5735250633477906,66.57352506334779,8.0,0.0
noise_taxonomy,9,contact_equivalence,4,24,12,64,mixed,false_positive,0.3,uniform,0.9583333333333334,0.041666666666666664,1.4851254624700474,65.48512546247004,4.0,0.0
noise_taxonomy,9,contact_equivalence,6,24,12,64,mixed,false_positive,0.3,uniform,0.9583333333333334,0.041666666666666664,0.523666657184663,64.52366665718466,6.0,0.0
noise_taxonomy,9,contact_equivalence,8,24,12,64,mixed,false_positive,0.3,uniform,0.9583333333333334,0.041666666666666664,0.2278824947224669,64.22788249472246,8.0,0.0
noise_taxonomy,9,expected_regret,4,24,12,64,mixed,false_positive,0.3,uniform,0.625,0.375,1.7238994808233434,65.72389948082333,4.0,0.0
noise_taxonomy,9,expected_regret,6,24,12,64,mixed,false_positive,0.3,uniform,0.75,0.25,0.7261296217892386,64.72612962178924,6.0,0.0
noise_taxonomy,9,expected_regret,8,24,12,64,mixed,false_positive,0.3,uniform,0.875,0.125,0.4458175625964454,64.44581756259643,8.0,0.0
noise_taxonomy,9,sampled_equivalence,4,24,12,64,mixed,false_positive,0.3,uniform,0.4583333333333333,0.5416666666666666,1.8062046459456995,65.8062046459457,4.0,0.0
noise_taxonomy,9,sampled_equivalence,6,24,12,64,mixed,false_positive,0.3,uniform,0.7916666666666666,0.20833333333333334,0.9666178170636298,64.96661781706362,6.0,0.0
noise_taxonomy,9,sampled_equivalence,8,24,12,64,mixed,false_positive,0.3,uniform,0.9583333333333334,0.041666666666666664,0.6104761409718962,64.6104761409719,8.0,0.0
noise_taxonomy,0,dense_contact_only,4,24,12,64,mixed,false_negative,0.0,uniform,1.0,0.0,0.0,64.0,4.0,0.0
noise_taxonomy,0,dense_contact_only,6,24,12,64,mixed,false_negative,0.0,uniform,1.0,0.0,0.0,64.0,6.0,0.0
noise_taxonomy,0,dense_contact_only,8,24,12,64,mixed,false_negative,0.0,uniform,1.0,0.0,0.0,64.0,8.0,0.0
noise_taxonomy,0,critical_cell_entropy,4,24,12,64,mixed,false_negative,0.0,uniform,0.4583333333333333,0.5416666666666666,2.125,66.125,4.0,0.0
noise_taxonomy,0,critical_cell_entropy,6,24,12,64,mixed,false_negative,0.0,uniform,0.6666666666666666,0.3333333333333333,0.861654166907052,64.86165416690704,6.0,0.0
noise_taxonomy,0,critical_cell_entropy,8,24,12,64,mixed,false_negative,0.0,uniform,0.7916666666666666,0.20833333333333334,0.4166666666666667,64.41666666666667,8.0,0.0
noise_taxonomy,0,contact_equivalence,4,24,12,64,mixed,false_negative,0.0,uniform,1.0,0.0,0.0,64.0,4.0,0.0
noise_taxonomy,0,contact_equivalence,6,24,12,64,mixed,false_negative,0.0,uniform,1.0,0.0,0.0,64.0,6.0,0.0
noise_taxonomy,0,contact_equivalence,8,24,12,64,mixed,false_negative,0.0,uniform,1.0,0.0,0.0,64.0,8.0,0.0
noise_taxonomy,0,expected_regret,4,24,12,64,mixed,false_negative,0.0,uniform,0.8333333333333334,0.16666666666666666,0.4166666666666667,64.41666666666667,4.0,0.0
noise_taxonomy,0,expected_regret,6,24,12,64,mixed,false_negative,0.0,uniform,1.0,0.0,0.0,64.0,6.0,0.0
noise_taxonomy,0,expected_regret,8,24,12,64,mixed,false_negative,0.0,uniform,1.0,0.0,0.0,64.0,8.0,0.0
noise_taxonomy,0,sampled_equivalence,4,24,12,64,mixed,false_negative,0.0,uniform,0.9583333333333334,0.041666666666666664,0.08333333333333333,64.08333333333333,4.0,0.0
noise_taxonomy,0,sampled_equivalence,6,24,12,64,mixed,false_negative,0.0,uniform,1.0,0.0,0.0,64.0,6.0,0.0
noise_taxonomy,0,sampled_equivalence,8,24,12,64,mixed,false_negative,0.0,uniform,1.0,0.0,0.0,64.0,8.0,0.0
noise_taxonomy,1,dense_contact_only,4,24,12,64,mixed,false_negative,0.0,uniform,1.0,0.0,0.0,64.0,4.0,0.0
noise_taxonomy,1,dense_contact_only,6,24,12,64,mixed,false_negative,0.0,uniform,1.0,0.0,0.0,64.0,6.0,0.0
noise_taxonomy,1,dense_contact_only,8,24,12,64,mixed,false_negative,0.0,uniform,1.0,0.0,0.0,64.0,8.0,0.0
noise_taxonomy,1,critical_cell_entropy,4,24,12,64,mixed,false_negative,0.0,uniform,0.4583333333333333,0.5416666666666666,1.75,65.75,4.0,0.0
noise_taxonomy,1,critical_cell_entropy,6,24,12,64,mixed,false_negative,0.0,uniform,0.75,0.25,1.077067708633815,65.0770677086338,6.0,0.0
noise_taxonomy,1,critical_cell_entropy,8,24,12,64,mixed,false_negative,0.0,uniform,0.7916666666666666,0.20833333333333334,0.5833333333333334,64.58333333333333,8.0,0.0
noise_taxonomy,1,contact_equivalence,4,24,12,64,mixed,false_negative,0.0,uniform,1.0,0.0,0.0,64.0,4.0,0.0
noise_taxonomy,1,contact_equivalence,6,24,12,64,mixed,false_negative,0.0,uniform,1.0,0.0,0.0,64.0,6.0,0.0
noise_taxonomy,1,contact_equivalence,8,24,12,64,mixed,false_negative,0.0,uniform,1.0,0.0,0.0,64.0,8.0,0.0
noise_taxonomy,1,expected_regret,4,24,12,64,mixed,false_negative,0.0,uniform,0.875,0.125,0.3333333333333333,64.33333333333333,4.0,0.0
noise_taxonomy,1,expected_regret,6,24,12,64,mixed,false_negative,0.0,uniform,1.0,0.0,0.0,64.0,6.0,0.0
noise_taxonomy,1,expected_regret,8,24,12,64,mixed,false_negative,0.0,uniform,1.0,0.0,0.0,64.0,8.0,0.0
noise_taxonomy,1,sampled_equivalence,4,24,12,64,mixed,false_negative,0.0,uniform,1.0,0.0,0.041666666666666664,64.04166666666667,4.0,0.0
noise_taxonomy,1,sampled_equivalence,6,24,12,64,mixed,false_negative,0.0,uniform,1.0,0.0,0.0,64.0,6.0,0.0
noise_taxonomy,1,sampled_equivalence,8,24,12,64,mixed,false_negative,0.0,uniform,1.0,0.0,0.0,64.0,8.0,0.0
noise_taxonomy,2,dense_contact_only,4,24,12,64,mixed,false_negative,0.0,uniform,1.0,0.0,0.0,64.0,4.0,0.0
noise_taxonomy,2,dense_contact_only,6,24,12,64,mixed,false_negative,0.0,uniform,1.0,0.0,0.0,64.0,6.0,0.0
noise_taxonomy,2,dense_contact_only,8,24,12,64,mixed,false_negative,0.0,uniform,1.0,0.0,0.0,64.0,8.0,0.0
noise_taxonomy,2,critical_cell_entropy,4,24,12,64,mixed,false_negative,0.0,uniform,0.2916666666666667,0.7083333333333334,2.25,66.25,4.0,0.0
noise_taxonomy,2,critical_cell_entropy,6,24,12,64,mixed,false_negative,0.0,uniform,0.4583333333333333,0.5416666666666666,1.5078947920873407,65.50789479208733,6.0,0.0
noise_taxonomy,2,critical_cell_entropy,8,24,12,64,mixed,false_negative,0.0,uniform,0.75,0.25,0.75,64.75,8.0,0.0
noise_taxonomy,2,contact_equivalence,4,24,12,64,mixed,false_negative,0.0,uniform,1.0,0.0,0.0,64.0,4.0,0.0
noise_taxonomy,2,contact_equivalence,6,24,12,64,mixed,false_negative,0.0,uniform,1.0,0.0,0.0,64.0,6.0,0.0
noise_taxonomy,2,contact_equivalence,8,24,12,64,mixed,false_negative,0.0,uniform,1.0,0.0,0.0,64.0,8.0,0.0
noise_taxonomy,2,expected_regret,4,24,12,64,mixed,false_negative,0.0,uniform,0.9583333333333334,0.041666666666666664,0.16666666666666666,64.16666666666667,4.0,0.0
noise_taxonomy,2,expected_regret,6,24,12,64,mixed,false_negative,0.0,uniform,1.0,0.0,0.0,64.0,6.0,0.0
noise_taxonomy,2,expected_regret,8,24,12,64,mixed,false_negative,0.0,uniform,1.0,0.0,0.0,64.0,8.0,0.0
noise_taxonomy,2,sampled_equivalence,4,24,12,64,mixed,false_negative,0.0,uniform,1.0,0.0,0.0,64.0,4.0,0.0
noise_taxonomy,2,sampled_equivalence,6,24,12,64,mixed,false_negative,0.0,uniform,1.0,0.0,0.0,64.0,6.0,0.0
noise_taxonomy,2,sampled_equivalence,8,24,12,64,mixed,false_negative,0.0,uniform,1.0,0.0,0.0,64.0,8.0,0.0
noise_taxonomy,3,dense_contact_only,4,24,12,64,mixed,false_negative,0.0,uniform,1.0,0.0,0.0,64.0,4.0,0.0
noise_taxonomy,3,dense_contact_only,6,24,12,64,mixed,false_negative,0.0,uniform,1.0,0.0,0.0,64.0,6.0,0.0
noise_taxonomy,3,dense_contact_only,8,24,12,64,mixed,false_negative,0.0,uniform,1.0,0.0,0.0,64.0,8.0,0.0
noise_taxonomy,3,critical_cell_entropy,4,24,12,64,mixed,false_negative,0.0,uniform,0.4583333333333333,0.5416666666666666,1.625,65.625,4.0,0.0
noise_taxonomy,3,critical_cell_entropy,6,24,12,64,mixed,false_negative,0.0,uniform,0.6666666666666666,0.3333333333333333,0.9693609377704334,64.96936093777043,6.0,0.0
noise_taxonomy,3,critical_cell_entropy,8,24,12,64,mixed,false_negative,0.0,uniform,0.875,0.125,0.4166666666666667,64.41666666666667,8.0,0.0
noise_taxonomy,3,contact_equivalence,4,24,12,64,mixed,false_negative,0.0,uniform,1.0,0.0,0.0,64.0,4.0,0.0
noise_taxonomy,3,contact_equivalence,6,24,12,64,mixed,false_negative,0.0,uniform,1.0,0.0,0.0,64.0,6.0,0.0
noise_taxonomy,3,contact_equivalence,8,24,12,64,mixed,false_negative,0.0,uniform,1.0,0.0,0.0,64.0,8.0,0.0
noise_taxonomy,3,expected_regret,4,24,12,64,mixed,false_negative,0.0,uniform,0.875,0.125,0.20833333333333334,64.20833333333333,4.0,0.0
noise_taxonomy,3,expected_regret,6,24,12,64,mixed,false_negative,0.0,uniform,1.0,0.0,0.0,64.0,6.0,0.0
noise_taxonomy,3,expected_regret,8,24,12,64,mixed,false_negative,0.0,uniform,1.0,0.0,0.0,64.0,8.0,0.0
noise_taxonomy,3,sampled_equivalence,4,24,12,64,mixed,false_negative,0.0,uniform,0.9583333333333334,0.041666666666666664,0.08333333333333333,64.08333333333333,4.0,0.0
noise_taxonomy,3,sampled_equivalence,6,24,12,64,mixed,false_negative,0.0,uniform,1.0,0.0,0.0,64.0,6.0,0.0
noise_taxonomy,3,sampled_equivalence,8,24,12,64,mixed,false_negative,0.0,uniform,1.0,0.0,0.0,64.0,8.0,0.0
noise_taxonomy,4,dense_contact_only,4,24,12,64,mixed,false_negative,0.0,uniform,1.0,0.0,0.0,64.0,4.0,0.0
noise_taxonomy,4,dense_contact_only,6,24,12,64,mixed,false_negative,0.0,uniform,1.0,0.0,0.0,64.0,6.0,0.0
noise_taxonomy,4,dense_contact_only,8,24,12,64,mixed,false_negative,0.0,uniform,1.0,0.0,0.0,64.0,8.0,0.0
noise_taxonomy,4,critical_cell_entropy,4,24,12,64,mixed,false_negative,0.0,uniform,0.5,0.5,1.75,65.75,4.0,0.0
noise_taxonomy,4,critical_cell_entropy,6,24,12,64,mixed,false_negative,0.0,uniform,0.75,0.25,0.9693609377704334,64.96936093777043,6.0,0.0
noise_taxonomy,4,critical_cell_entropy,8,24,12,64,mixed,false_negative,0.0,uniform,0.8333333333333334,0.16666666666666666,0.5,64.5,8.0,0.0
noise_taxonomy,4,contact_equivalence,4,24,12,64,mixed,false_negative,0.0,uniform,1.0,0.0,0.0,64.0,4.0,0.0
noise_taxonomy,4,contact_equivalence,6,24,12,64,mixed,false_negative,0.0,uniform,1.0,0.0,0.0,64.0,6.0,0.0
noise_taxonomy,4,contact_equivalence,8,24,12,64,mixed,false_negative,0.0,uniform,1.0,0.0,0.0,64.0,8.0,0.0
noise_taxonomy,4,expected_regret,4,24,12,64,mixed,false_negative,0.0,uniform,0.875,0.125,0.2916666666666667,64.29166666666667,4.0,0.0
noise_taxonomy,4,expected_regret,6,24,12,64,mixed,false_negative,0.0,uniform,1.0,0.0,0.0,64.0,6.0,0.0
noise_taxonomy,4,expected_regret,8,24,12,64,mixed,false_negative,0.0,uniform,1.0,0.0,0.0,64.0,8.0,0.0
noise_taxonomy,4,sampled_equivalence,4,24,12,64,mixed,false_negative,0.0,uniform,1.0,0.0,0.0,64.0,4.0,0.0
noise_taxonomy,4,sampled_equivalence,6,24,12,64,mixed,false_negative,0.0,uniform,1.0,0.0,0.0,64.0,6.0,0.0
noise_taxonomy,4,sampled_equivalence,8,24,12,64,mixed,false_negative,0.0,uniform,1.0,0.0,0.0,64.0,8.0,0.0
noise_taxonomy,5,dense_contact_only,4,24,12,64,mixed,false_negative,0.0,uniform,1.0,0.0,0.0,64.0,4.0,0.0
noise_taxonomy,5,dense_contact_only,6,24,12,64,mixed,false_negative,0.0,uniform,1.0,0.0,0.0,64.0,6.0,0.0
noise_taxonomy,5,dense_contact_only,8,24,12,64,mixed,false_negative,0.0,uniform,1.0,0.0,0.0,64.0,8.0,0.0
noise_taxonomy,5,critical_cell_entropy,4,24,12,64,mixed,false_negative,0.0,uniform,0.3333333333333333,0.6666666666666666,2.125,66.125,4.0,0.0
noise_taxonomy,5,critical_cell_entropy,6,24,12,64,mixed,false_negative,0.0,uniform,0.625,0.375,1.1847744794971964,65.18477447949721,6.0,0.0
noise_taxonomy,5,critical_cell_entropy,8,24,12,64,mixed,false_negative,0.0,uniform,0.8333333333333334,0.16666666666666666,0.75,64.75,8.0,0.0
noise_taxonomy,5,contact_equivalence,4,24,12,64,mixed,false_negative,0.0,uniform,1.0,0.0,0.0,64.0,4.0,0.0
noise_taxonomy,5,contact_equivalence,6,24,12,64,mixed,false_negative,0.0,uniform,1.0,0.0,0.0,64.0,6.0,0.0
noise_taxonomy,5,contact_equivalence,8,24,12,64,mixed,false_negative,0.0,uniform,1.0,0.0,0.0,64.0,8.0,0.0
noise_taxonomy,5,expected_regret,4,24,12,64,mixed,false_negative,0.0,uniform,0.875,0.125,0.16666666666666666,64.16666666666667,4.0,0.0
noise_taxonomy,5,expected_regret,6,24,12,64,mixed,false_negative,0.0,uniform,1.0,0.0,0.0,64.0,6.0,0.0
noise_taxonomy,5,expected_regret,8,24,12,64,mixed,false_negative,0.0,uniform,1.0,0.0,0.0,64.0,8.0,0.0
noise_taxonomy,5,sampled_equivalence,4,24,12,64,mixed,false_negative,0.0,uniform,0.9583333333333334,0.041666666666666664,0.041666666666666664,64.04166666666667,4.0,0.0
noise_taxonomy,5,sampled_equivalence,6,24,12,64,mixed,false_negative,0.0,uniform,1.0,0.0,0.0,64.0,6.0,0.0
noise_taxonomy,5,sampled_equivalence,8,24,12,64,mixed,false_negative,0.0,uniform,1.0,0.0,0.0,64.0,8.0,0.0
noise_taxonomy,6,dense_contact_only,4,24,12,64,mixed,false_negative,0.0,uniform,1.0,0.0,0.0,64.0,4.0,0.0
noise_taxonomy,6,dense_contact_only,6,24,12,64,mixed,false_negative,0.0,uniform,1.0,0.0,0.0,64.0,6.0,0.0
noise_taxonomy,6,dense_contact_only,8,24,12,64,mixed,false_negative,0.0,uniform,1.0,0.0,0.0,64.0,8.0,0.0
noise_taxonomy,6,critical_cell_entropy,4,24,12,64,mixed,false_negative,0.0,uniform,0.5416666666666666,0.4583333333333333,1.625,65.625,4.0,0.0
noise_taxonomy,6,critical_cell_entropy,6,24,12,64,mixed,false_negative,0.0,uniform,0.7083333333333334,0.2916666666666667,0.861654166907052,64.86165416690706,6.0,0.0
noise_taxonomy,6,critical_cell_entropy,8,24,12,64,mixed,false_negative,0.0,uniform,0.875,0.125,0.3333333333333333,64.33333333333333,8.0,0.0
noise_taxonomy,6,contact_equivalence,4,24,12,64,mixed,false_negative,0.0,uniform,1.0,0.0,0.0,64.0,4.0,0.0
noise_taxonomy,6,contact_equivalence,6,24,12,64,mixed,false_negative,0.0,uniform,1.0,0.0,0.0,64.0,6.0,0.0
noise_taxonomy,6,contact_equivalence,8,24,12,64,mixed,false_negative,0.0,uniform,1.0,0.0,0.0,64.0,8.0,0.0
noise_taxonomy,6,expected_regret,4,24,12,64,mixed,false_negative,0.0,uniform,0.8333333333333334,0.16666666666666666,0.375,64.375,4.0,0.0
noise_taxonomy,6,expected_regret,6,24,12,64,mixed,false_negative,0.0,uniform,1.0,0.0,0.0,64.0,6.0,0.0
noise_taxonomy,6,expected_regret,8,24,12,64,mixed,false_negative,0.0,uniform,1.0,0.0,0.0,64.0,8.0,0.0
noise_taxonomy,6,sampled_equivalence,4,24,12,64,mixed,false_negative,0.0,uniform,0.9166666666666666,0.08333333333333333,0.08333333333333333,64.08333333333333,4.0,0.0
noise_taxonomy,6,sampled_equivalence,6,24,12,64,mixed,false_negative,0.0,uniform,1.0,0.0,0.0,64.0,6.0,0.0
noise_taxonomy,6,sampled_equivalence,8,24,12,64,mixed,false_negative,0.0,uniform,1.0,0.0,0.0,64.0,8.0,0.0
noise_taxonomy,7,dense_contact_only,4,24,12,64,mixed,false_negative,0.0,uniform,1.0,0.0,0.0,64.0,4.0,0.0
noise_taxonomy,7,dense_contact_only,6,24,12,64,mixed,false_negative,0.0,uniform,1.0,0.0,0.0,64.0,6.0,0.0
noise_taxonomy,7,dense_contact_only,8,24,12,64,mixed,false_negative,0.0,uniform,1.0,0.0,0.0,64.0,8.0,0.0
noise_taxonomy,7,critical_cell_entropy,4,24,12,64,mixed,false_negative,0.0,uniform,0.16666666666666666,0.8333333333333334,2.5,66.5,4.0,0.0
noise_taxonomy,7,critical_cell_entropy,6,24,12,64,mixed,false_negative,0.0,uniform,0.5416666666666666,0.4583333333333333,1.5078947920873407,65.50789479208734,6.0,0.0
noise_taxonomy,7,critical_cell_entropy,8,24,12,64,mixed,false_negative,0.0,uniform,0.7083333333333334,0.2916666666666667,0.8333333333333334,64.83333333333333,8.0,0.0
noise_taxonomy,7,contact_equivalence,4,24,12,64,mixed,false_negative,0.0,uniform,1.0,0.0,0.0,64.0,4.0,0.0
noise_taxonomy,7,contact_equivalence,6,24,12,64,mixed,false_negative,0.0,uniform,1.0,0.0,0.0,64.0,6.0,0.0
noise_taxonomy,7,contact_equivalence,8,24,12,64,mixed,false_negative,0.0,uniform,1.0,0.0,0.0,64.0,8.0,0.0
noise_taxonomy,7,expected_regret,4,24,12,64,mixed,false_negative,0.0,uniform,0.5833333333333334,0.4166666666666667,0.5,64.5,4.0,0.0
noise_taxonomy,7,expected_regret,6,24,12,64,mixed,false_negative,0.0,uniform,1.0,0.0,0.0,64.0,6.0,0.0
noise_taxonomy,7,expected_regret,8,24,12,64,mixed,false_negative,0.0,uniform,1.0,0.0,0.0,64.0,8.0,0.0
noise_taxonomy,7,sampled_equivalence,4,24,12,64,mixed,false_negative,0.0,uniform,1.0,0.0,0.0,64.0,4.0,0.0
noise_taxonomy,7,sampled_equivalence,6,24,12,64,mixed,false_negative,0.0,uniform,1.0,0.0,0.0,64.0,6.0,0.0
noise_taxonomy,7,sampled_equivalence,8,24,12,64,mixed,false_negative,0.0,uniform,1.0,0.0,0.0,64.0,8.0,0.0
noise_taxonomy,8,dense_contact_only,4,24,12,64,mixed,false_negative,0.0,uniform,1.0,0.0,0.0,64.0,4.0,0.0
noise_taxonomy,8,dense_contact_only,6,24,12,64,mixed,false_negative,0.0,uniform,1.0,0.0,0.0,64.0,6.0,0.0
noise_taxonomy,8,dense_contact_only,8,24,12,64,mixed,false_negative,0.0,uniform,1.0,0.0,0.0,64.0,8.0,0.0
noise_taxonomy,8,critical_cell_entropy,4,24,12,64,mixed,false_negative,0.0,uniform,0.5,0.5,2.0,66.0,4.0,0.0
noise_taxonomy,8,critical_cell_entropy,6,24,12,64,mixed,false_negative,0.0,uniform,0.5833333333333334,0.4166666666666667,1.2924812503605778,65.29248125036058,6.0,0.0
noise_taxonomy,8,critical_cell_entropy,8,24,12,64,mixed,false_negative,0.0,uniform,0.6666666666666666,0.3333333333333333,0.75,64.75,8.0,0.0
noise_taxonomy,8,contact_equivalence,4,24,12,64,mixed,false_negative,0.0,uniform,1.0,0.0,0.0,64.0,4.0,0.0
noise_taxonomy,8,contact_equivalence,6,24,12,64,mixed,false_negative,0.0,uniform,1.0,0.0,0.0,64.0,6.0,0.0
noise_taxonomy,8,contact_equivalence,8,24,12,64,mixed,false_negative,0.0,uniform,1.0,0.0,0.0,64.0,8.0,0.0
noise_taxonomy,8,expected_regret,4,24,12,64,mixed,false_negative,0.0,uniform,0.8333333333333334,0.16666666666666666,0.4166666666666667,64.41666666666667,4.0,0.0
noise_taxonomy,8,expected_regret,6,24,12,64,mixed,false_negative,0.0,uniform,1.0,0.0,0.0,64.0,6.0,0.0
noise_taxonomy,8,expected_regret,8,24,12,64,mixed,false_negative,0.0,uniform,1.0,0.0,0.0,64.0,8.0,0.0
noise_taxonomy,8,sampled_equivalence,4,24,12,64,mixed,false_negative,0.0,uniform,1.0,0.0,0.041666666666666664,64.04166666666667,4.0,0.0
noise_taxonomy,8,sampled_equivalence,6,24,12,64,mixed,false_negative,0.0,uniform,1.0,0.0,0.0,64.0,6.0,0.0
noise_taxonomy,8,sampled_equivalence,8,24,12,64,mixed,false_negative,0.0,uniform,1.0,0.0,0.0,64.0,8.0,0.0
noise_taxonomy,9,dense_contact_only,4,24,12,64,mixed,false_negative,0.0,uniform,1.0,0.0,0.0,64.0,4.0,0.0
noise_taxonomy,9,dense_contact_only,6,24,12,64,mixed,false_negative,0.0,uniform,1.0,0.0,0.0,64.0,6.0,0.0
noise_taxonomy,9,dense_contact_only,8,24,12,64,mixed,false_negative,0.0,uniform,1.0,0.0,0.0,64.0,8.0,0.0
noise_taxonomy,9,critical_cell_entropy,4,24,12,64,mixed,false_negative,0.0,uniform,0.4166666666666667,0.5833333333333334,1.875,65.875,4.0,0.0
noise_taxonomy,9,critical_cell_entropy,6,24,12,64,mixed,false_negative,0.0,uniform,0.5416666666666666,0.4583333333333333,1.4001880212239592,65.40018802122397,6.0,0.0
noise_taxonomy,9,critical_cell_entropy,8,24,12,64,mixed,false_negative,0.0,uniform,0.6666666666666666,0.3333333333333333,0.6666666666666666,64.66666666666667,8.0,0.0
noise_taxonomy,9,contact_equivalence,4,24,12,64,mixed,false_negative,0.0,uniform,1.0,0.0,0.0,64.0,4.0,0.0
noise_taxonomy,9,contact_equivalence,6,24,12,64,mixed,false_negative,0.0,uniform,1.0,0.0,0.0,64.0,6.0,0.0
noise_taxonomy,9,contact_equivalence,8,24,12,64,mixed,false_negative,0.0,uniform,1.0,0.0,0.0,64.0,8.0,0.0
noise_taxonomy,9,expected_regret,4,24,12,64,mixed,false_negative,0.0,uniform,0.9166666666666666,0.08333333333333333,0.25,64.25,4.0,0.0
noise_taxonomy,9,expected_regret,6,24,12,64,mixed,false_negative,0.0,uniform,1.0,0.0,0.0,64.0,6.0,0.0
noise_taxonomy,9,expected_regret,8,24,12,64,mixed,false_negative,0.0,uniform,1.0,0.0,0.0,64.0,8.0,0.0
noise_taxonomy,9,sampled_equivalence,4,24,12,64,mixed,false_negative,0.0,uniform,0.9583333333333334,0.041666666666666664,0.041666666666666664,64.04166666666667,4.0,0.0
noise_taxonomy,9,sampled_equivalence,6,24,12,64,mixed,false_negative,0.0,uniform,1.0,0.0,0.0,64.0,6.0,0.0
noise_taxonomy,9,sampled_equivalence,8,24,12,64,mixed,false_negative,0.0,uniform,1.0,0.0,0.0,64.0,8.0,0.0
noise_taxonomy,0,dense_contact_only,4,24,12,64,mixed,false_negative,0.02,uniform,1.0,0.0,0.08181932786400116,64.08181932786401,4.0,0.0
noise_taxonomy,0,dense_contact_only,6,24,12,64,mixed,false_negative,0.02,uniform,1.0,0.0,0.0,64.0,6.0,0.0
noise_taxonomy,0,dense_contact_only,8,24,12,64,mixed,false_negative,0.02,uniform,1.0,0.0,0.0,64.0,8.0,0.0
noise_taxonomy,0,critical_cell_entropy,4,24,12,64,mixed,false_negative,0.02,uniform,0.20833333333333334,0.7916666666666666,2.430602753642211,66.43060275364223,4.0,0.0
noise_taxonomy,0,critical_cell_entropy,6,24,12,64,mixed,false_negative,0.02,uniform,0.5833333333333334,0.4166666666666667,1.5891140415361489,65.58911404153613,6.0,0.0
noise_taxonomy,0,critical_cell_entropy,8,24,12,64,mixed,false_negative,0.02,uniform,0.7916666666666666,0.20833333333333334,0.47367810839182906,64.47367810839184,8.0,0.0
noise_taxonomy,0,contact_equivalence,4,24,12,64,mixed,false_negative,0.02,uniform,0.9583333333333334,0.041666666666666664,0.096305821184318,64.09630582118432,4.0,0.0
noise_taxonomy,0,contact_equivalence,6,24,12,64,mixed,false_negative,0.02,uniform,1.0,0.0,0.0,64.0,6.0,0.0
noise_taxonomy,0,contact_equivalence,8,24,12,64,mixed,false_negative,0.02,uniform,1.0,0.0,0.0,64.0,8.0,0.0
noise_taxonomy,0,expected_regret,4,24,12,64,mixed,false_negative,0.02,uniform,1.0,0.0,0.14810037685458877,64.1481003768546,4.0,0.0
noise_taxonomy,0,expected_regret,6,24,12,64,mixed,false_negative,0.02,uniform,1.0,0.0,0.04524806553592984,64.04524806553594,6.0,0.0
noise_taxonomy,0,expected_regret,8,24,12,64,mixed,false_negative,0.02,uniform,1.0,0.0,0.014122461889507486,64.01412246188951,8.0,0.0
noise_taxonomy,0,sampled_equivalence,4,24,12,64,mixed,false_negative,0.02,uniform,0.9583333333333334,0.041666666666666664,0.2791262205529621,64.27912622055295,4.0,0.0
noise_taxonomy,0,sampled_equivalence,6,24,12,64,mixed,false_negative,0.02,uniform,1.0,0.0,0.17870575688758664,64.1787057568876,6.0,0.0
noise_taxonomy,0,sampled_equivalence,8,24,12,64,mixed,false_negative,0.02,uniform,1.0,0.0,0.0,64.0,8.0,0.0
noise_taxonomy,1,dense_contact_only,4,24,12,64,mixed,false_negative,0.02,uniform,0.9166666666666666,0.08333333333333333,0.32235286261723645,64.32235286261724,4.0,0.0
noise_taxonomy,1,dense_contact_only,6,24,12,64,mixed,false_negative,0.02,uniform,0.9583333333333334,0.041666666666666664,0.14889386767260682,64.14889386767261,6.0,0.0
noise_taxonomy,1,dense_contact_only,8,24,12,64,mixed,false_negative,0.02,uniform,1.0,0.0,0.00580137496062912,64.00580137496063,8.0,0.0
noise_taxonomy,1,critical_cell_entropy,4,24,12,64,mixed,false_negative,0.02,uniform,0.4166666666666667,0.5833333333333334,2.0468233714881774,66.04682337148819,4.0,0.0
noise_taxonomy,1,critical_cell_entropy,6,24,12,64,mixed,false_negative,0.02,uniform,0.625,0.375,1.0215733124160955,65.0215733124161,6.0,0.0
noise_taxonomy,1,critical_cell_entropy,8,24,12,64,mixed,false_negative,0.02,uniform,0.75,0.25,0.7578849734269265,64.75788497342693,8.0,0.0
noise_taxonomy,1,contact_equivalence,4,24,12,64,mixed,false_negative,0.02,uniform,1.0,0.0,0.1301324922476244,64.13013249224763,4.0,0.0
noise_taxonomy,1,contact_equivalence,6,24,12,64,mixed,false_negative,0.02,uniform,1.0,0.0,0.0,64.0,6.0,0.0
noise_taxonomy,1,contact_equivalence,8,24,12,64,mixed,false_negative,0.02,uniform,1.0,0.0,0.0,64.0,8.0,0.0
noise_taxonomy,1,expected_regret,4,24,12,64,mixed,false_negative,0.02,uniform,0.9583333333333334,0.041666666666666664,0.4384419682973111,64.43844196829734,4.0,0.0
noise_taxonomy,1,expected_regret,6,24,12,64,mixed,false_negative,0.02,uniform,1.0,0.0,0.1706133815405724,64.17061338154058,6.0,0.0
noise_taxonomy,1,expected_regret,8,24,12,64,mixed,false_negative,0.02,uniform,1.0,0.0,0.04385948600796547,64.04385948600797,8.0,0.0
noise_taxonomy,1,sampled_equivalence,4,24,12,64,mixed,false_negative,0.02,uniform,0.9166666666666666,0.08333333333333333,0.4116936600037951,64.4116936600038,4.0,0.0
noise_taxonomy,1,sampled_equivalence,6,24,12,64,mixed,false_negative,0.02,uniform,1.0,0.0,0.09493608325459157,64.0949360832546,6.0,0.0
noise_taxonomy,1,sampled_equivalence,8,24,12,64,mixed,false_negative,0.02,uniform,1.0,0.0,0.01681365927917715,64.01681365927918,8.0,0.0
noise_taxonomy,2,dense_contact_only,4,24,12,64,mixed,false_negative,0.02,uniform,0.9583333333333334,0.041666666666666664,0.12954343600431265,64.12954343600431,4.0,0.0
noise_taxonomy,2,dense_contact_only,6,24,12,64,mixed,false_negative,0.02,uniform,1.0,0.0,0.016813659279177145,64.01681365927918,6.0,0.0
noise_taxonomy,2,dense_contact_only,8,24,12,64,mixed,false_negative,0.02,uniform,1.0,0.0,0.0,64.0,8.0,0.0
noise_taxonomy,2,critical_cell_entropy,4,24,12,64,mixed,false_negative,0.02,uniform,0.2916666666666667,0.7083333333333334,2.558529214360222,66.55852921436025,4.0,0.0
noise_taxonomy,2,critical_cell_entropy,6,24,12,64,mixed,false_negative,0.02,uniform,0.5833333333333334,0.4166666666666667,1.5891140415361489,65.58911404153615,6.0,0.0
noise_taxonomy,2,critical_cell_entropy,8,24,12,64,mixed,false_negative,0.02,uniform,0.5416666666666666,0.4583333333333333,1.1368274601403898,65.13682746014037,8.0,0.0
noise_taxonomy,2,contact_equivalence,4,24,12,64,mixed,false_negative,0.02,uniform,0.875,0.125,0.3018979514635333,64.30189795146352,4.0,0.0
noise_taxonomy,2,contact_equivalence,6,24,12,64,mixed,false_negative,0.02,uniform,1.0,0.0,0.11643460654202169,64.11643460654203,6.0,0.0
noise_taxonomy,2,contact_equivalence,8,24,12,64,mixed,false_negative,0.02,uniform,1.0,0.0,0.0,64.0,8.0,0.0
noise_taxonomy,2,expected_regret,4,24,12,64,mixed,false_negative,0.02,uniform,0.9166666666666666,0.08333333333333333,0.29573974475578424,64.2957397447558,4.0,0.0
noise_taxonomy,2,expected_regret,6,24,12,64,mixed,false_negative,0.02,uniform,1.0,0.0,0.05472360268387614,64.05472360268388,6.0,0.0
noise_taxonomy,2,expected_regret,8,24,12,64,mixed,false_negative,0.02,uniform,1.0,0.0,0.004468492062584872,64.00446849206259,8.0,0.0
noise_taxonomy,2,sampled_equivalence,4,24,12,64,mixed,false_negative,0.02,uniform,1.0,0.0,0.20516078817846484,64.20516078817847,4.0,0.0
noise_taxonomy,2,sampled_equivalence,6,24,12,64,mixed,false_negative,0.02,uniform,1.0,0.0,0.023823733774806444,64.02382373377482,6.0,0.0
noise_taxonomy,2,sampled_equivalence,8,24,12,64,mixed,false_negative,0.02,uniform,1.0,0.0,0.0,64.0,8.0,0.0
noise_taxonomy,3,dense_contact_only,4,24,12,64,mixed,false_negative,0.02,uniform,0.9583333333333334,0.041666666666666664,0.13014438529516195,64.13014438529515,4.0,0.0
noise_taxonomy,3,dense_contact_only,6,24,12,64,mixed,false_negative,0.02,uniform,1.0,0.0,0.016813659279177145,64.01681365927918,6.0,0.0
noise_taxonomy,3,dense_contact_only,8,24,12,64,mixed,false_negative,0.02,uniform,1.0,0.0,0.0,64.0,8.0,0.0
noise_taxonomy,3,critical_cell_entropy,4,24,12,64,mixed,false_negative,0.02,uniform,0.625,0.375,1.535117528616133,65.53511752861614,4.0,0.0
noise_taxonomy,3,critical_cell_entropy,6,24,12,64,mixed,false_negative,0.02,uniform,0.6666666666666666,0.3333333333333333,1.2485896040641167,65.24858960406411,6.0,0.0
noise_taxonomy,3,critical_cell_entropy,8,24,12,64,mixed,false_negative,0.02,uniform,0.8333333333333334,0.16666666666666666,0.6631493517485607,64.66314935174856,8.0,0.0
noise_taxonomy,3,contact_equivalence,4,24,12,64,mixed,false_negative,0.02,uniform,1.0,0.0,0.0582723704412808,64.05827237044129,4.0,0.0
noise_taxonomy,3,contact_equivalence,6,24,12,64,mixed,false_negative,0.02,uniform,1.0,0.0,0.0,64.0,6.0,0.0
noise_taxonomy,3,contact_equivalence,8,24,12,64,mixed,false_negative,0.02,uniform,1.0,0.0,0.0,64.0,8.0,0.0
noise_taxonomy,3,expected_regret,4,24,12,64,mixed,false_negative,0.02,uniform,0.875,0.125,0.32025940624757104,64.32025940624757,4.0,0.0
noise_taxonomy,3,expected_regret,6,24,12,64,mixed,false_negative,0.02,uniform,1.0,0.0,0.06905374552374692,64.06905374552376,6.0,0.0
noise_taxonomy,3,expected_regret,8,24,12,64,mixed,false_negative,0.02,uniform,1.0,0.0,0.014782905139203663,64.0147829051392,8.0,0.0
noise_taxonomy,3,sampled_equivalence,4,24,12,64,mixed,false_negative,0.02,uniform,0.9583333333333334,0.041666666666666664,0.33222245298428393,64.33222245298428,4.0,0.0
noise_taxonomy,3,sampled_equivalence,6,24,12,64,mixed,false_negative,0.02,uniform,1.0,0.0,0.030265815734924154,64.03026581573492,6.0,0.0
noise_taxonomy,3,sampled_equivalence,8,24,12,64,mixed,false_negative,0.02,uniform,1.0,0.0,0.01803992555565003,64.01803992555564,8.0,0.0
noise_taxonomy,4,dense_contact_only,4,24,12,64,mixed,false_negative,0.02,uniform,0.9583333333333334,0.041666666666666664,0.1967854387827261,64.19678543878273,4.0,0.0
noise_taxonomy,4,dense_contact_only,6,24,12,64,mixed,false_negative,0.02,uniform,1.0,0.0,0.07184147915734397,64.07184147915734,6.0,0.0
noise_taxonomy,4,dense_contact_only,8,24,12,64,mixed,false_negative,0.02,uniform,1.0,0.0,0.0,64.0,8.0,0.0
noise_taxonomy,4,critical_cell_entropy,4,24,12,64,mixed,false_negative,0.02,uniform,0.4583333333333333,0.5416666666666666,1.9188969107701663,65.91889691077019,4.0,0.0
noise_taxonomy,4,critical_cell_entropy,6,24,12,64,mixed,false_negative,0.02,uniform,0.6666666666666666,0.3333333333333333,0.9080651665920848,64.90806516659208,6.0,0.0
noise_taxonomy,4,critical_cell_entropy,8,24,12,64,mixed,false_negative,0.02,uniform,0.7916666666666666,0.20833333333333334,0.5684137300701949,64.56841373007019,8.0,0.0
noise_taxonomy,4,contact_equivalence,4,24,12,64,mixed,false_negative,0.02,uniform,1.0,0.0,0.08447934598332847,64.08447934598333,4.0,0.0
noise_taxonomy,4,contact_equivalence,6,24,12,64,mixed,false_negative,0.02,uniform,1.0,0.0,0.0,64.0,6.0,0.0
noise_taxonomy,4,contact_equivalence,8,24,12,64,mixed,false_negative,0.02,uniform,1.0,0.0,0.0,64.0,8.0,0.0
noise_taxonomy,4,expected_regret,4,24,12,64,mixed,false_negative,0.02,uniform,0.9583333333333334,0.041666666666666664,0.19030591877494496,64.19030591877494,4.0,0.0
noise_taxonomy,4,expected_regret,6,24,12,64,mixed,false_negative,0.02,uniform,1.0,0.0,0.01825957501701338,64.01825957501701,6.0,0.0
noise_taxonomy,4,expected_regret,8,24,12,64,mixed,false_negative,0.02,uniform,1.0,0.0,0.0014894973541949574,64.0014894973542,8.0,0.0
noise_taxonomy,4,sampled_equivalence,4,24,12,64,mixed,false_negative,0.02,uniform,0.9583333333333334,0.041666666666666664,0.13678050248562104,64.13678050248562,4.0,0.0
noise_taxonomy,4,sampled_equivalence,6,24,12,64,mixed,false_negative,0.02,uniform,1.0,0.0,0.01802235881417734,64.01802235881418,6.0,0.0
noise_taxonomy,4,sampled_equivalence,8,24,12,64,mixed,false_negative,0.02,uniform,1.0,0.0,0.0,64.0,8.0,0.0
noise_taxonomy,5,dense_contact_only,4,24,12,64,mixed,false_negative,0.02,uniform,1.0,0.0,0.06921514093727006,64.06921514093729,4.0,0.0
noise_taxonomy,5,dense_contact_only,6,24,12,64,mixed,false_negative,0.02,uniform,1.0,0.0,0.0,64.0,6.0,0.0
noise_taxonomy,5,dense_contact_only,8,24,12,64,mixed,false_negative,0.02,uniform,1.0,0.0,0.0,64.0,8.0,0.0
noise_taxonomy,5,critical_cell_entropy,4,24,12,64,mixed,false_negative,0.02,uniform,0.20833333333333334,0.7916666666666666,2.558529214360222,66.55852921436023,4.0,0.0
noise_taxonomy,5,critical_cell_entropy,6,24,12,64,mixed,false_negative,0.02,uniform,0.5833333333333334,0.4166666666666667,1.3620977498881273,65.36209774988812,6.0,0.0
noise_taxonomy,5,critical_cell_entropy,8,24,12,64,mixed,false_negative,0.02,uniform,0.7083333333333334,0.2916666666666667,0.9473562167836582,64.94735621678366,8.0,0.0
noise_taxonomy,5,contact_equivalence,4,24,12,64,mixed,false_negative,0.02,uniform,0.9583333333333334,0.041666666666666664,0.11852974232636615,64.11852974232636,4.0,0.0
noise_taxonomy,5,contact_equivalence,6,24,12,64,mixed,false_negative,0.02,uniform,0.9583333333333334,0.041666666666666664,0.041666666666666664,64.04166666666667,6.0,0.0
noise_taxonomy,5,contact_equivalence,8,24,12,64,mixed,false_negative,0.02,uniform,1.0,0.0,0.0002120934279785162,64.00021209342798,8.0,0.0
noise_taxonomy,5,expected_regret,4,24,12,64,mixed,false_negative,0.02,uniform,0.8333333333333334,0.16666666666666666,0.3508621982466689,64.35086219824667,4.0,0.0
noise_taxonomy,5,expected_regret,6,24,12,64,mixed,false_negative,0.02,uniform,1.0,0.0,0.030037998174265928,64.03003799817428,6.0,0.0
noise_taxonomy,5,expected_regret,8,24,12,64,mixed,false_negative,0.02,uniform,1.0,0.0,0.0017135122384039825,64.0017135122384,8.0,0.0
noise_taxonomy,5,sampled_equivalence,4,24,12,64,mixed,false_negative,0.02,uniform,0.9166666666666666,0.08333333333333333,0.3468076472876546,64.34680764728766,4.0,0.0
noise_taxonomy,5,sampled_equivalence,6,24,12,64,mixed,false_negative,0.02,uniform,1.0,0.0,0.04642218171768098,64.04642218171769,6.0,0.0
noise_taxonomy,5,sampled_equivalence,8,24,12,64,mixed,false_negative,0.02,uniform,1.0,0.0,0.0,64.0,8.0,0.0
noise_taxonomy,6,dense_contact_only,4,24,12,64,mixed,false_negative,0.02,uniform,1.0,0.0,0.0882216521154796,64.0882216521155,4.0,0.0
noise_taxonomy,6,dense_contact_only,6,24,12,64,mixed,false_negative,0.02,uniform,1.0,0.0,0.0,64.0,6.0,0.0
noise_taxonomy,6,dense_contact_only,8,24,12,64,mixed,false_negative,0.02,uniform,1.0,0.0,0.0,64.0,8.0,0.0
noise_taxonomy,6,critical_cell_entropy,4,24,12,64,mixed,false_negative,0.02,uniform,0.3333333333333333,0.6666666666666666,2.0468233714881774,66.0468233714882,4.0,0.0
noise_taxonomy,6,critical_cell_entropy,6,24,12,64,mixed,false_negative,0.02,uniform,0.7083333333333334,0.2916666666666667,0.9080651665920848,64.90806516659207,6.0,0.0
noise_taxonomy,6,critical_cell_entropy,8,24,12,64,mixed,false_negative,0.02,uniform,0.8333333333333334,0.16666666666666666,0.5684137300701949,64.56841373007019,8.0,0.0
noise_taxonomy,6,contact_equivalence,4,24,12,64,mixed,false_negative,0.02,uniform,0.9166666666666666,0.08333333333333333,0.2848947497340975,64.28489474973411,4.0,0.0
noise_taxonomy,6,contact_equivalence,6,24,12,64,mixed,false_negative,0.02,uniform,0.9583333333333334,0.041666666666666664,0.08285376347589199,64.0828537634759,6.0,0.0
noise_taxonomy,6,contact_equivalence,8,24,12,64,mixed,false_negative,0.02,uniform,1.0,0.0,0.00580137496062912,64.00580137496063,8.0,0.0
noise_taxonomy,6,expected_regret,4,24,12,64,mixed,false_negative,0.02,uniform,0.8333333333333334,0.16666666666666666,0.3752951301069516,64.37529513010695,4.0,0.0
noise_taxonomy,6,expected_regret,6,24,12,64,mixed,false_negative,0.02,uniform,1.0,0.0,0.1131617627199822,64.11316176272,6.0,0.0
noise_taxonomy,6,expected_regret,8,24,12,64,mixed,false_negative,0.02,uniform,1.0,0.0,0.027843299622320516,64.02784329962232,8.0,0.0
noise_taxonomy,6,sampled_equivalence,4,24,12,64,mixed,false_negative,0.02,uniform,0.875,0.125,0.3101658642544977,64.31016586425449,4.0,0.0
noise_taxonomy,6,sampled_equivalence,6,24,12,64,mixed,false_negative,0.02,uniform,0.9583333333333334,0.041666666666666664,0.062203381013755575,64.06220338101376,6.0,0.0
noise_taxonomy,6,sampled_equivalence,8,24,12,64,mixed,false_negative,0.02,uniform,1.0,0.0,0.017610253629077838,64.01761025362909,8.0,0.0
noise_taxonomy,7,dense_contact_only,4,24,12,64,mixed,false_negative,0.02,uniform,0.9583333333333334,0.041666666666666664,0.3124111439672012,64.31241114396721,4.0,0.0
noise_taxonomy,7,dense_contact_only,6,24,12,64,mixed,false_negative,0.02,uniform,0.9583333333333334,0.041666666666666664,0.08285376347589199,64.0828537634759,6.0,0.0
noise_taxonomy,7,dense_contact_only,8,24,12,64,mixed,false_negative,0.02,uniform,1.0,0.0,0.0,64.0,8.0,0.0
noise_taxonomy,7,critical_cell_entropy,4,24,12,64,mixed,false_negative,0.02,uniform,0.2916666666666667,0.7083333333333334,2.6864556750782334,66.68645567507826,4.0,0.0
noise_taxonomy,7,critical_cell_entropy,6,24,12,64,mixed,false_negative,0.02,uniform,0.5,0.5,2.043146624832192,66.04314662483218,6.0,0.0
noise_taxonomy,7,critical_cell_entropy,8,24,12,64,mixed,false_negative,0.02,uniform,0.5833333333333334,0.4166666666666667,1.0420918384620241,65.04209183846201,8.0,0.0
noise_taxonomy,7,contact_equivalence,4,24,12,64,mixed,false_negative,0.02,uniform,1.0,0.0,0.11889830444640448,64.1188983044464,4.0,0.0
noise_taxonomy,7,contact_equivalence,6,24,12,64,mixed,false_negative,0.02,uniform,1.0,0.0,0.0,64.0,6.0,0.0
noise_taxonomy,7,contact_equivalence,8,24,12,64,mixed,false_negative,0.02,uniform,1.0,0.0,0.0,64.0,8.0,0.0
noise_taxonomy,7,expected_regret,4,24,12,64,mixed,false_negative,0.02,uniform,0.875,0.125,0.3606145337657421,64.36061453376574,4.0,0.0
noise_taxonomy,7,expected_regret,6,24,12,64,mixed,false_negative,0.02,uniform,1.0,0.0,0.07444240545349715,64.07444240545351,6.0,0.0
noise_taxonomy,7,expected_regret,8,24,12,64,mixed,false_negative,0.02,uniform,1.0,0.0,0.014988717879742422,64.01498871787975,8.0,0.0
noise_taxonomy,7,sampled_equivalence,4,24,12,64,mixed,false_negative,0.02,uniform,1.0,0.0,0.080227860693646,64.08022786069365,4.0,0.0
noise_taxonomy,7,sampled_equivalence,6,24,12,64,mixed,false_negative,0.02,uniform,0.9583333333333334,0.041666666666666664,0.06487216650918312,64.06487216650919,6.0,0.0
noise_taxonomy,7,sampled_equivalence,8,24,12,64,mixed,false_negative,0.02,uniform,1.0,0.0,0.011602749921258237,64.01160274992127,8.0,0.0
noise_taxonomy,8,dense_contact_only,4,24,12,64,mixed,false_negative,0.02,uniform,1.0,0.0,0.07541700361252275,64.07541700361251,4.0,0.0
noise_taxonomy,8,dense_contact_only,6,24,12,64,mixed,false_negative,0.02,uniform,1.0,0.0,0.0,64.0,6.0,0.0
noise_taxonomy,8,dense_contact_only,8,24,12,64,mixed,false_negative,0.02,uniform,1.0,0.0,0.0,64.0,8.0,0.0
noise_taxonomy,8,critical_cell_entropy,4,24,12,64,mixed,false_negative,0.02,uniform,0.5416666666666666,0.4583333333333333,1.6630439893341442,65.66304398933416,4.0,0.0
noise_taxonomy,8,critical_cell_entropy,6,24,12,64,mixed,false_negative,0.02,uniform,0.5,0.5,1.475605895712138,65.47560589571212,6.0,0.0
noise_taxonomy,8,critical_cell_entropy,8,24,12,64,mixed,false_negative,0.02,uniform,0.6666666666666666,0.3333333333333333,0.7578849734269265,64.75788497342693,8.0,0.0
noise_taxonomy,8,contact_equivalence,4,24,12,64,mixed,false_negative,0.02,uniform,0.9583333333333334,0.041666666666666664,0.13517601378751648,64.13517601378751,4.0,0.0
noise_taxonomy,8,contact_equivalence,6,24,12,64,mixed,false_negative,0.02,uniform,1.0,0.0,0.07184147915734397,64.07184147915734,6.0,0.0
noise_taxonomy,8,contact_equivalence,8,24,12,64,mixed,false_negative,0.02,uniform,1.0,0.0,0.0,64.0,8.0,0.0
noise_taxonomy,8,expected_regret,4,24,12,64,mixed,false_negative,0.02,uniform,0.875,0.125,0.4538269726867387,64.45382697268674,4.0,0.0
noise_taxonomy,8,expected_regret,6,24,12,64,mixed,false_negative,0.02,uniform,1.0,0.0,0.16983770946380874,64.1698377094638,6.0,0.0
noise_taxonomy,8,expected_regret,8,24,12,64,mixed,false_negative,0.02,uniform,1.0,0.0,0.03858253966149556,64.03858253966149,8.0,0.0
noise_taxonomy,8,sampled_equivalence,4,24,12,64,mixed,false_negative,0.02,uniform,0.9166666666666666,0.08333333333333333,0.46865299378591213,64.46865299378591,4.0,0.0
noise_taxonomy,8,sampled_equivalence,6,24,12,64,mixed,false_negative,0.02,uniform,0.9166666666666666,0.08333333333333333,0.1700216093345749,64.17002160933458,6.0,0.0
noise_taxonomy,8,sampled_equivalence,8,24,12,64,mixed,false_negative,0.02,uniform,0.9583333333333334,0.041666666666666664,0.17729715625886247,64.17729715625886,8.0,0.0
noise_taxonomy,9,dense_contact_only,4,24,12,64,mixed,false_negative,0.02,uniform,0.9166666666666666,0.08333333333333333,0.23639319106382917,64.23639319106384,4.0,0.0
noise_taxonomy,9,dense_contact_only,6,24,12,64,mixed,false_negative,0.02,uniform,0.9583333333333334,0.041666666666666664,0.11063323158139256,64.11063323158139,6.0,0.0
noise_taxonomy,9,dense_contact_only,8,24,12,64,mixed,false_negative,0.02,uniform,1.0,0.0,0.0,64.0,8.0,0.0
noise_taxonomy,9,critical_cell_entropy,4,24,12,64,mixed,false_negative,0.02,uniform,0.20833333333333334,0.7916666666666666,2.430602753642211,66.43060275364223,4.0,0.0
noise_taxonomy,9,critical_cell_entropy,6,24,12,64,mixed,false_negative,0.02,uniform,0.4583333333333333,0.5416666666666666,1.5891140415361489,65.58911404153613,6.0,0.0
noise_taxonomy,9,critical_cell_entropy,8,24,12,64,mixed,false_negative,0.02,uniform,0.6666666666666666,0.3333333333333333,1.1368274601403898,65.1368274601404,8.0,0.0
noise_taxonomy,9,contact_equivalence,4,24,12,64,mixed,false_negative,0.02,uniform,1.0,0.0,0.1519671220889738,64.15196712208898,4.0,0.0
noise_taxonomy,9,contact_equivalence,6,24,12,64,mixed,false_negative,0.02,uniform,1.0,0.0,0.0,64.0,6.0,0.0
noise_taxonomy,9,contact_equivalence,8,24,12,64,mixed,false_negative,0.02,uniform,1.0,0.0,0.0,64.0,8.0,0.0
noise_taxonomy,9,expected_regret,4,24,12,64,mixed,false_negative,0.02,uniform,0.875,0.125,0.41331517570524673,64.41331517570528,4.0,0.0
noise_taxonomy,9,expected_regret,6,24,12,64,mixed,false_negative,0.02,uniform,0.9583333333333334,0.041666666666666664,0.14039908691221062,64.14039908691221,6.0,0.0
noise_taxonomy,9,expected_regret,8,24,12,64,mixed,false_negative,0.02,uniform,1.0,0.0,0.03962980794873792,64.03962980794874,8.0,0.0
noise_taxonomy,9,sampled_equivalence,4,24,12,64,mixed,false_negative,0.02,uniform,0.9583333333333334,0.041666666666666664,0.22047461265582083,64.22047461265582,4.0,0.0
noise_taxonomy,9,sampled_equivalence,6,24,12,64,mixed,false_negative,0.02,uniform,0.9583333333333334,0.041666666666666664,0.07089710681686882,64.07089710681687,6.0,0.0
noise_taxonomy,9,sampled_equivalence,8,24,12,64,mixed,false_negative,0.02,uniform,1.0,0.0,0.01242635175549985,64.01242635175551,8.0,0.0
noise_taxonomy,0,dense_contact_only,4,24,12,64,mixed,false_negative,0.05,uniform,0.8333333333333334,0.16666666666666666,0.49800349508096003,64.49800349508094,4.0,0.0
noise_taxonomy,0,dense_contact_only,6,24,12,64,mixed,false_negative,0.05,uniform,0.9166666666666666,0.08333333333333333,0.19113155079933664,64.19113155079933,6.0,0.0
noise_taxonomy,0,dense_contact_only,8,24,12,64,mixed,false_negative,0.05,uniform,1.0,0.0,0.022100253242941837,64.02210025324294,8.0,0.0
noise_taxonomy,0,critical_cell_entropy,4,24,12,64,mixed,false_negative,0.05,uniform,0.20833333333333334,0.7916666666666666,2.486654125490947,66.48665412549092,4.0,0.0
noise_taxonomy,0,critical_cell_entropy,6,24,12,64,mixed,false_negative,0.05,uniform,0.5416666666666666,0.4583333333333333,1.5497938778665936,65.54979387786658,6.0,0.0
noise_taxonomy,0,critical_cell_entropy,8,24,12,64,mixed,false_negative,0.05,uniform,0.5416666666666666,0.4583333333333333,1.2652030389153024,65.26520303891529,8.0,0.0
noise_taxonomy,0,contact_equivalence,4,24,12,64,mixed,false_negative,0.05,uniform,0.875,0.125,0.3716975483447513,64.37169754834474,4.0,0.0
noise_taxonomy,0,contact_equivalence,6,24,12,64,mixed,false_negative,0.05,uniform,0.9583333333333334,0.041666666666666664,0.15698159713081752,64.15698159713081,6.0,0.0
noise_taxonomy,0,contact_equivalence,8,24,12,64,mixed,false_negative,0.05,uniform,1.0,0.0,0.0,64.0,8.0,0.0
noise_taxonomy,0,expected_regret,4,24,12,64,mixed,false_negative,0.05,uniform,0.7083333333333334,0.2916666666666667,0.8132612564468635,64.81326125644686,4.0,0.0
noise_taxonomy,0,expected_regret,6,24,12,64,mixed,false_negative,0.05,uniform,0.875,0.125,0.1979944449850408,64.19799444498504,6.0,0.0
noise_taxonomy,0,expected_regret,8,24,12,64,mixed,false_negative,0.05,uniform,1.0,0.0,0.03470001645935168,64.03470001645937,8.0,0.0
noise_taxonomy,0,sampled_equivalence,4,24,12,64,mixed,false_negative,0.05,uniform,0.875,0.125,0.5380457388540849,64.53804573885408,4.0,0.0
noise_taxonomy,0,sampled_equivalence,6,24,12,64,mixed,false_negative,0.05,uniform,1.0,0.0,0.12972029094283652,64.12972029094284,6.0,0.0
noise_taxonomy,0,sampled_equivalence,8,24,12,64,mixed,false_negative,0.05,uniform,1.0,0.0,0.033608396061605976,64.03360839606161,8.0,0.0
noise_taxonomy,1,dense_contact_only,4,24,12,64,mixed,false_negative,0.05,uniform,0.8333333333333334,0.16666666666666666,0.645346901815129,64.64534690181513,4.0,0.0
noise_taxonomy,1,dense_contact_only,6,24,12,64,mixed,false_negative,0.05,uniform,0.875,0.125,0.339448860661915,64.3394488606619,6.0,0.0
noise_taxonomy,1,dense_contact_only,8,24,12,64,mixed,false_negative,0.05,uniform,0.9583333333333334,0.041666666666666664,0.09484147615199746,64.094841476152,8.0,0.0
noise_taxonomy,1,critical_cell_entropy,4,24,12,64,mixed,false_negative,0.05,uniform,0.4166666666666667,0.5833333333333334,1.9631479938086425,65.96314799380862,4.0,0.0
noise_taxonomy,1,critical_cell_entropy,6,24,12,64,mixed,false_negative,0.05,uniform,0.5833333333333334,0.4166666666666667,1.3113640505025022,65.31136405050249,6.0,0.0
noise_taxonomy,1,critical_cell_entropy,8,24,12,64,mixed,false_negative,0.05,uniform,0.875,0.125,0.4217343463051007,64.42173434630509,8.0,0.0
noise_taxonomy,1,contact_equivalence,4,24,12,64,mixed,false_negative,0.05,uniform,0.875,0.125,0.5173671355092357,64.51736713550922,4.0,0.0
noise_taxonomy,1,contact_equivalence,6,24,12,64,mixed,false_negative,0.05,uniform,0.9166666666666666,0.08333333333333333,0.1666046368494221,64.16660463684941,6.0,0.0
noise_taxonomy,1,contact_equivalence,8,24,12,64,mixed,false_negative,0.05,uniform,1.0,0.0,0.08364430929918161,64.08364430929917,8.0,0.0
noise_taxonomy,1,expected_regret,4,24,12,64,mixed,false_negative,0.05,uniform,0.875,0.125,0.7051797049161183,64.70517970491612,4.0,0.0
noise_taxonomy,1,expected_regret,6,24,12,64,mixed,false_negative,0.05,uniform,1.0,0.0,0.18153064883073908,64.18153064883074,6.0,0.0
noise_taxonomy,1,expected_regret,8,24,12,64,mixed,false_negative,0.05,uniform,1.0,0.0,0.029144953867048837,64.02914495386706,8.0,0.0
noise_taxonomy,1,sampled_equivalence,4,24,12,64,mixed,false_negative,0.05,uniform,0.8333333333333334,0.16666666666666666,0.7018003362980973,64.70180033629809,4.0,0.0
noise_taxonomy,1,sampled_equivalence,6,24,12,64,mixed,false_negative,0.05,uniform,0.875,0.125,0.3408794631168581,64.34087946311685,6.0,0.0
noise_taxonomy,1,sampled_equivalence,8,24,12,64,mixed,false_negative,0.05,uniform,0.9583333333333334,0.041666666666666664,0.1035942511832551,64.10359425118325,8.0,0.0
noise_taxonomy,2,dense_contact_only,4,24,12,64,mixed,false_negative,0.05,uniform,0.9166666666666666,0.08333333333333333,0.32384439664981507,64.32384439664982,4.0,0.0
noise_taxonomy,2,dense_contact_only,6,24,12,64,mixed,false_negative,0.05,uniform,0.9583333333333334,0.041666666666666664,0.18887174765901324,64.18887174765901,6.0,0.0
noise_taxonomy,2,dense_contact_only,8,24,12,64,mixed,false_negative,0.05,uniform,1.0,0.0,0.0,64.0,8.0,0.0
noise_taxonomy,2,critical_cell_entropy,4,24,12,64,mixed,false_negative,0.05,uniform,0.375,0.625,2.224901059649795,66.22490105964977,4.0,0.0
noise_taxonomy,2,critical_cell_entropy,6,24,12,64,mixed,false_negative,0.05,uniform,0.5,0.5,1.7882237052306849,65.78822370523066,6.0,0.0
noise_taxonomy,2,critical_cell_entropy,8,24,12,64,mixed,false_negative,0.05,uniform,0.75,0.25,0.8434686926102016,64.84346869261019,8.0,0.0
noise_taxonomy,2,contact_equivalence,4,24,12,64,mixed,false_negative,0.05,uniform,0.75,0.25,0.6043531140516217,64.60435311405162,4.0,0.0
noise_taxonomy,2,contact_equivalence,6,24,12,64,mixed,false_negative,0.05,uniform,0.9166666666666666,0.08333333333333333,0.23716412207399315,64.23716412207399,6.0,0.0
noise_taxonomy,2,contact_equivalence,8,24,12,64,mixed,false_negative,0.05,uniform,1.0,0.0,0.04193470752962326,64.04193470752962,8.0,0.0
noise_taxonomy,2,expected_regret,4,24,12,64,mixed,false_negative,0.05,uniform,0.7916666666666666,0.20833333333333334,0.8121641016511707,64.81216410165115,4.0,0.0
noise_taxonomy,2,expected_regret,6,24,12,64,mixed,false_negative,0.05,uniform,0.9583333333333334,0.041666666666666664,0.19961695047406633,64.19961695047407,6.0,0.0
noise_taxonomy,2,expected_regret,8,24,12,64,mixed,false_negative,0.05,uniform,1.0,0.0,0.02885907872657492,64.0288590787266,8.0,0.0
noise_taxonomy,2,sampled_equivalence,4,24,12,64,mixed,false_negative,0.05,uniform,1.0,0.0,0.3351793271990111,64.33517932719901,4.0,0.0
noise_taxonomy,2,sampled_equivalence,6,24,12,64,mixed,false_negative,0.05,uniform,1.0,0.0,0.0,64.0,6.0,0.0
noise_taxonomy,2,sampled_equivalence,8,24,12,64,mixed,false_negative,0.05,uniform,1.0,0.0,0.0,64.0,8.0,0.0
noise_taxonomy,3,dense_contact_only,4,24,12,64,mixed,false_negative,0.05,uniform,0.9583333333333334,0.041666666666666664,0.17720757193443312,64.17720757193443,4.0,0.0
noise_taxonomy,3,dense_contact_only,6,24,12,64,mixed,false_negative,0.05,uniform,1.0,0.0,0.031890150528195736,64.0318901505282,6.0,0.0
noise_taxonomy,3,dense_contact_only,8,24,12,64,mixed,false_negative,0.05,uniform,1.0,0.0,0.0,64.0,8.0,0.0
noise_taxonomy,3,critical_cell_entropy,4,24,12,64,mixed,false_negative,0.05,uniform,0.5833333333333334,0.4166666666666667,1.4396418621263376,65.43964186212632,4.0,0.0
noise_taxonomy,3,critical_cell_entropy,6,24,12,64,mixed,false_negative,0.05,uniform,0.625,0.375,1.1921491368204566,65.19214913682045,6.0,0.0
noise_taxonomy,3,critical_cell_entropy,8,24,12,64,mixed,false_negative,0.05,uniform,0.6666666666666666,0.3333333333333333,0.9489022791864768,64.94890227918647,8.0,0.0
noise_taxonomy,3,contact_equivalence,4,24,12,64,mixed,false_negative,0.05,uniform,0.9583333333333334,0.041666666666666664,0.16564822395925774,64.16564822395925,4.0,0.0
noise_taxonomy,3,contact_equivalence,6,24,12,64,mixed,false_negative,0.05,uniform,1.0,0.0,0.0,64.0,6.0,0.0
noise_taxonomy,3,contact_equivalence,8,24,12,64,mixed,false_negative,0.05,uniform,1.0,0.0,0.0,64.0,8.0,0.0
noise_taxonomy,3,expected_regret,4,24,12,64,mixed,false_negative,0.05,uniform,0.875,0.125,0.6596975884779934,64.65969758847798,4.0,0.0
noise_taxonomy,3,expected_regret,6,24,12,64,mixed,false_negative,0.05,uniform,1.0,0.0,0.1862271140523242,64.18622711405233,6.0,0.0
noise_taxonomy,3,expected_regret,8,24,12,64,mixed,false_negative,0.05,uniform,1.0,0.0,0.030885048347335107,64.03088504834734,8.0,0.0
noise_taxonomy,3,sampled_equivalence,4,24,12,64,mixed,false_negative,0.05,uniform,0.9166666666666666,0.08333333333333333,0.5257947386074765,64.52579473860747,4.0,0.0
noise_taxonomy,3,sampled_equivalence,6,24,12,64,mixed,false_negative,0.05,uniform,0.9583333333333334,0.041666666666666664,0.12110001678210525,64.12110001678211,6.0,0.0
noise_taxonomy,3,sampled_equivalence,8,24,12,64,mixed,false_negative,0.05,uniform,0.9583333333333334,0.041666666666666664,0.023016285637328254,64.02301628563733,8.0,0.0
noise_taxonomy,4,dense_contact_only,4,24,12,64,mixed,false_negative,0.05,uniform,0.875,0.125,0.5419945511912443,64.54199455119124,4.0,0.0
noise_taxonomy,4,dense_contact_only,6,24,12,64,mixed,false_negative,0.05,uniform,0.9583333333333334,0.041666666666666664,0.30056994834291134,64.30056994834291,6.0,0.0
noise_taxonomy,4,dense_contact_only,8,24,12,64,mixed,false_negative,0.05,uniform,1.0,0.0,0.011508142818664129,64.01150814281867,8.0,0.0
noise_taxonomy,4,critical_cell_entropy,4,24,12,64,mixed,false_negative,0.05,uniform,0.4583333333333333,0.5416666666666666,2.0940245267292186,66.0940245267292,4.0,0.0
noise_taxonomy,4,critical_cell_entropy,6,24,12,64,mixed,false_negative,0.05,uniform,0.5,0.5,1.5497938778665936,65.54979387786658,6.0,0.0
noise_taxonomy,4,critical_cell_entropy,8,24,12,64,mixed,false_negative,0.05,uniform,0.75,0.25,0.7380351060339264,64.73803510603392,8.0,0.0
noise_taxonomy,4,contact_equivalence,4,24,12,64,mixed,false_negative,0.05,uniform,0.9166666666666666,0.08333333333333333,0.2989563254356958,64.2989563254357,4.0,0.0
noise_taxonomy,4,contact_equivalence,6,24,12,64,mixed,false_negative,0.05,uniform,1.0,0.0,0.07754824701537898,64.07754824701537,6.0,0.0
noise_taxonomy,4,contact_equivalence,8,24,12,64,mixed,false_negative,0.05,uniform,1.0,0.0,0.0,64.0,8.0,0.0
noise_taxonomy,4,expected_regret,4,24,12,64,mixed,false_negative,0.05,uniform,0.7916666666666666,0.20833333333333334,0.914685746929132,64.91468574692914,4.0,0.0
noise_taxonomy,4,expected_regret,6,24,12,64,mixed,false_negative,0.05,uniform,0.9166666666666666,0.08333333333333333,0.24510014640713906,64.24510014640715,6.0,0.0
noise_taxonomy,4,expected_regret,8,24,12,64,mixed,false_negative,0.05,uniform,1.0,0.0,0.04242649793302847,64.04242649793305,8.0,0.0
noise_taxonomy,4,sampled_equivalence,4,24,12,64,mixed,false_negative,0.05,uniform,0.875,0.125,0.2549302314610192,64.25493023146102,4.0,0.0
noise_taxonomy,4,sampled_equivalence,6,24,12,64,mixed,false_negative,0.05,uniform,1.0,0.0,0.11509076453683625,64.11509076453683,6.0,0.0
noise_taxonomy,4,sampled_equivalence,8,24,12,64,mixed,false_negative,0.05,uniform,1.0,0.0,0.0,64.0,8.0,0.0
noise_taxonomy,5,dense_contact_only,4,24,12,64,mixed,false_negative,0.05,uniform,0.875,0.125,0.20529153721019544,64.20529153721019,4.0,0.0
noise_taxonomy,5,dense_contact_only,6,24,12,64,mixed,false_negative,0.05,uniform,1.0,0.0,0.059051342405906954,64.05905134240591,6.0,0.0
noise_taxonomy,5,dense_contact_only,8,24,12,64,mixed,false_negative,0.05,uniform,1.0,0.0,7.503525335496604e-05,64.00007503525336,8.0,0.0
noise_taxonomy,5,critical_cell_entropy,4,24,12,64,mixed,false_negative,0.05,uniform,0.25,0.75,2.486654125490947,66.48665412549092,4.0,0.0
noise_taxonomy,5,critical_cell_entropy,6,24,12,64,mixed,false_negative,0.05,uniform,0.4583333333333333,0.5416666666666666,1.7882237052306849,65.78822370523066,6.0,0.0
noise_taxonomy,5,critical_cell_entropy,8,24,12,64,mixed,false_negative,0.05,uniform,0.7083333333333334,0.2916666666666667,0.8434686926102016,64.84346869261019,8.0,0.0
noise_taxonomy,5,contact_equivalence,4,24,12,64,mixed,false_negative,0.05,uniform,1.0,0.0,0.19652000720619753,64.19652000720619,4.0,0.0
noise_taxonomy,5,contact_equivalence,6,24,12,64,mixed,false_negative,0.05,uniform,1.0,0.0,0.0,64.0,6.0,0.0
noise_taxonomy,5,contact_equivalence,8,24,12,64,mixed,false_negative,0.05,uniform,1.0,0.0,0.0,64.0,8.0,0.0
noise_taxonomy,5,expected_regret,4,24,12,64,mixed,false_negative,0.05,uniform,0.9166666666666666,0.08333333333333333,0.6042495947055563,64.60424959470555,4.0,0.0
noise_taxonomy,5,expected_regret,6,24,12,64,mixed,false_negative,0.05,uniform,0.9583333333333334,0.041666666666666664,0.20612437620020266,64.20612437620021,6.0,0.0
noise_taxonomy,5,expected_regret,8,24,12,64,mixed,false_negative,0.05,uniform,1.0,0.0,0.043035104638270254,64.04303510463828,8.0,0.0
noise_taxonomy,5,sampled_equivalence,4,24,12,64,mixed,false_negative,0.05,uniform,0.9166666666666666,0.08333333333333333,0.4766146039281735,64.47661460392818,4.0,0.0
noise_taxonomy,5,sampled_equivalence,6,24,12,64,mixed,false_negative,0.05,uniform,0.9583333333333334,0.041666666666666664,0.08899742993365882,64.08899742993366,6.0,0.0
noise_taxonomy,5,sampled_equivalence,8,24,12,64,mixed,false_negative,0.05,uniform,1.0,0.0,0.0,64.0,8.0,0.0
noise_taxonomy,6,dense_contact_only,4,24,12,64,mixed,false_negative,0.05,uniform,1.0,0.0,0.1780723991723083,64.17807239917231,4.0,0.0
noise_taxonomy,6,dense_contact_only,6,24,12,64,mixed,false_negative,0.05,uniform,0.9583333333333334,0.041666666666666664,0.047543199587242825,64.04754319958725,6.0,0.0
noise_taxonomy,6,dense_contact_only,8,24,12,64,mixed,false_negative,0.05,uniform,1.0,0.0,0.0,64.0,8.0,0.0
noise_taxonomy,6,critical_cell_entropy,4,24,12,64,mixed,false_negative,0.05,uniform,0.375,0.625,2.0940245267292186,66.0940245267292,4.0,0.0
noise_taxonomy,6,critical_cell_entropy,6,24,12,64,mixed,false_negative,0.05,uniform,0.5833333333333334,0.4166666666666667,1.3113640505025022,65.31136405050249,6.0,0.0
noise_taxonomy,6,critical_cell_entropy,8,24,12,64,mixed,false_negative,0.05,uniform,0.7083333333333334,0.2916666666666667,0.7380351060339264,64.73803510603392,8.0,0.0
noise_taxonomy,6,contact_equivalence,4,24,12,64,mixed,false_negative,0.05,uniform,0.875,0.125,0.5261386655132335,64.52613866551322,4.0,0.0
noise_taxonomy,6,contact_equivalence,6,24,12,64,mixed,false_negative,0.05,uniform,0.875,0.125,0.2549118518557281,64.25491185185574,6.0,0.0
noise_taxonomy,6,contact_equivalence,8,24,12,64,mixed,false_negative,0.05,uniform,1.0,0.0,0.011508142818664129,64.01150814281867,8.0,0.0
noise_taxonomy,6,expected_regret,4,24,12,64,mixed,false_negative,0.05,uniform,0.8333333333333334,0.16666666666666666,0.757456279257004,64.757456279257,4.0,0.0
noise_taxonomy,6,expected_regret,6,24,12,64,mixed,false_negative,0.05,uniform,1.0,0.0,0.21762313360263696,64.21762313360263,6.0,0.0
noise_taxonomy,6,expected_regret,8,24,12,64,mixed,false_negative,0.05,uniform,1.0,0.0,0.044302580884106886,64.04430258088412,8.0,0.0
noise_taxonomy,6,sampled_equivalence,4,24,12,64,mixed,false_negative,0.05,uniform,0.9583333333333334,0.041666666666666664,0.4485912867126744,64.44859128671267,4.0,0.0
noise_taxonomy,6,sampled_equivalence,6,24,12,64,mixed,false_negative,0.05,uniform,0.9166666666666666,0.08333333333333333,0.18186098493928168,64.18186098493928,6.0,0.0
noise_taxonomy,6,sampled_equivalence,8,24,12,64,mixed,false_negative,0.05,uniform,0.9583333333333334,0.041666666666666664,0.05905134240590695,64.05905134240591,8.0,0.0
noise_taxonomy,7,dense_contact_only,4,24,12,64,mixed,false_negative,0.05,uniform,0.8333333333333334,0.16666666666666666,0.8639671622642683,64.86396716226427,4.0,0.0
noise_taxonomy,7,dense_contact_only,6,24,12,64,mixed,false_negative,0.05,uniform,0.9166666666666666,0.08333333333333333,0.339448860661915,64.3394488606619,6.0,0.0
noise_taxonomy,7,dense_contact_only,8,24,12,64,mixed,false_negative,0.05,uniform,1.0,0.0,0.058445262119214005,64.0584452621192,8.0,0.0
noise_taxonomy,7,critical_cell_entropy,4,24,12,64,mixed,false_negative,0.05,uniform,0.25,0.75,2.7484071913320993,66.74840719133208,4.0,0.0
noise_taxonomy,7,critical_cell_entropy,6,24,12,64,mixed,false_negative,0.05,uniform,0.3333333333333333,0.6666666666666666,2.2650833599588673,66.26508335995884,6.0,0.0
noise_taxonomy,7,critical_cell_entropy,8,24,12,64,mixed,false_negative,0.05,uniform,0.5,0.5,1.2652030389153024,65.26520303891529,8.0,0.0
noise_taxonomy,7,contact_equivalence,4,24,12,64,mixed,false_negative,0.05,uniform,0.9166666666666666,0.08333333333333333,0.46257451859907434,64.46257451859907,4.0,0.0
noise_taxonomy,7,contact_equivalence,6,24,12,64,mixed,false_negative,0.05,uniform,0.9583333333333334,0.041666666666666664,0.17547850174028956,64.17547850174029,6.0,0.0
noise_taxonomy,7,contact_equivalence,8,24,12,64,mixed,false_negative,0.05,uniform,1.0,0.0,0.012556392309367904,64.01255639230938,8.0,0.0
noise_taxonomy,7,expected_regret,4,24,12,64,mixed,false_negative,0.05,uniform,0.7916666666666666,0.20833333333333334,0.5547350921063947,64.5547350921064,4.0,0.0
noise_taxonomy,7,expected_regret,6,24,12,64,mixed,false_negative,0.05,uniform,0.9583333333333334,0.041666666666666664,0.12843595917946812,64.12843595917947,6.0,0.0
noise_taxonomy,7,expected_regret,8,24,12,64,mixed,false_negative,0.05,uniform,0.9583333333333334,0.041666666666666664,0.07914599075491839,64.07914599075492,8.0,0.0
noise_taxonomy,7,sampled_equivalence,4,24,12,64,mixed,false_negative,0.05,uniform,0.8333333333333334,0.16666666666666666,0.39812829954802514,64.39812829954802,4.0,0.0
noise_taxonomy,7,sampled_equivalence,6,24,12,64,mixed,false_negative,0.05,uniform,0.9583333333333334,0.041666666666666664,0.1077067708633815,64.10770677086339,6.0,0.0
noise_taxonomy,7,sampled_equivalence,8,24,12,64,mixed,false_negative,0.05,uniform,1.0,0.0,0.03360839606160596,64.03360839606161,8.0,0.0
noise_taxonomy,8,dense_contact_only,4,24,12,64,mixed,false_negative,0.05,uniform,0.875,0.125,0.5756029472528502,64.57560294725285,4.0,0.0
noise_taxonomy,8,dense_contact_only,6,24,12,64,mixed,false_negative,0.05,uniform,0.875,0.125,0.27340875646520013,64.2734087564652,6.0,0.0
noise_taxonomy,8,dense_contact_only,8,24,12,64,mixed,false_negative,0.05,uniform,0.9166666666666666,0.08333333333333333,0.29874687506009634,64.2987468750601,8.0,0.0
noise_taxonomy,8,critical_cell_entropy,4,24,12,64,mixed,false_negative,0.05,uniform,0.5,0.5,1.9631479938086425,65.96314799380863,4.0,0.0
noise_taxonomy,8,critical_cell_entropy,6,24,12,64,mixed,false_negative,0.05,uniform,0.5833333333333334,0.4166666666666667,1.3113640505025022,65.31136405050249,6.0,0.0
noise_taxonomy,8,critical_cell_entropy,8,24,12,64,mixed,false_negative,0.05,uniform,0.7916666666666666,0.20833333333333334,0.9489022791864768,64.94890227918647,8.0,0.0
noise_taxonomy,8,contact_equivalence,4,24,12,64,mixed,false_negative,0.05,uniform,0.9166666666666666,0.08333333333333333,0.41498202243624877,64.41498202243623,4.0,0.0
noise_taxonomy,8,contact_equivalence,6,24,12,64,mixed,false_negative,0.05,uniform,1.0,0.0,0.09793025472491057,64.09793025472491,6.0,0.0
noise_taxonomy,8,contact_equivalence,8,24,12,64,mixed,false_negative,0.05,uniform,1.0,0.0,0.022100253242941837,64.02210025324294,8.0,0.0
noise_taxonomy,8,expected_regret,4,24,12,64,mixed,false_negative,0.05,uniform,0.7083333333333334,0.2916666666666667,0.8282286430875893,64.82822864308757,4.0,0.0
noise_taxonomy,8,expected_regret,6,24,12,64,mixed,false_negative,0.05,uniform,0.9583333333333334,0.041666666666666664,0.2192449807204723,64.21924498072048,6.0,0.0
noise_taxonomy,8,expected_regret,8,24,12,64,mixed,false_negative,0.05,uniform,1.0,0.0,0.03697565957854747,64.03697565957857,8.0,0.0
noise_taxonomy,8,sampled_equivalence,4,24,12,64,mixed,false_negative,0.05,uniform,0.875,0.125,0.5541614609943978,64.5541614609944,4.0,0.0
noise_taxonomy,8,sampled_equivalence,6,24,12,64,mixed,false_negative,0.05,uniform,0.875,0.125,0.25273757538105235,64.25273757538106,6.0,0.0
noise_taxonomy,8,sampled_equivalence,8,24,12,64,mixed,false_negative,0.05,uniform,0.9583333333333334,0.041666666666666664,0.22470552578146016,64.22470552578146,8.0,0.0
noise_taxonomy,9,dense_contact_only,4,24,12,64,mixed,false_negative,0.05,uniform,0.9166666666666666,0.08333333333333333,0.32197261107302405,64.32197261107302,4.0,0.0
noise_taxonomy,9,dense_contact_only,6,24,12,64,mixed,false_negative,0.05,uniform,0.9583333333333334,0.041666666666666664,0.11358330378395766,64.11358330378395,6.0,0.0
noise_taxonomy,9,dense_contact_only,8,24,12,64,mixed,false_negative,0.05,uniform,1.0,0.0,0.0,64.0,8.0,0.0
noise_taxonomy,9,critical_cell_entropy,4,24,12,64,mixed,false_negative,0.05,uniform,0.375,0.625,2.0940245267292186,66.0940245267292,4.0,0.0
noise_taxonomy,9,critical_cell_entropy,6,24,12,64,mixed,false_negative,0.05,uniform,0.5833333333333334,0.4166666666666667,1.3113640505025022,65.31136405050249,6.0,0.0
noise_taxonomy,9,critical_cell_entropy,8,24,12,64,mixed,false_negative,0.05,uniform,0.875,0.125,0.9489022791864768,64.94890227918647,8.0,0.0
noise_taxonomy,9,contact_equivalence,4,24,12,64,mixed,false_negative,0.05,uniform,0.9583333333333334,0.041666666666666664,0.2567858497456913,64.25678584974567,4.0,0.0
noise_taxonomy,9,contact_equivalence,6,24,12,64,mixed,false_negative,0.05,uniform,0.9166666666666666,0.08333333333333333,0.09508639917448565,64.09508639917449,6.0,0.0
noise_taxonomy,9,contact_equivalence,8,24,12,64,mixed,false_negative,0.05,uniform,1.0,0.0,0.0,64.0,8.0,0.0
noise_taxonomy,9,expected_regret,4,24,12,64,mixed,false_negative,0.05,uniform,0.7916666666666666,0.20833333333333334,0.8367368113876599,64.83673681138765,4.0,0.0
noise_taxonomy,9,expected_regret,6,24,12,64,mixed,false_negative,0.05,uniform,1.0,0.0,0.22015853078521416,64.22015853078521,6.0,0.0
noise_taxonomy,9,expected_regret,8,24,12,64,mixed,false_negative,0.05,uniform,1.0,0.0,0.0347627160418333,64.03476271604184,8.0,0.0
noise_taxonomy,9,sampled_equivalence,4,24,12,64,mixed,false_negative,0.05,uniform,0.9166666666666666,0.08333333333333333,0.4003986030761408,64.40039860307614,4.0,0.0
noise_taxonomy,9,sampled_equivalence,6,24,12,64,mixed,false_negative,0.05,uniform,0.9583333333333334,0.041666666666666664,0.05526646619594847,64.05526646619595,6.0,0.0
noise_taxonomy,9,sampled_equivalence,8,24,12,64,mixed,false_negative,0.05,uniform,0.9583333333333334,0.041666666666666664,0.041666666666666664,64.04166666666667,8.0,0.0
noise_taxonomy,0,dense_contact_only,4,24,12,64,mixed,false_negative,0.1,uniform,0.75,0.25,0.8526899514683164,64.8526899514683,4.0,0.0
noise_taxonomy,0,dense_contact_only,6,24,12,64,mixed,false_negative,0.1,uniform,0.875,0.125,0.31533630347897734,64.31533630347897,6.0,0.0
noise_taxonomy,0,dense_contact_only,8,24,12,64,mixed,false_negative,0.1,uniform,0.9583333333333334,0.041666666666666664,0.18340214954317405,64.18340214954317,8.0,0.0
noise_taxonomy,0,critical_cell_entropy,4,24,12,64,mixed,false_negative,0.1,uniform,0.25,0.75,2.4214322850216683,66.42143228502168,4.0,0.0
noise_taxonomy,0,critical_cell_entropy,6,24,12,64,mixed,false_negative,0.1,uniform,0.7083333333333334,0.2916666666666667,1.2601914531844456,65.26019145318443,6.0,0.0
noise_taxonomy,0,critical_cell_entropy,8,24,12,64,mixed,false_negative,0.1,uniform,0.625,0.375,1.0562584081181325,65.05625840811814,8.0,0.0
noise_taxonomy,0,contact_equivalence,4,24,12,64,mixed,false_negative,0.1,uniform,0.7916666666666666,0.20833333333333334,0.8033141219628063,64.8033141219628,4.0,0.0
noise_taxonomy,0,contact_equivalence,6,24,12,64,mixed,false_negative,0.1,uniform,0.875,0.125,0.38136161186660633,64.38136161186661,6.0,0.0
noise_taxonomy,0,contact_equivalence,8,24,12,64,mixed,false_negative,0.1,uniform,0.9166666666666666,0.08333333333333333,0.2327067708633815,64.23270677086337,8.0,0.0
noise_taxonomy,0,expected_regret,4,24,12,64,mixed,false_negative,0.1,uniform,0.625,0.375,1.0311994611282391,65.03119946112825,4.0,0.0
noise_taxonomy,0,expected_regret,6,24,12,64,mixed,false_negative,0.1,uniform,0.875,0.125,0.3148797360396314,64.31487973603964,6.0,0.0
noise_taxonomy,0,expected_regret,8,24,12,64,mixed,false_negative,0.1,uniform,1.0,0.0,0.09845227082890155,64.0984522708289,8.0,0.0
noise_taxonomy,0,sampled_equivalence,4,24,12,64,mixed,false_negative,0.1,uniform,0.625,0.375,0.9815379696506055,64.9815379696506,4.0,0.0
noise_taxonomy,0,sampled_equivalence,6,24,12,64,mixed,false_negative,0.1,uniform,0.8333333333333334,0.16666666666666666,0.4164838858974527,64.41648388589745,6.0,0.0
noise_taxonomy,0,sampled_equivalence,8,24,12,64,mixed,false_negative,0.1,uniform,0.9583333333333334,0.041666666666666664,0.15359625408398825,64.153596254084,8.0,0.0
noise_taxonomy,1,dense_contact_only,4,24,12,64,mixed,false_negative,0.1,uniform,0.75,0.25,0.9918608739863517,64.99186087398635,4.0,0.0
noise_taxonomy,1,dense_contact_only,6,24,12,64,mixed,false_negative,0.1,uniform,0.7916666666666666,0.20833333333333334,0.5099640716913981,64.50996407169139,6.0,0.0
noise_taxonomy,1,dense_contact_only,8,24,12,64,mixed,false_negative,0.1,uniform,0.9583333333333334,0.041666666666666664,0.1616247489101261,64.16162474891013,8.0,0.0
noise_taxonomy,1,critical_cell_entropy,4,24,12,64,mixed,false_negative,0.1,uniform,0.4583333333333333,0.5416666666666666,2.017860237518057,66.01786023751808,4.0,0.0
noise_taxonomy,1,critical_cell_entropy,6,24,12,64,mixed,false_negative,0.1,uniform,0.4583333333333333,0.5416666666666666,1.6382488891397795,65.63824888913976,6.0,0.0
noise_taxonomy,1,critical_cell_entropy,8,24,12,64,mixed,false_negative,0.1,uniform,0.5416666666666666,0.4583333333333333,1.2909824988110508,65.29098249881106,8.0,0.0
noise_taxonomy,1,contact_equivalence,4,24,12,64,mixed,false_negative,0.1,uniform,0.7916666666666666,0.20833333333333334,0.7825914707408542,64.78259147074085,4.0,0.0
noise_taxonomy,1,contact_equivalence,6,24,12,64,mixed,false_negative,0.1,uniform,0.9166666666666666,0.08333333333333333,0.23474506150027064,64.23474506150028,6.0,0.0
noise_taxonomy,1,contact_equivalence,8,24,12,64,mixed,false_negative,0.1,uniform,1.0,0.0,0.06853233246917309,64.06853233246918,8.0,0.0
noise_taxonomy,1,expected_regret,4,24,12,64,mixed,false_negative,0.1,uniform,0.75,0.25,0.9517857825516131,64.95178578255162,4.0,0.0
noise_taxonomy,1,expected_regret,6,24,12,64,mixed,false_negative,0.1,uniform,0.8333333333333334,0.16666666666666666,0.32613497058069657,64.32613497058072,6.0,0.0
noise_taxonomy,1,expected_regret,8,24,12,64,mixed,false_negative,0.1,uniform,0.9583333333333334,0.041666666666666664,0.09392444956238767,64.0939244495624,8.0,0.0
noise_taxonomy,1,sampled_equivalence,4,24,12,64,mixed,false_negative,0.1,uniform,0.75,0.25,0.9578466227566641,64.95784662275666,4.0,0.0
noise_taxonomy,1,sampled_equivalence,6,24,12,64,mixed,false_negative,0.1,uniform,0.8333333333333334,0.16666666666666666,0.24827705396381794,64.24827705396382,6.0,0.0
noise_taxonomy,1,sampled_equivalence,8,24,12,64,mixed,false_negative,0.1,uniform,0.9583333333333334,0.041666666666666664,0.1935087280046173,64.19350872800462,8.0,0.0
noise_taxonomy,2,dense_contact_only,4,24,12,64,mixed,false_negative,0.1,uniform,0.75,0.25,0.7432994767484251,64.74329947674842,4.0,0.0
noise_taxonomy,2,dense_contact_only,6,24,12,64,mixed,false_negative,0.1,uniform,0.9166666666666666,0.08333333333333333,0.4584751052766752,64.45847510527668,6.0,0.0
noise_taxonomy,2,dense_contact_only,8,24,12,64,mixed,false_negative,0.1,uniform,1.0,0.0,0.0,64.0,8.0,0.0
noise_taxonomy,2,critical_cell_entropy,4,24,12,64,mixed,false_negative,0.1,uniform,0.5,0.5,2.017860237518057,66.01786023751808,4.0,0.0
noise_taxonomy,2,critical_cell_entropy,6,24,12,64,mixed,false_negative,0.1,uniform,0.5833333333333334,0.4166666666666667,1.7642680344582242,65.76426803445821,6.0,0.0
noise_taxonomy,2,critical_cell_entropy,8,24,12,64,mixed,false_negative,0.1,uniform,0.5,0.5,1.5257065895039694,65.52570658950398,8.0,0.0
noise_taxonomy,2,contact_equivalence,4,24,12,64,mixed,false_negative,0.1,uniform,0.7916666666666666,0.20833333333333334,0.6245965373314722,64.62459653733147,4.0,0.0
noise_taxonomy,2,contact_equivalence,6,24,12,64,mixed,false_negative,0.1,uniform,1.0,0.0,0.20879265897323393,64.20879265897324,6.0,0.0
noise_taxonomy,2,contact_equivalence,8,24,12,64,mixed,false_negative,0.1,uniform,1.0,0.0,0.000949816885842693,64.00094981688584,8.0,0.0
noise_taxonomy,2,expected_regret,4,24,12,64,mixed,false_negative,0.1,uniform,0.75,0.25,0.904736527930436,64.90473652793045,4.0,0.0
noise_taxonomy,2,expected_regret,6,24,12,64,mixed,false_negative,0.1,uniform,1.0,0.0,0.28094926315380425,64.28094926315381,6.0,0.0
noise_taxonomy,2,expected_regret,8,24,12,64,mixed,false_negative,0.1,uniform,1.0,0.0,0.13349102269789187,64.1334910226979,8.0,0.0
noise_taxonomy,2,sampled_equivalence,4,24,12,64,mixed,false_negative,0.1,uniform,0.9583333333333334,0.041666666666666664,0.5487539232422994,64.5487539232423,4.0,0.0
noise_taxonomy,2,sampled_equivalence,6,24,12,64,mixed,false_negative,0.1,uniform,0.9583333333333334,0.041666666666666664,0.05119068250120381,64.0511906825012,6.0,0.0
noise_taxonomy,2,sampled_equivalence,8,24,12,64,mixed,false_negative,0.1,uniform,1.0,0.0,0.0,64.0,8.0,0.0
noise_taxonomy,3,dense_contact_only,4,24,12,64,mixed,false_negative,0.1,uniform,0.8333333333333334,0.16666666666666666,0.8815936703186211,64.88159367031862,4.0,0.0
noise_taxonomy,3,dense_contact_only,6,24,12,64,mixed,false_negative,0.1,uniform,0.8333333333333334,0.16666666666666666,0.44392396749468327,64.44392396749468,6.0,0.0
noise_taxonomy,3,dense_contact_only,8,24,12,64,mixed,false_negative,0.1,uniform,0.9583333333333334,0.041666666666666664,0.19107570828936618,64.19107570828936,8.0,0.0
noise_taxonomy,3,critical_cell_entropy,4,24,12,64,mixed,false_negative,0.1,uniform,0.4583333333333333,0.5416666666666666,2.5559563008562054,66.55595630085622,4.0,0.0
noise_taxonomy,3,critical_cell_entropy,6,24,12,64,mixed,false_negative,0.1,uniform,0.5833333333333334,0.4166666666666667,1.5122297438213348,65.51222974382132,6.0,0.0
noise_taxonomy,3,critical_cell_entropy,8,24,12,64,mixed,false_negative,0.1,uniform,0.7083333333333334,0.2916666666666667,0.9388963627716733,64.93889636277167,8.0,0.0
noise_taxonomy,3,contact_equivalence,4,24,12,64,mixed,false_negative,0.1,uniform,1.0,0.0,0.2034338319473982,64.2034338319474,4.0,0.0
noise_taxonomy,3,contact_equivalence,6,24,12,64,mixed,false_negative,0.1,uniform,1.0,0.0,0.0,64.0,6.0,0.0
noise_taxonomy,3,contact_equivalence,8,24,12,64,mixed,false_negative,0.1,uniform,1.0,0.0,0.0,64.0,8.0,0.0
noise_taxonomy,3,expected_regret,4,24,12,64,mixed,false_negative,0.1,uniform,0.7916666666666666,0.20833333333333334,0.77936428738595,64.77936428738595,4.0,0.0
noise_taxonomy,3,expected_regret,6,24,12,64,mixed,false_negative,0.1,uniform,0.9166666666666666,0.08333333333333333,0.3057564151202677,64.30575641512029,6.0,0.0
noise_taxonomy,3,expected_regret,8,24,12,64,mixed,false_negative,0.1,uniform,0.9583333333333334,0.041666666666666664,0.10898888308462425,64.10898888308463,8.0,0.0
noise_taxonomy,3,sampled_equivalence,4,24,12,64,mixed,false_negative,0.1,uniform,0.8333333333333334,0.16666666666666666,0.6566913095788455,64.65669130957885,4.0,0.0
noise_taxonomy,3,sampled_equivalence,6,24,12,64,mixed,false_negative,0.1,uniform,0.9583333333333334,0.041666666666666664,0.21587512160763186,64.21587512160764,6.0,0.0
noise_taxonomy,3,sampled_equivalence,8,24,12,64,mixed,false_negative,0.1,uniform,0.9583333333333334,0.041666666666666664,0.11375303812928078,64.11375303812929,8.0,0.0
noise_taxonomy,4,dense_contact_only,4,24,12,64,mixed,false_negative,0.1,uniform,0.75,0.25,0.9323578652082546,64.93235786520823,4.0,0.0
noise_taxonomy,4,dense_contact_only,6,24,12,64,mixed,false_negative,0.1,uniform,0.875,0.125,0.513441820260036,64.51344182026003,6.0,0.0
noise_taxonomy,4,dense_contact_only,8,24,12,64,mixed,false_negative,0.1,uniform,1.0,0.0,0.01831237445506306,64.01831237445506,8.0,0.0
noise_taxonomy,4,critical_cell_entropy,4,24,12,64,mixed,false_negative,0.1,uniform,0.5416666666666666,0.4583333333333333,1.4797641741799084,65.47976417417992,4.0,0.0
noise_taxonomy,4,critical_cell_entropy,6,24,12,64,mixed,false_negative,0.1,uniform,0.6666666666666666,0.3333333333333333,1.134172307866001,65.134172307866,6.0,0.0
noise_taxonomy,4,critical_cell_entropy,8,24,12,64,mixed,false_negative,0.1,uniform,0.875,0.125,0.5868102267322959,64.58681022673231,8.0,0.0
noise_taxonomy,4,contact_equivalence,4,24,12,64,mixed,false_negative,0.1,uniform,0.875,0.125,0.5365786390862989,64.53657863908631,4.0,0.0
noise_taxonomy,4,contact_equivalence,6,24,12,64,mixed,false_negative,0.1,uniform,0.9166666666666666,0.08333333333333333,0.2710863223059634,64.27108632230598,6.0,0.0
noise_taxonomy,4,contact_equivalence,8,24,12,64,mixed,false_negative,0.1,uniform,0.9583333333333334,0.041666666666666664,0.04170227075931802,64.04170227075932,8.0,0.0
noise_taxonomy,4,expected_regret,4,24,12,64,mixed,false_negative,0.1,uniform,0.75,0.25,1.218177527122704,65.2181775271227,4.0,0.0
noise_taxonomy,4,expected_regret,6,24,12,64,mixed,false_negative,0.1,uniform,0.9166666666666666,0.08333333333333333,0.4215699506352543,64.42156995063526,6.0,0.0
noise_taxonomy,4,expected_regret,8,24,12,64,mixed,false_negative,0.1,uniform,0.9583333333333334,0.041666666666666664,0.17808139576818696,64.17808139576819,8.0,0.0
noise_taxonomy,4,sampled_equivalence,4,24,12,64,mixed,false_negative,0.1,uniform,0.8333333333333334,0.16666666666666666,0.3770094863644929,64.3770094863645,4.0,0.0
noise_taxonomy,4,sampled_equivalence,6,24,12,64,mixed,false_negative,0.1,uniform,1.0,0.0,0.13567441980152226,64.13567441980153,6.0,0.0
noise_taxonomy,4,sampled_equivalence,8,24,12,64,mixed,false_negative,0.1,uniform,1.0,0.0,0.0,64.0,8.0,0.0
noise_taxonomy,5,dense_contact_only,4,24,12,64,mixed,false_negative,0.1,uniform,0.875,0.125,0.4395462880244397,64.43954628802443,4.0,0.0
noise_taxonomy,5,dense_contact_only,6,24,12,64,mixed,false_negative,0.1,uniform,0.9583333333333334,0.041666666666666664,0.15037778703940688,64.1503777870394,6.0,0.0
noise_taxonomy,5,dense_contact_only,8,24,12,64,mixed,false_negative,0.1,uniform,0.9583333333333334,0.041666666666666664,0.1498483459729695,64.14984834597297,8.0,0.0
noise_taxonomy,5,critical_cell_entropy,4,24,12,64,mixed,false_negative,0.1,uniform,0.4583333333333333,0.5416666666666666,1.8833362216835197,65.88333622168354,4.0,0.0
noise_taxonomy,5,critical_cell_entropy,6,24,12,64,mixed,false_negative,0.1,uniform,0.6666666666666666,0.3333333333333333,1.2601914531844456,65.26019145318443,6.0,0.0
noise_taxonomy,5,critical_cell_entropy,8,24,12,64,mixed,false_negative,0.1,uniform,0.875,0.125,0.5868102267322959,64.58681022673231,8.0,0.0
noise_taxonomy,5,contact_equivalence,4,24,12,64,mixed,false_negative,0.1,uniform,0.8333333333333334,0.16666666666666666,0.8796238218027134,64.87962382180272,4.0,0.0
noise_taxonomy,5,contact_equivalence,6,24,12,64,mixed,false_negative,0.1,uniform,0.875,0.125,0.26416041678685936,64.26416041678686,6.0,0.0
noise_taxonomy,5,contact_equivalence,8,24,12,64,mixed,false_negative,0.1,uniform,0.9583333333333334,0.041666666666666664,0.06805742402625174,64.06805742402625,8.0,0.0
noise_taxonomy,5,expected_regret,4,24,12,64,mixed,false_negative,0.1,uniform,0.7916666666666666,0.20833333333333334,0.9260719526244273,64.92607195262444,4.0,0.0
noise_taxonomy,5,expected_regret,6,24,12,64,mixed,false_negative,0.1,uniform,0.875,0.125,0.39622524349749844,64.39622524349751,6.0,0.0
noise_taxonomy,5,expected_regret,8,24,12,64,mixed,false_negative,0.1,uniform,0.9583333333333334,0.041666666666666664,0.16773441535009861,64.1677344153501,8.0,0.0
noise_taxonomy,5,sampled_equivalence,4,24,12,64,mixed,false_negative,0.1,uniform,0.8333333333333334,0.16666666666666666,0.7803791436802195,64.78037914368022,4.0,0.0
noise_taxonomy,5,sampled_equivalence,6,24,12,64,mixed,false_negative,0.1,uniform,0.7916666666666666,0.20833333333333334,0.47915670239846103,64.47915670239847,6.0,0.0
noise_taxonomy,5,sampled_equivalence,8,24,12,64,mixed,false_negative,0.1,uniform,0.9583333333333334,0.041666666666666664,0.06604010419671484,64.06604010419672,8.0,0.0
noise_taxonomy,6,dense_contact_only,4,24,12,64,mixed,false_negative,0.1,uniform,0.875,0.125,0.5565391133052204,64.55653911330522,4.0,0.0
noise_taxonomy,6,dense_contact_only,6,24,12,64,mixed,false_negative,0.1,uniform,0.875,0.125,0.21961215170032625,64.21961215170033,6.0,0.0
noise_taxonomy,6,dense_contact_only,8,24,12,64,mixed,false_negative,0.1,uniform,1.0,0.0,0.0,64.0,8.0,0.0
noise_taxonomy,6,critical_cell_entropy,4,24,12,64,mixed,false_negative,0.1,uniform,0.5416666666666666,0.4583333333333333,1.7488122058489826,65.748812205849,4.0,0.0
noise_taxonomy,6,critical_cell_entropy,6,24,12,64,mixed,false_negative,0.1,uniform,0.6666666666666666,0.3333333333333333,1.134172307866001,65.134172307866,6.0,0.0
noise_taxonomy,6,critical_cell_entropy,8,24,12,64,mixed,false_negative,0.1,uniform,0.75,0.25,0.8215343174252142,64.82153431742522,8.0,0.0
noise_taxonomy,6,contact_equivalence,4,24,12,64,mixed,false_negative,0.1,uniform,0.875,0.125,0.6748490957848214,64.67484909578482,4.0,0.0
noise_taxonomy,6,contact_equivalence,6,24,12,64,mixed,false_negative,0.1,uniform,0.875,0.125,0.3665121901710953,64.3665121901711,6.0,0.0
noise_taxonomy,6,contact_equivalence,8,24,12,64,mixed,false_negative,0.1,uniform,1.0,0.0,0.01831237445506306,64.01831237445506,8.0,0.0
noise_taxonomy,6,expected_regret,4,24,12,64,mixed,false_negative,0.1,uniform,0.7083333333333334,0.2916666666666667,0.8224309607263668,64.82243096072638,4.0,0.0
noise_taxonomy,6,expected_regret,6,24,12,64,mixed,false_negative,0.1,uniform,0.8333333333333334,0.16666666666666666,0.256804309165583,64.25680430916559,6.0,0.0
noise_taxonomy,6,expected_regret,8,24,12,64,mixed,false_negative,0.1,uniform,0.9583333333333334,0.041666666666666664,0.08812130452595805,64.08812130452597,8.0,0.0
noise_taxonomy,6,sampled_equivalence,4,24,12,64,mixed,false_negative,0.1,uniform,0.7916666666666666,0.20833333333333334,0.8507217348321031,64.8507217348321,4.0,0.0
noise_taxonomy,6,sampled_equivalence,6,24,12,64,mixed,false_negative,0.1,uniform,0.7916666666666666,0.20833333333333334,0.48068535894403447,64.48068535894403,6.0,0.0
noise_taxonomy,6,sampled_equivalence,8,24,12,64,mixed,false_negative,0.1,uniform,0.9583333333333334,0.041666666666666664,0.1773410864681889,64.17734108646819,8.0,0.0
noise_taxonomy,7,dense_contact_only,4,24,12,64,mixed,false_negative,0.1,uniform,0.7083333333333334,0.2916666666666667,1.2901477114779163,65.29014771147791,4.0,0.0
noise_taxonomy,7,dense_contact_only,6,24,12,64,mixed,false_negative,0.1,uniform,0.875,0.125,0.6123454366938058,64.61234543669381,6.0,0.0
noise_taxonomy,7,dense_contact_only,8,24,12,64,mixed,false_negative,0.1,uniform,0.9583333333333334,0.041666666666666664,0.16008346142422178,64.16008346142422,8.0,0.0
noise_taxonomy,7,critical_cell_entropy,4,24,12,64,mixed,false_negative,0.1,uniform,0.2916666666666667,0.7083333333333334,2.6904803166907425,66.69048031669077,4.0,0.0
noise_taxonomy,7,critical_cell_entropy,6,24,12,64,mixed,false_negative,0.1,uniform,0.5833333333333334,0.4166666666666667,1.890287179776669,65.89028717977665,6.0,0.0
noise_taxonomy,7,critical_cell_entropy,8,24,12,64,mixed,false_negative,0.1,uniform,0.5,0.5,1.5257065895039694,65.52570658950397,8.0,0.0
noise_taxonomy,7,contact_equivalence,4,24,12,64,mixed,false_negative,0.1,uniform,0.875,0.125,0.727654347375665,64.72765434737566,4.0,0.0
noise_taxonomy,7,contact_equivalence,6,24,12,64,mixed,false_negative,0.1,uniform,0.875,0.125,0.3153363034789773,64.31533630347899,6.0,0.0
noise_taxonomy,7,contact_equivalence,8,24,12,64,mixed,false_negative,0.1,uniform,0.9166666666666666,0.08333333333333333,0.215413541726763,64.21541354172676,8.0,0.0
noise_taxonomy,7,expected_regret,4,24,12,64,mixed,false_negative,0.1,uniform,0.7083333333333334,0.2916666666666667,0.7085929603531604,64.70859296035316,4.0,0.0
noise_taxonomy,7,expected_regret,6,24,12,64,mixed,false_negative,0.1,uniform,0.9583333333333334,0.041666666666666664,0.20836479171111577,64.20836479171112,6.0,0.0
noise_taxonomy,7,expected_regret,8,24,12,64,mixed,false_negative,0.1,uniform,0.9583333333333334,0.041666666666666664,0.1098724543985005,64.1098724543985,8.0,0.0
noise_taxonomy,7,sampled_equivalence,4,24,12,64,mixed,false_negative,0.1,uniform,0.7083333333333334,0.2916666666666667,0.8625265452153092,64.86252654521532,4.0,0.0
noise_taxonomy,7,sampled_equivalence,6,24,12,64,mixed,false_negative,0.1,uniform,0.875,0.125,0.37194386922761885,64.37194386922762,6.0,0.0
noise_taxonomy,7,sampled_equivalence,8,24,12,64,mixed,false_negative,0.1,uniform,1.0,0.0,0.17459899511356228,64.17459899511357,8.0,0.0
noise_taxonomy,8,dense_contact_only,4,24,12,64,mixed,false_negative,0.1,uniform,0.7916666666666666,0.20833333333333334,0.9663865772213801,64.96638657722137,4.0,0.0
noise_taxonomy,8,dense_contact_only,6,24,12,64,mixed,false_negative,0.1,uniform,0.7916666666666666,0.20833333333333334,0.491651697236335,64.49165169723634,6.0,0.0
noise_taxonomy,8,dense_contact_only,8,24,12,64,mixed,false_negative,0.1,uniform,0.875,0.125,0.3744778578325403,64.37447785783253,8.0,0.0
noise_taxonomy,8,critical_cell_entropy,4,24,12,64,mixed,false_negative,0.1,uniform,0.375,0.625,2.4214322850216683,66.42143228502168,4.0,0.0
noise_taxonomy,8,critical_cell_entropy,6,24,12,64,mixed,false_negative,0.1,uniform,0.375,0.625,2.0163063250951136,66.0163063250951,6.0,0.0
noise_taxonomy,8,critical_cell_entropy,8,24,12,64,mixed,false_negative,0.1,uniform,0.7083333333333334,0.2916666666666667,1.0562584081181325,65.05625840811814,8.0,0.0
noise_taxonomy,8,contact_equivalence,4,24,12,64,mixed,false_negative,0.1,uniform,0.7916666666666666,0.20833333333333334,0.8632575589918847,64.86325755899189,4.0,0.0
noise_taxonomy,8,contact_equivalence,6,24,12,64,mixed,false_negative,0.1,uniform,0.875,0.125,0.4401627308216121,64.44016273082161,6.0,0.0
noise_taxonomy,8,contact_equivalence,8,24,12,64,mixed,false_negative,0.1,uniform,0.9166666666666666,0.08333333333333333,0.12601914531844458,64.12601914531844,8.0,0.0
noise_taxonomy,8,expected_regret,4,24,12,64,mixed,false_negative,0.1,uniform,0.625,0.375,0.8463213446129026,64.84632134461292,4.0,0.0
noise_taxonomy,8,expected_regret,6,24,12,64,mixed,false_negative,0.1,uniform,0.9583333333333334,0.041666666666666664,0.2884633957811882,64.28846339578119,6.0,0.0
noise_taxonomy,8,expected_regret,8,24,12,64,mixed,false_negative,0.1,uniform,0.9583333333333334,0.041666666666666664,0.13630255594977905,64.13630255594977,8.0,0.0
noise_taxonomy,8,sampled_equivalence,4,24,12,64,mixed,false_negative,0.1,uniform,0.8333333333333334,0.16666666666666666,0.661080407565272,64.66108040756528,4.0,0.0
noise_taxonomy,8,sampled_equivalence,6,24,12,64,mixed,false_negative,0.1,uniform,0.8333333333333334,0.16666666666666666,0.4295637190725148,64.42956371907252,6.0,0.0
noise_taxonomy,8,sampled_equivalence,8,24,12,64,mixed,false_negative,0.1,uniform,0.9583333333333334,0.041666666666666664,0.21720542218482342,64.21720542218482,8.0,0.0
noise_taxonomy,9,dense_contact_only,4,24,12,64,mixed,false_negative,0.1,uniform,0.8333333333333334,0.16666666666666666,0.59659328430068,64.59659328430068,4.0,0.0
noise_taxonomy,9,dense_contact_only,6,24,12,64,mixed,false_negative,0.1,uniform,0.9583333333333334,0.041666666666666664,0.25277394785090035,64.2527739478509,6.0,0.0
noise_taxonomy,9,dense_contact_only,8,24,12,64,mixed,false_negative,0.1,uniform,1.0,0.0,0.03402871201312587,64.03402871201313,8.0,0.0
noise_taxonomy,9,critical_cell_entropy,4,24,12,64,mixed,false_negative,0.1,uniform,0.2916666666666667,0.7083333333333334,2.4214322850216683,66.42143228502168,4.0,0.0
noise_taxonomy,9,critical_cell_entropy,6,24,12,64,mixed,false_negative,0.1,uniform,0.4166666666666667,0.5833333333333334,2.0163063250951136,66.01630632509509,6.0,0.0
noise_taxonomy,9,critical_cell_entropy,8,24,12,64,mixed,false_negative,0.1,uniform,0.5416666666666666,0.4583333333333333,1.40834454415751,65.40834454415752,8.0,0.0
noise_taxonomy,9,contact_equivalence,4,24,12,64,mixed,false_negative,0.1,uniform,0.9583333333333334,0.041666666666666664,0.530624388289268,64.53062438828927,4.0,0.0
noise_taxonomy,9,contact_equivalence,6,24,12,64,mixed,false_negative,0.1,uniform,0.9166666666666666,0.08333333333333333,0.1649437206304846,64.16494372063049,6.0,0.0
noise_taxonomy,9,contact_equivalence,8,24,12,64,mixed,false_negative,0.1,uniform,1.0,0.0,0.14937343753004817,64.14937343753006,8.0,0.0
noise_taxonomy,9,expected_regret,4,24,12,64,mixed,false_negative,0.1,uniform,0.625,0.375,0.9869645871480176,64.98696458714802,4.0,0.0
noise_taxonomy,9,expected_regret,6,24,12,64,mixed,false_negative,0.1,uniform,0.8333333333333334,0.16666666666666666,0.42599270531643757,64.42599270531645,6.0,0.0
noise_taxonomy,9,expected_regret,8,24,12,64,mixed,false_negative,0.1,uniform,0.9166666666666666,0.08333333333333333,0.17961955634071602,64.17961955634073,8.0,0.0
noise_taxonomy,9,sampled_equivalence,4,24,12,64,mixed,false_negative,0.1,uniform,0.6666666666666666,0.3333333333333333,0.742525447133226,64.74252544713322,4.0,0.0
noise_taxonomy,9,sampled_equivalence,6,24,12,64,mixed,false_negative,0.1,uniform,0.875,0.125,0.3407331008966194,64.34073310089663,6.0,0.0
noise_taxonomy,9,sampled_equivalence,8,24,12,64,mixed,false_negative,0.1,uniform,0.9583333333333334,0.041666666666666664,0.16768581198511123,64.16768581198511,8.0,0.0
noise_taxonomy,0,dense_contact_only,4,24,12,64,mixed,false_negative,0.2,uniform,0.5833333333333334,0.4166666666666667,1.2406070749197875,65.2406070749198,4.0,0.0
noise_taxonomy,0,dense_contact_only,6,24,12,64,mixed,false_negative,0.2,uniform,0.875,0.125,0.48025990277878083,64.48025990277877,6.0,0.0
noise_taxonomy,0,dense_contact_only,8,24,12,64,mixed,false_negative,0.2,uniform,0.9583333333333334,0.041666666666666664,0.19617498979420678,64.19617498979422,8.0,0.0
noise_taxonomy,0,critical_cell_entropy,4,24,12,64,mixed,false_negative,0.2,uniform,0.4583333333333333,0.5416666666666666,2.3719164263421333,66.37191642634211,4.0,0.0
noise_taxonomy,0,critical_cell_entropy,6,24,12,64,mixed,false_negative,0.2,uniform,0.5416666666666666,0.4583333333333333,1.4827014227526931,65.48270142275267,6.0,0.0
noise_taxonomy,0,critical_cell_entropy,8,24,12,64,mixed,false_negative,0.2,uniform,0.625,0.375,1.1808130703553439,65.18081307035534,8.0,0.0
noise_taxonomy,0,contact_equivalence,4,24,12,64,mixed,false_negative,0.2,uniform,0.5833333333333334,0.4166666666666667,1.1047955485234755,65.1047955485235,4.0,0.0
noise_taxonomy,0,contact_equivalence,6,24,12,64,mixed,false_negative,0.2,uniform,0.75,0.25,0.6593019158951977,64.6593019158952,6.0,0.0
noise_taxonomy,0,contact_equivalence,8,24,12,64,mixed,false_negative,0.2,uniform,0.8333333333333334,0.16666666666666666,0.40050544045646164,64.40050544045647,8.0,0.0
noise_taxonomy,0,expected_regret,4,24,12,64,mixed,false_negative,0.2,uniform,0.5416666666666666,0.4583333333333333,1.5073561191526066,65.50735611915262,4.0,0.0
noise_taxonomy,0,expected_regret,6,24,12,64,mixed,false_negative,0.2,uniform,0.8333333333333334,0.16666666666666666,0.5797068322947458,64.57970683229475,6.0,0.0
noise_taxonomy,0,expected_regret,8,24,12,64,mixed,false_negative,0.2,uniform,0.9166666666666666,0.08333333333333333,0.29258162515639347,64.2925816251564,8.0,0.0
noise_taxonomy,0,sampled_equivalence,4,24,12,64,mixed,false_negative,0.2,uniform,0.5,0.5,1.647981591705605,65.64798159170562,4.0,0.0
noise_taxonomy,0,sampled_equivalence,6,24,12,64,mixed,false_negative,0.2,uniform,0.7083333333333334,0.2916666666666667,0.9582662624249267,64.95826626242493,6.0,0.0
noise_taxonomy,0,sampled_equivalence,8,24,12,64,mixed,false_negative,0.2,uniform,0.7916666666666666,0.20833333333333334,0.7659314652515162,64.76593146525151,8.0,0.0
noise_taxonomy,1,dense_contact_only,4,24,12,64,mixed,false_negative,0.2,uniform,0.625,0.375,1.265691897495848,65.26569189749586,4.0,0.0
noise_taxonomy,1,dense_contact_only,6,24,12,64,mixed,false_negative,0.2,uniform,0.75,0.25,0.7176032408053262,64.71760324080533,6.0,0.0
noise_taxonomy,1,dense_contact_only,8,24,12,64,mixed,false_negative,0.2,uniform,0.875,0.125,0.29944882947851786,64.29944882947852,8.0,0.0
noise_taxonomy,1,critical_cell_entropy,4,24,12,64,mixed,false_negative,0.2,uniform,0.25,0.75,2.650965417676502,66.65096541767649,4.0,0.0
noise_taxonomy,1,critical_cell_entropy,6,24,12,64,mixed,false_negative,0.2,uniform,0.5,0.5,2.1566566149130084,66.15665661491299,6.0,0.0
noise_taxonomy,1,critical_cell_entropy,8,24,12,64,mixed,false_negative,0.2,uniform,0.5,0.5,1.8368203316638685,65.83682033166387,8.0,0.0
noise_taxonomy,1,contact_equivalence,4,24,12,64,mixed,false_negative,0.2,uniform,0.7083333333333334,0.2916666666666667,1.401838298830956,65.40183829883095,4.0,0.0
noise_taxonomy,1,contact_equivalence,6,24,12,64,mixed,false_negative,0.2,uniform,0.875,0.125,0.46354729815451007,64.46354729815452,6.0,0.0
noise_taxonomy,1,contact_equivalence,8,24,12,64,mixed,false_negative,0.2,uniform,0.9166666666666666,0.08333333333333333,0.23373350218204222,64.23373350218205,8.0,0.0
noise_taxonomy,1,expected_regret,4,24,12,64,mixed,false_negative,0.2,uniform,0.7083333333333334,0.2916666666666667,1.3266656324822763,65.32666563248229,4.0,0.0
noise_taxonomy,1,expected_regret,6,24,12,64,mixed,false_negative,0.2,uniform,0.875,0.125,0.7778216584021612,64.77782165840217,6.0,0.0
noise_taxonomy,1,expected_regret,8,24,12,64,mixed,false_negative,0.2,uniform,0.9166666666666666,0.08333333333333333,0.5114616114430358,64.51146161144304,8.0,0.0
noise_taxonomy,1,sampled_equivalence,4,24,12,64,mixed,false_negative,0.2,uniform,0.7083333333333334,0.2916666666666667,1.2371228269043741,65.23712282690438,4.0,0.0
noise_taxonomy,1,sampled_equivalence,6,24,12,64,mixed,false_negative,0.2,uniform,0.7916666666666666,0.20833333333333334,0.5032232487130465,64.50322324871304,6.0,0.0
noise_taxonomy,1,sampled_equivalence,8,24,12,64,mixed,false_negative,0.2,uniform,0.875,0.125,0.39452417343332485,64.39452417343333,8.0,0.0
noise_taxonomy,2,dense_contact_only,4,24,12,64,mixed,false_negative,0.2,uniform,0.625,0.375,1.1101529288552616,65.11015292885527,4.0,0.0
noise_taxonomy,2,dense_contact_only,6,24,12,64,mixed,false_negative,0.2,uniform,0.875,0.125,0.6650379085258984,64.66503790852589,6.0,0.0
noise_taxonomy,2,dense_contact_only,8,24,12,64,mixed,false_negative,0.2,uniform,0.9583333333333334,0.041666666666666664,0.13479103843206294,64.13479103843206,8.0,0.0
noise_taxonomy,2,critical_cell_entropy,4,24,12,64,mixed,false_negative,0.2,uniform,0.20833333333333334,0.7916666666666666,2.7904899133436865,66.79048991334365,4.0,0.0
noise_taxonomy,2,critical_cell_entropy,6,24,12,64,mixed,false_negative,0.2,uniform,0.3333333333333333,0.6666666666666666,2.2914476533450716,66.29144765334505,6.0,0.0
noise_taxonomy,2,critical_cell_entropy,8,24,12,64,mixed,false_negative,0.2,uniform,0.5833333333333334,0.4166666666666667,1.7056188794021636,65.70561887940217,8.0,0.0
noise_taxonomy,2,contact_equivalence,4,24,12,64,mixed,false_negative,0.2,uniform,0.75,0.25,1.3411243427181845,65.3411243427182,4.0,0.0
noise_taxonomy,2,contact_equivalence,6,24,12,64,mixed,false_negative,0.2,uniform,0.8333333333333334,0.16666666666666666,0.5091115012641932,64.5091115012642,6.0,0.0
noise_taxonomy,2,contact_equivalence,8,24,12,64,mixed,false_negative,0.2,uniform,0.9166666666666666,0.08333333333333333,0.40465558978534716,64.40465558978535,8.0,0.0
noise_taxonomy,2,expected_regret,4,24,12,64,mixed,false_negative,0.2,uniform,0.7083333333333334,0.2916666666666667,1.316172389134319,65.31617238913434,4.0,0.0
noise_taxonomy,2,expected_regret,6,24,12,64,mixed,false_negative,0.2,uniform,0.9583333333333334,0.041666666666666664,0.3750410641683706,64.37504106416837,6.0,0.0
noise_taxonomy,2,expected_regret,8,24,12,64,mixed,false_negative,0.2,uniform,1.0,0.0,0.1268964424315238,64.12689644243152,8.0,0.0
noise_taxonomy,2,sampled_equivalence,4,24,12,64,mixed,false_negative,0.2,uniform,0.6666666666666666,0.3333333333333333,1.1272857399102783,65.12728573991029,4.0,0.0
noise_taxonomy,2,sampled_equivalence,6,24,12,64,mixed,false_negative,0.2,uniform,0.8333333333333334,0.16666666666666666,0.5757831871430336,64.57578318714303,6.0,0.0
noise_taxonomy,2,sampled_equivalence,8,24,12,64,mixed,false_negative,0.2,uniform,0.9166666666666666,0.08333333333333333,0.21812437176539626,64.2181243717654,8.0,0.0
noise_taxonomy,3,dense_contact_only,4,24,12,64,mixed,false_negative,0.2,uniform,0.7083333333333334,0.2916666666666667,1.2478765762275057,65.24787657622751,4.0,0.0
noise_taxonomy,3,dense_contact_only,6,24,12,64,mixed,false_negative,0.2,uniform,0.8333333333333334,0.16666666666666666,0.5822997836988503,64.58229978369884,6.0,0.0
noise_taxonomy,3,dense_contact_only,8,24,12,64,mixed,false_negative,0.2,uniform,0.8333333333333334,0.16666666666666666,0.33717616629838004,64.33717616629839,8.0,0.0
noise_taxonomy,3,critical_cell_entropy,4,24,12,64,mixed,false_negative,0.2,uniform,0.4166666666666667,0.5833333333333334,1.9533429393405803,65.95334293934054,4.0,0.0
noise_taxonomy,3,critical_cell_entropy,6,24,12,64,mixed,false_negative,0.2,uniform,0.5833333333333334,0.4166666666666667,1.4827014227526931,65.48270142275267,6.0,0.0
noise_taxonomy,3,critical_cell_entropy,8,24,12,64,mixed,false_negative,0.2,uniform,0.75,0.25,1.049611618093639,65.04961161809365,8.0,0.0
noise_taxonomy,3,contact_equivalence,4,24,12,64,mixed,false_negative,0.2,uniform,0.625,0.375,1.1452645595071624,65.14526455950717,4.0,0.0
noise_taxonomy,3,contact_equivalence,6,24,12,64,mixed,false_negative,0.2,uniform,0.7916666666666666,0.20833333333333334,0.5321138069381114,64.53211380693811,6.0,0.0
noise_taxonomy,3,contact_equivalence,8,24,12,64,mixed,false_negative,0.2,uniform,0.8333333333333334,0.16666666666666666,0.4365016045292503,64.43650160452925,8.0,0.0
noise_taxonomy,3,expected_regret,4,24,12,64,mixed,false_negative,0.2,uniform,0.7083333333333334,0.2916666666666667,1.2096715353699101,65.2096715353699,4.0,0.0
noise_taxonomy,3,expected_regret,6,24,12,64,mixed,false_negative,0.2,uniform,0.9166666666666666,0.08333333333333333,0.5954722566488969,64.5954722566489,6.0,0.0
noise_taxonomy,3,expected_regret,8,24,12,64,mixed,false_negative,0.2,uniform,1.0,0.0,0.2832639556887238,64.28326395568874,8.0,0.0
noise_taxonomy,3,sampled_equivalence,4,24,12,64,mixed,false_negative,0.2,uniform,0.7916666666666666,0.20833333333333334,1.190645606932661,65.19064560693268,4.0,0.0
noise_taxonomy,3,sampled_equivalence,6,24,12,64,mixed,false_negative,0.2,uniform,0.9166666666666666,0.08333333333333333,0.3927117425447875,64.39271174254479,6.0,0.0
noise_taxonomy,3,sampled_equivalence,8,24,12,64,mixed,false_negative,0.2,uniform,0.9583333333333334,0.041666666666666664,0.24249780929544443,64.24249780929544,8.0,0.0
noise_taxonomy,4,dense_contact_only,4,24,12,64,mixed,false_negative,0.2,uniform,0.5,0.5,1.8160745953301165,65.81607459533012,4.0,0.0
noise_taxonomy,4,dense_contact_only,6,24,12,64,mixed,false_negative,0.2,uniform,0.625,0.375,1.0929756350159676,65.09297563501597,6.0,0.0
noise_taxonomy,4,dense_contact_only,8,24,12,64,mixed,false_negative,0.2,uniform,0.9166666666666666,0.08333333333333333,0.23771513443992762,64.23771513443992,8.0,0.0
noise_taxonomy,4,critical_cell_entropy,4,24,12,64,mixed,false_negative,0.2,uniform,0.4583333333333333,0.5416666666666666,2.0928674350077645,66.09286743500775,4.0,0.0
noise_taxonomy,4,critical_cell_entropy,6,24,12,64,mixed,false_negative,0.2,uniform,0.7083333333333334,0.2916666666666667,1.3479103843206302,65.34791038432061,6.0,0.0
noise_taxonomy,4,critical_cell_entropy,8,24,12,64,mixed,false_negative,0.2,uniform,0.7916666666666666,0.20833333333333334,0.9184101658319341,64.91841016583194,8.0,0.0
noise_taxonomy,4,contact_equivalence,4,24,12,64,mixed,false_negative,0.2,uniform,0.625,0.375,1.4145641123815127,65.41456411238153,4.0,0.0
noise_taxonomy,4,contact_equivalence,6,24,12,64,mixed,false_negative,0.2,uniform,0.75,0.25,0.9338230512390756,64.93382305123906,6.0,0.0
noise_taxonomy,4,contact_equivalence,8,24,12,64,mixed,false_negative,0.2,uniform,0.9166666666666666,0.08333333333333333,0.24197087810946383,64.24197087810947,8.0,0.0
noise_taxonomy,4,expected_regret,4,24,12,64,mixed,false_negative,0.2,uniform,0.6666666666666666,0.3333333333333333,1.2936274584418868,65.29362745844189,4.0,0.0
noise_taxonomy,4,expected_regret,6,24,12,64,mixed,false_negative,0.2,uniform,0.875,0.125,0.43671640674142465,64.43671640674143,6.0,0.0
noise_taxonomy,4,expected_regret,8,24,12,64,mixed,false_negative,0.2,uniform,0.875,0.125,0.3069231613243207,64.30692316132432,8.0,0.0
noise_taxonomy,4,sampled_equivalence,4,24,12,64,mixed,false_negative,0.2,uniform,0.4583333333333333,0.5416666666666666,1.124629662954187,65.12462966295418,4.0,0.0
noise_taxonomy,4,sampled_equivalence,6,24,12,64,mixed,false_negative,0.2,uniform,0.9166666666666666,0.08333333333333333,0.7422337893651001,64.7422337893651,6.0,0.0
noise_taxonomy,4,sampled_equivalence,8,24,12,64,mixed,false_negative,0.2,uniform,0.875,0.125,0.31207725498503414,64.31207725498503,8.0,0.0
noise_taxonomy,5,dense_contact_only,4,24,12,64,mixed,false_negative,0.2,uniform,0.6666666666666666,0.3333333333333333,1.1220875407107334,65.12208754071075,4.0,0.0
noise_taxonomy,5,dense_contact_only,6,24,12,64,mixed,false_negative,0.2,uniform,0.8333333333333334,0.16666666666666666,0.5968789559425004,64.5968789559425,6.0,0.0
noise_taxonomy,5,dense_contact_only,8,24,12,64,mixed,false_negative,0.2,uniform,0.9166666666666666,0.08333333333333333,0.27191641180803233,64.27191641180804,8.0,0.0
noise_taxonomy,5,critical_cell_entropy,4,24,12,64,mixed,false_negative,0.2,uniform,0.25,0.75,2.650965417676502,66.65096541767649,4.0,0.0
noise_taxonomy,5,critical_cell_entropy,6,24,12,64,mixed,false_negative,0.2,uniform,0.5,0.5,1.8870745380488823,65.88707453804885,6.0,0.0
noise_taxonomy,5,critical_cell_entropy,8,24,12,64,mixed,false_negative,0.2,uniform,0.7083333333333334,0.2916666666666667,1.5744174271404585,65.57441742714047,8.0,0.0
noise_taxonomy,5,contact_equivalence,4,24,12,64,mixed,false_negative,0.2,uniform,0.75,0.25,1.141106321609237,65.14110632160926,4.0,0.0
noise_taxonomy,5,contact_equivalence,6,24,12,64,mixed,false_negative,0.2,uniform,0.875,0.125,0.6008813769097956,64.6008813769098,6.0,0.0
noise_taxonomy,5,contact_equivalence,8,24,12,64,mixed,false_negative,0.2,uniform,0.9166666666666666,0.08333333333333333,0.27461484468409825,64.27461484468411,8.0,0.0
noise_taxonomy,5,expected_regret,4,24,12,64,mixed,false_negative,0.2,uniform,0.7083333333333334,0.2916666666666667,1.1512031767406958,65.15120317674071,4.0,0.0
noise_taxonomy,5,expected_regret,6,24,12,64,mixed,false_negative,0.2,uniform,0.875,0.125,0.5380407105034064,64.53804071050341,6.0,0.0
noise_taxonomy,5,expected_regret,8,24,12,64,mixed,false_negative,0.2,uniform,0.875,0.125,0.3565920350898522,64.35659203508986,8.0,0.0
noise_taxonomy,5,sampled_equivalence,4,24,12,64,mixed,false_negative,0.2,uniform,0.5416666666666666,0.4583333333333333,1.267241450401398,65.2672414504014,4.0,0.0
noise_taxonomy,5,sampled_equivalence,6,24,12,64,mixed,false_negative,0.2,uniform,0.75,0.25,0.7025846961459951,64.70258469614599,6.0,0.0
noise_taxonomy,5,sampled_equivalence,8,24,12,64,mixed,false_negative,0.2,uniform,0.9166666666666666,0.08333333333333333,0.34228925386962583,64.34228925386962,8.0,0.0
noise_taxonomy,6,dense_contact_only,4,24,12,64,mixed,false_negative,0.2,uniform,0.6666666666666666,0.3333333333333333,0.849972915388976,64.84997291538899,4.0,0.0
noise_taxonomy,6,dense_contact_only,6,24,12,64,mixed,false_negative,0.2,uniform,0.7083333333333334,0.2916666666666667,0.6244221186709961,64.62442211867098,6.0,0.0
noise_taxonomy,6,dense_contact_only,8,24,12,64,mixed,false_negative,0.2,uniform,0.9583333333333334,0.041666666666666664,0.17157662381785502,64.17157662381786,8.0,0.0
noise_taxonomy,6,critical_cell_entropy,4,24,12,64,mixed,false_negative,0.2,uniform,0.4166666666666667,0.5833333333333334,2.232391930674949,66.23239193067492,4.0,0.0
noise_taxonomy,6,critical_cell_entropy,6,24,12,64,mixed,false_negative,0.2,uniform,0.5416666666666666,0.4583333333333333,1.6174924611847563,65.61749246118474,6.0,0.0
noise_taxonomy,6,critical_cell_entropy,8,24,12,64,mixed,false_negative,0.2,uniform,0.625,0.375,1.3120145226170488,65.31201452261706,8.0,0.0
noise_taxonomy,6,contact_equivalence,4,24,12,64,mixed,false_negative,0.2,uniform,0.7083333333333334,0.2916666666666667,1.3916380827107568,65.39163808271077,4.0,0.0
noise_taxonomy,6,contact_equivalence,6,24,12,64,mixed,false_negative,0.2,uniform,0.8333333333333334,0.16666666666666666,0.6335887801826463,64.63358878018265,6.0,0.0
noise_taxonomy,6,contact_equivalence,8,24,12,64,mixed,false_negative,0.2,uniform,0.875,0.125,0.4635858720979316,64.46358587209794,8.0,0.0
noise_taxonomy,6,expected_regret,4,24,12,64,mixed,false_negative,0.2,uniform,0.7083333333333334,0.2916666666666667,1.2722133076708524,65.27221330767085,4.0,0.0
noise_taxonomy,6,expected_regret,6,24,12,64,mixed,false_negative,0.2,uniform,0.875,0.125,0.659057607355157,64.65905760735517,6.0,0.0
noise_taxonomy,6,expected_regret,8,24,12,64,mixed,false_negative,0.2,uniform,0.9166666666666666,0.08333333333333333,0.38980505289602624,64.38980505289604,8.0,0.0
noise_taxonomy,6,sampled_equivalence,4,24,12,64,mixed,false_negative,0.2,uniform,0.5416666666666666,0.4583333333333333,1.4030693564642915,65.4030693564643,4.0,0.0
noise_taxonomy,6,sampled_equivalence,6,24,12,64,mixed,false_negative,0.2,uniform,0.6666666666666666,0.3333333333333333,0.8223053715243354,64.82230537152432,6.0,0.0
noise_taxonomy,6,sampled_equivalence,8,24,12,64,mixed,false_negative,0.2,uniform,0.875,0.125,0.5291678298682564,64.52916782986826,8.0,0.0
noise_taxonomy,7,dense_contact_only,4,24,12,64,mixed,false_negative,0.2,uniform,0.625,0.375,1.6155566193807942,65.61555661938083,4.0,0.0
noise_taxonomy,7,dense_contact_only,6,24,12,64,mixed,false_negative,0.2,uniform,0.7916666666666666,0.20833333333333334,0.7727257625996352,64.77272576259962,6.0,0.0
noise_taxonomy,7,dense_contact_only,8,24,12,64,mixed,false_negative,0.2,uniform,0.875,0.125,0.27188829621244415,64.27188829621245,8.0,0.0
noise_taxonomy,7,critical_cell_entropy,4,24,12,64,mixed,false_negative,0.2,uniform,0.08333333333333333,0.9166666666666666,3.069538904678055,67.06953890467803,4.0,0.0
noise_taxonomy,7,critical_cell_entropy,6,24,12,64,mixed,false_negative,0.2,uniform,0.4166666666666667,0.5833333333333334,2.2914476533450716,66.29144765334503,6.0,0.0
noise_taxonomy,7,critical_cell_entropy,8,24,12,64,mixed,false_negative,0.2,uniform,0.5416666666666666,0.4583333333333333,1.8368203316638685,65.83682033166389,8.0,0.0
noise_taxonomy,7,contact_equivalence,4,24,12,64,mixed,false_negative,0.2,uniform,0.7083333333333334,0.2916666666666667,0.9736879356893073,64.97368793568931,4.0,0.0
noise_taxonomy,7,contact_equivalence,6,24,12,64,mixed,false_negative,0.2,uniform,0.875,0.125,0.6004772279232639,64.60047722792326,6.0,0.0
noise_taxonomy,7,contact_equivalence,8,24,12,64,mixed,false_negative,0.2,uniform,0.875,0.125,0.3670761497172165,64.36707614971722,8.0,0.0
noise_taxonomy,7,expected_regret,4,24,12,64,mixed,false_negative,0.2,uniform,0.5833333333333334,0.4166666666666667,1.2766617486775353,65.27666174867754,4.0,0.0
noise_taxonomy,7,expected_regret,6,24,12,64,mixed,false_negative,0.2,uniform,0.9583333333333334,0.041666666666666664,0.449590014142582,64.44959001414259,6.0,0.0
noise_taxonomy,7,expected_regret,8,24,12,64,mixed,false_negative,0.2,uniform,0.9583333333333334,0.041666666666666664,0.29987217263901367,64.29987217263901,8.0,0.0
noise_taxonomy,7,sampled_equivalence,4,24,12,64,mixed,false_negative,0.2,uniform,0.5833333333333334,0.4166666666666667,1.0016293219525823,65.00162932195259,4.0,0.0
noise_taxonomy,7,sampled_equivalence,6,24,12,64,mixed,false_negative,0.2,uniform,0.8333333333333334,0.16666666666666666,0.5232270658396764,64.52322706583966,6.0,0.0
noise_taxonomy,7,sampled_equivalence,8,24,12,64,mixed,false_negative,0.2,uniform,0.875,0.125,0.244271948158601,64.2442719481586,8.0,0.0
noise_taxonomy,8,dense_contact_only,4,24,12,64,mixed,false_negative,0.2,uniform,0.625,0.375,1.8018956918785884,65.8018956918786,4.0,0.0
noise_taxonomy,8,dense_contact_only,6,24,12,64,mixed,false_negative,0.2,uniform,0.75,0.25,0.9028385044702864,64.90283850447028,6.0,0.0
noise_taxonomy,8,dense_contact_only,8,24,12,64,mixed,false_negative,0.2,uniform,0.75,0.25,0.643865647066559,64.64386564706656,8.0,0.0
noise_taxonomy,8,critical_cell_entropy,4,24,12,64,mixed,false_negative,0.2,uniform,0.375,0.625,2.650965417676502,66.65096541767649,4.0,0.0
noise_taxonomy,8,critical_cell_entropy,6,24,12,64,mixed,false_negative,0.2,uniform,0.4166666666666667,0.5833333333333334,2.1566566149130084,66.15665661491299,6.0,0.0
noise_taxonomy,8,critical_cell_entropy,8,24,12,64,mixed,false_negative,0.2,uniform,0.4583333333333333,0.5416666666666666,1.8368203316638685,65.83682033166387,8.0,0.0
noise_taxonomy,8,contact_equivalence,4,24,12,64,mixed,false_negative,0.2,uniform,0.7916666666666666,0.20833333333333334,1.0851961000385388,65.08519610003854,4.0,0.0
noise_taxonomy,8,contact_equivalence,6,24,12,64,mixed,false_negative,0.2,uniform,0.875,0.125,0.6057084973625393,64.60570849736254,6.0,0.0
noise_taxonomy,8,contact_equivalence,8,24,12,64,mixed,false_negative,0.2,uniform,0.9166666666666666,0.08333333333333333,0.23861829481507868,64.23861829481508,8.0,0.0
noise_taxonomy,8,expected_regret,4,24,12,64,mixed,false_negative,0.2,uniform,0.6666666666666666,0.3333333333333333,1.2168246061648962,65.21682460616489,4.0,0.0
noise_taxonomy,8,expected_regret,6,24,12,64,mixed,false_negative,0.2,uniform,0.9166666666666666,0.08333333333333333,0.6163621111752984,64.6163621111753,6.0,0.0
noise_taxonomy,8,expected_regret,8,24,12,64,mixed,false_negative,0.2,uniform,1.0,0.0,0.41953067836070984,64.41953067836072,8.0,0.0
noise_taxonomy,8,sampled_equivalence,4,24,12,64,mixed,false_negative,0.2,uniform,0.7083333333333334,0.2916666666666667,1.2719444140274094,65.27194441402742,4.0,0.0
noise_taxonomy,8,sampled_equivalence,6,24,12,64,mixed,false_negative,0.2,uniform,0.7083333333333334,0.2916666666666667,0.9221365785998851,64.92213657859988,6.0,0.0
noise_taxonomy,8,sampled_equivalence,8,24,12,64,mixed,false_negative,0.2,uniform,0.7916666666666666,0.20833333333333334,0.7909165681824696,64.79091656818247,8.0,0.0
noise_taxonomy,9,dense_contact_only,4,24,12,64,mixed,false_negative,0.2,uniform,0.7083333333333334,0.2916666666666667,1.0080351891548593,65.00803518915485,4.0,0.0
noise_taxonomy,9,dense_contact_only,6,24,12,64,mixed,false_negative,0.2,uniform,0.8333333333333334,0.16666666666666666,0.3450311921002824,64.34503119210028,6.0,0.0
noise_taxonomy,9,dense_contact_only,8,24,12,64,mixed,false_negative,0.2,uniform,1.0,0.0,0.009799724242468395,64.00979972424247,8.0,0.0
noise_taxonomy,9,critical_cell_entropy,4,24,12,64,mixed,false_negative,0.2,uniform,0.3333333333333333,0.6666666666666666,2.3719164263421333,66.37191642634212,4.0,0.0
noise_taxonomy,9,critical_cell_entropy,6,24,12,64,mixed,false_negative,0.2,uniform,0.4166666666666667,0.5833333333333334,2.1566566149130084,66.15665661491299,6.0,0.0
noise_taxonomy,9,critical_cell_entropy,8,24,12,64,mixed,false_negative,0.2,uniform,0.4583333333333333,0.5416666666666666,1.7056188794021636,65.70561887940217,8.0,0.0
noise_taxonomy,9,contact_equivalence,4,24,12,64,mixed,false_negative,0.2,uniform,0.875,0.125,0.6541196475888016,64.65411964758881,4.0,0.0
noise_taxonomy,9,contact_equivalence,6,24,12,64,mixed,false_negative,0.2,uniform,0.8333333333333334,0.16666666666666666,0.31376102582752463,64.31376102582753,6.0,0.0
noise_taxonomy,9,contact_equivalence,8,24,12,64,mixed,false_negative,0.2,uniform,1.0,0.0,0.003487468392838465,64.00348746839283,8.0,0.0
noise_taxonomy,9,expected_regret,4,24,12,64,mixed,false_negative,0.2,uniform,0.625,0.375,1.3286386127165308,65.32863861271655,4.0,0.0
noise_taxonomy,9,expected_regret,6,24,12,64,mixed,false_negative,0.2,uniform,0.8333333333333334,0.16666666666666666,0.7981299064493768,64.79812990644938,6.0,0.0
noise_taxonomy,9,expected_regret,8,24,12,64,mixed,false_negative,0.2,uniform,0.9583333333333334,0.041666666666666664,0.4574912972819871,64.45749129728198,8.0,0.0
noise_taxonomy,9,sampled_equivalence,4,24,12,64,mixed,false_negative,0.2,uniform,0.5,0.5,1.332103848999537,65.33210384899955,4.0,0.0
noise_taxonomy,9,sampled_equivalence,6,24,12,64,mixed,false_negative,0.2,uniform,0.7083333333333334,0.2916666666666667,0.5553568202982923,64.55535682029829,6.0,0.0
noise_taxonomy,9,sampled_equivalence,8,24,12,64,mixed,false_negative,0.2,uniform,0.875,0.125,0.3578253673486476,64.35782536734864,8.0,0.0
noise_taxonomy,0,dense_contact_only,4,24,12,64,mixed,false_negative,0.3,uniform,0.4583333333333333,0.5416666666666666,1.5661501135966978,65.5661501135967,4.0,0.0
noise_taxonomy,0,dense_contact_only,6,24,12,64,mixed,false_negative,0.3,uniform,0.6666666666666666,0.3333333333333333,0.8630758818512687,64.86307588185129,6.0,0.0
noise_taxonomy,0,dense_contact_only,8,24,12,64,mixed,false_negative,0.3,uniform,0.7916666666666666,0.20833333333333334,0.45285931270441804,64.45285931270442,8.0,0.0
noise_taxonomy,0,critical_cell_entropy,4,24,12,64,mixed,false_negative,0.3,uniform,0.375,0.625,2.428304501847482,66.42830450184749,4.0,0.0
noise_taxonomy,0,critical_cell_entropy,6,24,12,64,mixed,false_negative,0.3,uniform,0.375,0.625,2.102695211258276,66.10269521125825,6.0,0.0
noise_taxonomy,0,critical_cell_entropy,8,24,12,64,mixed,false_negative,0.3,uniform,0.4166666666666667,0.5833333333333334,1.9421698350395626,65.94216983503955,8.0,0.0
noise_taxonomy,0,contact_equivalence,4,24,12,64,mixed,false_negative,0.3,uniform,0.2916666666666667,0.7083333333333334,2.023040756087359,66.02304075608735,4.0,0.0
noise_taxonomy,0,contact_equivalence,6,24,12,64,mixed,false_negative,0.3,uniform,0.4583333333333333,0.5416666666666666,1.3860227699711174,65.38602276997112,6.0,0.0
noise_taxonomy,0,contact_equivalence,8,24,12,64,mixed,false_negative,0.3,uniform,0.625,0.375,1.0074578060529775,65.00745780605298,8.0,0.0
noise_taxonomy,0,expected_regret,4,24,12,64,mixed,false_negative,0.3,uniform,0.4166666666666667,0.5833333333333334,1.801871910024989,65.80187191002499,4.0,0.0
noise_taxonomy,0,expected_regret,6,24,12,64,mixed,false_negative,0.3,uniform,0.75,0.25,0.9820917254650228,64.98209172546503,6.0,0.0
noise_taxonomy,0,expected_regret,8,24,12,64,mixed,false_negative,0.3,uniform,0.8333333333333334,0.16666666666666666,0.6762023030885033,64.67620230308852,8.0,0.0
noise_taxonomy,0,sampled_equivalence,4,24,12,64,mixed,false_negative,0.3,uniform,0.4583333333333333,0.5416666666666666,1.8793000827608222,65.87930008276082,4.0,0.0
noise_taxonomy,0,sampled_equivalence,6,24,12,64,mixed,false_negative,0.3,uniform,0.7083333333333334,0.2916666666666667,1.037885976724999,65.037885976725,6.0,0.0
noise_taxonomy,0,sampled_equivalence,8,24,12,64,mixed,false_negative,0.3,uniform,0.7916666666666666,0.20833333333333334,0.46214015371790995,64.46214015371791,8.0,0.0
noise_taxonomy,1,dense_contact_only,4,24,12,64,mixed,false_negative,0.3,uniform,0.5833333333333334,0.4166666666666667,1.6604697979511596,65.66046979795117,4.0,0.0
noise_taxonomy,1,dense_contact_only,6,24,12,64,mixed,false_negative,0.3,uniform,0.5416666666666666,0.4583333333333333,1.1986420180574322,65.19864201805744,6.0,0.0
noise_taxonomy,1,dense_contact_only,8,24,12,64,mixed,false_negative,0.3,uniform,0.75,0.25,0.6960920819561472,64.69609208195615,8.0,0.0
noise_taxonomy,1,critical_cell_entropy,4,24,12,64,mixed,false_negative,0.3,uniform,0.25,0.75,2.85682882570292,66.85682882570293,4.0,0.0
noise_taxonomy,1,critical_cell_entropy,6,24,12,64,mixed,false_negative,0.3,uniform,0.5833333333333334,0.4166666666666667,1.9625155305077244,65.9625155305077,6.0,0.0
noise_taxonomy,1,critical_cell_entropy,8,24,12,64,mixed,false_negative,0.3,uniform,0.5416666666666666,0.4583333333333333,1.6647170014624824,65.66471700146248,8.0,0.0
noise_taxonomy,1,contact_equivalence,4,24,12,64,mixed,false_negative,0.3,uniform,0.5,0.5,1.8762397584109773,65.87623975841099,4.0,0.0
noise_taxonomy,1,contact_equivalence,6,24,12,64,mixed,false_negative,0.3,uniform,0.75,0.25,1.091709962406539,65.09170996240654,6.0,0.0
noise_taxonomy,1,contact_equivalence,8,24,12,64,mixed,false_negative,0.3,uniform,0.7083333333333334,0.2916666666666667,0.7236224083362502,64.72362240833625,8.0,0.0
noise_taxonomy,1,expected_regret,4,24,12,64,mixed,false_negative,0.3,uniform,0.5416666666666666,0.4583333333333333,1.4815335781661492,65.48153357816616,4.0,0.0
noise_taxonomy,1,expected_regret,6,24,12,64,mixed,false_negative,0.3,uniform,0.6666666666666666,0.3333333333333333,0.946465044447284,64.94646504444728,6.0,0.0
noise_taxonomy,1,expected_regret,8,24,12,64,mixed,false_negative,0.3,uniform,0.875,0.125,0.43918765895754647,64.43918765895755,8.0,0.0
noise_taxonomy,1,sampled_equivalence,4,24,12,64,mixed,false_negative,0.3,uniform,0.5,0.5,1.697549274432302,65.6975492744323,4.0,0.0
noise_taxonomy,1,sampled_equivalence,6,24,12,64,mixed,false_negative,0.3,uniform,0.8333333333333334,0.16666666666666666,0.6059230226044889,64.60592302260449,6.0,0.0
noise_taxonomy,1,sampled_equivalence,8,24,12,64,mixed,false_negative,0.3,uniform,0.9166666666666666,0.08333333333333333,0.37741911162297703,64.37741911162298,8.0,0.0
noise_taxonomy,2,dense_contact_only,4,24,12,64,mixed,false_negative,0.3,uniform,0.5833333333333334,0.4166666666666667,1.3842207668671886,65.38422076686719,4.0,0.0
noise_taxonomy,2,dense_contact_only,6,24,12,64,mixed,false_negative,0.3,uniform,0.7916666666666666,0.20833333333333334,0.7968800179980992,64.7968800179981,6.0,0.0
noise_taxonomy,2,dense_contact_only,8,24,12,64,mixed,false_negative,0.3,uniform,0.875,0.125,0.33575985137635217,64.33575985137635,8.0,0.0
noise_taxonomy,2,critical_cell_entropy,4,24,12,64,mixed,false_negative,0.3,uniform,0.16666666666666666,0.8333333333333334,2.999670266988066,66.99967026698808,4.0,0.0
noise_taxonomy,2,critical_cell_entropy,6,24,12,64,mixed,false_negative,0.3,uniform,0.4166666666666667,0.5833333333333334,2.102695211258276,66.10269521125825,6.0,0.0
noise_taxonomy,2,critical_cell_entropy,8,24,12,64,mixed,false_negative,0.3,uniform,0.5833333333333334,0.4166666666666667,1.5259905846739423,65.52599058467393,8.0,0.0
noise_taxonomy,2,contact_equivalence,4,24,12,64,mixed,false_negative,0.3,uniform,0.5833333333333334,0.4166666666666667,1.5972791629236072,65.5972791629236,4.0,0.0
noise_taxonomy,2,contact_equivalence,6,24,12,64,mixed,false_negative,0.3,uniform,0.625,0.375,0.9055562673058138,64.90555626730583,6.0,0.0
noise_taxonomy,2,contact_equivalence,8,24,12,64,mixed,false_negative,0.3,uniform,0.625,0.375,0.7698917633205388,64.76989176332056,8.0,0.0
noise_taxonomy,2,expected_regret,4,24,12,64,mixed,false_negative,0.3,uniform,0.5833333333333334,0.4166666666666667,1.8743169654508607,65.87431696545087,4.0,0.0
noise_taxonomy,2,expected_regret,6,24,12,64,mixed,false_negative,0.3,uniform,0.875,0.125,1.147654435588011,65.14765443558801,6.0,0.0
noise_taxonomy,2,expected_regret,8,24,12,64,mixed,false_negative,0.3,uniform,0.9166666666666666,0.08333333333333333,0.8975041297611815,64.8975041297612,8.0,0.0
noise_taxonomy,2,sampled_equivalence,4,24,12,64,mixed,false_negative,0.3,uniform,0.625,0.375,1.7071966502990013,65.707196650299,4.0,0.0
noise_taxonomy,2,sampled_equivalence,6,24,12,64,mixed,false_negative,0.3,uniform,0.7916666666666666,0.20833333333333334,0.9267613751823024,64.92676137518231,6.0,0.0
noise_taxonomy,2,sampled_equivalence,8,24,12,64,mixed,false_negative,0.3,uniform,0.875,0.125,0.47225464880211004,64.4722546488021,8.0,0.0
noise_taxonomy,3,dense_contact_only,4,24,12,64,mixed,false_negative,0.3,uniform,0.5416666666666666,0.4583333333333333,2.1681958882105143,66.16819588821053,4.0,0.0
noise_taxonomy,3,dense_contact_only,6,24,12,64,mixed,false_negative,0.3,uniform,0.5833333333333334,0.4166666666666667,1.4583831944869443,65.45838319448693,6.0,0.0
noise_taxonomy,3,dense_contact_only,8,24,12,64,mixed,false_negative,0.3,uniform,0.625,0.375,0.9288582808659259,64.92885828086594,8.0,0.0
noise_taxonomy,3,critical_cell_entropy,4,24,12,64,mixed,false_negative,0.3,uniform,0.4583333333333333,0.5416666666666666,1.856938736706898,65.85693873670691,4.0,0.0
noise_taxonomy,3,critical_cell_entropy,6,24,12,64,mixed,false_negative,0.3,uniform,0.5416666666666666,0.4583333333333333,1.682156169006621,65.6821561690066,6.0,0.0
noise_taxonomy,3,critical_cell_entropy,8,24,12,64,mixed,false_negative,0.3,uniform,0.75,0.25,1.248537751096862,65.24853775109686,8.0,0.0
noise_taxonomy,3,contact_equivalence,4,24,12,64,mixed,false_negative,0.3,uniform,0.5833333333333334,0.4166666666666667,1.4213611396136738,65.42136113961368,4.0,0.0
noise_taxonomy,3,contact_equivalence,6,24,12,64,mixed,false_negative,0.3,uniform,0.7916666666666666,0.20833333333333334,0.7861376667623152,64.78613766676233,6.0,0.0
noise_taxonomy,3,contact_equivalence,8,24,12,64,mixed,false_negative,0.3,uniform,0.7083333333333334,0.2916666666666667,0.6139633811399986,64.61396338114,8.0,0.0
noise_taxonomy,3,expected_regret,4,24,12,64,mixed,false_negative,0.3,uniform,0.4583333333333333,0.5416666666666666,1.9844573203561395,65.98445732035616,4.0,0.0
noise_taxonomy,3,expected_regret,6,24,12,64,mixed,false_negative,0.3,uniform,0.7916666666666666,0.20833333333333334,1.2531144999360349,65.25311449993605,6.0,0.0
noise_taxonomy,3,expected_regret,8,24,12,64,mixed,false_negative,0.3,uniform,0.8333333333333334,0.16666666666666666,0.8800176921664384,64.88001769216645,8.0,0.0
noise_taxonomy,3,sampled_equivalence,4,24,12,64,mixed,false_negative,0.3,uniform,0.625,0.375,1.4866590436831544,65.48665904368313,4.0,0.0
noise_taxonomy,3,sampled_equivalence,6,24,12,64,mixed,false_negative,0.3,uniform,0.7916666666666666,0.20833333333333334,0.8082297989854226,64.80822979898542,6.0,0.0
noise_taxonomy,3,sampled_equivalence,8,24,12,64,mixed,false_negative,0.3,uniform,0.7916666666666666,0.20833333333333334,0.6484203874398363,64.64842038743984,8.0,0.0
noise_taxonomy,4,dense_contact_only,4,24,12,64,mixed,false_negative,0.3,uniform,0.4583333333333333,0.5416666666666666,1.8316406858377647,65.83164068583778,4.0,0.0
noise_taxonomy,4,dense_contact_only,6,24,12,64,mixed,false_negative,0.3,uniform,0.5416666666666666,0.4583333333333333,1.3620557603860706,65.36205576038607,6.0,0.0
noise_taxonomy,4,dense_contact_only,8,24,12,64,mixed,false_negative,0.3,uniform,0.625,0.375,0.9888338667106206,64.98883386671064,8.0,0.0
noise_taxonomy,4,critical_cell_entropy,4,24,12,64,mixed,false_negative,0.3,uniform,0.5,0.5,2.285463060562336,66.28546306056235,4.0,0.0
noise_taxonomy,4,critical_cell_entropy,6,24,12,64,mixed,false_negative,0.3,uniform,0.7083333333333334,0.2916666666666667,1.4017968075055174,65.4017968075055,6.0,0.0
noise_taxonomy,4,critical_cell_entropy,8,24,12,64,mixed,false_negative,0.3,uniform,0.7916666666666666,0.20833333333333334,1.1098113343083218,65.1098113343083,8.0,0.0
noise_taxonomy,4,contact_equivalence,4,24,12,64,mixed,false_negative,0.3,uniform,0.5416666666666666,0.4583333333333333,1.9096848373277495,65.90968483732776,4.0,0.0
noise_taxonomy,4,contact_equivalence,6,24,12,64,mixed,false_negative,0.3,uniform,0.6666666666666666,0.3333333333333333,1.3532763351307657,65.35327633513077,6.0,0.0
noise_taxonomy,4,contact_equivalence,8,24,12,64,mixed,false_negative,0.3,uniform,0.9583333333333334,0.041666666666666664,0.37475183366434744,64.37475183366435,8.0,0.0
noise_taxonomy,4,expected_regret,4,24,12,64,mixed,false_negative,0.3,uniform,0.4583333333333333,0.5416666666666666,2.1964784699881053,66.19647846998812,4.0,0.0
noise_taxonomy,4,expected_regret,6,24,12,64,mixed,false_negative,0.3,uniform,0.7083333333333334,0.2916666666666667,1.4073100549284543,65.40731005492846,6.0,0.0
noise_taxonomy,4,expected_regret,8,24,12,64,mixed,false_negative,0.3,uniform,0.875,0.125,0.8996434464074108,64.89964344640741,8.0,0.0
noise_taxonomy,4,sampled_equivalence,4,24,12,64,mixed,false_negative,0.3,uniform,0.2916666666666667,0.7083333333333334,1.9080865692329654,65.90808656923296,4.0,0.0
noise_taxonomy,4,sampled_equivalence,6,24,12,64,mixed,false_negative,0.3,uniform,0.5,0.5,1.3291670644083895,65.3291670644084,6.0,0.0
noise_taxonomy,4,sampled_equivalence,8,24,12,64,mixed,false_negative,0.3,uniform,0.7083333333333334,0.2916666666666667,0.8229704616973278,64.82297046169732,8.0,0.0
noise_taxonomy,5,dense_contact_only,4,24,12,64,mixed,false_negative,0.3,uniform,0.5,0.5,1.5628833566845337,65.56288335668454,4.0,0.0
noise_taxonomy,5,dense_contact_only,6,24,12,64,mixed,false_negative,0.3,uniform,0.625,0.375,0.9313226413519679,64.93132264135197,6.0,0.0
noise_taxonomy,5,dense_contact_only,8,24,12,64,mixed,false_negative,0.3,uniform,0.6666666666666666,0.3333333333333333,0.861927904628531,64.86192790462853,8.0,0.0
noise_taxonomy,5,critical_cell_entropy,4,24,12,64,mixed,false_negative,0.3,uniform,0.25,0.75,2.713987384417774,66.71398738441779,4.0,0.0
noise_taxonomy,5,critical_cell_entropy,6,24,12,64,mixed,false_negative,0.3,uniform,0.5,0.5,1.9625155305077244,65.9625155305077,6.0,0.0
noise_taxonomy,5,critical_cell_entropy,8,24,12,64,mixed,false_negative,0.3,uniform,0.75,0.25,1.5259905846739423,65.52599058467393,8.0,0.0
noise_taxonomy,5,contact_equivalence,4,24,12,64,mixed,false_negative,0.3,uniform,0.375,0.625,1.7935582297006631,65.79355822970068,4.0,0.0
noise_taxonomy,5,contact_equivalence,6,24,12,64,mixed,false_negative,0.3,uniform,0.8333333333333334,0.16666666666666666,1.0934156953082248,65.09341569530824,6.0,0.0
noise_taxonomy,5,contact_equivalence,8,24,12,64,mixed,false_negative,0.3,uniform,0.875,0.125,0.29672400205208554,64.29672400205209,8.0,0.0
noise_taxonomy,5,expected_regret,4,24,12,64,mixed,false_negative,0.3,uniform,0.5,0.5,2.039019738330443,66.03901973833045,4.0,0.0
noise_taxonomy,5,expected_regret,6,24,12,64,mixed,false_negative,0.3,uniform,0.7916666666666666,0.20833333333333334,1.2492165133866127,65.24921651338661,6.0,0.0
noise_taxonomy,5,expected_regret,8,24,12,64,mixed,false_negative,0.3,uniform,0.8333333333333334,0.16666666666666666,0.9527204171817844,64.95272041718178,8.0,0.0
noise_taxonomy,5,sampled_equivalence,4,24,12,64,mixed,false_negative,0.3,uniform,0.5416666666666666,0.4583333333333333,1.76650373117886,65.76650373117887,4.0,0.0
noise_taxonomy,5,sampled_equivalence,6,24,12,64,mixed,false_negative,0.3,uniform,0.75,0.25,0.7510521988810429,64.75105219888104,6.0,0.0
noise_taxonomy,5,sampled_equivalence,8,24,12,64,mixed,false_negative,0.3,uniform,0.875,0.125,0.3750865997109027,64.37508659971091,8.0,0.0
noise_taxonomy,6,dense_contact_only,4,24,12,64,mixed,false_negative,0.3,uniform,0.5,0.5,1.4040448928716305,65.40404489287162,4.0,0.0
noise_taxonomy,6,dense_contact_only,6,24,12,64,mixed,false_negative,0.3,uniform,0.625,0.375,0.8137437642226684,64.81374376422268,6.0,0.0
noise_taxonomy,6,dense_contact_only,8,24,12,64,mixed,false_negative,0.3,uniform,0.8333333333333334,0.16666666666666666,0.5184688551447119,64.5184688551447,8.0,0.0
noise_taxonomy,6,critical_cell_entropy,4,24,12,64,mixed,false_negative,0.3,uniform,0.375,0.625,2.285463060562336,66.28546306056235,4.0,0.0
noise_taxonomy,6,critical_cell_entropy,6,24,12,64,mixed,false_negative,0.3,uniform,0.625,0.375,1.4017968075055174,65.4017968075055,6.0,0.0
noise_taxonomy,6,critical_cell_entropy,8,24,12,64,mixed,false_negative,0.3,uniform,0.75,0.25,1.248537751096862,65.24853775109685,8.0,0.0
noise_taxonomy,6,contact_equivalence,4,24,12,64,mixed,false_negative,0.3,uniform,0.4583333333333333,0.5416666666666666,1.793558229700663,65.79355822970066,4.0,0.0
noise_taxonomy,6,contact_equivalence,6,24,12,64,mixed,false_negative,0.3,uniform,0.7083333333333334,0.2916666666666667,1.2828791760070504,65.28287917600706,6.0,0.0
noise_taxonomy,6,contact_equivalence,8,24,12,64,mixed,false_negative,0.3,uniform,0.7916666666666666,0.20833333333333334,0.5479232769432837,64.54792327694328,8.0,0.0
noise_taxonomy,6,expected_regret,4,24,12,64,mixed,false_negative,0.3,uniform,0.6666666666666666,0.3333333333333333,1.721792041609482,65.72179204160949,4.0,0.0
noise_taxonomy,6,expected_regret,6,24,12,64,mixed,false_negative,0.3,uniform,0.7916666666666666,0.20833333333333334,1.0482564116559725,65.04825641165598,6.0,0.0
noise_taxonomy,6,expected_regret,8,24,12,64,mixed,false_negative,0.3,uniform,0.875,0.125,0.6470338021486292,64.64703380214863,8.0,0.0
noise_taxonomy,6,sampled_equivalence,4,24,12,64,mixed,false_negative,0.3,uniform,0.4166666666666667,0.5833333333333334,2.1216465983246597,66.12164659832466,4.0,0.0
noise_taxonomy,6,sampled_equivalence,6,24,12,64,mixed,false_negative,0.3,uniform,0.5833333333333334,0.4166666666666667,1.1673866353204885,65.1673866353205,6.0,0.0
noise_taxonomy,6,sampled_equivalence,8,24,12,64,mixed,false_negative,0.3,uniform,0.7916666666666666,0.20833333333333334,0.5247932129171667,64.52479321291716,8.0,0.0
noise_taxonomy,7,dense_contact_only,4,24,12,64,mixed,false_negative,0.3,uniform,0.5,0.5,2.0918832895905175,66.09188328959051,4.0,0.0
noise_taxonomy,7,dense_contact_only,6,24,12,64,mixed,false_negative,0.3,uniform,0.7083333333333334,0.2916666666666667,1.356047968595531,65.35604796859555,6.0,0.0
noise_taxonomy,7,dense_contact_only,8,24,12,64,mixed,false_negative,0.3,uniform,0.75,0.25,0.8526693703126234,64.85266937031263,8.0,0.0
noise_taxonomy,7,critical_cell_entropy,4,24,12,64,mixed,false_negative,0.3,uniform,0.3333333333333333,0.6666666666666666,2.571145943132628,66.57114594313263,4.0,0.0
noise_taxonomy,7,critical_cell_entropy,6,24,12,64,mixed,false_negative,0.3,uniform,0.4583333333333333,0.5416666666666666,2.2428748920088277,66.2428748920088,6.0,0.0
noise_taxonomy,7,critical_cell_entropy,8,24,12,64,mixed,false_negative,0.3,uniform,0.4583333333333333,0.5416666666666666,1.9421698350395626,65.94216983503954,8.0,0.0
noise_taxonomy,7,contact_equivalence,4,24,12,64,mixed,false_negative,0.3,uniform,0.6666666666666666,0.3333333333333333,1.5399306215051034,65.53993062150509,4.0,0.0
noise_taxonomy,7,contact_equivalence,6,24,12,64,mixed,false_negative,0.3,uniform,0.7083333333333334,0.2916666666666667,0.7359698710140644,64.73596987101406,6.0,0.0
noise_taxonomy,7,contact_equivalence,8,24,12,64,mixed,false_negative,0.3,uniform,0.875,0.125,0.4628109335339683,64.46281093353397,8.0,0.0
noise_taxonomy,7,expected_regret,4,24,12,64,mixed,false_negative,0.3,uniform,0.5,0.5,1.510049592591877,65.51004959259188,4.0,0.0
noise_taxonomy,7,expected_regret,6,24,12,64,mixed,false_negative,0.3,uniform,0.6666666666666666,0.3333333333333333,1.1331101004172484,65.13311010041726,6.0,0.0
noise_taxonomy,7,expected_regret,8,24,12,64,mixed,false_negative,0.3,uniform,0.7916666666666666,0.20833333333333334,0.7222285542177036,64.72222855421771,8.0,0.0
noise_taxonomy,7,sampled_equivalence,4,24,12,64,mixed,false_negative,0.3,uniform,0.625,0.375,1.1875763702030528,65.18757637020305,4.0,0.0
noise_taxonomy,7,sampled_equivalence,6,24,12,64,mixed,false_negative,0.3,uniform,0.6666666666666666,0.3333333333333333,0.6808543102922533,64.68085431029225,6.0,0.0
noise_taxonomy,7,sampled_equivalence,8,24,12,64,mixed,false_negative,0.3,uniform,0.8333333333333334,0.16666666666666666,0.3822101212139124,64.38221012121392,8.0,0.0
noise_taxonomy,8,dense_contact_only,4,24,12,64,mixed,false_negative,0.3,uniform,0.5,0.5,2.381743600310396,66.38174360031041,4.0,0.0
noise_taxonomy,8,dense_contact_only,6,24,12,64,mixed,false_negative,0.3,uniform,0.5833333333333334,0.4166666666666667,1.6325376196366113,65.63253761963661,6.0,0.0
noise_taxonomy,8,dense_contact_only,8,24,12,64,mixed,false_negative,0.3,uniform,0.7083333333333334,0.2916666666666667,1.294997515584062,65.29499751558406,8.0,0.0
noise_taxonomy,8,critical_cell_entropy,4,24,12,64,mixed,false_negative,0.3,uniform,0.4166666666666667,0.5833333333333334,2.428304501847482,66.42830450184749,4.0,0.0
noise_taxonomy,8,critical_cell_entropy,6,24,12,64,mixed,false_negative,0.3,uniform,0.375,0.625,2.3830545727593795,66.38305457275935,6.0,0.0
noise_taxonomy,8,critical_cell_entropy,8,24,12,64,mixed,false_negative,0.3,uniform,0.4583333333333333,0.5416666666666666,1.9421698350395626,65.94216983503955,8.0,0.0
noise_taxonomy,8,contact_equivalence,4,24,12,64,mixed,false_negative,0.3,uniform,0.5833333333333334,0.4166666666666667,1.5499110137565484,65.54991101375656,4.0,0.0
noise_taxonomy,8,contact_equivalence,6,24,12,64,mixed,false_negative,0.3,uniform,0.7083333333333334,0.2916666666666667,0.9284808196892066,64.92848081968921,6.0,0.0
noise_taxonomy,8,contact_equivalence,8,24,12,64,mixed,false_negative,0.3,uniform,0.7083333333333334,0.2916666666666667,0.6362093937710555,64.63620939377105,8.0,0.0
noise_taxonomy,8,expected_regret,4,24,12,64,mixed,false_negative,0.3,uniform,0.625,0.375,1.4914442785338746,65.49144427853388,4.0,0.0
noise_taxonomy,8,expected_regret,6,24,12,64,mixed,false_negative,0.3,uniform,0.875,0.125,0.9143940271023873,64.91439402710239,6.0,0.0
noise_taxonomy,8,expected_regret,8,24,12,64,mixed,false_negative,0.3,uniform,0.875,0.125,0.6362375090376048,64.63623750903761,8.0,0.0
noise_taxonomy,8,sampled_equivalence,4,24,12,64,mixed,false_negative,0.3,uniform,0.5833333333333334,0.4166666666666667,1.5897317523540606,65.58973175235406,4.0,0.0
noise_taxonomy,8,sampled_equivalence,6,24,12,64,mixed,false_negative,0.3,uniform,0.6666666666666666,0.3333333333333333,1.231962826944484,65.2319628269445,6.0,0.0
noise_taxonomy,8,sampled_equivalence,8,24,12,64,mixed,false_negative,0.3,uniform,0.7083333333333334,0.2916666666666667,1.0173908256530382,65.01739082565304,8.0,0.0
noise_taxonomy,9,dense_contact_only,4,24,12,64,mixed,false_negative,0.3,uniform,0.6666666666666666,0.3333333333333333,1.2275942528207013,65.22759425282071,4.0,0.0
noise_taxonomy,9,dense_contact_only,6,24,12,64,mixed,false_negative,0.3,uniform,0.9166666666666666,0.08333333333333333,0.6764310018032872,64.6764310018033,6.0,0.0
noise_taxonomy,9,dense_contact_only,8,24,12,64,mixed,false_negative,0.3,uniform,0.9583333333333334,0.041666666666666664,0.21859657434252697,64.21859657434253,8.0,0.0
noise_taxonomy,9,critical_cell_entropy,4,24,12,64,mixed,false_negative,0.3,uniform,0.125,0.875,3.142511708273212,67.14251170827323,4.0,0.0
noise_taxonomy,9,critical_cell_entropy,6,24,12,64,mixed,false_negative,0.3,uniform,0.2916666666666667,0.7083333333333334,2.663413934260483,66.66341393426045,6.0,0.0
noise_taxonomy,9,critical_cell_entropy,8,24,12,64,mixed,false_negative,0.3,uniform,0.3333333333333333,0.6666666666666666,2.358349085405183,66.35834908540517,8.0,0.0
noise_taxonomy,9,contact_equivalence,4,24,12,64,mixed,false_negative,0.3,uniform,0.7083333333333334,0.2916666666666667,1.6180097094177661,65.61800970941776,4.0,0.0
noise_taxonomy,9,contact_equivalence,6,24,12,64,mixed,false_negative,0.3,uniform,0.625,0.375,0.9683981361886781,64.96839813618868,6.0,0.0
noise_taxonomy,9,contact_equivalence,8,24,12,64,mixed,false_negative,0.3,uniform,0.75,0.25,0.6608415961017329,64.66084159610173,8.0,0.0
noise_taxonomy,9,expected_regret,4,24,12,64,mixed,false_negative,0.3,uniform,0.4583333333333333,0.5416666666666666,1.9219640072263875,65.92196400722639,4.0,0.0
noise_taxonomy,9,expected_regret,6,24,12,64,mixed,false_negative,0.3,uniform,0.625,0.375,1.3990327800021793,65.39903278000219,6.0,0.0
noise_taxonomy,9,expected_regret,8,24,12,64,mixed,false_negative,0.3,uniform,0.75,0.25,0.9993119573055194,64.99931195730554,8.0,0.0
noise_taxonomy,9,sampled_equivalence,4,24,12,64,mixed,false_negative,0.3,uniform,0.375,0.625,1.8491356641252725,65.84913566412526,4.0,0.0
noise_taxonomy,9,sampled_equivalence,6,24,12,64,mixed,false_negative,0.3,uniform,0.5833333333333334,0.4166666666666667,1.0430912990069994,65.043091299007,6.0,0.0
noise_taxonomy,9,sampled_equivalence,8,24,12,64,mixed,false_negative,0.3,uniform,0.7916666666666666,0.20833333333333334,0.5638246918038486,64.56382469180386,8.0,0.0
noise_taxonomy,0,dense_contact_only,4,24,12,64,mixed,drift,0.0,uniform,1.0,0.0,0.0,64.0,4.0,0.0
noise_taxonomy,0,dense_contact_only,6,24,12,64,mixed,drift,0.0,uniform,1.0,0.0,0.0,64.0,6.0,0.0
noise_taxonomy,0,dense_contact_only,8,24,12,64,mixed,drift,0.0,uniform,1.0,0.0,0.0,64.0,8.0,0.0
noise_taxonomy,0,critical_cell_entropy,4,24,12,64,mixed,drift,0.0,uniform,0.4583333333333333,0.5416666666666666,2.125,66.125,4.0,0.0
noise_taxonomy,0,critical_cell_entropy,6,24,12,64,mixed,drift,0.0,uniform,0.6666666666666666,0.3333333333333333,0.861654166907052,64.86165416690704,6.0,0.0
noise_taxonomy,0,critical_cell_entropy,8,24,12,64,mixed,drift,0.0,uniform,0.7916666666666666,0.20833333333333334,0.4166666666666667,64.41666666666667,8.0,0.0
noise_taxonomy,0,contact_equivalence,4,24,12,64,mixed,drift,0.0,uniform,1.0,0.0,0.0,64.0,4.0,0.0
noise_taxonomy,0,contact_equivalence,6,24,12,64,mixed,drift,0.0,uniform,1.0,0.0,0.0,64.0,6.0,0.0
noise_taxonomy,0,contact_equivalence,8,24,12,64,mixed,drift,0.0,uniform,1.0,0.0,0.0,64.0,8.0,0.0
noise_taxonomy,0,expected_regret,4,24,12,64,mixed,drift,0.0,uniform,0.8333333333333334,0.16666666666666666,0.4166666666666667,64.41666666666667,4.0,0.0
noise_taxonomy,0,expected_regret,6,24,12,64,mixed,drift,0.0,uniform,1.0,0.0,0.0,64.0,6.0,0.0
noise_taxonomy,0,expected_regret,8,24,12,64,mixed,drift,0.0,uniform,1.0,0.0,0.0,64.0,8.0,0.0
noise_taxonomy,0,sampled_equivalence,4,24,12,64,mixed,drift,0.0,uniform,0.9583333333333334,0.041666666666666664,0.08333333333333333,64.08333333333333,4.0,0.0
noise_taxonomy,0,sampled_equivalence,6,24,12,64,mixed,drift,0.0,uniform,1.0,0.0,0.0,64.0,6.0,0.0
noise_taxonomy,0,sampled_equivalence,8,24,12,64,mixed,drift,0.0,uniform,1.0,0.0,0.0,64.0,8.0,0.0
noise_taxonomy,1,dense_contact_only,4,24,12,64,mixed,drift,0.0,uniform,1.0,0.0,0.0,64.0,4.0,0.0
noise_taxonomy,1,dense_contact_only,6,24,12,64,mixed,drift,0.0,uniform,1.0,0.0,0.0,64.0,6.0,0.0
noise_taxonomy,1,dense_contact_only,8,24,12,64,mixed,drift,0.0,uniform,1.0,0.0,0.0,64.0,8.0,0.0
noise_taxonomy,1,critical_cell_entropy,4,24,12,64,mixed,drift,0.0,uniform,0.4583333333333333,0.5416666666666666,1.75,65.75,4.0,0.0
noise_taxonomy,1,critical_cell_entropy,6,24,12,64,mixed,drift,0.0,uniform,0.75,0.25,1.077067708633815,65.0770677086338,6.0,0.0
noise_taxonomy,1,critical_cell_entropy,8,24,12,64,mixed,drift,0.0,uniform,0.7916666666666666,0.20833333333333334,0.5833333333333334,64.58333333333333,8.0,0.0
noise_taxonomy,1,contact_equivalence,4,24,12,64,mixed,drift,0.0,uniform,1.0,0.0,0.0,64.0,4.0,0.0
noise_taxonomy,1,contact_equivalence,6,24,12,64,mixed,drift,0.0,uniform,1.0,0.0,0.0,64.0,6.0,0.0
noise_taxonomy,1,contact_equivalence,8,24,12,64,mixed,drift,0.0,uniform,1.0,0.0,0.0,64.0,8.0,0.0
noise_taxonomy,1,expected_regret,4,24,12,64,mixed,drift,0.0,uniform,0.875,0.125,0.3333333333333333,64.33333333333333,4.0,0.0
noise_taxonomy,1,expected_regret,6,24,12,64,mixed,drift,0.0,uniform,1.0,0.0,0.0,64.0,6.0,0.0
noise_taxonomy,1,expected_regret,8,24,12,64,mixed,drift,0.0,uniform,1.0,0.0,0.0,64.0,8.0,0.0
noise_taxonomy,1,sampled_equivalence,4,24,12,64,mixed,drift,0.0,uniform,1.0,0.0,0.041666666666666664,64.04166666666667,4.0,0.0
noise_taxonomy,1,sampled_equivalence,6,24,12,64,mixed,drift,0.0,uniform,1.0,0.0,0.0,64.0,6.0,0.0
noise_taxonomy,1,sampled_equivalence,8,24,12,64,mixed,drift,0.0,uniform,1.0,0.0,0.0,64.0,8.0,0.0
noise_taxonomy,2,dense_contact_only,4,24,12,64,mixed,drift,0.0,uniform,1.0,0.0,0.0,64.0,4.0,0.0
noise_taxonomy,2,dense_contact_only,6,24,12,64,mixed,drift,0.0,uniform,1.0,0.0,0.0,64.0,6.0,0.0
noise_taxonomy,2,dense_contact_only,8,24,12,64,mixed,drift,0.0,uniform,1.0,0.0,0.0,64.0,8.0,0.0
noise_taxonomy,2,critical_cell_entropy,4,24,12,64,mixed,drift,0.0,uniform,0.2916666666666667,0.7083333333333334,2.25,66.25,4.0,0.0
noise_taxonomy,2,critical_cell_entropy,6,24,12,64,mixed,drift,0.0,uniform,0.4583333333333333,0.5416666666666666,1.5078947920873407,65.50789479208733,6.0,0.0
noise_taxonomy,2,critical_cell_entropy,8,24,12,64,mixed,drift,0.0,uniform,0.75,0.25,0.75,64.75,8.0,0.0
noise_taxonomy,2,contact_equivalence,4,24,12,64,mixed,drift,0.0,uniform,1.0,0.0,0.0,64.0,4.0,0.0
noise_taxonomy,2,contact_equivalence,6,24,12,64,mixed,drift,0.0,uniform,1.0,0.0,0.0,64.0,6.0,0.0
noise_taxonomy,2,contact_equivalence,8,24,12,64,mixed,drift,0.0,uniform,1.0,0.0,0.0,64.0,8.0,0.0
noise_taxonomy,2,expected_regret,4,24,12,64,mixed,drift,0.0,uniform,0.9583333333333334,0.041666666666666664,0.16666666666666666,64.16666666666667,4.0,0.0
noise_taxonomy,2,expected_regret,6,24,12,64,mixed,drift,0.0,uniform,1.0,0.0,0.0,64.0,6.0,0.0
noise_taxonomy,2,expected_regret,8,24,12,64,mixed,drift,0.0,uniform,1.0,0.0,0.0,64.0,8.0,0.0
noise_taxonomy,2,sampled_equivalence,4,24,12,64,mixed,drift,0.0,uniform,1.0,0.0,0.0,64.0,4.0,0.0
noise_taxonomy,2,sampled_equivalence,6,24,12,64,mixed,drift,0.0,uniform,1.0,0.0,0.0,64.0,6.0,0.0
noise_taxonomy,2,sampled_equivalence,8,24,12,64,mixed,drift,0.0,uniform,1.0,0.0,0.0,64.0,8.0,0.0
noise_taxonomy,3,dense_contact_only,4,24,12,64,mixed,drift,0.0,uniform,1.0,0.0,0.0,64.0,4.0,0.0
noise_taxonomy,3,dense_contact_only,6,24,12,64,mixed,drift,0.0,uniform,1.0,0.0,0.0,64.0,6.0,0.0
noise_taxonomy,3,dense_contact_only,8,24,12,64,mixed,drift,0.0,uniform,1.0,0.0,0.0,64.0,8.0,0.0
noise_taxonomy,3,critical_cell_entropy,4,24,12,64,mixed,drift,0.0,uniform,0.4583333333333333,0.5416666666666666,1.625,65.625,4.0,0.0
noise_taxonomy,3,critical_cell_entropy,6,24,12,64,mixed,drift,0.0,uniform,0.6666666666666666,0.3333333333333333,0.9693609377704334,64.96936093777043,6.0,0.0
noise_taxonomy,3,critical_cell_entropy,8,24,12,64,mixed,drift,0.0,uniform,0.875,0.125,0.4166666666666667,64.41666666666667,8.0,0.0
noise_taxonomy,3,contact_equivalence,4,24,12,64,mixed,drift,0.0,uniform,1.0,0.0,0.0,64.0,4.0,0.0
noise_taxonomy,3,contact_equivalence,6,24,12,64,mixed,drift,0.0,uniform,1.0,0.0,0.0,64.0,6.0,0.0
noise_taxonomy,3,contact_equivalence,8,24,12,64,mixed,drift,0.0,uniform,1.0,0.0,0.0,64.0,8.0,0.0
noise_taxonomy,3,expected_regret,4,24,12,64,mixed,drift,0.0,uniform,0.875,0.125,0.20833333333333334,64.20833333333333,4.0,0.0
noise_taxonomy,3,expected_regret,6,24,12,64,mixed,drift,0.0,uniform,1.0,0.0,0.0,64.0,6.0,0.0
noise_taxonomy,3,expected_regret,8,24,12,64,mixed,drift,0.0,uniform,1.0,0.0,0.0,64.0,8.0,0.0
noise_taxonomy,3,sampled_equivalence,4,24,12,64,mixed,drift,0.0,uniform,0.9583333333333334,0.041666666666666664,0.08333333333333333,64.08333333333333,4.0,0.0
noise_taxonomy,3,sampled_equivalence,6,24,12,64,mixed,drift,0.0,uniform,1.0,0.0,0.0,64.0,6.0,0.0
noise_taxonomy,3,sampled_equivalence,8,24,12,64,mixed,drift,0.0,uniform,1.0,0.0,0.0,64.0,8.0,0.0
noise_taxonomy,4,dense_contact_only,4,24,12,64,mixed,drift,0.0,uniform,1.0,0.0,0.0,64.0,4.0,0.0
noise_taxonomy,4,dense_contact_only,6,24,12,64,mixed,drift,0.0,uniform,1.0,0.0,0.0,64.0,6.0,0.0
noise_taxonomy,4,dense_contact_only,8,24,12,64,mixed,drift,0.0,uniform,1.0,0.0,0.0,64.0,8.0,0.0
noise_taxonomy,4,critical_cell_entropy,4,24,12,64,mixed,drift,0.0,uniform,0.5,0.5,1.75,65.75,4.0,0.0
noise_taxonomy,4,critical_cell_entropy,6,24,12,64,mixed,drift,0.0,uniform,0.75,0.25,0.9693609377704334,64.96936093777043,6.0,0.0
noise_taxonomy,4,critical_cell_entropy,8,24,12,64,mixed,drift,0.0,uniform,0.8333333333333334,0.16666666666666666,0.5,64.5,8.0,0.0
noise_taxonomy,4,contact_equivalence,4,24,12,64,mixed,drift,0.0,uniform,1.0,0.0,0.0,64.0,4.0,0.0
noise_taxonomy,4,contact_equivalence,6,24,12,64,mixed,drift,0.0,uniform,1.0,0.0,0.0,64.0,6.0,0.0
noise_taxonomy,4,contact_equivalence,8,24,12,64,mixed,drift,0.0,uniform,1.0,0.0,0.0,64.0,8.0,0.0
noise_taxonomy,4,expected_regret,4,24,12,64,mixed,drift,0.0,uniform,0.875,0.125,0.2916666666666667,64.29166666666667,4.0,0.0
noise_taxonomy,4,expected_regret,6,24,12,64,mixed,drift,0.0,uniform,1.0,0.0,0.0,64.0,6.0,0.0
noise_taxonomy,4,expected_regret,8,24,12,64,mixed,drift,0.0,uniform,1.0,0.0,0.0,64.0,8.0,0.0
noise_taxonomy,4,sampled_equivalence,4,24,12,64,mixed,drift,0.0,uniform,1.0,0.0,0.0,64.0,4.0,0.0
noise_taxonomy,4,sampled_equivalence,6,24,12,64,mixed,drift,0.0,uniform,1.0,0.0,0.0,64.0,6.0,0.0
noise_taxonomy,4,sampled_equivalence,8,24,12,64,mixed,drift,0.0,uniform,1.0,0.0,0.0,64.0,8.0,0.0
noise_taxonomy,5,dense_contact_only,4,24,12,64,mixed,drift,0.0,uniform,1.0,0.0,0.0,64.0,4.0,0.0
noise_taxonomy,5,dense_contact_only,6,24,12,64,mixed,drift,0.0,uniform,1.0,0.0,0.0,64.0,6.0,0.0
noise_taxonomy,5,dense_contact_only,8,24,12,64,mixed,drift,0.0,uniform,1.0,0.0,0.0,64.0,8.0,0.0
noise_taxonomy,5,critical_cell_entropy,4,24,12,64,mixed,drift,0.0,uniform,0.3333333333333333,0.6666666666666666,2.125,66.125,4.0,0.0
noise_taxonomy,5,critical_cell_entropy,6,24,12,64,mixed,drift,0.0,uniform,0.625,0.375,1.1847744794971964,65.18477447949721,6.0,0.0
noise_taxonomy,5,critical_cell_entropy,8,24,12,64,mixed,drift,0.0,uniform,0.8333333333333334,0.16666666666666666,0.75,64.75,8.0,0.0
noise_taxonomy,5,contact_equivalence,4,24,12,64,mixed,drift,0.0,uniform,1.0,0.0,0.0,64.0,4.0,0.0
noise_taxonomy,5,contact_equivalence,6,24,12,64,mixed,drift,0.0,uniform,1.0,0.0,0.0,64.0,6.0,0.0
noise_taxonomy,5,contact_equivalence,8,24,12,64,mixed,drift,0.0,uniform,1.0,0.0,0.0,64.0,8.0,0.0
noise_taxonomy,5,expected_regret,4,24,12,64,mixed,drift,0.0,uniform,0.875,0.125,0.16666666666666666,64.16666666666667,4.0,0.0
noise_taxonomy,5,expected_regret,6,24,12,64,mixed,drift,0.0,uniform,1.0,0.0,0.0,64.0,6.0,0.0
noise_taxonomy,5,expected_regret,8,24,12,64,mixed,drift,0.0,uniform,1.0,0.0,0.0,64.0,8.0,0.0
noise_taxonomy,5,sampled_equivalence,4,24,12,64,mixed,drift,0.0,uniform,0.9583333333333334,0.041666666666666664,0.041666666666666664,64.04166666666667,4.0,0.0
noise_taxonomy,5,sampled_equivalence,6,24,12,64,mixed,drift,0.0,uniform,1.0,0.0,0.0,64.0,6.0,0.0
noise_taxonomy,5,sampled_equivalence,8,24,12,64,mixed,drift,0.0,uniform,1.0,0.0,0.0,64.0,8.0,0.0
noise_taxonomy,6,dense_contact_only,4,24,12,64,mixed,drift,0.0,uniform,1.0,0.0,0.0,64.0,4.0,0.0
noise_taxonomy,6,dense_contact_only,6,24,12,64,mixed,drift,0.0,uniform,1.0,0.0,0.0,64.0,6.0,0.0
noise_taxonomy,6,dense_contact_only,8,24,12,64,mixed,drift,0.0,uniform,1.0,0.0,0.0,64.0,8.0,0.0
noise_taxonomy,6,critical_cell_entropy,4,24,12,64,mixed,drift,0.0,uniform,0.5416666666666666,0.4583333333333333,1.625,65.625,4.0,0.0
noise_taxonomy,6,critical_cell_entropy,6,24,12,64,mixed,drift,0.0,uniform,0.7083333333333334,0.2916666666666667,0.861654166907052,64.86165416690706,6.0,0.0
noise_taxonomy,6,critical_cell_entropy,8,24,12,64,mixed,drift,0.0,uniform,0.875,0.125,0.3333333333333333,64.33333333333333,8.0,0.0
noise_taxonomy,6,contact_equivalence,4,24,12,64,mixed,drift,0.0,uniform,1.0,0.0,0.0,64.0,4.0,0.0
noise_taxonomy,6,contact_equivalence,6,24,12,64,mixed,drift,0.0,uniform,1.0,0.0,0.0,64.0,6.0,0.0
noise_taxonomy,6,contact_equivalence,8,24,12,64,mixed,drift,0.0,uniform,1.0,0.0,0.0,64.0,8.0,0.0
noise_taxonomy,6,expected_regret,4,24,12,64,mixed,drift,0.0,uniform,0.8333333333333334,0.16666666666666666,0.375,64.375,4.0,0.0
noise_taxonomy,6,expected_regret,6,24,12,64,mixed,drift,0.0,uniform,1.0,0.0,0.0,64.0,6.0,0.0
noise_taxonomy,6,expected_regret,8,24,12,64,mixed,drift,0.0,uniform,1.0,0.0,0.0,64.0,8.0,0.0
noise_taxonomy,6,sampled_equivalence,4,24,12,64,mixed,drift,0.0,uniform,0.9166666666666666,0.08333333333333333,0.08333333333333333,64.08333333333333,4.0,0.0
noise_taxonomy,6,sampled_equivalence,6,24,12,64,mixed,drift,0.0,uniform,1.0,0.0,0.0,64.0,6.0,0.0
noise_taxonomy,6,sampled_equivalence,8,24,12,64,mixed,drift,0.0,uniform,1.0,0.0,0.0,64.0,8.0,0.0
noise_taxonomy,7,dense_contact_only,4,24,12,64,mixed,drift,0.0,uniform,1.0,0.0,0.0,64.0,4.0,0.0
noise_taxonomy,7,dense_contact_only,6,24,12,64,mixed,drift,0.0,uniform,1.0,0.0,0.0,64.0,6.0,0.0
noise_taxonomy,7,dense_contact_only,8,24,12,64,mixed,drift,0.0,uniform,1.0,0.0,0.0,64.0,8.0,0.0
noise_taxonomy,7,critical_cell_entropy,4,24,12,64,mixed,drift,0.0,uniform,0.16666666666666666,0.8333333333333334,2.5,66.5,4.0,0.0
noise_taxonomy,7,critical_cell_entropy,6,24,12,64,mixed,drift,0.0,uniform,0.5416666666666666,0.4583333333333333,1.5078947920873407,65.50789479208734,6.0,0.0
noise_taxonomy,7,critical_cell_entropy,8,24,12,64,mixed,drift,0.0,uniform,0.7083333333333334,0.2916666666666667,0.8333333333333334,64.83333333333333,8.0,0.0
noise_taxonomy,7,contact_equivalence,4,24,12,64,mixed,drift,0.0,uniform,1.0,0.0,0.0,64.0,4.0,0.0
noise_taxonomy,7,contact_equivalence,6,24,12,64,mixed,drift,0.0,uniform,1.0,0.0,0.0,64.0,6.0,0.0
noise_taxonomy,7,contact_equivalence,8,24,12,64,mixed,drift,0.0,uniform,1.0,0.0,0.0,64.0,8.0,0.0
noise_taxonomy,7,expected_regret,4,24,12,64,mixed,drift,0.0,uniform,0.5833333333333334,0.4166666666666667,0.5,64.5,4.0,0.0
noise_taxonomy,7,expected_regret,6,24,12,64,mixed,drift,0.0,uniform,1.0,0.0,0.0,64.0,6.0,0.0
noise_taxonomy,7,expected_regret,8,24,12,64,mixed,drift,0.0,uniform,1.0,0.0,0.0,64.0,8.0,0.0
noise_taxonomy,7,sampled_equivalence,4,24,12,64,mixed,drift,0.0,uniform,1.0,0.0,0.0,64.0,4.0,0.0
noise_taxonomy,7,sampled_equivalence,6,24,12,64,mixed,drift,0.0,uniform,1.0,0.0,0.0,64.0,6.0,0.0
noise_taxonomy,7,sampled_equivalence,8,24,12,64,mixed,drift,0.0,uniform,1.0,0.0,0.0,64.0,8.0,0.0
noise_taxonomy,8,dense_contact_only,4,24,12,64,mixed,drift,0.0,uniform,1.0,0.0,0.0,64.0,4.0,0.0
noise_taxonomy,8,dense_contact_only,6,24,12,64,mixed,drift,0.0,uniform,1.0,0.0,0.0,64.0,6.0,0.0
noise_taxonomy,8,dense_contact_only,8,24,12,64,mixed,drift,0.0,uniform,1.0,0.0,0.0,64.0,8.0,0.0
noise_taxonomy,8,critical_cell_entropy,4,24,12,64,mixed,drift,0.0,uniform,0.5,0.5,2.0,66.0,4.0,0.0
noise_taxonomy,8,critical_cell_entropy,6,24,12,64,mixed,drift,0.0,uniform,0.5833333333333334,0.4166666666666667,1.2924812503605778,65.29248125036058,6.0,0.0
noise_taxonomy,8,critical_cell_entropy,8,24,12,64,mixed,drift,0.0,uniform,0.6666666666666666,0.3333333333333333,0.75,64.75,8.0,0.0
noise_taxonomy,8,contact_equivalence,4,24,12,64,mixed,drift,0.0,uniform,1.0,0.0,0.0,64.0,4.0,0.0
noise_taxonomy,8,contact_equivalence,6,24,12,64,mixed,drift,0.0,uniform,1.0,0.0,0.0,64.0,6.0,0.0
noise_taxonomy,8,contact_equivalence,8,24,12,64,mixed,drift,0.0,uniform,1.0,0.0,0.0,64.0,8.0,0.0
noise_taxonomy,8,expected_regret,4,24,12,64,mixed,drift,0.0,uniform,0.8333333333333334,0.16666666666666666,0.4166666666666667,64.41666666666667,4.0,0.0
noise_taxonomy,8,expected_regret,6,24,12,64,mixed,drift,0.0,uniform,1.0,0.0,0.0,64.0,6.0,0.0
noise_taxonomy,8,expected_regret,8,24,12,64,mixed,drift,0.0,uniform,1.0,0.0,0.0,64.0,8.0,0.0
noise_taxonomy,8,sampled_equivalence,4,24,12,64,mixed,drift,0.0,uniform,1.0,0.0,0.041666666666666664,64.04166666666667,4.0,0.0
noise_taxonomy,8,sampled_equivalence,6,24,12,64,mixed,drift,0.0,uniform,1.0,0.0,0.0,64.0,6.0,0.0
noise_taxonomy,8,sampled_equivalence,8,24,12,64,mixed,drift,0.0,uniform,1.0,0.0,0.0,64.0,8.0,0.0
noise_taxonomy,9,dense_contact_only,4,24,12,64,mixed,drift,0.0,uniform,1.0,0.0,0.0,64.0,4.0,0.0
noise_taxonomy,9,dense_contact_only,6,24,12,64,mixed,drift,0.0,uniform,1.0,0.0,0.0,64.0,6.0,0.0
noise_taxonomy,9,dense_contact_only,8,24,12,64,mixed,drift,0.0,uniform,1.0,0.0,0.0,64.0,8.0,0.0
noise_taxonomy,9,critical_cell_entropy,4,24,12,64,mixed,drift,0.0,uniform,0.4166666666666667,0.5833333333333334,1.875,65.875,4.0,0.0
noise_taxonomy,9,critical_cell_entropy,6,24,12,64,mixed,drift,0.0,uniform,0.5416666666666666,0.4583333333333333,1.4001880212239592,65.40018802122397,6.0,0.0
noise_taxonomy,9,critical_cell_entropy,8,24,12,64,mixed,drift,0.0,uniform,0.6666666666666666,0.3333333333333333,0.6666666666666666,64.66666666666667,8.0,0.0
noise_taxonomy,9,contact_equivalence,4,24,12,64,mixed,drift,0.0,uniform,1.0,0.0,0.0,64.0,4.0,0.0
noise_taxonomy,9,contact_equivalence,6,24,12,64,mixed,drift,0.0,uniform,1.0,0.0,0.0,64.0,6.0,0.0
noise_taxonomy,9,contact_equivalence,8,24,12,64,mixed,drift,0.0,uniform,1.0,0.0,0.0,64.0,8.0,0.0
noise_taxonomy,9,expected_regret,4,24,12,64,mixed,drift,0.0,uniform,0.9166666666666666,0.08333333333333333,0.25,64.25,4.0,0.0
noise_taxonomy,9,expected_regret,6,24,12,64,mixed,drift,0.0,uniform,1.0,0.0,0.0,64.0,6.0,0.0
noise_taxonomy,9,expected_regret,8,24,12,64,mixed,drift,0.0,uniform,1.0,0.0,0.0,64.0,8.0,0.0
noise_taxonomy,9,sampled_equivalence,4,24,12,64,mixed,drift,0.0,uniform,0.9583333333333334,0.041666666666666664,0.041666666666666664,64.04166666666667,4.0,0.0
noise_taxonomy,9,sampled_equivalence,6,24,12,64,mixed,drift,0.0,uniform,1.0,0.0,0.0,64.0,6.0,0.0
noise_taxonomy,9,sampled_equivalence,8,24,12,64,mixed,drift,0.0,uniform,1.0,0.0,0.0,64.0,8.0,0.0
noise_taxonomy,0,dense_contact_only,4,24,12,64,mixed,drift,0.02,uniform,1.0,0.0,0.21436030808796502,64.21436030808798,4.0,0.0
noise_taxonomy,0,dense_contact_only,6,24,12,64,mixed,drift,0.02,uniform,1.0,0.0,0.0008209746921722941,64.00082097469216,6.0,0.0
noise_taxonomy,0,dense_contact_only,8,24,12,64,mixed,drift,0.02,uniform,1.0,0.0,7.305910364726557e-05,64.00007305910366,8.0,0.0
noise_taxonomy,0,critical_cell_entropy,4,24,12,64,mixed,drift,0.02,uniform,0.4166666666666667,0.5833333333333334,2.4543227852716214,66.45432278527163,4.0,0.0
noise_taxonomy,0,critical_cell_entropy,6,24,12,64,mixed,drift,0.02,uniform,0.4166666666666667,0.5833333333333334,2.0006116880871367,66.00061168808713,6.0,0.0
noise_taxonomy,0,critical_cell_entropy,8,24,12,64,mixed,drift,0.02,uniform,0.7083333333333334,0.2916666666666667,1.2230612622735058,65.2230612622735,8.0,0.0
noise_taxonomy,0,contact_equivalence,4,24,12,64,mixed,drift,0.02,uniform,0.9166666666666666,0.08333333333333333,0.40962114215564377,64.40962114215564,4.0,0.0
noise_taxonomy,0,contact_equivalence,6,24,12,64,mixed,drift,0.02,uniform,1.0,0.0,0.2702930645318573,64.27029306453186,6.0,0.0
noise_taxonomy,0,contact_equivalence,8,24,12,64,mixed,drift,0.02,uniform,1.0,0.0,0.07717452968135574,64.07717452968136,8.0,0.0
noise_taxonomy,0,expected_regret,4,24,12,64,mixed,drift,0.02,uniform,0.8333333333333334,0.16666666666666666,0.7234652862420763,64.72346528624207,4.0,0.0
noise_taxonomy,0,expected_regret,6,24,12,64,mixed,drift,0.02,uniform,0.9583333333333334,0.041666666666666664,0.24102591242216587,64.24102591242216,6.0,0.0
noise_taxonomy,0,expected_regret,8,24,12,64,mixed,drift,0.02,uniform,0.9583333333333334,0.041666666666666664,0.12355592529709802,64.1235559252971,8.0,0.0
noise_taxonomy,0,sampled_equivalence,4,24,12,64,mixed,drift,0.02,uniform,0.9583333333333334,0.041666666666666664,0.5570041001059601,64.55700410010597,4.0,0.0
noise_taxonomy,0,sampled_equivalence,6,24,12,64,mixed,drift,0.02,uniform,0.9583333333333334,0.041666666666666664,0.16705853046933375,64.16705853046935,6.0,0.0
noise_taxonomy,0,sampled_equivalence,8,24,12,64,mixed,drift,0.02,uniform,0.9583333333333334,0.041666666666666664,0.03008404735939253,64.0300840473594,8.0,0.0
noise_taxonomy,1,dense_contact_only,4,24,12,64,mixed,drift,0.02,uniform,0.8333333333333334,0.16666666666666666,0.5952539603874041,64.5952539603874,4.0,0.0
noise_taxonomy,1,dense_contact_only,6,24,12,64,mixed,drift,0.02,uniform,0.8333333333333334,0.16666666666666666,0.2672651552566696,64.26726515525667,6.0,0.0
noise_taxonomy,1,dense_contact_only,8,24,12,64,mixed,drift,0.02,uniform,1.0,0.0,0.0867206411986214,64.08672064119862,8.0,0.0
noise_taxonomy,1,critical_cell_entropy,4,24,12,64,mixed,drift,0.02,uniform,0.4583333333333333,0.5416666666666666,2.2986811513017513,66.29868115130176,4.0,0.0
noise_taxonomy,1,critical_cell_entropy,6,24,12,64,mixed,drift,0.02,uniform,0.75,0.25,1.6371270615635056,65.6371270615635,6.0,0.0
noise_taxonomy,1,critical_cell_entropy,8,24,12,64,mixed,drift,0.02,uniform,0.75,0.25,1.3452975527032718,65.34529755270327,8.0,0.0
noise_taxonomy,1,contact_equivalence,4,24,12,64,mixed,drift,0.02,uniform,0.9166666666666666,0.08333333333333333,0.30527811914463077,64.30527811914463,4.0,0.0
noise_taxonomy,1,contact_equivalence,6,24,12,64,mixed,drift,0.02,uniform,1.0,0.0,0.05708605753381327,64.0570860575338,6.0,0.0
noise_taxonomy,1,contact_equivalence,8,24,12,64,mixed,drift,0.02,uniform,1.0,0.0,0.0022462474197529167,64.00224624741976,8.0,0.0
noise_taxonomy,1,expected_regret,4,24,12,64,mixed,drift,0.02,uniform,0.8333333333333334,0.16666666666666666,0.9432753359633312,64.94327533596332,4.0,0.0
noise_taxonomy,1,expected_regret,6,24,12,64,mixed,drift,0.02,uniform,1.0,0.0,0.3219328683358913,64.32193286833589,6.0,0.0
noise_taxonomy,1,expected_regret,8,24,12,64,mixed,drift,0.02,uniform,1.0,0.0,0.1428726286994509,64.14287262869942,8.0,0.0
noise_taxonomy,1,sampled_equivalence,4,24,12,64,mixed,drift,0.02,uniform,0.8333333333333334,0.16666666666666666,0.7213194505551059,64.72131945055511,4.0,0.0
noise_taxonomy,1,sampled_equivalence,6,24,12,64,mixed,drift,0.02,uniform,0.9583333333333334,0.041666666666666664,0.18653191326060145,64.18653191326061,6.0,0.0
noise_taxonomy,1,sampled_equivalence,8,24,12,64,mixed,drift,0.02,uniform,1.0,0.0,0.04040462356737131,64.04040462356737,8.0,0.0
noise_taxonomy,2,dense_contact_only,4,24,12,64,mixed,drift,0.02,uniform,1.0,0.0,0.3163426258593551,64.31634262585935,4.0,0.0
noise_taxonomy,2,dense_contact_only,6,24,12,64,mixed,drift,0.02,uniform,1.0,0.0,0.07536811435274138,64.07536811435274,6.0,0.0
noise_taxonomy,2,dense_contact_only,8,24,12,64,mixed,drift,0.02,uniform,1.0,0.0,0.0030922078210376424,64.00309220782104,8.0,0.0
noise_taxonomy,2,critical_cell_entropy,4,24,12,64,mixed,drift,0.02,uniform,0.2916666666666667,0.7083333333333334,2.569894034122419,66.56989403412243,4.0,0.0
noise_taxonomy,2,critical_cell_entropy,6,24,12,64,mixed,drift,0.02,uniform,0.5416666666666666,0.4583333333333333,1.8641472015551512,65.86414720155514,6.0,0.0
noise_taxonomy,2,critical_cell_entropy,8,24,12,64,mixed,drift,0.02,uniform,0.5416666666666666,0.4583333333333333,1.4806021522337585,65.48060215223376,8.0,0.0
noise_taxonomy,2,contact_equivalence,4,24,12,64,mixed,drift,0.02,uniform,0.8333333333333334,0.16666666666666666,0.4687876913583109,64.46878769135833,4.0,0.0
noise_taxonomy,2,contact_equivalence,6,24,12,64,mixed,drift,0.02,uniform,0.9166666666666666,0.08333333333333333,0.24982381350619265,64.2498238135062,6.0,0.0
noise_taxonomy,2,contact_equivalence,8,24,12,64,mixed,drift,0.02,uniform,1.0,0.0,0.01202342194397342,64.01202342194398,8.0,0.0
noise_taxonomy,2,expected_regret,4,24,12,64,mixed,drift,0.02,uniform,0.8333333333333334,0.16666666666666666,0.7702790902108414,64.77027909021085,4.0,0.0
noise_taxonomy,2,expected_regret,6,24,12,64,mixed,drift,0.02,uniform,1.0,0.0,0.2302983973502558,64.23029839735025,6.0,0.0
noise_taxonomy,2,expected_regret,8,24,12,64,mixed,drift,0.02,uniform,1.0,0.0,0.05768140662104319,64.05768140662104,8.0,0.0
noise_taxonomy,2,sampled_equivalence,4,24,12,64,mixed,drift,0.02,uniform,0.9583333333333334,0.041666666666666664,0.6015844437134974,64.60158444371349,4.0,0.0
noise_taxonomy,2,sampled_equivalence,6,24,12,64,mixed,drift,0.02,uniform,1.0,0.0,0.08601628110088994,64.0860162811009,6.0,0.0
noise_taxonomy,2,sampled_equivalence,8,24,12,64,mixed,drift,0.02,uniform,1.0,0.0,0.03398230577797093,64.03398230577797,8.0,0.0
noise_taxonomy,3,dense_contact_only,4,24,12,64,mixed,drift,0.02,uniform,1.0,0.0,0.3405861239455052,64.3405861239455,4.0,0.0
noise_taxonomy,3,dense_contact_only,6,24,12,64,mixed,drift,0.02,uniform,1.0,0.0,0.07545090950847494,64.07545090950846,6.0,0.0
noise_taxonomy,3,dense_contact_only,8,24,12,64,mixed,drift,0.02,uniform,1.0,0.0,0.002749224677327558,64.00274922467734,8.0,0.0
noise_taxonomy,3,critical_cell_entropy,4,24,12,64,mixed,drift,0.02,uniform,0.4166666666666667,0.5833333333333334,2.134760038786105,66.13476003878611,4.0,0.0
noise_taxonomy,3,critical_cell_entropy,6,24,12,64,mixed,drift,0.02,uniform,0.6666666666666666,0.3333333333333333,1.5806186876635426,65.58061868766355,6.0,0.0
noise_taxonomy,3,critical_cell_entropy,8,24,12,64,mixed,drift,0.02,uniform,0.75,0.25,1.0620351541445363,65.06203515414454,8.0,0.0
noise_taxonomy,3,contact_equivalence,4,24,12,64,mixed,drift,0.02,uniform,0.9583333333333334,0.041666666666666664,0.28529132465523993,64.28529132465523,4.0,0.0
noise_taxonomy,3,contact_equivalence,6,24,12,64,mixed,drift,0.02,uniform,1.0,0.0,0.06392753165637409,64.06392753165638,6.0,0.0
noise_taxonomy,3,contact_equivalence,8,24,12,64,mixed,drift,0.02,uniform,1.0,0.0,0.0016978122900821247,64.00169781229009,8.0,0.0
noise_taxonomy,3,expected_regret,4,24,12,64,mixed,drift,0.02,uniform,0.9166666666666666,0.08333333333333333,0.6819357366086343,64.68193573660864,4.0,0.0
noise_taxonomy,3,expected_regret,6,24,12,64,mixed,drift,0.02,uniform,1.0,0.0,0.1562540890439447,64.15625408904395,6.0,0.0
noise_taxonomy,3,expected_regret,8,24,12,64,mixed,drift,0.02,uniform,1.0,0.0,0.10133440547535079,64.10133440547534,8.0,0.0
noise_taxonomy,3,sampled_equivalence,4,24,12,64,mixed,drift,0.02,uniform,0.8333333333333334,0.16666666666666666,0.6136249859327615,64.61362498593276,4.0,0.0
noise_taxonomy,3,sampled_equivalence,6,24,12,64,mixed,drift,0.02,uniform,0.9166666666666666,0.08333333333333333,0.26902332341597335,64.269023323416,6.0,0.0
noise_taxonomy,3,sampled_equivalence,8,24,12,64,mixed,drift,0.02,uniform,1.0,0.0,0.051683680202572836,64.05168368020257,8.0,0.0
noise_taxonomy,4,dense_contact_only,4,24,12,64,mixed,drift,0.02,uniform,0.875,0.125,0.572610056952549,64.57261005695254,4.0,0.0
noise_taxonomy,4,dense_contact_only,6,24,12,64,mixed,drift,0.02,uniform,0.9166666666666666,0.08333333333333333,0.23429224180554262,64.23429224180553,6.0,0.0
noise_taxonomy,4,dense_contact_only,8,24,12,64,mixed,drift,0.02,uniform,1.0,0.0,0.016884418145841133,64.01688441814584,8.0,0.0
noise_taxonomy,4,critical_cell_entropy,4,24,12,64,mixed,drift,0.02,uniform,0.4583333333333333,0.5416666666666666,2.3038411692108665,66.30384116921088,4.0,0.0
noise_taxonomy,4,critical_cell_entropy,6,24,12,64,mixed,drift,0.02,uniform,0.6666666666666666,0.3333333333333333,1.7334335456898604,65.73343354568985,6.0,0.0
noise_taxonomy,4,critical_cell_entropy,8,24,12,64,mixed,drift,0.02,uniform,0.6666666666666666,0.3333333333333333,1.268207429598127,65.26820742959812,8.0,0.0
noise_taxonomy,4,contact_equivalence,4,24,12,64,mixed,drift,0.02,uniform,0.9583333333333334,0.041666666666666664,0.2019796729621126,64.20197967296212,4.0,0.0
noise_taxonomy,4,contact_equivalence,6,24,12,64,mixed,drift,0.02,uniform,0.9583333333333334,0.041666666666666664,0.09001899360052455,64.09001899360052,6.0,0.0
noise_taxonomy,4,contact_equivalence,8,24,12,64,mixed,drift,0.02,uniform,1.0,0.0,0.006479512732254725,64.00647951273226,8.0,0.0
noise_taxonomy,4,expected_regret,4,24,12,64,mixed,drift,0.02,uniform,0.8333333333333334,0.16666666666666666,0.6948194284360302,64.694819428436,4.0,0.0
noise_taxonomy,4,expected_regret,6,24,12,64,mixed,drift,0.02,uniform,0.9583333333333334,0.041666666666666664,0.1513592486461974,64.1513592486462,6.0,0.0
noise_taxonomy,4,expected_regret,8,24,12,64,mixed,drift,0.02,uniform,0.9583333333333334,0.041666666666666664,0.07436534232477335,64.07436534232477,8.0,0.0
noise_taxonomy,4,sampled_equivalence,4,24,12,64,mixed,drift,0.02,uniform,0.9166666666666666,0.08333333333333333,0.4271201341476197,64.42712013414761,4.0,0.0
noise_taxonomy,4,sampled_equivalence,6,24,12,64,mixed,drift,0.02,uniform,0.9583333333333334,0.041666666666666664,0.2687228063624154,64.26872280636242,6.0,0.0
noise_taxonomy,4,sampled_equivalence,8,24,12,64,mixed,drift,0.02,uniform,1.0,0.0,0.07512191267516122,64.07512191267517,8.0,0.0
noise_taxonomy,5,dense_contact_only,4,24,12,64,mixed,drift,0.02,uniform,0.9166666666666666,0.08333333333333333,0.43957932013719253,64.4395793201372,4.0,0.0
noise_taxonomy,5,dense_contact_only,6,24,12,64,mixed,drift,0.02,uniform,1.0,0.0,0.14510816214316155,64.14510816214316,6.0,0.0
noise_taxonomy,5,dense_contact_only,8,24,12,64,mixed,drift,0.02,uniform,1.0,0.0,0.007270144212757325,64.00727014421277,8.0,0.0
noise_taxonomy,5,critical_cell_entropy,4,24,12,64,mixed,drift,0.02,uniform,0.3333333333333333,0.6666666666666666,2.2332680875628594,66.23326808756288,4.0,0.0
noise_taxonomy,5,critical_cell_entropy,6,24,12,64,mixed,drift,0.02,uniform,0.5416666666666666,0.4583333333333333,1.6913923754158608,65.69139237541587,6.0,0.0
noise_taxonomy,5,critical_cell_entropy,8,24,12,64,mixed,drift,0.02,uniform,0.6666666666666666,0.3333333333333333,1.2184371821259103,65.21843718212592,8.0,0.0
noise_taxonomy,5,contact_equivalence,4,24,12,64,mixed,drift,0.02,uniform,0.875,0.125,0.6095791918809421,64.60957919188094,4.0,0.0
noise_taxonomy,5,contact_equivalence,6,24,12,64,mixed,drift,0.02,uniform,0.9166666666666666,0.08333333333333333,0.2580360692674502,64.25803606926745,6.0,0.0
noise_taxonomy,5,contact_equivalence,8,24,12,64,mixed,drift,0.02,uniform,1.0,0.0,0.033417728725074314,64.03341772872508,8.0,0.0
noise_taxonomy,5,expected_regret,4,24,12,64,mixed,drift,0.02,uniform,0.8333333333333334,0.16666666666666666,0.8299602046834548,64.82996020468345,4.0,0.0
noise_taxonomy,5,expected_regret,6,24,12,64,mixed,drift,0.02,uniform,0.9583333333333334,0.041666666666666664,0.20814557371814024,64.20814557371814,6.0,0.0
noise_taxonomy,5,expected_regret,8,24,12,64,mixed,drift,0.02,uniform,1.0,0.0,0.14063260869373495,64.14063260869372,8.0,0.0
noise_taxonomy,5,sampled_equivalence,4,24,12,64,mixed,drift,0.02,uniform,0.8333333333333334,0.16666666666666666,0.573365162728474,64.57336516272846,4.0,0.0
noise_taxonomy,5,sampled_equivalence,6,24,12,64,mixed,drift,0.02,uniform,0.9166666666666666,0.08333333333333333,0.29775704884456017,64.29775704884456,6.0,0.0
noise_taxonomy,5,sampled_equivalence,8,24,12,64,mixed,drift,0.02,uniform,0.9583333333333334,0.041666666666666664,0.08211035597044543,64.08211035597044,8.0,0.0
noise_taxonomy,6,dense_contact_only,4,24,12,64,mixed,drift,0.02,uniform,0.9583333333333334,0.041666666666666664,0.3864161952728608,64.38641619527286,4.0,0.0
noise_taxonomy,6,dense_contact_only,6,24,12,64,mixed,drift,0.02,uniform,0.9583333333333334,0.041666666666666664,0.07644766835280019,64.07644766835278,6.0,0.0
noise_taxonomy,6,dense_contact_only,8,24,12,64,mixed,drift,0.02,uniform,1.0,0.0,0.01005220798384828,64.01005220798386,8.0,0.0
noise_taxonomy,6,critical_cell_entropy,4,24,12,64,mixed,drift,0.02,uniform,0.5416666666666666,0.4583333333333333,2.163895259082819,66.16389525908282,4.0,0.0
noise_taxonomy,6,critical_cell_entropy,6,24,12,64,mixed,drift,0.02,uniform,0.7083333333333334,0.2916666666666667,1.4898843577114507,65.48988435771146,6.0,0.0
noise_taxonomy,6,critical_cell_entropy,8,24,12,64,mixed,drift,0.02,uniform,0.7916666666666666,0.20833333333333334,1.1000600395176854,65.10006003951767,8.0,0.0
noise_taxonomy,6,contact_equivalence,4,24,12,64,mixed,drift,0.02,uniform,0.875,0.125,0.4928723958901274,64.49287239589013,4.0,0.0
noise_taxonomy,6,contact_equivalence,6,24,12,64,mixed,drift,0.02,uniform,0.9166666666666666,0.08333333333333333,0.22305962601150964,64.2230596260115,6.0,0.0
noise_taxonomy,6,contact_equivalence,8,24,12,64,mixed,drift,0.02,uniform,1.0,0.0,0.06026621621824569,64.06026621621824,8.0,0.0
noise_taxonomy,6,expected_regret,4,24,12,64,mixed,drift,0.02,uniform,0.8333333333333334,0.16666666666666666,0.7776188047195506,64.77761880471954,4.0,0.0
noise_taxonomy,6,expected_regret,6,24,12,64,mixed,drift,0.02,uniform,1.0,0.0,0.16590748806743127,64.16590748806742,6.0,0.0
noise_taxonomy,6,expected_regret,8,24,12,64,mixed,drift,0.02,uniform,1.0,0.0,0.07831049443628081,64.07831049443627,8.0,0.0
noise_taxonomy,6,sampled_equivalence,4,24,12,64,mixed,drift,0.02,uniform,0.8333333333333334,0.16666666666666666,0.7088085790258772,64.70880857902587,4.0,0.0
noise_taxonomy,6,sampled_equivalence,6,24,12,64,mixed,drift,0.02,uniform,0.9583333333333334,0.041666666666666664,0.23104884441286752,64.23104884441287,6.0,0.0
noise_taxonomy,6,sampled_equivalence,8,24,12,64,mixed,drift,0.02,uniform,1.0,0.0,0.038890403706216735,64.03889040370622,8.0,0.0
noise_taxonomy,7,dense_contact_only,4,24,12,64,mixed,drift,0.02,uniform,0.9583333333333334,0.041666666666666664,0.44790562338098794,64.447905623381,4.0,0.0
noise_taxonomy,7,dense_contact_only,6,24,12,64,mixed,drift,0.02,uniform,0.9583333333333334,0.041666666666666664,0.09198623206342794,64.09198623206342,6.0,0.0
noise_taxonomy,7,dense_contact_only,8,24,12,64,mixed,drift,0.02,uniform,1.0,0.0,0.011029545281683295,64.01102954528169,8.0,0.0
noise_taxonomy,7,critical_cell_entropy,4,24,12,64,mixed,drift,0.02,uniform,0.08333333333333333,0.9166666666666666,2.6507587182635226,66.65075871826353,4.0,0.0
noise_taxonomy,7,critical_cell_entropy,6,24,12,64,mixed,drift,0.02,uniform,0.2916666666666667,0.7083333333333334,2.0992464557339257,66.09924645573392,6.0,0.0
noise_taxonomy,7,critical_cell_entropy,8,24,12,64,mixed,drift,0.02,uniform,0.375,0.625,1.4243330438002209,65.42433304380022,8.0,0.0
noise_taxonomy,7,contact_equivalence,4,24,12,64,mixed,drift,0.02,uniform,0.9166666666666666,0.08333333333333333,0.5146614368608987,64.5146614368609,4.0,0.0
noise_taxonomy,7,contact_equivalence,6,24,12,64,mixed,drift,0.02,uniform,0.9583333333333334,0.041666666666666664,0.13247502786140972,64.13247502786139,6.0,0.0
noise_taxonomy,7,contact_equivalence,8,24,12,64,mixed,drift,0.02,uniform,1.0,0.0,0.010379876475462936,64.01037987647547,8.0,0.0
noise_taxonomy,7,expected_regret,4,24,12,64,mixed,drift,0.02,uniform,0.7916666666666666,0.20833333333333334,0.8852514952263463,64.88525149522631,4.0,0.0
noise_taxonomy,7,expected_regret,6,24,12,64,mixed,drift,0.02,uniform,0.9166666666666666,0.08333333333333333,0.30817062417678415,64.30817062417678,6.0,0.0
noise_taxonomy,7,expected_regret,8,24,12,64,mixed,drift,0.02,uniform,0.9583333333333334,0.041666666666666664,0.13815705603044662,64.13815705603044,8.0,0.0
noise_taxonomy,7,sampled_equivalence,4,24,12,64,mixed,drift,0.02,uniform,1.0,0.0,0.2952923639418079,64.2952923639418,4.0,0.0
noise_taxonomy,7,sampled_equivalence,6,24,12,64,mixed,drift,0.02,uniform,1.0,0.0,0.06221632967868831,64.0622163296787,6.0,0.0
noise_taxonomy,7,sampled_equivalence,8,24,12,64,mixed,drift,0.02,uniform,1.0,0.0,0.040646573776544785,64.04064657377656,8.0,0.0
noise_taxonomy,8,dense_contact_only,4,24,12,64,mixed,drift,0.02,uniform,0.9166666666666666,0.08333333333333333,0.32309555948765734,64.32309555948767,4.0,0.0
noise_taxonomy,8,dense_contact_only,6,24,12,64,mixed,drift,0.02,uniform,0.9583333333333334,0.041666666666666664,0.11343378332184906,64.11343378332184,6.0,0.0
noise_taxonomy,8,dense_contact_only,8,24,12,64,mixed,drift,0.02,uniform,1.0,0.0,0.005654403290104686,64.00565440329011,8.0,0.0
noise_taxonomy,8,critical_cell_entropy,4,24,12,64,mixed,drift,0.02,uniform,0.4583333333333333,0.5416666666666666,2.4575024009556414,66.45750240095565,4.0,0.0
noise_taxonomy,8,critical_cell_entropy,6,24,12,64,mixed,drift,0.02,uniform,0.4166666666666667,0.5833333333333334,2.046649916378016,66.04664991637803,6.0,0.0
noise_taxonomy,8,critical_cell_entropy,8,24,12,64,mixed,drift,0.02,uniform,0.5833333333333334,0.4166666666666667,1.3596388561030546,65.35963885610305,8.0,0.0
noise_taxonomy,8,contact_equivalence,4,24,12,64,mixed,drift,0.02,uniform,0.9583333333333334,0.041666666666666664,0.33263173265443613,64.33263173265443,4.0,0.0
noise_taxonomy,8,contact_equivalence,6,24,12,64,mixed,drift,0.02,uniform,0.9583333333333334,0.041666666666666664,0.12495174504777092,64.12495174504777,6.0,0.0
noise_taxonomy,8,contact_equivalence,8,24,12,64,mixed,drift,0.02,uniform,1.0,0.0,0.0060808075251952,64.0060808075252,8.0,0.0
noise_taxonomy,8,expected_regret,4,24,12,64,mixed,drift,0.02,uniform,0.7083333333333334,0.2916666666666667,0.7498539674858198,64.74985396748583,4.0,0.0
noise_taxonomy,8,expected_regret,6,24,12,64,mixed,drift,0.02,uniform,0.9166666666666666,0.08333333333333333,0.2809013313543096,64.28090133135431,6.0,0.0
noise_taxonomy,8,expected_regret,8,24,12,64,mixed,drift,0.02,uniform,1.0,0.0,0.1432024981148782,64.14320249811489,8.0,0.0
noise_taxonomy,8,sampled_equivalence,4,24,12,64,mixed,drift,0.02,uniform,0.9166666666666666,0.08333333333333333,0.6555000348318597,64.65550003483185,4.0,0.0
noise_taxonomy,8,sampled_equivalence,6,24,12,64,mixed,drift,0.02,uniform,0.9166666666666666,0.08333333333333333,0.23062546760084954,64.23062546760089,6.0,0.0
noise_taxonomy,8,sampled_equivalence,8,24,12,64,mixed,drift,0.02,uniform,0.9583333333333334,0.041666666666666664,0.22642753811094773,64.22642753811095,8.0,0.0
noise_taxonomy,9,dense_contact_only,4,24,12,64,mixed,drift,0.02,uniform,0.9166666666666666,0.08333333333333333,0.3852506762168912,64.38525067621688,4.0,0.0
noise_taxonomy,9,dense_contact_only,6,24,12,64,mixed,drift,0.02,uniform,0.9166666666666666,0.08333333333333333,0.10263657017767647,64.10263657017767,6.0,0.0
noise_taxonomy,9,dense_contact_only,8,24,12,64,mixed,drift,0.02,uniform,0.9583333333333334,0.041666666666666664,0.05274569692968214,64.05274569692968,8.0,0.0
noise_taxonomy,9,critical_cell_entropy,4,24,12,64,mixed,drift,0.02,uniform,0.4166666666666667,0.5833333333333334,2.4036979579279207,66.40369795792793,4.0,0.0
noise_taxonomy,9,critical_cell_entropy,6,24,12,64,mixed,drift,0.02,uniform,0.625,0.375,1.8342317623330924,65.83423176233312,6.0,0.0
noise_taxonomy,9,critical_cell_entropy,8,24,12,64,mixed,drift,0.02,uniform,0.7083333333333334,0.2916666666666667,1.3843604344115228,65.38436043441152,8.0,0.0
noise_taxonomy,9,contact_equivalence,4,24,12,64,mixed,drift,0.02,uniform,0.9583333333333334,0.041666666666666664,0.2740121051610505,64.27401210516105,4.0,0.0
noise_taxonomy,9,contact_equivalence,6,24,12,64,mixed,drift,0.02,uniform,1.0,0.0,0.010379927616022657,64.010379927616,6.0,0.0
noise_taxonomy,9,contact_equivalence,8,24,12,64,mixed,drift,0.02,uniform,1.0,0.0,0.0018180140655552164,64.00181801406556,8.0,0.0
noise_taxonomy,9,expected_regret,4,24,12,64,mixed,drift,0.02,uniform,0.75,0.25,0.7406578397440774,64.74065783974407,4.0,0.0
noise_taxonomy,9,expected_regret,6,24,12,64,mixed,drift,0.02,uniform,0.9583333333333334,0.041666666666666664,0.30912828419960703,64.30912828419962,6.0,0.0
noise_taxonomy,9,expected_regret,8,24,12,64,mixed,drift,0.02,uniform,1.0,0.0,0.12572190018043367,64.12572190018042,8.0,0.0
noise_taxonomy,9,sampled_equivalence,4,24,12,64,mixed,drift,0.02,uniform,0.9166666666666666,0.08333333333333333,0.36969317755352377,64.36969317755351,4.0,0.0
noise_taxonomy,9,sampled_equivalence,6,24,12,64,mixed,drift,0.02,uniform,0.9583333333333334,0.041666666666666664,0.18017523951135148,64.18017523951136,6.0,0.0
noise_taxonomy,9,sampled_equivalence,8,24,12,64,mixed,drift,0.02,uniform,1.0,0.0,0.037697739111470244,64.03769773911147,8.0,0.0
noise_taxonomy,0,dense_contact_only,4,24,12,64,mixed,drift,0.05,uniform,0.7083333333333334,0.2916666666666667,1.130794767044136,65.13079476704414,4.0,0.0
noise_taxonomy,0,dense_contact_only,6,24,12,64,mixed,drift,0.05,uniform,0.75,0.25,0.5093242075973675,64.50932420759736,6.0,0.0
noise_taxonomy,0,dense_contact_only,8,24,12,64,mixed,drift,0.05,uniform,1.0,0.0,0.1383113993340492,64.13831139933406,8.0,0.0
noise_taxonomy,0,critical_cell_entropy,4,24,12,64,mixed,drift,0.05,uniform,0.125,0.875,2.8909937271466735,66.89099372714666,4.0,0.0
noise_taxonomy,0,critical_cell_entropy,6,24,12,64,mixed,drift,0.05,uniform,0.2916666666666667,0.7083333333333334,2.422433562101149,66.42243356210115,6.0,0.0
noise_taxonomy,0,critical_cell_entropy,8,24,12,64,mixed,drift,0.05,uniform,0.4166666666666667,0.5833333333333334,2.013755940434103,66.01375594043408,8.0,0.0
noise_taxonomy,0,contact_equivalence,4,24,12,64,mixed,drift,0.05,uniform,0.8333333333333334,0.16666666666666666,0.9595311577998497,64.95953115779984,4.0,0.0
noise_taxonomy,0,contact_equivalence,6,24,12,64,mixed,drift,0.05,uniform,0.875,0.125,0.6293355698750221,64.62933556987501,6.0,0.0
noise_taxonomy,0,contact_equivalence,8,24,12,64,mixed,drift,0.05,uniform,0.9583333333333334,0.041666666666666664,0.29334310541561387,64.29334310541562,8.0,0.0
noise_taxonomy,0,expected_regret,4,24,12,64,mixed,drift,0.05,uniform,0.7083333333333334,0.2916666666666667,1.0634743577961283,65.06347435779612,4.0,0.0
noise_taxonomy,0,expected_regret,6,24,12,64,mixed,drift,0.05,uniform,0.8333333333333334,0.16666666666666666,0.5745509353267154,64.57455093532671,6.0,0.0
noise_taxonomy,0,expected_regret,8,24,12,64,mixed,drift,0.05,uniform,0.875,0.125,0.4221176831665745,64.42211768316659,8.0,0.0
noise_taxonomy,0,sampled_equivalence,4,24,12,64,mixed,drift,0.05,uniform,0.8333333333333334,0.16666666666666666,1.1921155188396022,65.1921155188396,4.0,0.0
noise_taxonomy,0,sampled_equivalence,6,24,12,64,mixed,drift,0.05,uniform,0.875,0.125,0.47281796712587876,64.47281796712588,6.0,0.0
noise_taxonomy,0,sampled_equivalence,8,24,12,64,mixed,drift,0.05,uniform,0.9583333333333334,0.041666666666666664,0.1753849916248756,64.17538499162485,8.0,0.0
noise_taxonomy,1,dense_contact_only,4,24,12,64,mixed,drift,0.05,uniform,0.6666666666666666,0.3333333333333333,1.3215389621987896,65.3215389621988,4.0,0.0
noise_taxonomy,1,dense_contact_only,6,24,12,64,mixed,drift,0.05,uniform,0.6666666666666666,0.3333333333333333,0.7687837469492412,64.76878374694924,6.0,0.0
noise_taxonomy,1,dense_contact_only,8,24,12,64,mixed,drift,0.05,uniform,0.875,0.125,0.5547343379223353,64.55473433792231,8.0,0.0
noise_taxonomy,1,critical_cell_entropy,4,24,12,64,mixed,drift,0.05,uniform,0.4583333333333333,0.5416666666666666,2.613480712767532,66.61348071276753,4.0,0.0
noise_taxonomy,1,critical_cell_entropy,6,24,12,64,mixed,drift,0.05,uniform,0.625,0.375,2.1749217836248635,66.17492178362487,6.0,0.0
noise_taxonomy,1,critical_cell_entropy,8,24,12,64,mixed,drift,0.05,uniform,0.7083333333333334,0.2916666666666667,1.7853699963280265,65.78536999632801,8.0,0.0
noise_taxonomy,1,contact_equivalence,4,24,12,64,mixed,drift,0.05,uniform,0.8333333333333334,0.16666666666666666,0.800919301844293,64.8009193018443,4.0,0.0
noise_taxonomy,1,contact_equivalence,6,24,12,64,mixed,drift,0.05,uniform,0.9166666666666666,0.08333333333333333,0.3259855025010037,64.32598550250101,6.0,0.0
noise_taxonomy,1,contact_equivalence,8,24,12,64,mixed,drift,0.05,uniform,0.9583333333333334,0.041666666666666664,0.08463933463915253,64.08463933463915,8.0,0.0
noise_taxonomy,1,expected_regret,4,24,12,64,mixed,drift,0.05,uniform,0.8333333333333334,0.16666666666666666,1.2487021967898926,65.24870219678988,4.0,0.0
noise_taxonomy,1,expected_regret,6,24,12,64,mixed,drift,0.05,uniform,0.9583333333333334,0.041666666666666664,0.8080810463266438,64.80808104632665,6.0,0.0
noise_taxonomy,1,expected_regret,8,24,12,64,mixed,drift,0.05,uniform,0.9583333333333334,0.041666666666666664,0.49257832899340226,64.49257832899342,8.0,0.0
noise_taxonomy,1,sampled_equivalence,4,24,12,64,mixed,drift,0.05,uniform,0.75,0.25,1.1519358118172796,65.15193581181728,4.0,0.0
noise_taxonomy,1,sampled_equivalence,6,24,12,64,mixed,drift,0.05,uniform,0.7916666666666666,0.20833333333333334,0.7356190428845935,64.7356190428846,6.0,0.0
noise_taxonomy,1,sampled_equivalence,8,24,12,64,mixed,drift,0.05,uniform,0.9583333333333334,0.041666666666666664,0.3088622320206529,64.30886223202066,8.0,0.0
noise_taxonomy,2,dense_contact_only,4,24,12,64,mixed,drift,0.05,uniform,0.9166666666666666,0.08333333333333333,0.8157671815151176,64.81576718151514,4.0,0.0
noise_taxonomy,2,dense_contact_only,6,24,12,64,mixed,drift,0.05,uniform,0.9583333333333334,0.041666666666666664,0.422915176326015,64.42291517632603,6.0,0.0
noise_taxonomy,2,dense_contact_only,8,24,12,64,mixed,drift,0.05,uniform,0.9583333333333334,0.041666666666666664,0.26023591619283826,64.26023591619284,8.0,0.0
noise_taxonomy,2,critical_cell_entropy,4,24,12,64,mixed,drift,0.05,uniform,0.375,0.625,2.548541866535606,66.5485418665356,4.0,0.0
noise_taxonomy,2,critical_cell_entropy,6,24,12,64,mixed,drift,0.05,uniform,0.375,0.625,2.227000192897739,66.22700019289775,6.0,0.0
noise_taxonomy,2,critical_cell_entropy,8,24,12,64,mixed,drift,0.05,uniform,0.5,0.5,1.86012345490745,65.86012345490742,8.0,0.0
noise_taxonomy,2,contact_equivalence,4,24,12,64,mixed,drift,0.05,uniform,0.7083333333333334,0.2916666666666667,1.1191745185578919,65.1191745185579,4.0,0.0
noise_taxonomy,2,contact_equivalence,6,24,12,64,mixed,drift,0.05,uniform,0.8333333333333334,0.16666666666666666,0.7012783309809544,64.70127833098095,6.0,0.0
noise_taxonomy,2,contact_equivalence,8,24,12,64,mixed,drift,0.05,uniform,0.9583333333333334,0.041666666666666664,0.18630816446419043,64.18630816446418,8.0,0.0
noise_taxonomy,2,expected_regret,4,24,12,64,mixed,drift,0.05,uniform,0.7916666666666666,0.20833333333333334,1.2908713054381675,65.29087130543816,4.0,0.0
noise_taxonomy,2,expected_regret,6,24,12,64,mixed,drift,0.05,uniform,0.8333333333333334,0.16666666666666666,0.861014837711084,64.86101483771108,6.0,0.0
noise_taxonomy,2,expected_regret,8,24,12,64,mixed,drift,0.05,uniform,0.8333333333333334,0.16666666666666666,0.5552719062192463,64.55527190621925,8.0,0.0
noise_taxonomy,2,sampled_equivalence,4,24,12,64,mixed,drift,0.05,uniform,0.875,0.125,1.038461623464242,65.03846162346424,4.0,0.0
noise_taxonomy,2,sampled_equivalence,6,24,12,64,mixed,drift,0.05,uniform,1.0,0.0,0.33219372707194184,64.33219372707194,6.0,0.0
noise_taxonomy,2,sampled_equivalence,8,24,12,64,mixed,drift,0.05,uniform,1.0,0.0,0.15893421977492958,64.15893421977493,8.0,0.0
noise_taxonomy,3,dense_contact_only,4,24,12,64,mixed,drift,0.05,uniform,0.9583333333333334,0.041666666666666664,0.8725267786737776,64.87252677867377,4.0,0.0
noise_taxonomy,3,dense_contact_only,6,24,12,64,mixed,drift,0.05,uniform,0.9583333333333334,0.041666666666666664,0.23442610584524273,64.23442610584524,6.0,0.0
noise_taxonomy,3,dense_contact_only,8,24,12,64,mixed,drift,0.05,uniform,1.0,0.0,0.046077840831723144,64.04607784083173,8.0,0.0
noise_taxonomy,3,critical_cell_entropy,4,24,12,64,mixed,drift,0.05,uniform,0.5416666666666666,0.4583333333333333,2.469330948634584,66.46933094863459,4.0,0.0
noise_taxonomy,3,critical_cell_entropy,6,24,12,64,mixed,drift,0.05,uniform,0.5833333333333334,0.4166666666666667,2.1376516012748317,66.13765160127484,6.0,0.0
noise_taxonomy,3,critical_cell_entropy,8,24,12,64,mixed,drift,0.05,uniform,0.6666666666666666,0.3333333333333333,1.8331121214850492,65.83311212148503,8.0,0.0
noise_taxonomy,3,contact_equivalence,4,24,12,64,mixed,drift,0.05,uniform,0.875,0.125,1.0364421999927171,65.03644219999272,4.0,0.0
noise_taxonomy,3,contact_equivalence,6,24,12,64,mixed,drift,0.05,uniform,0.8333333333333334,0.16666666666666666,0.4398952374147718,64.43989523741476,6.0,0.0
noise_taxonomy,3,contact_equivalence,8,24,12,64,mixed,drift,0.05,uniform,1.0,0.0,0.19001705844359398,64.19001705844359,8.0,0.0
noise_taxonomy,3,expected_regret,4,24,12,64,mixed,drift,0.05,uniform,0.7083333333333334,0.2916666666666667,1.2608533392514338,65.26085333925144,4.0,0.0
noise_taxonomy,3,expected_regret,6,24,12,64,mixed,drift,0.05,uniform,0.7916666666666666,0.20833333333333334,0.7639369482556835,64.76393694825568,6.0,0.0
noise_taxonomy,3,expected_regret,8,24,12,64,mixed,drift,0.05,uniform,0.875,0.125,0.5954769003437865,64.59547690034377,8.0,0.0
noise_taxonomy,3,sampled_equivalence,4,24,12,64,mixed,drift,0.05,uniform,0.8333333333333334,0.16666666666666666,1.180060666956873,65.18006066695688,4.0,0.0
noise_taxonomy,3,sampled_equivalence,6,24,12,64,mixed,drift,0.05,uniform,0.9166666666666666,0.08333333333333333,0.5771950634624462,64.57719506346244,6.0,0.0
noise_taxonomy,3,sampled_equivalence,8,24,12,64,mixed,drift,0.05,uniform,0.9583333333333334,0.041666666666666664,0.14988333430378378,64.14988333430378,8.0,0.0
noise_taxonomy,4,dense_contact_only,4,24,12,64,mixed,drift,0.05,uniform,0.7083333333333334,0.2916666666666667,1.1752211346111328,65.17522113461114,4.0,0.0
noise_taxonomy,4,dense_contact_only,6,24,12,64,mixed,drift,0.05,uniform,0.8333333333333334,0.16666666666666666,0.6447712781101022,64.6447712781101,6.0,0.0
noise_taxonomy,4,dense_contact_only,8,24,12,64,mixed,drift,0.05,uniform,1.0,0.0,0.15420246237465549,64.15420246237464,8.0,0.0
noise_taxonomy,4,critical_cell_entropy,4,24,12,64,mixed,drift,0.05,uniform,0.375,0.625,2.7203330589854526,66.72033305898543,4.0,0.0
noise_taxonomy,4,critical_cell_entropy,6,24,12,64,mixed,drift,0.05,uniform,0.5833333333333334,0.4166666666666667,2.34346912559767,66.34346912559768,6.0,0.0
noise_taxonomy,4,critical_cell_entropy,8,24,12,64,mixed,drift,0.05,uniform,0.6666666666666666,0.3333333333333333,1.8190751870085589,65.81907518700855,8.0,0.0
noise_taxonomy,4,contact_equivalence,4,24,12,64,mixed,drift,0.05,uniform,0.875,0.125,0.7728646735811274,64.77286467358113,4.0,0.0
noise_taxonomy,4,contact_equivalence,6,24,12,64,mixed,drift,0.05,uniform,0.875,0.125,0.33838907479170616,64.33838907479172,6.0,0.0
noise_taxonomy,4,contact_equivalence,8,24,12,64,mixed,drift,0.05,uniform,0.9166666666666666,0.08333333333333333,0.321369881457629,64.32136988145761,8.0,0.0
noise_taxonomy,4,expected_regret,4,24,12,64,mixed,drift,0.05,uniform,0.875,0.125,0.9329753436315671,64.93297534363155,4.0,0.0
noise_taxonomy,4,expected_regret,6,24,12,64,mixed,drift,0.05,uniform,0.9166666666666666,0.08333333333333333,0.5526667911968088,64.55266679119681,6.0,0.0
noise_taxonomy,4,expected_regret,8,24,12,64,mixed,drift,0.05,uniform,0.9166666666666666,0.08333333333333333,0.3864216032701668,64.38642160327018,8.0,0.0
noise_taxonomy,4,sampled_equivalence,4,24,12,64,mixed,drift,0.05,uniform,0.7916666666666666,0.20833333333333334,1.1453709980329518,65.14537099803293,4.0,0.0
noise_taxonomy,4,sampled_equivalence,6,24,12,64,mixed,drift,0.05,uniform,0.875,0.125,0.6420962931470927,64.64209629314709,6.0,0.0
noise_taxonomy,4,sampled_equivalence,8,24,12,64,mixed,drift,0.05,uniform,0.9166666666666666,0.08333333333333333,0.28759264893036246,64.28759264893037,8.0,0.0
noise_taxonomy,5,dense_contact_only,4,24,12,64,mixed,drift,0.05,uniform,0.75,0.25,0.8980185141877012,64.89801851418771,4.0,0.0
noise_taxonomy,5,dense_contact_only,6,24,12,64,mixed,drift,0.05,uniform,0.9583333333333334,0.041666666666666664,0.49298416828151154,64.49298416828152,6.0,0.0
noise_taxonomy,5,dense_contact_only,8,24,12,64,mixed,drift,0.05,uniform,0.9583333333333334,0.041666666666666664,0.14112236511207885,64.14112236511208,8.0,0.0
noise_taxonomy,5,critical_cell_entropy,4,24,12,64,mixed,drift,0.05,uniform,0.2916666666666667,0.7083333333333334,2.674715723886546,66.67471572388652,4.0,0.0
noise_taxonomy,5,critical_cell_entropy,6,24,12,64,mixed,drift,0.05,uniform,0.4583333333333333,0.5416666666666666,2.231315740609374,66.23131574060938,6.0,0.0
noise_taxonomy,5,critical_cell_entropy,8,24,12,64,mixed,drift,0.05,uniform,0.5,0.5,1.8059270514214545,65.80592705142145,8.0,0.0
noise_taxonomy,5,contact_equivalence,4,24,12,64,mixed,drift,0.05,uniform,0.8333333333333334,0.16666666666666666,1.1475025978383784,65.1475025978384,4.0,0.0
noise_taxonomy,5,contact_equivalence,6,24,12,64,mixed,drift,0.05,uniform,0.875,0.125,0.4980453574877091,64.49804535748773,6.0,0.0
noise_taxonomy,5,contact_equivalence,8,24,12,64,mixed,drift,0.05,uniform,1.0,0.0,0.1866009077021544,64.18660090770216,8.0,0.0
noise_taxonomy,5,expected_regret,4,24,12,64,mixed,drift,0.05,uniform,0.7916666666666666,0.20833333333333334,1.1561189873669673,65.15611898736695,4.0,0.0
noise_taxonomy,5,expected_regret,6,24,12,64,mixed,drift,0.05,uniform,0.9166666666666666,0.08333333333333333,0.6573343017445086,64.65733430174451,6.0,0.0
noise_taxonomy,5,expected_regret,8,24,12,64,mixed,drift,0.05,uniform,0.9583333333333334,0.041666666666666664,0.45479918494134125,64.45479918494135,8.0,0.0
noise_taxonomy,5,sampled_equivalence,4,24,12,64,mixed,drift,0.05,uniform,0.7916666666666666,0.20833333333333334,1.0340442645192396,65.03404426451922,4.0,0.0
noise_taxonomy,5,sampled_equivalence,6,24,12,64,mixed,drift,0.05,uniform,0.8333333333333334,0.16666666666666666,0.7685287636200812,64.76852876362008,6.0,0.0
noise_taxonomy,5,sampled_equivalence,8,24,12,64,mixed,drift,0.05,uniform,0.9583333333333334,0.041666666666666664,0.2980047610177267,64.29800476101772,8.0,0.0
noise_taxonomy,6,dense_contact_only,4,24,12,64,mixed,drift,0.05,uniform,0.9166666666666666,0.08333333333333333,0.8249025421096544,64.82490254210965,4.0,0.0
noise_taxonomy,6,dense_contact_only,6,24,12,64,mixed,drift,0.05,uniform,0.9583333333333334,0.041666666666666664,0.2281269515705758,64.22812695157059,6.0,0.0
noise_taxonomy,6,dense_contact_only,8,24,12,64,mixed,drift,0.05,uniform,1.0,0.0,0.04020623235777895,64.04020623235778,8.0,0.0
noise_taxonomy,6,critical_cell_entropy,4,24,12,64,mixed,drift,0.05,uniform,0.3333333333333333,0.6666666666666666,2.7541510829005507,66.75415108290055,4.0,0.0
noise_taxonomy,6,critical_cell_entropy,6,24,12,64,mixed,drift,0.05,uniform,0.4583333333333333,0.5416666666666666,2.3273917979289664,66.32739179792898,6.0,0.0
noise_taxonomy,6,critical_cell_entropy,8,24,12,64,mixed,drift,0.05,uniform,0.625,0.375,1.8444752631478645,65.84447526314786,8.0,0.0
noise_taxonomy,6,contact_equivalence,4,24,12,64,mixed,drift,0.05,uniform,0.8333333333333334,0.16666666666666666,0.8220190849983758,64.82201908499837,4.0,0.0
noise_taxonomy,6,contact_equivalence,6,24,12,64,mixed,drift,0.05,uniform,0.875,0.125,0.41143948331354263,64.41143948331353,6.0,0.0
noise_taxonomy,6,contact_equivalence,8,24,12,64,mixed,drift,0.05,uniform,0.9166666666666666,0.08333333333333333,0.39854677393746746,64.39854677393747,8.0,0.0
noise_taxonomy,6,expected_regret,4,24,12,64,mixed,drift,0.05,uniform,0.8333333333333334,0.16666666666666666,1.3044657038449292,65.30446570384493,4.0,0.0
noise_taxonomy,6,expected_regret,6,24,12,64,mixed,drift,0.05,uniform,0.9166666666666666,0.08333333333333333,0.7080583398262276,64.70805833982622,6.0,0.0
noise_taxonomy,6,expected_regret,8,24,12,64,mixed,drift,0.05,uniform,0.9583333333333334,0.041666666666666664,0.5352018340035382,64.53520183400356,8.0,0.0
noise_taxonomy,6,sampled_equivalence,4,24,12,64,mixed,drift,0.05,uniform,0.8333333333333334,0.16666666666666666,1.2650629913448757,65.26506299134488,4.0,0.0
noise_taxonomy,6,sampled_equivalence,6,24,12,64,mixed,drift,0.05,uniform,0.8333333333333334,0.16666666666666666,0.6800907328297344,64.68009073282974,6.0,0.0
noise_taxonomy,6,sampled_equivalence,8,24,12,64,mixed,drift,0.05,uniform,0.9583333333333334,0.041666666666666664,0.3765404590411241,64.37654045904112,8.0,0.0
noise_taxonomy,7,dense_contact_only,4,24,12,64,mixed,drift,0.05,uniform,0.75,0.25,1.4305460726662897,65.4305460726663,4.0,0.0
noise_taxonomy,7,dense_contact_only,6,24,12,64,mixed,drift,0.05,uniform,0.7916666666666666,0.20833333333333334,0.6275196415644435,64.62751964156445,6.0,0.0
noise_taxonomy,7,dense_contact_only,8,24,12,64,mixed,drift,0.05,uniform,0.9583333333333334,0.041666666666666664,0.2940502173998109,64.2940502173998,8.0,0.0
noise_taxonomy,7,critical_cell_entropy,4,24,12,64,mixed,drift,0.05,uniform,0.25,0.75,2.716497982924578,66.71649798292457,4.0,0.0
noise_taxonomy,7,critical_cell_entropy,6,24,12,64,mixed,drift,0.05,uniform,0.375,0.625,2.3124045772082362,66.31240457720826,6.0,0.0
noise_taxonomy,7,critical_cell_entropy,8,24,12,64,mixed,drift,0.05,uniform,0.375,0.625,1.9807767023227438,65.98077670232274,8.0,0.0
noise_taxonomy,7,contact_equivalence,4,24,12,64,mixed,drift,0.05,uniform,0.8333333333333334,0.16666666666666666,0.905052826286362,64.90505282628637,4.0,0.0
noise_taxonomy,7,contact_equivalence,6,24,12,64,mixed,drift,0.05,uniform,0.875,0.125,0.44229060443682316,64.44229060443683,6.0,0.0
noise_taxonomy,7,contact_equivalence,8,24,12,64,mixed,drift,0.05,uniform,1.0,0.0,0.16870850682452554,64.16870850682453,8.0,0.0
noise_taxonomy,7,expected_regret,4,24,12,64,mixed,drift,0.05,uniform,0.5833333333333334,0.4166666666666667,1.1163679048957944,65.11636790489578,4.0,0.0
noise_taxonomy,7,expected_regret,6,24,12,64,mixed,drift,0.05,uniform,0.9166666666666666,0.08333333333333333,0.5104130639662566,64.51041306396625,6.0,0.0
noise_taxonomy,7,expected_regret,8,24,12,64,mixed,drift,0.05,uniform,0.9583333333333334,0.041666666666666664,0.38655219861445816,64.38655219861447,8.0,0.0
noise_taxonomy,7,sampled_equivalence,4,24,12,64,mixed,drift,0.05,uniform,0.7083333333333334,0.2916666666666667,0.9979911668777065,64.99799116687772,4.0,0.0
noise_taxonomy,7,sampled_equivalence,6,24,12,64,mixed,drift,0.05,uniform,0.8333333333333334,0.16666666666666666,0.5286338149889557,64.52863381498894,6.0,0.0
noise_taxonomy,7,sampled_equivalence,8,24,12,64,mixed,drift,0.05,uniform,0.9583333333333334,0.041666666666666664,0.1920798815170018,64.192079881517,8.0,0.0
noise_taxonomy,8,dense_contact_only,4,24,12,64,mixed,drift,0.05,uniform,0.7083333333333334,0.2916666666666667,1.200479568508847,65.20047956850885,4.0,0.0
noise_taxonomy,8,dense_contact_only,6,24,12,64,mixed,drift,0.05,uniform,0.7916666666666666,0.20833333333333334,0.7202727447413322,64.72027274474135,6.0,0.0
noise_taxonomy,8,dense_contact_only,8,24,12,64,mixed,drift,0.05,uniform,0.875,0.125,0.5324486658017505,64.53244866580177,8.0,0.0
noise_taxonomy,8,critical_cell_entropy,4,24,12,64,mixed,drift,0.05,uniform,0.25,0.75,2.799005712061145,66.79900571206113,4.0,0.0
noise_taxonomy,8,critical_cell_entropy,6,24,12,64,mixed,drift,0.05,uniform,0.3333333333333333,0.6666666666666666,2.2245753508949053,66.22457535089492,6.0,0.0
noise_taxonomy,8,critical_cell_entropy,8,24,12,64,mixed,drift,0.05,uniform,0.4583333333333333,0.5416666666666666,1.8126350509172253,65.81263505091722,8.0,0.0
noise_taxonomy,8,contact_equivalence,4,24,12,64,mixed,drift,0.05,uniform,0.875,0.125,0.9460483426631018,64.9460483426631,4.0,0.0
noise_taxonomy,8,contact_equivalence,6,24,12,64,mixed,drift,0.05,uniform,0.9166666666666666,0.08333333333333333,0.4343085016559049,64.4343085016559,6.0,0.0
noise_taxonomy,8,contact_equivalence,8,24,12,64,mixed,drift,0.05,uniform,1.0,0.0,0.14950923000437577,64.14950923000437,8.0,0.0
noise_taxonomy,8,expected_regret,4,24,12,64,mixed,drift,0.05,uniform,0.75,0.25,1.4170069585373943,65.41700695853739,4.0,0.0
noise_taxonomy,8,expected_regret,6,24,12,64,mixed,drift,0.05,uniform,0.7916666666666666,0.20833333333333334,0.7738229851388408,64.77382298513882,6.0,0.0
noise_taxonomy,8,expected_regret,8,24,12,64,mixed,drift,0.05,uniform,0.9166666666666666,0.08333333333333333,0.49458622967061716,64.49458622967062,8.0,0.0
noise_taxonomy,8,sampled_equivalence,4,24,12,64,mixed,drift,0.05,uniform,0.875,0.125,1.1448779310201986,65.1448779310202,4.0,0.0
noise_taxonomy,8,sampled_equivalence,6,24,12,64,mixed,drift,0.05,uniform,0.9166666666666666,0.08333333333333333,0.5300987517794147,64.53009875177942,6.0,0.0
noise_taxonomy,8,sampled_equivalence,8,24,12,64,mixed,drift,0.05,uniform,0.9583333333333334,0.041666666666666664,0.36661710710835776,64.36661710710835,8.0,0.0
noise_taxonomy,9,dense_contact_only,4,24,12,64,mixed,drift,0.05,uniform,0.8333333333333334,0.16666666666666666,0.9389156238384434,64.93891562383844,4.0,0.0
noise_taxonomy,9,dense_contact_only,6,24,12,64,mixed,drift,0.05,uniform,0.875,0.125,0.43155021301707913,64.4315502130171,6.0,0.0
noise_taxonomy,9,dense_contact_only,8,24,12,64,mixed,drift,0.05,uniform,0.9583333333333334,0.041666666666666664,0.160345433192874,64.16034543319287,8.0,0.0
noise_taxonomy,9,critical_cell_entropy,4,24,12,64,mixed,drift,0.05,uniform,0.375,0.625,2.762140597827056,66.76214059782704,4.0,0.0
noise_taxonomy,9,critical_cell_entropy,6,24,12,64,mixed,drift,0.05,uniform,0.5,0.5,2.255393029697559,66.25539302969757,6.0,0.0
noise_taxonomy,9,critical_cell_entropy,8,24,12,64,mixed,drift,0.05,uniform,0.6666666666666666,0.3333333333333333,1.8628243496649926,65.86282434966499,8.0,0.0
noise_taxonomy,9,contact_equivalence,4,24,12,64,mixed,drift,0.05,uniform,0.8333333333333334,0.16666666666666666,0.8257963927882351,64.82579639278823,4.0,0.0
noise_taxonomy,9,contact_equivalence,6,24,12,64,mixed,drift,0.05,uniform,0.875,0.125,0.24662260618090434,64.2466226061809,6.0,0.0
noise_taxonomy,9,contact_equivalence,8,24,12,64,mixed,drift,0.05,uniform,0.9583333333333334,0.041666666666666664,0.07554434914014115,64.07554434914013,8.0,0.0
noise_taxonomy,9,expected_regret,4,24,12,64,mixed,drift,0.05,uniform,0.6666666666666666,0.3333333333333333,1.2116057324436598,65.21160573244366,4.0,0.0
noise_taxonomy,9,expected_regret,6,24,12,64,mixed,drift,0.05,uniform,0.75,0.25,0.7261730845409645,64.72617308454096,6.0,0.0
noise_taxonomy,9,expected_regret,8,24,12,64,mixed,drift,0.05,uniform,0.75,0.25,0.6705739201470452,64.67057392014708,8.0,0.0
noise_taxonomy,9,sampled_equivalence,4,24,12,64,mixed,drift,0.05,uniform,0.7083333333333334,0.2916666666666667,1.1120296152321012,65.1120296152321,4.0,0.0
noise_taxonomy,9,sampled_equivalence,6,24,12,64,mixed,drift,0.05,uniform,0.8333333333333334,0.16666666666666666,0.7220349673666947,64.72203496736668,6.0,0.0
noise_taxonomy,9,sampled_equivalence,8,24,12,64,mixed,drift,0.05,uniform,0.8333333333333334,0.16666666666666666,0.44515834093551154,64.44515834093552,8.0,0.0
noise_taxonomy,0,dense_contact_only,4,24,12,64,mixed,drift,0.1,uniform,0.5416666666666666,0.4583333333333333,1.883442999906838,65.88344299990682,4.0,0.0
noise_taxonomy,0,dense_contact_only,6,24,12,64,mixed,drift,0.1,uniform,0.6666666666666666,0.3333333333333333,1.2682081832709537,65.26820818327094,6.0,0.0
noise_taxonomy,0,dense_contact_only,8,24,12,64,mixed,drift,0.1,uniform,0.9583333333333334,0.041666666666666664,0.6727438322984639,64.67274383229847,8.0,0.0
noise_taxonomy,0,critical_cell_entropy,4,24,12,64,mixed,drift,0.1,uniform,0.3333333333333333,0.6666666666666666,3.026309564176725,67.0263095641767,4.0,0.0
noise_taxonomy,0,critical_cell_entropy,6,24,12,64,mixed,drift,0.1,uniform,0.4166666666666667,0.5833333333333334,2.718066259742819,66.71806625974281,6.0,0.0
noise_taxonomy,0,critical_cell_entropy,8,24,12,64,mixed,drift,0.1,uniform,0.4583333333333333,0.5416666666666666,2.533055883518849,66.53305588351883,8.0,0.0
noise_taxonomy,0,contact_equivalence,4,24,12,64,mixed,drift,0.1,uniform,0.6666666666666666,0.3333333333333333,1.724264725985437,65.72426472598542,4.0,0.0
noise_taxonomy,0,contact_equivalence,6,24,12,64,mixed,drift,0.1,uniform,0.7916666666666666,0.20833333333333334,1.2284141834633935,65.22841418346341,6.0,0.0
noise_taxonomy,0,contact_equivalence,8,24,12,64,mixed,drift,0.1,uniform,0.7916666666666666,0.20833333333333334,0.903639442732064,64.90363944273206,8.0,0.0
noise_taxonomy,0,expected_regret,4,24,12,64,mixed,drift,0.1,uniform,0.5,0.5,2.035902735774039,66.03590273577404,4.0,0.0
noise_taxonomy,0,expected_regret,6,24,12,64,mixed,drift,0.1,uniform,0.7083333333333334,0.2916666666666667,1.2836013861019728,65.28360138610198,6.0,0.0
noise_taxonomy,0,expected_regret,8,24,12,64,mixed,drift,0.1,uniform,0.7916666666666666,0.20833333333333334,0.9811449152395255,64.98114491523951,8.0,0.0
noise_taxonomy,0,sampled_equivalence,4,24,12,64,mixed,drift,0.1,uniform,0.5,0.5,1.7031469483432906,65.70314694834329,4.0,0.0
noise_taxonomy,0,sampled_equivalence,6,24,12,64,mixed,drift,0.1,uniform,0.625,0.375,1.3258871249133861,65.3258871249134,6.0,0.0
noise_taxonomy,0,sampled_equivalence,8,24,12,64,mixed,drift,0.1,uniform,0.75,0.25,0.9547683301947104,64.95476833019472,8.0,0.0
noise_taxonomy,1,dense_contact_only,4,24,12,64,mixed,drift,0.1,uniform,0.5,0.5,2.1730124261845183,66.1730124261845,4.0,0.0
noise_taxonomy,1,dense_contact_only,6,24,12,64,mixed,drift,0.1,uniform,0.5833333333333334,0.4166666666666667,1.4117179489752203,65.41171794897522,6.0,0.0
noise_taxonomy,1,dense_contact_only,8,24,12,64,mixed,drift,0.1,uniform,0.75,0.25,1.3006981738368182,65.30069817383682,8.0,0.0
noise_taxonomy,1,critical_cell_entropy,4,24,12,64,mixed,drift,0.1,uniform,0.20833333333333334,0.7916666666666666,2.951581639647651,66.95158163964764,4.0,0.0
noise_taxonomy,1,critical_cell_entropy,6,24,12,64,mixed,drift,0.1,uniform,0.375,0.625,2.765238814316802,66.7652388143168,6.0,0.0
noise_taxonomy,1,critical_cell_entropy,8,24,12,64,mixed,drift,0.1,uniform,0.3333333333333333,0.6666666666666666,2.5979388973715127,66.59793889737152,8.0,0.0
noise_taxonomy,1,contact_equivalence,4,24,12,64,mixed,drift,0.1,uniform,0.5833333333333334,0.4166666666666667,1.7851797329260208,65.785179732926,4.0,0.0
noise_taxonomy,1,contact_equivalence,6,24,12,64,mixed,drift,0.1,uniform,0.6666666666666666,0.3333333333333333,1.1736783005140554,65.17367830051404,6.0,0.0
noise_taxonomy,1,contact_equivalence,8,24,12,64,mixed,drift,0.1,uniform,0.75,0.25,0.8065559608924112,64.80655596089242,8.0,0.0
noise_taxonomy,1,expected_regret,4,24,12,64,mixed,drift,0.1,uniform,0.7083333333333334,0.2916666666666667,2.004518183141022,66.00451818314103,4.0,0.0
noise_taxonomy,1,expected_regret,6,24,12,64,mixed,drift,0.1,uniform,0.7916666666666666,0.20833333333333334,1.415999819044781,65.41599981904477,6.0,0.0
noise_taxonomy,1,expected_regret,8,24,12,64,mixed,drift,0.1,uniform,0.875,0.125,1.114608301982514,65.11460830198251,8.0,0.0
noise_taxonomy,1,sampled_equivalence,4,24,12,64,mixed,drift,0.1,uniform,0.5416666666666666,0.4583333333333333,1.9843640527006032,65.9843640527006,4.0,0.0
noise_taxonomy,1,sampled_equivalence,6,24,12,64,mixed,drift,0.1,uniform,0.6666666666666666,0.3333333333333333,1.3030081736997838,65.30300817369978,6.0,0.0
noise_taxonomy,1,sampled_equivalence,8,24,12,64,mixed,drift,0.1,uniform,0.8333333333333334,0.16666666666666666,0.6342340115731626,64.63423401157316,8.0,0.0
noise_taxonomy,2,dense_contact_only,4,24,12,64,mixed,drift,0.1,uniform,0.75,0.25,1.497179089659135,65.49717908965911,4.0,0.0
noise_taxonomy,2,dense_contact_only,6,24,12,64,mixed,drift,0.1,uniform,0.7916666666666666,0.20833333333333334,0.8827866319437581,64.88278663194376,6.0,0.0
noise_taxonomy,2,dense_contact_only,8,24,12,64,mixed,drift,0.1,uniform,0.9166666666666666,0.08333333333333333,0.7209816316140704,64.72098163161407,8.0,0.0
noise_taxonomy,2,critical_cell_entropy,4,24,12,64,mixed,drift,0.1,uniform,0.20833333333333334,0.7916666666666666,2.9449222683499907,66.94492226835,4.0,0.0
noise_taxonomy,2,critical_cell_entropy,6,24,12,64,mixed,drift,0.1,uniform,0.2916666666666667,0.7083333333333334,2.6723155697410905,66.67231556974109,6.0,0.0
noise_taxonomy,2,critical_cell_entropy,8,24,12,64,mixed,drift,0.1,uniform,0.375,0.625,2.462222757807814,66.46222275780782,8.0,0.0
noise_taxonomy,2,contact_equivalence,4,24,12,64,mixed,drift,0.1,uniform,0.5833333333333334,0.4166666666666667,1.860145407191103,65.86014540719108,4.0,0.0
noise_taxonomy,2,contact_equivalence,6,24,12,64,mixed,drift,0.1,uniform,0.75,0.25,1.250819852848969,65.25081985284898,6.0,0.0
noise_taxonomy,2,contact_equivalence,8,24,12,64,mixed,drift,0.1,uniform,0.9166666666666666,0.08333333333333333,0.5926206984661646,64.59262069846616,8.0,0.0
noise_taxonomy,2,expected_regret,4,24,12,64,mixed,drift,0.1,uniform,0.5833333333333334,0.4166666666666667,1.9241502585182817,65.92415025851828,4.0,0.0
noise_taxonomy,2,expected_regret,6,24,12,64,mixed,drift,0.1,uniform,0.75,0.25,1.5967756003990081,65.596775600399,6.0,0.0
noise_taxonomy,2,expected_regret,8,24,12,64,mixed,drift,0.1,uniform,0.7916666666666666,0.20833333333333334,1.3377650144072446,65.33776501440727,8.0,0.0
noise_taxonomy,2,sampled_equivalence,4,24,12,64,mixed,drift,0.1,uniform,0.75,0.25,1.5341811834579147,65.5341811834579,4.0,0.0
noise_taxonomy,2,sampled_equivalence,6,24,12,64,mixed,drift,0.1,uniform,0.875,0.125,0.848803817241086,64.84880381724109,6.0,0.0
noise_taxonomy,2,sampled_equivalence,8,24,12,64,mixed,drift,0.1,uniform,0.9166666666666666,0.08333333333333333,0.43389809051098477,64.43389809051098,8.0,0.0
noise_taxonomy,3,dense_contact_only,4,24,12,64,mixed,drift,0.1,uniform,0.7083333333333334,0.2916666666666667,1.9429541595371822,65.94295415953717,4.0,0.0
noise_taxonomy,3,dense_contact_only,6,24,12,64,mixed,drift,0.1,uniform,0.875,0.125,1.2121033402434882,65.21210334024347,6.0,0.0
noise_taxonomy,3,dense_contact_only,8,24,12,64,mixed,drift,0.1,uniform,0.9583333333333334,0.041666666666666664,0.5394205692426269,64.53942056924264,8.0,0.0
noise_taxonomy,3,critical_cell_entropy,4,24,12,64,mixed,drift,0.1,uniform,0.4166666666666667,0.5833333333333334,2.967196965508059,66.96719696550805,4.0,0.0
noise_taxonomy,3,critical_cell_entropy,6,24,12,64,mixed,drift,0.1,uniform,0.5833333333333334,0.4166666666666667,2.7166783111372568,66.71667831113724,6.0,0.0
noise_taxonomy,3,critical_cell_entropy,8,24,12,64,mixed,drift,0.1,uniform,0.6666666666666666,0.3333333333333333,2.5104816118637383,66.51048161186372,8.0,0.0
noise_taxonomy,3,contact_equivalence,4,24,12,64,mixed,drift,0.1,uniform,0.8333333333333334,0.16666666666666666,1.5265304421046313,65.5265304421046,4.0,0.0
noise_taxonomy,3,contact_equivalence,6,24,12,64,mixed,drift,0.1,uniform,0.875,0.125,0.800713895845964,64.80071389584596,6.0,0.0
noise_taxonomy,3,contact_equivalence,8,24,12,64,mixed,drift,0.1,uniform,0.875,0.125,0.5341065463727196,64.53410654637271,8.0,0.0
noise_taxonomy,3,expected_regret,4,24,12,64,mixed,drift,0.1,uniform,0.5416666666666666,0.4583333333333333,2.213470194701771,66.21347019470177,4.0,0.0
noise_taxonomy,3,expected_regret,6,24,12,64,mixed,drift,0.1,uniform,0.625,0.375,1.818537983004578,65.81853798300456,6.0,0.0
noise_taxonomy,3,expected_regret,8,24,12,64,mixed,drift,0.1,uniform,0.9166666666666666,0.08333333333333333,1.286054879200188,65.2860548792002,8.0,0.0
noise_taxonomy,3,sampled_equivalence,4,24,12,64,mixed,drift,0.1,uniform,0.7083333333333334,0.2916666666666667,1.708550412683481,65.70855041268346,4.0,0.0
noise_taxonomy,3,sampled_equivalence,6,24,12,64,mixed,drift,0.1,uniform,0.7916666666666666,0.20833333333333334,1.2753747859038411,65.27537478590382,6.0,0.0
noise_taxonomy,3,sampled_equivalence,8,24,12,64,mixed,drift,0.1,uniform,0.9583333333333334,0.041666666666666664,0.7280549610934098,64.72805496109339,8.0,0.0
noise_taxonomy,4,dense_contact_only,4,24,12,64,mixed,drift,0.1,uniform,0.5416666666666666,0.4583333333333333,1.8658195898444827,65.86581958984446,4.0,0.0
noise_taxonomy,4,dense_contact_only,6,24,12,64,mixed,drift,0.1,uniform,0.6666666666666666,0.3333333333333333,1.2862489885555264,65.28624898855553,6.0,0.0
noise_taxonomy,4,dense_contact_only,8,24,12,64,mixed,drift,0.1,uniform,0.9583333333333334,0.041666666666666664,0.6839679729792572,64.68396797297925,8.0,0.0
noise_taxonomy,4,critical_cell_entropy,4,24,12,64,mixed,drift,0.1,uniform,0.4166666666666667,0.5833333333333334,3.0187584052382346,67.01875840523824,4.0,0.0
noise_taxonomy,4,critical_cell_entropy,6,24,12,64,mixed,drift,0.1,uniform,0.5416666666666666,0.4583333333333333,2.784877625021839,66.78487762502185,6.0,0.0
noise_taxonomy,4,critical_cell_entropy,8,24,12,64,mixed,drift,0.1,uniform,0.625,0.375,2.543030811182934,66.54303081118293,8.0,0.0
noise_taxonomy,4,contact_equivalence,4,24,12,64,mixed,drift,0.1,uniform,0.5833333333333334,0.4166666666666667,1.8415526542315364,65.8415526542315,4.0,0.0
noise_taxonomy,4,contact_equivalence,6,24,12,64,mixed,drift,0.1,uniform,0.7916666666666666,0.20833333333333334,1.4721014763863896,65.47210147638638,6.0,0.0
noise_taxonomy,4,contact_equivalence,8,24,12,64,mixed,drift,0.1,uniform,0.7083333333333334,0.2916666666666667,1.0666084104484261,65.06660841044841,8.0,0.0
noise_taxonomy,4,expected_regret,4,24,12,64,mixed,drift,0.1,uniform,0.6666666666666666,0.3333333333333333,1.888574667701235,65.88857466770123,4.0,0.0
noise_taxonomy,4,expected_regret,6,24,12,64,mixed,drift,0.1,uniform,0.7916666666666666,0.20833333333333334,1.2189625038004406,65.21896250380044,6.0,0.0
noise_taxonomy,4,expected_regret,8,24,12,64,mixed,drift,0.1,uniform,0.875,0.125,0.940262266811732,64.94026226681174,8.0,0.0
noise_taxonomy,4,sampled_equivalence,4,24,12,64,mixed,drift,0.1,uniform,0.7083333333333334,0.2916666666666667,1.4705423738228154,65.47054237382281,4.0,0.0
noise_taxonomy,4,sampled_equivalence,6,24,12,64,mixed,drift,0.1,uniform,0.8333333333333334,0.16666666666666666,0.9406020821386846,64.94060208213868,6.0,0.0
noise_taxonomy,4,sampled_equivalence,8,24,12,64,mixed,drift,0.1,uniform,1.0,0.0,0.4993566067499277,64.49935660674991,8.0,0.0
noise_taxonomy,5,dense_contact_only,4,24,12,64,mixed,drift,0.1,uniform,0.7083333333333334,0.2916666666666667,1.5008870310563927,65.50088703105638,4.0,0.0
noise_taxonomy,5,dense_contact_only,6,24,12,64,mixed,drift,0.1,uniform,0.875,0.125,0.7451574692222772,64.74515746922226,6.0,0.0
noise_taxonomy,5,dense_contact_only,8,24,12,64,mixed,drift,0.1,uniform,0.875,0.125,0.5081184670048463,64.50811846700488,8.0,0.0
noise_taxonomy,5,critical_cell_entropy,4,24,12,64,mixed,drift,0.1,uniform,0.20833333333333334,0.7916666666666666,2.965062614396651,66.96506261439667,4.0,0.0
noise_taxonomy,5,critical_cell_entropy,6,24,12,64,mixed,drift,0.1,uniform,0.4583333333333333,0.5416666666666666,2.7261194519114365,66.72611945191143,6.0,0.0
noise_taxonomy,5,critical_cell_entropy,8,24,12,64,mixed,drift,0.1,uniform,0.5,0.5,2.4932216250466865,66.49322162504669,8.0,0.0
noise_taxonomy,5,contact_equivalence,4,24,12,64,mixed,drift,0.1,uniform,0.625,0.375,2.006434698353138,66.0064346983531,4.0,0.0
noise_taxonomy,5,contact_equivalence,6,24,12,64,mixed,drift,0.1,uniform,0.7083333333333334,0.2916666666666667,1.4310579970608883,65.43105799706088,6.0,0.0
noise_taxonomy,5,contact_equivalence,8,24,12,64,mixed,drift,0.1,uniform,0.875,0.125,0.9805552866032801,64.98055528660329,8.0,0.0
noise_taxonomy,5,expected_regret,4,24,12,64,mixed,drift,0.1,uniform,0.5416666666666666,0.4583333333333333,2.058523348979438,66.05852334897945,4.0,0.0
noise_taxonomy,5,expected_regret,6,24,12,64,mixed,drift,0.1,uniform,0.75,0.25,1.5850376110160547,65.58503761101605,6.0,0.0
noise_taxonomy,5,expected_regret,8,24,12,64,mixed,drift,0.1,uniform,0.7916666666666666,0.20833333333333334,1.2222665590283144,65.22226655902831,8.0,0.0
noise_taxonomy,5,sampled_equivalence,4,24,12,64,mixed,drift,0.1,uniform,0.625,0.375,1.7042178131284011,65.70421781312838,4.0,0.0
noise_taxonomy,5,sampled_equivalence,6,24,12,64,mixed,drift,0.1,uniform,0.6666666666666666,0.3333333333333333,1.456969599779183,65.45696959977919,6.0,0.0
noise_taxonomy,5,sampled_equivalence,8,24,12,64,mixed,drift,0.1,uniform,0.875,0.125,0.9927109366700462,64.99271093667005,8.0,0.0
noise_taxonomy,6,dense_contact_only,4,24,12,64,mixed,drift,0.1,uniform,0.7083333333333334,0.2916666666666667,1.7019104039292914,65.70191040392928,4.0,0.0
noise_taxonomy,6,dense_contact_only,6,24,12,64,mixed,drift,0.1,uniform,0.8333333333333334,0.16666666666666666,1.0186672656498101,65.01866726564981,6.0,0.0
noise_taxonomy,6,dense_contact_only,8,24,12,64,mixed,drift,0.1,uniform,0.9583333333333334,0.041666666666666664,0.5344270950107256,64.53442709501073,8.0,0.0
noise_taxonomy,6,critical_cell_entropy,4,24,12,64,mixed,drift,0.1,uniform,0.375,0.625,2.983759771908268,66.98375977190825,4.0,0.0
noise_taxonomy,6,critical_cell_entropy,6,24,12,64,mixed,drift,0.1,uniform,0.4166666666666667,0.5833333333333334,2.764226725357282,66.76422672535726,6.0,0.0
noise_taxonomy,6,critical_cell_entropy,8,24,12,64,mixed,drift,0.1,uniform,0.5,0.5,2.560513625843952,66.56051362584395,8.0,0.0
noise_taxonomy,6,contact_equivalence,4,24,12,64,mixed,drift,0.1,uniform,0.6666666666666666,0.3333333333333333,1.8170874324751738,65.81708743247515,4.0,0.0
noise_taxonomy,6,contact_equivalence,6,24,12,64,mixed,drift,0.1,uniform,0.75,0.25,0.9468432712876612,64.94684327128766,6.0,0.0
noise_taxonomy,6,contact_equivalence,8,24,12,64,mixed,drift,0.1,uniform,0.7916666666666666,0.20833333333333334,0.8707061733460725,64.87070617334606,8.0,0.0
noise_taxonomy,6,expected_regret,4,24,12,64,mixed,drift,0.1,uniform,0.625,0.375,1.8945821904544247,65.89458219045443,4.0,0.0
noise_taxonomy,6,expected_regret,6,24,12,64,mixed,drift,0.1,uniform,0.75,0.25,1.5317971714620684,65.53179717146206,6.0,0.0
noise_taxonomy,6,expected_regret,8,24,12,64,mixed,drift,0.1,uniform,0.9166666666666666,0.08333333333333333,1.2900188450746777,65.29001884507467,8.0,0.0
noise_taxonomy,6,sampled_equivalence,4,24,12,64,mixed,drift,0.1,uniform,0.6666666666666666,0.3333333333333333,1.881271334347807,65.8812713343478,4.0,0.0
noise_taxonomy,6,sampled_equivalence,6,24,12,64,mixed,drift,0.1,uniform,0.75,0.25,1.1596880986574403,65.15968809865744,6.0,0.0
noise_taxonomy,6,sampled_equivalence,8,24,12,64,mixed,drift,0.1,uniform,0.875,0.125,0.6855845983375599,64.68558459833758,8.0,0.0
noise_taxonomy,7,dense_contact_only,4,24,12,64,mixed,drift,0.1,uniform,0.5416666666666666,0.4583333333333333,2.0265251912240814,66.02652519122405,4.0,0.0
noise_taxonomy,7,dense_contact_only,6,24,12,64,mixed,drift,0.1,uniform,0.7916666666666666,0.20833333333333334,1.3795036258241018,65.37950362582409,6.0,0.0
noise_taxonomy,7,dense_contact_only,8,24,12,64,mixed,drift,0.1,uniform,0.7916666666666666,0.20833333333333334,1.1107756144683598,65.11077561446837,8.0,0.0
noise_taxonomy,7,critical_cell_entropy,4,24,12,64,mixed,drift,0.1,uniform,0.08333333333333333,0.9166666666666666,3.040668662400195,67.04066866240021,4.0,0.0
noise_taxonomy,7,critical_cell_entropy,6,24,12,64,mixed,drift,0.1,uniform,0.3333333333333333,0.6666666666666666,2.759065855453643,66.75906585545364,6.0,0.0
noise_taxonomy,7,critical_cell_entropy,8,24,12,64,mixed,drift,0.1,uniform,0.4166666666666667,0.5833333333333334,2.495765768258903,66.49576576825892,8.0,0.0
noise_taxonomy,7,contact_equivalence,4,24,12,64,mixed,drift,0.1,uniform,0.6666666666666666,0.3333333333333333,1.6931296098657809,65.69312960986576,4.0,0.0
noise_taxonomy,7,contact_equivalence,6,24,12,64,mixed,drift,0.1,uniform,0.7916666666666666,0.20833333333333334,1.0947927670166036,65.0947927670166,6.0,0.0
noise_taxonomy,7,contact_equivalence,8,24,12,64,mixed,drift,0.1,uniform,0.875,0.125,0.6782971771753633,64.67829717717537,8.0,0.0
noise_taxonomy,7,expected_regret,4,24,12,64,mixed,drift,0.1,uniform,0.5416666666666666,0.4583333333333333,1.859519849499496,65.85951984949949,4.0,0.0
noise_taxonomy,7,expected_regret,6,24,12,64,mixed,drift,0.1,uniform,0.625,0.375,1.3869986097580165,65.38699860975801,6.0,0.0
noise_taxonomy,7,expected_regret,8,24,12,64,mixed,drift,0.1,uniform,0.8333333333333334,0.16666666666666666,0.9967850926798523,64.99678509267987,8.0,0.0
noise_taxonomy,7,sampled_equivalence,4,24,12,64,mixed,drift,0.1,uniform,0.625,0.375,1.7940826889375856,65.79408268893759,4.0,0.0
noise_taxonomy,7,sampled_equivalence,6,24,12,64,mixed,drift,0.1,uniform,0.8333333333333334,0.16666666666666666,1.2021851771107086,65.2021851771107,6.0,0.0
noise_taxonomy,7,sampled_equivalence,8,24,12,64,mixed,drift,0.1,uniform,0.875,0.125,0.9004490676226914,64.90044906762272,8.0,0.0
noise_taxonomy,8,dense_contact_only,4,24,12,64,mixed,drift,0.1,uniform,0.5833333333333334,0.4166666666666667,1.9658686929970892,65.96586869299706,4.0,0.0
noise_taxonomy,8,dense_contact_only,6,24,12,64,mixed,drift,0.1,uniform,0.75,0.25,1.415591712102614,65.41559171210262,6.0,0.0
noise_taxonomy,8,dense_contact_only,8,24,12,64,mixed,drift,0.1,uniform,0.875,0.125,0.8220953207757077,64.82209532077572,8.0,0.0
noise_taxonomy,8,critical_cell_entropy,4,24,12,64,mixed,drift,0.1,uniform,0.375,0.625,2.9882018084311888,66.98820180843119,4.0,0.0
noise_taxonomy,8,critical_cell_entropy,6,24,12,64,mixed,drift,0.1,uniform,0.375,0.625,2.7599166991220128,66.759916699122,6.0,0.0
noise_taxonomy,8,critical_cell_entropy,8,24,12,64,mixed,drift,0.1,uniform,0.4166666666666667,0.5833333333333334,2.5003044714406193,66.50030447144063,8.0,0.0
noise_taxonomy,8,contact_equivalence,4,24,12,64,mixed,drift,0.1,uniform,0.75,0.25,1.8322890096054962,65.83228900960547,4.0,0.0
noise_taxonomy,8,contact_equivalence,6,24,12,64,mixed,drift,0.1,uniform,0.7916666666666666,0.20833333333333334,1.1699882965370265,65.16998829653703,6.0,0.0
noise_taxonomy,8,contact_equivalence,8,24,12,64,mixed,drift,0.1,uniform,0.9166666666666666,0.08333333333333333,0.6731654194512459,64.67316541945125,8.0,0.0
noise_taxonomy,8,expected_regret,4,24,12,64,mixed,drift,0.1,uniform,0.625,0.375,1.8036631418721398,65.80366314187215,4.0,0.0
noise_taxonomy,8,expected_regret,6,24,12,64,mixed,drift,0.1,uniform,0.6666666666666666,0.3333333333333333,1.515924400867737,65.51592440086772,6.0,0.0
noise_taxonomy,8,expected_regret,8,24,12,64,mixed,drift,0.1,uniform,0.7916666666666666,0.20833333333333334,1.2404137144081735,65.24041371440818,8.0,0.0
noise_taxonomy,8,sampled_equivalence,4,24,12,64,mixed,drift,0.1,uniform,0.75,0.25,1.6316854325184131,65.63168543251841,4.0,0.0
noise_taxonomy,8,sampled_equivalence,6,24,12,64,mixed,drift,0.1,uniform,0.7916666666666666,0.20833333333333334,1.1189245477612093,65.11892454776121,6.0,0.0
noise_taxonomy,8,sampled_equivalence,8,24,12,64,mixed,drift,0.1,uniform,0.875,0.125,0.8097667886094286,64.80976678860945,8.0,0.0
noise_taxonomy,9,dense_contact_only,4,24,12,64,mixed,drift,0.1,uniform,0.5833333333333334,0.4166666666666667,1.8048439560324594,65.80484395603243,4.0,0.0
noise_taxonomy,9,dense_contact_only,6,24,12,64,mixed,drift,0.1,uniform,0.7083333333333334,0.2916666666666667,1.581540101118924,65.58154010111892,6.0,0.0
noise_taxonomy,9,dense_contact_only,8,24,12,64,mixed,drift,0.1,uniform,0.9166666666666666,0.08333333333333333,1.1475838922117838,65.14758389221178,8.0,0.0
noise_taxonomy,9,critical_cell_entropy,4,24,12,64,mixed,drift,0.1,uniform,0.2916666666666667,0.7083333333333334,2.982110928623244,66.98211092862324,4.0,0.0
noise_taxonomy,9,critical_cell_entropy,6,24,12,64,mixed,drift,0.1,uniform,0.375,0.625,2.7409917274567834,66.74099172745679,6.0,0.0
noise_taxonomy,9,critical_cell_entropy,8,24,12,64,mixed,drift,0.1,uniform,0.4166666666666667,0.5833333333333334,2.505666982201215,66.50566698220122,8.0,0.0
noise_taxonomy,9,contact_equivalence,4,24,12,64,mixed,drift,0.1,uniform,0.7916666666666666,0.20833333333333334,1.4127039392175906,65.41270393921756,4.0,0.0
noise_taxonomy,9,contact_equivalence,6,24,12,64,mixed,drift,0.1,uniform,0.875,0.125,0.5991744750986191,64.5991744750986,6.0,0.0
noise_taxonomy,9,contact_equivalence,8,24,12,64,mixed,drift,0.1,uniform,0.9166666666666666,0.08333333333333333,0.4012777202161886,64.40127772021619,8.0,0.0
noise_taxonomy,9,expected_regret,4,24,12,64,mixed,drift,0.1,uniform,0.5833333333333334,0.4166666666666667,2.058938767474755,66.05893876747474,4.0,0.0
noise_taxonomy,9,expected_regret,6,24,12,64,mixed,drift,0.1,uniform,0.7083333333333334,0.2916666666666667,1.68562250921589,65.68562250921589,6.0,0.0
noise_taxonomy,9,expected_regret,8,24,12,64,mixed,drift,0.1,uniform,0.7916666666666666,0.20833333333333334,1.1889419531467238,65.18894195314674,8.0,0.0
noise_taxonomy,9,sampled_equivalence,4,24,12,64,mixed,drift,0.1,uniform,0.5416666666666666,0.4583333333333333,1.8310575276179544,65.83105752761796,4.0,0.0
noise_taxonomy,9,sampled_equivalence,6,24,12,64,mixed,drift,0.1,uniform,0.7083333333333334,0.2916666666666667,1.315573841081603,65.3155738410816,6.0,0.0
noise_taxonomy,9,sampled_equivalence,8,24,12,64,mixed,drift,0.1,uniform,0.7083333333333334,0.2916666666666667,0.9458403436787458,64.94584034367874,8.0,0.0
noise_taxonomy,0,dense_contact_only,4,24,12,64,mixed,drift,0.2,uniform,0.3333333333333333,0.6666666666666666,2.9569965474433197,66.95699654744332,4.0,0.0
noise_taxonomy,0,dense_contact_only,6,24,12,64,mixed,drift,0.2,uniform,0.4583333333333333,0.5416666666666666,2.5717031282901326,66.57170312829014,6.0,0.0
noise_taxonomy,0,dense_contact_only,8,24,12,64,mixed,drift,0.2,uniform,0.625,0.375,2.3526549303406274,66.35265493034063,8.0,0.0
noise_taxonomy,0,critical_cell_entropy,4,24,12,64,mixed,drift,0.2,uniform,0.08333333333333333,0.9166666666666666,3.3778732879008104,67.3778732879008,4.0,0.0
noise_taxonomy,0,critical_cell_entropy,6,24,12,64,mixed,drift,0.2,uniform,0.25,0.75,3.301980866780635,67.30198086678065,6.0,0.0
noise_taxonomy,0,critical_cell_entropy,8,24,12,64,mixed,drift,0.2,uniform,0.2916666666666667,0.7083333333333334,3.2630011045344136,67.26300110453441,8.0,0.0
noise_taxonomy,0,contact_equivalence,4,24,12,64,mixed,drift,0.2,uniform,0.20833333333333334,0.7916666666666666,2.9091833905166222,66.9091833905166,4.0,0.0
noise_taxonomy,0,contact_equivalence,6,24,12,64,mixed,drift,0.2,uniform,0.3333333333333333,0.6666666666666666,2.605166964415219,66.60516696441523,6.0,0.0
noise_taxonomy,0,contact_equivalence,8,24,12,64,mixed,drift,0.2,uniform,0.4583333333333333,0.5416666666666666,2.4170052574101657,66.41700525741017,8.0,0.0
noise_taxonomy,0,expected_regret,4,24,12,64,mixed,drift,0.2,uniform,0.16666666666666666,0.8333333333333334,3.008359363456446,67.00835936345646,4.0,0.0
noise_taxonomy,0,expected_regret,6,24,12,64,mixed,drift,0.2,uniform,0.2916666666666667,0.7083333333333334,2.773610571542815,66.77361057154282,6.0,0.0
noise_taxonomy,0,expected_regret,8,24,12,64,mixed,drift,0.2,uniform,0.3333333333333333,0.6666666666666666,2.6669106421525104,66.66691064215252,8.0,0.0
noise_taxonomy,0,sampled_equivalence,4,24,12,64,mixed,drift,0.2,uniform,0.3333333333333333,0.6666666666666666,2.8734968901521936,66.8734968901522,4.0,0.0
noise_taxonomy,0,sampled_equivalence,6,24,12,64,mixed,drift,0.2,uniform,0.4166666666666667,0.5833333333333334,2.5364252290758205,66.53642522907583,6.0,0.0
noise_taxonomy,0,sampled_equivalence,8,24,12,64,mixed,drift,0.2,uniform,0.5,0.5,2.3755342843222675,66.37553428432226,8.0,0.0
noise_taxonomy,1,dense_contact_only,4,24,12,64,mixed,drift,0.2,uniform,0.20833333333333334,0.7916666666666666,2.830703101350531,66.83070310135052,4.0,0.0
noise_taxonomy,1,dense_contact_only,6,24,12,64,mixed,drift,0.2,uniform,0.3333333333333333,0.6666666666666666,2.6437108572043555,66.64371085720437,6.0,0.0
noise_taxonomy,1,dense_contact_only,8,24,12,64,mixed,drift,0.2,uniform,0.5833333333333334,0.4166666666666667,2.614210580484556,66.61421058048455,8.0,0.0
noise_taxonomy,1,critical_cell_entropy,4,24,12,64,mixed,drift,0.2,uniform,0.16666666666666666,0.8333333333333334,3.3381485745023878,67.33814857450237,4.0,0.0
noise_taxonomy,1,critical_cell_entropy,6,24,12,64,mixed,drift,0.2,uniform,0.25,0.75,3.2687513962002055,67.26875139620022,6.0,0.0
noise_taxonomy,1,critical_cell_entropy,8,24,12,64,mixed,drift,0.2,uniform,0.25,0.75,3.219663559720353,67.21966355972036,8.0,0.0
noise_taxonomy,1,contact_equivalence,4,24,12,64,mixed,drift,0.2,uniform,0.25,0.75,2.8371394763380935,66.8371394763381,4.0,0.0
noise_taxonomy,1,contact_equivalence,6,24,12,64,mixed,drift,0.2,uniform,0.5,0.5,2.673837194907255,66.67383719490725,6.0,0.0
noise_taxonomy,1,contact_equivalence,8,24,12,64,mixed,drift,0.2,uniform,0.5416666666666666,0.4583333333333333,2.5099862003529942,66.50998620035298,8.0,0.0
noise_taxonomy,1,expected_regret,4,24,12,64,mixed,drift,0.2,uniform,0.375,0.625,2.9293224568630514,66.92932245686303,4.0,0.0
noise_taxonomy,1,expected_regret,6,24,12,64,mixed,drift,0.2,uniform,0.4166666666666667,0.5833333333333334,2.725122165071466,66.72512216507147,6.0,0.0
noise_taxonomy,1,expected_regret,8,24,12,64,mixed,drift,0.2,uniform,0.4166666666666667,0.5833333333333334,2.6532311317177073,66.65323113171769,8.0,0.0
noise_taxonomy,1,sampled_equivalence,4,24,12,64,mixed,drift,0.2,uniform,0.3333333333333333,0.6666666666666666,2.7338638642335655,66.73386386423357,4.0,0.0
noise_taxonomy,1,sampled_equivalence,6,24,12,64,mixed,drift,0.2,uniform,0.5416666666666666,0.4583333333333333,2.2699708762320854,66.2699708762321,6.0,0.0
noise_taxonomy,1,sampled_equivalence,8,24,12,64,mixed,drift,0.2,uniform,0.6666666666666666,0.3333333333333333,2.1283578187215517,66.12835781872154,8.0,0.0
noise_taxonomy,2,dense_contact_only,4,24,12,64,mixed,drift,0.2,uniform,0.375,0.625,2.647591812539099,66.64759181253912,4.0,0.0
noise_taxonomy,2,dense_contact_only,6,24,12,64,mixed,drift,0.2,uniform,0.5833333333333334,0.4166666666666667,2.3794263911584346,66.37942639115845,6.0,0.0
noise_taxonomy,2,dense_contact_only,8,24,12,64,mixed,drift,0.2,uniform,0.6666666666666666,0.3333333333333333,2.2067345077657787,66.20673450776577,8.0,0.0
noise_taxonomy,2,critical_cell_entropy,4,24,12,64,mixed,drift,0.2,uniform,0.20833333333333334,0.7916666666666666,3.341609884317865,67.34160988431786,4.0,0.0
noise_taxonomy,2,critical_cell_entropy,6,24,12,64,mixed,drift,0.2,uniform,0.25,0.75,3.2655357277215464,67.26553572772154,6.0,0.0
noise_taxonomy,2,critical_cell_entropy,8,24,12,64,mixed,drift,0.2,uniform,0.2916666666666667,0.7083333333333334,3.218291910834848,67.21829191083485,8.0,0.0
noise_taxonomy,2,contact_equivalence,4,24,12,64,mixed,drift,0.2,uniform,0.375,0.625,2.7658608008482344,66.76586080084823,4.0,0.0
noise_taxonomy,2,contact_equivalence,6,24,12,64,mixed,drift,0.2,uniform,0.4583333333333333,0.5416666666666666,2.4557965292596666,66.45579652925967,6.0,0.0
noise_taxonomy,2,contact_equivalence,8,24,12,64,mixed,drift,0.2,uniform,0.5833333333333334,0.4166666666666667,2.3474829666517514,66.34748296665175,8.0,0.0
noise_taxonomy,2,expected_regret,4,24,12,64,mixed,drift,0.2,uniform,0.5,0.5,2.85532735053167,66.8553273505317,4.0,0.0
noise_taxonomy,2,expected_regret,6,24,12,64,mixed,drift,0.2,uniform,0.5,0.5,2.6882880822945885,66.6882880822946,6.0,0.0
noise_taxonomy,2,expected_regret,8,24,12,64,mixed,drift,0.2,uniform,0.5,0.5,2.535636179044646,66.53563617904466,8.0,0.0
noise_taxonomy,2,sampled_equivalence,4,24,12,64,mixed,drift,0.2,uniform,0.4166666666666667,0.5833333333333334,2.5964154759236138,66.5964154759236,4.0,0.0
noise_taxonomy,2,sampled_equivalence,6,24,12,64,mixed,drift,0.2,uniform,0.6666666666666666,0.3333333333333333,2.2665206614368647,66.26652066143687,6.0,0.0
noise_taxonomy,2,sampled_equivalence,8,24,12,64,mixed,drift,0.2,uniform,0.7083333333333334,0.2916666666666667,2.0956755998601735,66.09567559986017,8.0,0.0
noise_taxonomy,3,dense_contact_only,4,24,12,64,mixed,drift,0.2,uniform,0.2916666666666667,0.7083333333333334,2.9541517305465566,66.95415173054657,4.0,0.0
noise_taxonomy,3,dense_contact_only,6,24,12,64,mixed,drift,0.2,uniform,0.4583333333333333,0.5416666666666666,2.7068680347538887,66.70686803475391,6.0,0.0
noise_taxonomy,3,dense_contact_only,8,24,12,64,mixed,drift,0.2,uniform,0.625,0.375,2.4641992639643893,66.46419926396437,8.0,0.0
noise_taxonomy,3,critical_cell_entropy,4,24,12,64,mixed,drift,0.2,uniform,0.3333333333333333,0.6666666666666666,3.3381296896422707,67.33812968964226,4.0,0.0
noise_taxonomy,3,critical_cell_entropy,6,24,12,64,mixed,drift,0.2,uniform,0.3333333333333333,0.6666666666666666,3.2866153533353764,67.28661535333538,6.0,0.0
noise_taxonomy,3,critical_cell_entropy,8,24,12,64,mixed,drift,0.2,uniform,0.4166666666666667,0.5833333333333334,3.2403554229811196,67.24035542298114,8.0,0.0
noise_taxonomy,3,contact_equivalence,4,24,12,64,mixed,drift,0.2,uniform,0.25,0.75,2.8125847369234553,66.81258473692344,4.0,0.0
noise_taxonomy,3,contact_equivalence,6,24,12,64,mixed,drift,0.2,uniform,0.375,0.625,2.6925168486945767,66.69251684869458,6.0,0.0
noise_taxonomy,3,contact_equivalence,8,24,12,64,mixed,drift,0.2,uniform,0.5,0.5,2.4009630158941584,66.40096301589416,8.0,0.0
noise_taxonomy,3,expected_regret,4,24,12,64,mixed,drift,0.2,uniform,0.375,0.625,2.9869400901348038,66.98694009013481,4.0,0.0
noise_taxonomy,3,expected_regret,6,24,12,64,mixed,drift,0.2,uniform,0.4166666666666667,0.5833333333333334,2.780023883802954,66.78002388380297,6.0,0.0
noise_taxonomy,3,expected_regret,8,24,12,64,mixed,drift,0.2,uniform,0.5,0.5,2.64864986328111,66.64864986328111,8.0,0.0
noise_taxonomy,3,sampled_equivalence,4,24,12,64,mixed,drift,0.2,uniform,0.4583333333333333,0.5416666666666666,2.715534258254292,66.71553425825428,4.0,0.0
noise_taxonomy,3,sampled_equivalence,6,24,12,64,mixed,drift,0.2,uniform,0.4583333333333333,0.5416666666666666,2.498224388614849,66.49822438861484,6.0,0.0
noise_taxonomy,3,sampled_equivalence,8,24,12,64,mixed,drift,0.2,uniform,0.5833333333333334,0.4166666666666667,2.353232570673535,66.35323257067353,8.0,0.0
noise_taxonomy,4,dense_contact_only,4,24,12,64,mixed,drift,0.2,uniform,0.20833333333333334,0.7916666666666666,2.877928581673656,66.87792858167366,4.0,0.0
noise_taxonomy,4,dense_contact_only,6,24,12,64,mixed,drift,0.2,uniform,0.5416666666666666,0.4583333333333333,2.6505561274138416,66.65055612741384,6.0,0.0
noise_taxonomy,4,dense_contact_only,8,24,12,64,mixed,drift,0.2,uniform,0.75,0.25,2.4173470270258743,66.41734702702588,8.0,0.0
noise_taxonomy,4,critical_cell_entropy,4,24,12,64,mixed,drift,0.2,uniform,0.2916666666666667,0.7083333333333334,3.3487744884715416,67.34877448847155,4.0,0.0
noise_taxonomy,4,critical_cell_entropy,6,24,12,64,mixed,drift,0.2,uniform,0.375,0.625,3.2811848603378455,67.28118486033785,6.0,0.0
noise_taxonomy,4,critical_cell_entropy,8,24,12,64,mixed,drift,0.2,uniform,0.4583333333333333,0.5416666666666666,3.2326445299769477,67.23264452997695,8.0,0.0
noise_taxonomy,4,contact_equivalence,4,24,12,64,mixed,drift,0.2,uniform,0.25,0.75,3.0024311320346713,67.00243113203466,4.0,0.0
noise_taxonomy,4,contact_equivalence,6,24,12,64,mixed,drift,0.2,uniform,0.375,0.625,2.8724949734688576,66.87249497346886,6.0,0.0
noise_taxonomy,4,contact_equivalence,8,24,12,64,mixed,drift,0.2,uniform,0.5416666666666666,0.4583333333333333,2.67801284721411,66.6780128472141,8.0,0.0
noise_taxonomy,4,expected_regret,4,24,12,64,mixed,drift,0.2,uniform,0.4583333333333333,0.5416666666666666,2.980582932055647,66.98058293205567,4.0,0.0
noise_taxonomy,4,expected_regret,6,24,12,64,mixed,drift,0.2,uniform,0.4583333333333333,0.5416666666666666,2.7696891541915973,66.7696891541916,6.0,0.0
noise_taxonomy,4,expected_regret,8,24,12,64,mixed,drift,0.2,uniform,0.5416666666666666,0.4583333333333333,2.6324537414819247,66.63245374148194,8.0,0.0
noise_taxonomy,4,sampled_equivalence,4,24,12,64,mixed,drift,0.2,uniform,0.20833333333333334,0.7916666666666666,2.922410652124993,66.92241065212498,4.0,0.0
noise_taxonomy,4,sampled_equivalence,6,24,12,64,mixed,drift,0.2,uniform,0.375,0.625,2.7599405838297186,66.75994058382973,6.0,0.0
noise_taxonomy,4,sampled_equivalence,8,24,12,64,mixed,drift,0.2,uniform,0.6666666666666666,0.3333333333333333,2.6393990825873135,66.63939908258732,8.0,0.0
noise_taxonomy,5,dense_contact_only,4,24,12,64,mixed,drift,0.2,uniform,0.375,0.625,2.723594417421037,66.72359441742107,4.0,0.0
noise_taxonomy,5,dense_contact_only,6,24,12,64,mixed,drift,0.2,uniform,0.4583333333333333,0.5416666666666666,2.336068513218202,66.3360685132182,6.0,0.0
noise_taxonomy,5,dense_contact_only,8,24,12,64,mixed,drift,0.2,uniform,0.5833333333333334,0.4166666666666667,2.1849612099278413,66.18496120992785,8.0,0.0
noise_taxonomy,5,critical_cell_entropy,4,24,12,64,mixed,drift,0.2,uniform,0.16666666666666666,0.8333333333333334,3.3464583564385766,67.34645835643856,4.0,0.0
noise_taxonomy,5,critical_cell_entropy,6,24,12,64,mixed,drift,0.2,uniform,0.20833333333333334,0.7916666666666666,3.2723628473276976,67.2723628473277,6.0,0.0
noise_taxonomy,5,critical_cell_entropy,8,24,12,64,mixed,drift,0.2,uniform,0.2916666666666667,0.7083333333333334,3.2212212374945306,67.22122123749453,8.0,0.0
noise_taxonomy,5,contact_equivalence,4,24,12,64,mixed,drift,0.2,uniform,0.3333333333333333,0.6666666666666666,2.774541896323646,66.77454189632367,4.0,0.0
noise_taxonomy,5,contact_equivalence,6,24,12,64,mixed,drift,0.2,uniform,0.4583333333333333,0.5416666666666666,2.512435526293383,66.5124355262934,6.0,0.0
noise_taxonomy,5,contact_equivalence,8,24,12,64,mixed,drift,0.2,uniform,0.7083333333333334,0.2916666666666667,2.344216413687556,66.34421641368756,8.0,0.0
noise_taxonomy,5,expected_regret,4,24,12,64,mixed,drift,0.2,uniform,0.4166666666666667,0.5833333333333334,2.8154694299515115,66.81546942995152,4.0,0.0
noise_taxonomy,5,expected_regret,6,24,12,64,mixed,drift,0.2,uniform,0.4166666666666667,0.5833333333333334,2.6328053631369808,66.632805363137,6.0,0.0
noise_taxonomy,5,expected_regret,8,24,12,64,mixed,drift,0.2,uniform,0.5416666666666666,0.4583333333333333,2.5777060255450333,66.57770602554506,8.0,0.0
noise_taxonomy,5,sampled_equivalence,4,24,12,64,mixed,drift,0.2,uniform,0.2916666666666667,0.7083333333333334,2.865072623796584,66.86507262379659,4.0,0.0
noise_taxonomy,5,sampled_equivalence,6,24,12,64,mixed,drift,0.2,uniform,0.4166666666666667,0.5833333333333334,2.711760138077942,66.71176013807792,6.0,0.0
noise_taxonomy,5,sampled_equivalence,8,24,12,64,mixed,drift,0.2,uniform,0.5833333333333334,0.4166666666666667,2.614121797545399,66.61412179754537,8.0,0.0
noise_taxonomy,6,dense_contact_only,4,24,12,64,mixed,drift,0.2,uniform,0.5,0.5,2.562310565926357,66.56231056592637,4.0,0.0
noise_taxonomy,6,dense_contact_only,6,24,12,64,mixed,drift,0.2,uniform,0.5833333333333334,0.4166666666666667,2.1092886791370122,66.10928867913701,6.0,0.0
noise_taxonomy,6,dense_contact_only,8,24,12,64,mixed,drift,0.2,uniform,0.7083333333333334,0.2916666666666667,1.8380626690352262,65.83806266903522,8.0,0.0
noise_taxonomy,6,critical_cell_entropy,4,24,12,64,mixed,drift,0.2,uniform,0.20833333333333334,0.7916666666666666,3.347150454481996,67.34715045448198,4.0,0.0
noise_taxonomy,6,critical_cell_entropy,6,24,12,64,mixed,drift,0.2,uniform,0.20833333333333334,0.7916666666666666,3.2816331828660235,67.28163318286603,6.0,0.0
noise_taxonomy,6,critical_cell_entropy,8,24,12,64,mixed,drift,0.2,uniform,0.20833333333333334,0.7916666666666666,3.236410389783533,67.23641038978353,8.0,0.0
noise_taxonomy,6,contact_equivalence,4,24,12,64,mixed,drift,0.2,uniform,0.4166666666666667,0.5833333333333334,2.7745309347622857,66.77453093476227,4.0,0.0
noise_taxonomy,6,contact_equivalence,6,24,12,64,mixed,drift,0.2,uniform,0.6666666666666666,0.3333333333333333,2.3432189646595836,66.34321896465961,6.0,0.0
noise_taxonomy,6,contact_equivalence,8,24,12,64,mixed,drift,0.2,uniform,0.6666666666666666,0.3333333333333333,2.1611937952737925,66.16119379527377,8.0,0.0
noise_taxonomy,6,expected_regret,4,24,12,64,mixed,drift,0.2,uniform,0.4166666666666667,0.5833333333333334,2.848258861330778,66.84825886133079,4.0,0.0
noise_taxonomy,6,expected_regret,6,24,12,64,mixed,drift,0.2,uniform,0.4583333333333333,0.5416666666666666,2.699794542788801,66.69979454278881,6.0,0.0
noise_taxonomy,6,expected_regret,8,24,12,64,mixed,drift,0.2,uniform,0.5416666666666666,0.4583333333333333,2.6447960329074482,66.64479603290746,8.0,0.0
noise_taxonomy,6,sampled_equivalence,4,24,12,64,mixed,drift,0.2,uniform,0.4166666666666667,0.5833333333333334,2.7761385062086075,66.77613850620861,4.0,0.0
noise_taxonomy,6,sampled_equivalence,6,24,12,64,mixed,drift,0.2,uniform,0.4583333333333333,0.5416666666666666,2.376183693066315,66.37618369306631,6.0,0.0
noise_taxonomy,6,sampled_equivalence,8,24,12,64,mixed,drift,0.2,uniform,0.5833333333333334,0.4166666666666667,2.2467948385547536,66.24679483855475,8.0,0.0
noise_taxonomy,7,dense_contact_only,4,24,12,64,mixed,drift,0.2,uniform,0.3333333333333333,0.6666666666666666,2.8193154801043026,66.81931548010432,4.0,0.0
noise_taxonomy,7,dense_contact_only,6,24,12,64,mixed,drift,0.2,uniform,0.5416666666666666,0.4583333333333333,2.6075624495385643,66.60756244953858,6.0,0.0
noise_taxonomy,7,dense_contact_only,8,24,12,64,mixed,drift,0.2,uniform,0.5416666666666666,0.4583333333333333,2.453271107872622,66.45327110787264,8.0,0.0
noise_taxonomy,7,critical_cell_entropy,4,24,12,64,mixed,drift,0.2,uniform,0.25,0.75,3.350388481112557,67.35038848111255,4.0,0.0
noise_taxonomy,7,critical_cell_entropy,6,24,12,64,mixed,drift,0.2,uniform,0.20833333333333334,0.7916666666666666,3.2823957909338666,67.28239579093388,6.0,0.0
noise_taxonomy,7,critical_cell_entropy,8,24,12,64,mixed,drift,0.2,uniform,0.25,0.75,3.231753111969539,67.23175311196954,8.0,0.0
noise_taxonomy,7,contact_equivalence,4,24,12,64,mixed,drift,0.2,uniform,0.5833333333333334,0.4166666666666667,2.7731436751385687,66.77314367513858,4.0,0.0
noise_taxonomy,7,contact_equivalence,6,24,12,64,mixed,drift,0.2,uniform,0.5,0.5,2.511167721436315,66.51116772143631,6.0,0.0
noise_taxonomy,7,contact_equivalence,8,24,12,64,mixed,drift,0.2,uniform,0.6666666666666666,0.3333333333333333,2.1928903733875575,66.19289037338756,8.0,0.0
noise_taxonomy,7,expected_regret,4,24,12,64,mixed,drift,0.2,uniform,0.20833333333333334,0.7916666666666666,2.8030017241311036,66.80300172413114,4.0,0.0
noise_taxonomy,7,expected_regret,6,24,12,64,mixed,drift,0.2,uniform,0.375,0.625,2.5475947992016743,66.54759479920169,6.0,0.0
noise_taxonomy,7,expected_regret,8,24,12,64,mixed,drift,0.2,uniform,0.5,0.5,2.44270834455143,66.44270834455143,8.0,0.0
noise_taxonomy,7,sampled_equivalence,4,24,12,64,mixed,drift,0.2,uniform,0.2916666666666667,0.7083333333333334,2.8361274446915115,66.83612744469151,4.0,0.0
noise_taxonomy,7,sampled_equivalence,6,24,12,64,mixed,drift,0.2,uniform,0.4583333333333333,0.5416666666666666,2.5604934582776715,66.56049345827768,6.0,0.0
noise_taxonomy,7,sampled_equivalence,8,24,12,64,mixed,drift,0.2,uniform,0.5,0.5,2.480516293278911,66.48051629327892,8.0,0.0
noise_taxonomy,8,dense_contact_only,4,24,12,64,mixed,drift,0.2,uniform,0.375,0.625,2.7214754534918177,66.72147545349185,4.0,0.0
noise_taxonomy,8,dense_contact_only,6,24,12,64,mixed,drift,0.2,uniform,0.5416666666666666,0.4583333333333333,2.492848816130694,66.49284881613069,6.0,0.0
noise_taxonomy,8,dense_contact_only,8,24,12,64,mixed,drift,0.2,uniform,0.5416666666666666,0.4583333333333333,2.250288309773397,66.2502883097734,8.0,0.0
noise_taxonomy,8,critical_cell_entropy,4,24,12,64,mixed,drift,0.2,uniform,0.20833333333333334,0.7916666666666666,3.3413832397774823,67.34138323977747,4.0,0.0
noise_taxonomy,8,critical_cell_entropy,6,24,12,64,mixed,drift,0.2,uniform,0.20833333333333334,0.7916666666666666,3.2743886877947754,67.27438868779477,6.0,0.0
noise_taxonomy,8,critical_cell_entropy,8,24,12,64,mixed,drift,0.2,uniform,0.16666666666666666,0.8333333333333334,3.2228256206961325,67.22282562069613,8.0,0.0
noise_taxonomy,8,contact_equivalence,4,24,12,64,mixed,drift,0.2,uniform,0.5,0.5,2.9818547955146033,66.9818547955146,4.0,0.0
noise_taxonomy,8,contact_equivalence,6,24,12,64,mixed,drift,0.2,uniform,0.5416666666666666,0.4583333333333333,2.532029668845881,66.53202966884588,6.0,0.0
noise_taxonomy,8,contact_equivalence,8,24,12,64,mixed,drift,0.2,uniform,0.5833333333333334,0.4166666666666667,2.36051562529707,66.36051562529705,8.0,0.0
noise_taxonomy,8,expected_regret,4,24,12,64,mixed,drift,0.2,uniform,0.5,0.5,2.919215508291742,66.91921550829174,4.0,0.0
noise_taxonomy,8,expected_regret,6,24,12,64,mixed,drift,0.2,uniform,0.5,0.5,2.6368211207131913,66.6368211207132,6.0,0.0
noise_taxonomy,8,expected_regret,8,24,12,64,mixed,drift,0.2,uniform,0.6666666666666666,0.3333333333333333,2.5216222439450613,66.52162224394506,8.0,0.0
noise_taxonomy,8,sampled_equivalence,4,24,12,64,mixed,drift,0.2,uniform,0.4583333333333333,0.5416666666666666,2.6824372478533705,66.68243724785337,4.0,0.0
noise_taxonomy,8,sampled_equivalence,6,24,12,64,mixed,drift,0.2,uniform,0.5416666666666666,0.4583333333333333,2.3821564555412014,66.38215645554119,6.0,0.0
noise_taxonomy,8,sampled_equivalence,8,24,12,64,mixed,drift,0.2,uniform,0.4583333333333333,0.5416666666666666,2.2996178124562134,66.29961781245622,8.0,0.0
noise_taxonomy,9,dense_contact_only,4,24,12,64,mixed,drift,0.2,uniform,0.2916666666666667,0.7083333333333334,2.684802462518985,66.68480246251899,4.0,0.0
noise_taxonomy,9,dense_contact_only,6,24,12,64,mixed,drift,0.2,uniform,0.4583333333333333,0.5416666666666666,2.509144029144841,66.50914402914484,6.0,0.0
noise_taxonomy,9,dense_contact_only,8,24,12,64,mixed,drift,0.2,uniform,0.625,0.375,2.3682472383209885,66.36824723832099,8.0,0.0
noise_taxonomy,9,critical_cell_entropy,4,24,12,64,mixed,drift,0.2,uniform,0.041666666666666664,0.9583333333333334,3.3838757595488733,67.38387575954886,4.0,0.0
noise_taxonomy,9,critical_cell_entropy,6,24,12,64,mixed,drift,0.2,uniform,0.08333333333333333,0.9166666666666666,3.311361680173754,67.31136168017375,6.0,0.0
noise_taxonomy,9,critical_cell_entropy,8,24,12,64,mixed,drift,0.2,uniform,0.08333333333333333,0.9166666666666666,3.264011952455032,67.26401195245502,8.0,0.0
noise_taxonomy,9,contact_equivalence,4,24,12,64,mixed,drift,0.2,uniform,0.4166666666666667,0.5833333333333334,2.4359432870038167,66.43594328700384,4.0,0.0
noise_taxonomy,9,contact_equivalence,6,24,12,64,mixed,drift,0.2,uniform,0.6666666666666666,0.3333333333333333,2.20627339966572,66.2062733996657,6.0,0.0
noise_taxonomy,9,contact_equivalence,8,24,12,64,mixed,drift,0.2,uniform,0.75,0.25,1.9346211135489464,65.93462111354894,8.0,0.0
noise_taxonomy,9,expected_regret,4,24,12,64,mixed,drift,0.2,uniform,0.375,0.625,2.9026516273162364,66.90265162731625,4.0,0.0
noise_taxonomy,9,expected_regret,6,24,12,64,mixed,drift,0.2,uniform,0.375,0.625,2.646789042310982,66.64678904231098,6.0,0.0
noise_taxonomy,9,expected_regret,8,24,12,64,mixed,drift,0.2,uniform,0.375,0.625,2.5319924971618617,66.53199249716185,8.0,0.0
noise_taxonomy,9,sampled_equivalence,4,24,12,64,mixed,drift,0.2,uniform,0.4166666666666667,0.5833333333333334,2.9254832752874282,66.92548327528742,4.0,0.0
noise_taxonomy,9,sampled_equivalence,6,24,12,64,mixed,drift,0.2,uniform,0.3333333333333333,0.6666666666666666,2.5130233837815275,66.51302338378153,6.0,0.0
noise_taxonomy,9,sampled_equivalence,8,24,12,64,mixed,drift,0.2,uniform,0.5,0.5,2.457013684574054,66.45701368457406,8.0,0.0
noise_taxonomy,0,dense_contact_only,4,24,12,64,mixed,drift,0.3,uniform,0.25,0.75,3.4154303719914076,67.4154303719914,4.0,0.0
noise_taxonomy,0,dense_contact_only,6,24,12,64,mixed,drift,0.3,uniform,0.20833333333333334,0.7916666666666666,3.400434822682931,67.40043482268294,6.0,0.0
noise_taxonomy,0,dense_contact_only,8,24,12,64,mixed,drift,0.3,uniform,0.2916666666666667,0.7083333333333334,3.387625300505268,67.38762530050526,8.0,0.0
noise_taxonomy,0,critical_cell_entropy,4,24,12,64,mixed,drift,0.3,uniform,0.16666666666666666,0.8333333333333334,3.5224901786950436,67.52249017869507,4.0,0.0
noise_taxonomy,0,critical_cell_entropy,6,24,12,64,mixed,drift,0.3,uniform,0.125,0.875,3.517738972424462,67.51773897242447,6.0,0.0
noise_taxonomy,0,critical_cell_entropy,8,24,12,64,mixed,drift,0.3,uniform,0.125,0.875,3.5117568363823697,67.51175683638236,8.0,0.0
noise_taxonomy,0,contact_equivalence,4,24,12,64,mixed,drift,0.3,uniform,0.20833333333333334,0.7916666666666666,3.42717696102215,67.42717696102214,4.0,0.0
noise_taxonomy,0,contact_equivalence,6,24,12,64,mixed,drift,0.3,uniform,0.25,0.75,3.418933769845708,67.41893376984571,6.0,0.0
noise_taxonomy,0,contact_equivalence,8,24,12,64,mixed,drift,0.3,uniform,0.3333333333333333,0.6666666666666666,3.401484881378206,67.40148488137821,8.0,0.0
noise_taxonomy,0,expected_regret,4,24,12,64,mixed,drift,0.3,uniform,0.08333333333333333,0.9166666666666666,3.39235967837325,67.39235967837324,4.0,0.0
noise_taxonomy,0,expected_regret,6,24,12,64,mixed,drift,0.3,uniform,0.08333333333333333,0.9166666666666666,3.366496436725523,67.36649643672553,6.0,0.0
noise_taxonomy,0,expected_regret,8,24,12,64,mixed,drift,0.3,uniform,0.125,0.875,3.355283875306498,67.3552838753065,8.0,0.0
noise_taxonomy,0,sampled_equivalence,4,24,12,64,mixed,drift,0.3,uniform,0.16666666666666666,0.8333333333333334,3.3945099333670066,67.39450993336702,4.0,0.0
noise_taxonomy,0,sampled_equivalence,6,24,12,64,mixed,drift,0.3,uniform,0.20833333333333334,0.7916666666666666,3.3752543840175586,67.37525438401757,6.0,0.0
noise_taxonomy,0,sampled_equivalence,8,24,12,64,mixed,drift,0.3,uniform,0.25,0.75,3.3624087144029997,67.362408714403,8.0,0.0
noise_taxonomy,1,dense_contact_only,4,24,12,64,mixed,drift,0.3,uniform,0.16666666666666666,0.8333333333333334,3.3732851842604705,67.37328518426048,4.0,0.0
noise_taxonomy,1,dense_contact_only,6,24,12,64,mixed,drift,0.3,uniform,0.20833333333333334,0.7916666666666666,3.3539315879417297,67.35393158794174,6.0,0.0
noise_taxonomy,1,dense_contact_only,8,24,12,64,mixed,drift,0.3,uniform,0.16666666666666666,0.8333333333333334,3.352008536143312,67.3520085361433,8.0,0.0
noise_taxonomy,1,critical_cell_entropy,4,24,12,64,mixed,drift,0.3,uniform,0.20833333333333334,0.7916666666666666,3.5223740810236386,67.52237408102366,4.0,0.0
noise_taxonomy,1,critical_cell_entropy,6,24,12,64,mixed,drift,0.3,uniform,0.25,0.75,3.5178084623960992,67.51780846239609,6.0,0.0
noise_taxonomy,1,critical_cell_entropy,8,24,12,64,mixed,drift,0.3,uniform,0.20833333333333334,0.7916666666666666,3.5132367286416035,67.51323672864162,8.0,0.0
noise_taxonomy,1,contact_equivalence,4,24,12,64,mixed,drift,0.3,uniform,0.16666666666666666,0.8333333333333334,3.412197695586697,67.4121976955867,4.0,0.0
noise_taxonomy,1,contact_equivalence,6,24,12,64,mixed,drift,0.3,uniform,0.2916666666666667,0.7083333333333334,3.3923660427256093,67.39236604272561,6.0,0.0
noise_taxonomy,1,contact_equivalence,8,24,12,64,mixed,drift,0.3,uniform,0.25,0.75,3.365358912113687,67.36535891211369,8.0,0.0
noise_taxonomy,1,expected_regret,4,24,12,64,mixed,drift,0.3,uniform,0.20833333333333334,0.7916666666666666,3.4131244202297726,67.41312442022978,4.0,0.0
noise_taxonomy,1,expected_regret,6,24,12,64,mixed,drift,0.3,uniform,0.20833333333333334,0.7916666666666666,3.4014723388789676,67.40147233887897,6.0,0.0
noise_taxonomy,1,expected_regret,8,24,12,64,mixed,drift,0.3,uniform,0.20833333333333334,0.7916666666666666,3.3835245508341103,67.38352455083411,8.0,0.0
noise_taxonomy,1,sampled_equivalence,4,24,12,64,mixed,drift,0.3,uniform,0.375,0.625,3.360184375439939,67.36018437543993,4.0,0.0
noise_taxonomy,1,sampled_equivalence,6,24,12,64,mixed,drift,0.3,uniform,0.3333333333333333,0.6666666666666666,3.3335125815181095,67.33351258151812,6.0,0.0
noise_taxonomy,1,sampled_equivalence,8,24,12,64,mixed,drift,0.3,uniform,0.4166666666666667,0.5833333333333334,3.3088654482860242,67.30886544828606,8.0,0.0
noise_taxonomy,2,dense_contact_only,4,24,12,64,mixed,drift,0.3,uniform,0.20833333333333334,0.7916666666666666,3.358541929727345,67.35854192972737,4.0,0.0
noise_taxonomy,2,dense_contact_only,6,24,12,64,mixed,drift,0.3,uniform,0.20833333333333334,0.7916666666666666,3.337425707539378,67.3374257075394,6.0,0.0
noise_taxonomy,2,dense_contact_only,8,24,12,64,mixed,drift,0.3,uniform,0.3333333333333333,0.6666666666666666,3.315919693158651,67.31591969315866,8.0,0.0
noise_taxonomy,2,critical_cell_entropy,4,24,12,64,mixed,drift,0.3,uniform,0.125,0.875,3.525072960153343,67.52507296015335,4.0,0.0
noise_taxonomy,2,critical_cell_entropy,6,24,12,64,mixed,drift,0.3,uniform,0.08333333333333333,0.9166666666666666,3.520726136675393,67.52072613667539,6.0,0.0
noise_taxonomy,2,critical_cell_entropy,8,24,12,64,mixed,drift,0.3,uniform,0.08333333333333333,0.9166666666666666,3.5174844068334465,67.51748440683343,8.0,0.0
noise_taxonomy,2,contact_equivalence,4,24,12,64,mixed,drift,0.3,uniform,0.2916666666666667,0.7083333333333334,3.344302998870822,67.34430299887083,4.0,0.0
noise_taxonomy,2,contact_equivalence,6,24,12,64,mixed,drift,0.3,uniform,0.3333333333333333,0.6666666666666666,3.3323306667439057,67.33233066674393,6.0,0.0
noise_taxonomy,2,contact_equivalence,8,24,12,64,mixed,drift,0.3,uniform,0.20833333333333334,0.7916666666666666,3.3242585161108775,67.32425851611089,8.0,0.0
noise_taxonomy,2,expected_regret,4,24,12,64,mixed,drift,0.3,uniform,0.2916666666666667,0.7083333333333334,3.387086819154657,67.38708681915465,4.0,0.0
noise_taxonomy,2,expected_regret,6,24,12,64,mixed,drift,0.3,uniform,0.2916666666666667,0.7083333333333334,3.3610880240100953,67.3610880240101,6.0,0.0
noise_taxonomy,2,expected_regret,8,24,12,64,mixed,drift,0.3,uniform,0.2916666666666667,0.7083333333333334,3.335350048704695,67.33535004870468,8.0,0.0
noise_taxonomy,2,sampled_equivalence,4,24,12,64,mixed,drift,0.3,uniform,0.2916666666666667,0.7083333333333334,3.3540415177141765,67.35404151771418,4.0,0.0
noise_taxonomy,2,sampled_equivalence,6,24,12,64,mixed,drift,0.3,uniform,0.16666666666666666,0.8333333333333334,3.3253769709165524,67.32537697091657,6.0,0.0
noise_taxonomy,2,sampled_equivalence,8,24,12,64,mixed,drift,0.3,uniform,0.2916666666666667,0.7083333333333334,3.309256629789235,67.30925662978923,8.0,0.0
noise_taxonomy,3,dense_contact_only,4,24,12,64,mixed,drift,0.3,uniform,0.125,0.875,3.4488642368822577,67.44886423688226,4.0,0.0
noise_taxonomy,3,dense_contact_only,6,24,12,64,mixed,drift,0.3,uniform,0.20833333333333334,0.7916666666666666,3.4356035805381335,67.43560358053813,6.0,0.0
noise_taxonomy,3,dense_contact_only,8,24,12,64,mixed,drift,0.3,uniform,0.16666666666666666,0.8333333333333334,3.420831755701561,67.42083175570154,8.0,0.0
noise_taxonomy,3,critical_cell_entropy,4,24,12,64,mixed,drift,0.3,uniform,0.125,0.875,3.52570269999889,67.52570269999889,4.0,0.0
noise_taxonomy,3,critical_cell_entropy,6,24,12,64,mixed,drift,0.3,uniform,0.16666666666666666,0.8333333333333334,3.5217958436363364,67.52179584363633,6.0,0.0
noise_taxonomy,3,critical_cell_entropy,8,24,12,64,mixed,drift,0.3,uniform,0.20833333333333334,0.7916666666666666,3.5173910688337067,67.51739106883372,8.0,0.0
noise_taxonomy,3,contact_equivalence,4,24,12,64,mixed,drift,0.3,uniform,0.16666666666666666,0.8333333333333334,3.3753617116013026,67.37536171160131,4.0,0.0
noise_taxonomy,3,contact_equivalence,6,24,12,64,mixed,drift,0.3,uniform,0.20833333333333334,0.7916666666666666,3.345024246000675,67.34502424600068,6.0,0.0
noise_taxonomy,3,contact_equivalence,8,24,12,64,mixed,drift,0.3,uniform,0.2916666666666667,0.7083333333333334,3.330237396564119,67.3302373965641,8.0,0.0
noise_taxonomy,3,expected_regret,4,24,12,64,mixed,drift,0.3,uniform,0.20833333333333334,0.7916666666666666,3.450454258287151,67.45045425828714,4.0,0.0
noise_taxonomy,3,expected_regret,6,24,12,64,mixed,drift,0.3,uniform,0.20833333333333334,0.7916666666666666,3.4150156243251115,67.41501562432511,6.0,0.0
noise_taxonomy,3,expected_regret,8,24,12,64,mixed,drift,0.3,uniform,0.20833333333333334,0.7916666666666666,3.404676438920557,67.40467643892056,8.0,0.0
noise_taxonomy,3,sampled_equivalence,4,24,12,64,mixed,drift,0.3,uniform,0.2916666666666667,0.7083333333333334,3.33245895050109,67.3324589505011,4.0,0.0
noise_taxonomy,3,sampled_equivalence,6,24,12,64,mixed,drift,0.3,uniform,0.2916666666666667,0.7083333333333334,3.3187712630332697,67.31877126303327,6.0,0.0
noise_taxonomy,3,sampled_equivalence,8,24,12,64,mixed,drift,0.3,uniform,0.2916666666666667,0.7083333333333334,3.284704527239811,67.28470452723981,8.0,0.0
noise_taxonomy,4,dense_contact_only,4,24,12,64,mixed,drift,0.3,uniform,0.16666666666666666,0.8333333333333334,3.3718815636038664,67.37188156360388,4.0,0.0
noise_taxonomy,4,dense_contact_only,6,24,12,64,mixed,drift,0.3,uniform,0.2916666666666667,0.7083333333333334,3.3686937148703913,67.3686937148704,6.0,0.0
noise_taxonomy,4,dense_contact_only,8,24,12,64,mixed,drift,0.3,uniform,0.4166666666666667,0.5833333333333334,3.3404507300805792,67.34045073008056,8.0,0.0
noise_taxonomy,4,critical_cell_entropy,4,24,12,64,mixed,drift,0.3,uniform,0.2916666666666667,0.7083333333333334,3.524446745849654,67.52444674584966,4.0,0.0
noise_taxonomy,4,critical_cell_entropy,6,24,12,64,mixed,drift,0.3,uniform,0.2916666666666667,0.7083333333333334,3.5203232304282164,67.52032323042822,6.0,0.0
noise_taxonomy,4,critical_cell_entropy,8,24,12,64,mixed,drift,0.3,uniform,0.2916666666666667,0.7083333333333334,3.515619027548723,67.51561902754871,8.0,0.0
noise_taxonomy,4,contact_equivalence,4,24,12,64,mixed,drift,0.3,uniform,0.20833333333333334,0.7916666666666666,3.386435275115573,67.38643527511559,4.0,0.0
noise_taxonomy,4,contact_equivalence,6,24,12,64,mixed,drift,0.3,uniform,0.20833333333333334,0.7916666666666666,3.38127597426349,67.38127597426349,6.0,0.0
noise_taxonomy,4,contact_equivalence,8,24,12,64,mixed,drift,0.3,uniform,0.25,0.75,3.3554630176291127,67.35546301762912,8.0,0.0
noise_taxonomy,4,expected_regret,4,24,12,64,mixed,drift,0.3,uniform,0.25,0.75,3.4309687322356566,67.43096873223566,4.0,0.0
noise_taxonomy,4,expected_regret,6,24,12,64,mixed,drift,0.3,uniform,0.25,0.75,3.4114865057301795,67.41148650573018,6.0,0.0
noise_taxonomy,4,expected_regret,8,24,12,64,mixed,drift,0.3,uniform,0.25,0.75,3.4002054920016778,67.40020549200169,8.0,0.0
noise_taxonomy,4,sampled_equivalence,4,24,12,64,mixed,drift,0.3,uniform,0.08333333333333333,0.9166666666666666,3.405922633251567,67.40592263325156,4.0,0.0
noise_taxonomy,4,sampled_equivalence,6,24,12,64,mixed,drift,0.3,uniform,0.125,0.875,3.393612608199273,67.39361260819929,6.0,0.0
noise_taxonomy,4,sampled_equivalence,8,24,12,64,mixed,drift,0.3,uniform,0.125,0.875,3.379139886368048,67.37913988636804,8.0,0.0
noise_taxonomy,5,dense_contact_only,4,24,12,64,mixed,drift,0.3,uniform,0.2916666666666667,0.7083333333333334,3.345871869812541,67.34587186981257,4.0,0.0
noise_taxonomy,5,dense_contact_only,6,24,12,64,mixed,drift,0.3,uniform,0.20833333333333334,0.7916666666666666,3.34041038092,67.34041038091999,6.0,0.0
noise_taxonomy,5,dense_contact_only,8,24,12,64,mixed,drift,0.3,uniform,0.25,0.75,3.3234675912446776,67.3234675912447,8.0,0.0
noise_taxonomy,5,critical_cell_entropy,4,24,12,64,mixed,drift,0.3,uniform,0.20833333333333334,0.7916666666666666,3.522609573519958,67.52260957351997,4.0,0.0
noise_taxonomy,5,critical_cell_entropy,6,24,12,64,mixed,drift,0.3,uniform,0.20833333333333334,0.7916666666666666,3.517269649615123,67.51726964961512,6.0,0.0
noise_taxonomy,5,critical_cell_entropy,8,24,12,64,mixed,drift,0.3,uniform,0.20833333333333334,0.7916666666666666,3.5118305920400297,67.51183059204004,8.0,0.0
noise_taxonomy,5,contact_equivalence,4,24,12,64,mixed,drift,0.3,uniform,0.25,0.75,3.42801415712672,67.42801415712673,4.0,0.0
noise_taxonomy,5,contact_equivalence,6,24,12,64,mixed,drift,0.3,uniform,0.20833333333333334,0.7916666666666666,3.4010547308162082,67.40105473081623,6.0,0.0
noise_taxonomy,5,contact_equivalence,8,24,12,64,mixed,drift,0.3,uniform,0.4166666666666667,0.5833333333333334,3.3870436144515472,67.38704361445154,8.0,0.0
noise_taxonomy,5,expected_regret,4,24,12,64,mixed,drift,0.3,uniform,0.2916666666666667,0.7083333333333334,3.3842815305739413,67.38428153057394,4.0,0.0
noise_taxonomy,5,expected_regret,6,24,12,64,mixed,drift,0.3,uniform,0.2916666666666667,0.7083333333333334,3.372002648310231,67.37200264831024,6.0,0.0
noise_taxonomy,5,expected_regret,8,24,12,64,mixed,drift,0.3,uniform,0.2916666666666667,0.7083333333333334,3.360551502720948,67.36055150272095,8.0,0.0
noise_taxonomy,5,sampled_equivalence,4,24,12,64,mixed,drift,0.3,uniform,0.2916666666666667,0.7083333333333334,3.38554224294923,67.38554224294923,4.0,0.0
noise_taxonomy,5,sampled_equivalence,6,24,12,64,mixed,drift,0.3,uniform,0.2916666666666667,0.7083333333333334,3.389605075723845,67.38960507572385,6.0,0.0
noise_taxonomy,5,sampled_equivalence,8,24,12,64,mixed,drift,0.3,uniform,0.3333333333333333,0.6666666666666666,3.376720008731351,67.37672000873135,8.0,0.0
noise_taxonomy,6,dense_contact_only,4,24,12,64,mixed,drift,0.3,uniform,0.375,0.625,3.35553068844477,67.35553068844477,4.0,0.0
noise_taxonomy,6,dense_contact_only,6,24,12,64,mixed,drift,0.3,uniform,0.2916666666666667,0.7083333333333334,3.3289284806246546,67.32892848062465,6.0,0.0
noise_taxonomy,6,dense_contact_only,8,24,12,64,mixed,drift,0.3,uniform,0.4166666666666667,0.5833333333333334,3.293666745801669,67.29366674580167,8.0,0.0
noise_taxonomy,6,critical_cell_entropy,4,24,12,64,mixed,drift,0.3,uniform,0.2916666666666667,0.7083333333333334,3.5242857369945093,67.52428573699451,4.0,0.0
noise_taxonomy,6,critical_cell_entropy,6,24,12,64,mixed,drift,0.3,uniform,0.2916666666666667,0.7083333333333334,3.5199845118215927,67.51998451182159,6.0,0.0
noise_taxonomy,6,critical_cell_entropy,8,24,12,64,mixed,drift,0.3,uniform,0.2916666666666667,0.7083333333333334,3.515769240041633,67.51576924004162,8.0,0.0
noise_taxonomy,6,contact_equivalence,4,24,12,64,mixed,drift,0.3,uniform,0.20833333333333334,0.7916666666666666,3.416465613306551,67.41646561330656,4.0,0.0
noise_taxonomy,6,contact_equivalence,6,24,12,64,mixed,drift,0.3,uniform,0.25,0.75,3.4025393795975902,67.40253937959758,6.0,0.0
noise_taxonomy,6,contact_equivalence,8,24,12,64,mixed,drift,0.3,uniform,0.3333333333333333,0.6666666666666666,3.3898315150947274,67.38983151509473,8.0,0.0
noise_taxonomy,6,expected_regret,4,24,12,64,mixed,drift,0.3,uniform,0.2916666666666667,0.7083333333333334,3.3813096310278943,67.38130963102789,4.0,0.0
noise_taxonomy,6,expected_regret,6,24,12,64,mixed,drift,0.3,uniform,0.2916666666666667,0.7083333333333334,3.372950328335557,67.37295032833556,6.0,0.0
noise_taxonomy,6,expected_regret,8,24,12,64,mixed,drift,0.3,uniform,0.2916666666666667,0.7083333333333334,3.340347292019804,67.3403472920198,8.0,0.0
noise_taxonomy,6,sampled_equivalence,4,24,12,64,mixed,drift,0.3,uniform,0.25,0.75,3.3868077043354226,67.38680770433542,4.0,0.0
noise_taxonomy,6,sampled_equivalence,6,24,12,64,mixed,drift,0.3,uniform,0.20833333333333334,0.7916666666666666,3.3572522516816883,67.35725225168169,6.0,0.0
noise_taxonomy,6,sampled_equivalence,8,24,12,64,mixed,drift,0.3,uniform,0.25,0.75,3.3735319986404964,67.37353199864052,8.0,0.0
noise_taxonomy,7,dense_contact_only,4,24,12,64,mixed,drift,0.3,uniform,0.2916666666666667,0.7083333333333334,3.3938607556480256,67.39386075564802,4.0,0.0
noise_taxonomy,7,dense_contact_only,6,24,12,64,mixed,drift,0.3,uniform,0.3333333333333333,0.6666666666666666,3.392827356456065,67.39282735645607,6.0,0.0
noise_taxonomy,7,dense_contact_only,8,24,12,64,mixed,drift,0.3,uniform,0.3333333333333333,0.6666666666666666,3.377232089616301,67.3772320896163,8.0,0.0
noise_taxonomy,7,critical_cell_entropy,4,24,12,64,mixed,drift,0.3,uniform,0.08333333333333333,0.9166666666666666,3.527284094361144,67.52728409436115,4.0,0.0
noise_taxonomy,7,critical_cell_entropy,6,24,12,64,mixed,drift,0.3,uniform,0.08333333333333333,0.9166666666666666,3.5225128582183256,67.52251285821833,6.0,0.0
noise_taxonomy,7,critical_cell_entropy,8,24,12,64,mixed,drift,0.3,uniform,0.16666666666666666,0.8333333333333334,3.517043178162537,67.51704317816254,8.0,0.0
noise_taxonomy,7,contact_equivalence,4,24,12,64,mixed,drift,0.3,uniform,0.3333333333333333,0.6666666666666666,3.3838075613361145,67.3838075613361,4.0,0.0
noise_taxonomy,7,contact_equivalence,6,24,12,64,mixed,drift,0.3,uniform,0.2916666666666667,0.7083333333333334,3.355507759400737,67.35550775940071,6.0,0.0
noise_taxonomy,7,contact_equivalence,8,24,12,64,mixed,drift,0.3,uniform,0.375,0.625,3.324956376938251,67.32495637693825,8.0,0.0
noise_taxonomy,7,expected_regret,4,24,12,64,mixed,drift,0.3,uniform,0.25,0.75,3.3918618418399054,67.3918618418399,4.0,0.0
noise_taxonomy,7,expected_regret,6,24,12,64,mixed,drift,0.3,uniform,0.25,0.75,3.367955162803952,67.36795516280395,6.0,0.0
noise_taxonomy,7,expected_regret,8,24,12,64,mixed,drift,0.3,uniform,0.25,0.75,3.3520409925152315,67.35204099251523,8.0,0.0
noise_taxonomy,7,sampled_equivalence,4,24,12,64,mixed,drift,0.3,uniform,0.16666666666666666,0.8333333333333334,3.3532628412082257,67.3532628412082,4.0,0.0
noise_taxonomy,7,sampled_equivalence,6,24,12,64,mixed,drift,0.3,uniform,0.3333333333333333,0.6666666666666666,3.322432410626174,67.32243241062618,6.0,0.0
noise_taxonomy,7,sampled_equivalence,8,24,12,64,mixed,drift,0.3,uniform,0.3333333333333333,0.6666666666666666,3.311567861605747,67.31156786160575,8.0,0.0
noise_taxonomy,8,dense_contact_only,4,24,12,64,mixed,drift,0.3,uniform,0.3333333333333333,0.6666666666666666,3.39567622235104,67.39567622235104,4.0,0.0
noise_taxonomy,8,dense_contact_only,6,24,12,64,mixed,drift,0.3,uniform,0.375,0.625,3.376150360122765,67.37615036012276,6.0,0.0
noise_taxonomy,8,dense_contact_only,8,24,12,64,mixed,drift,0.3,uniform,0.4583333333333333,0.5416666666666666,3.373228386352782,67.37322838635278,8.0,0.0
noise_taxonomy,8,critical_cell_entropy,4,24,12,64,mixed,drift,0.3,uniform,0.125,0.875,3.527427200903779,67.52742720090379,4.0,0.0
noise_taxonomy,8,critical_cell_entropy,6,24,12,64,mixed,drift,0.3,uniform,0.16666666666666666,0.8333333333333334,3.522029267348065,67.52202926734807,6.0,0.0
noise_taxonomy,8,critical_cell_entropy,8,24,12,64,mixed,drift,0.3,uniform,0.16666666666666666,0.8333333333333334,3.517192275505001,67.51719227550501,8.0,0.0
noise_taxonomy,8,contact_equivalence,4,24,12,64,mixed,drift,0.3,uniform,0.3333333333333333,0.6666666666666666,3.4571165951888845,67.45711659518888,4.0,0.0
noise_taxonomy,8,contact_equivalence,6,24,12,64,mixed,drift,0.3,uniform,0.25,0.75,3.430008066454457,67.43000806645445,6.0,0.0
noise_taxonomy,8,contact_equivalence,8,24,12,64,mixed,drift,0.3,uniform,0.3333333333333333,0.6666666666666666,3.411820890687787,67.41182089068779,8.0,0.0
noise_taxonomy,8,expected_regret,4,24,12,64,mixed,drift,0.3,uniform,0.3333333333333333,0.6666666666666666,3.3987633139702367,67.39876331397022,4.0,0.0
noise_taxonomy,8,expected_regret,6,24,12,64,mixed,drift,0.3,uniform,0.3333333333333333,0.6666666666666666,3.3602924433185564,67.36029244331856,6.0,0.0
noise_taxonomy,8,expected_regret,8,24,12,64,mixed,drift,0.3,uniform,0.3333333333333333,0.6666666666666666,3.346682366777838,67.34668236677783,8.0,0.0
noise_taxonomy,8,sampled_equivalence,4,24,12,64,mixed,drift,0.3,uniform,0.3333333333333333,0.6666666666666666,3.3369447302743858,67.33694473027438,4.0,0.0
noise_taxonomy,8,sampled_equivalence,6,24,12,64,mixed,drift,0.3,uniform,0.3333333333333333,0.6666666666666666,3.30909716103085,67.30909716103083,6.0,0.0
noise_taxonomy,8,sampled_equivalence,8,24,12,64,mixed,drift,0.3,uniform,0.2916666666666667,0.7083333333333334,3.306282424613979,67.30628242461398,8.0,0.0
noise_taxonomy,9,dense_contact_only,4,24,12,64,mixed,drift,0.3,uniform,0.20833333333333334,0.7916666666666666,3.363062102558225,67.36306210255823,4.0,0.0
noise_taxonomy,9,dense_contact_only,6,24,12,64,mixed,drift,0.3,uniform,0.25,0.75,3.357527266400395,67.35752726640041,6.0,0.0
noise_taxonomy,9,dense_contact_only,8,24,12,64,mixed,drift,0.3,uniform,0.25,0.75,3.347870283460486,67.34787028346047,8.0,0.0
noise_taxonomy,9,critical_cell_entropy,4,24,12,64,mixed,drift,0.3,uniform,0.125,0.875,3.5245181272623154,67.52451812726231,4.0,0.0
noise_taxonomy,9,critical_cell_entropy,6,24,12,64,mixed,drift,0.3,uniform,0.125,0.875,3.5199337121113463,67.51993371211135,6.0,0.0
noise_taxonomy,9,critical_cell_entropy,8,24,12,64,mixed,drift,0.3,uniform,0.125,0.875,3.5144594695319458,67.51445946953194,8.0,0.0
noise_taxonomy,9,contact_equivalence,4,24,12,64,mixed,drift,0.3,uniform,0.375,0.625,3.2942197686873484,67.29421976868737,4.0,0.0
noise_taxonomy,9,contact_equivalence,6,24,12,64,mixed,drift,0.3,uniform,0.4583333333333333,0.5416666666666666,3.281947067529311,67.28194706752932,6.0,0.0
noise_taxonomy,9,contact_equivalence,8,24,12,64,mixed,drift,0.3,uniform,0.5,0.5,3.2552310399536766,67.25523103995369,8.0,0.0
noise_taxonomy,9,expected_regret,4,24,12,64,mixed,drift,0.3,uniform,0.2916666666666667,0.7083333333333334,3.4207553545449354,67.42075535454494,4.0,0.0
noise_taxonomy,9,expected_regret,6,24,12,64,mixed,drift,0.3,uniform,0.2916666666666667,0.7083333333333334,3.383457657610163,67.38345765761015,6.0,0.0
noise_taxonomy,9,expected_regret,8,24,12,64,mixed,drift,0.3,uniform,0.2916666666666667,0.7083333333333334,3.362688980016913,67.36268898001693,8.0,0.0
noise_taxonomy,9,sampled_equivalence,4,24,12,64,mixed,drift,0.3,uniform,0.125,0.875,3.358794986045064,67.35879498604507,4.0,0.0
noise_taxonomy,9,sampled_equivalence,6,24,12,64,mixed,drift,0.3,uniform,0.375,0.625,3.3478871535923567,67.34788715359235,6.0,0.0
noise_taxonomy,9,sampled_equivalence,8,24,12,64,mixed,drift,0.3,uniform,0.20833333333333334,0.7916666666666666,3.3476429924029087,67.34764299240292,8.0,0.0
