suite,seed,method,budget,trials,lanes,decor_bits,library,noise_mode,noise_rate,prior_mode,success_rate,mean_regret,posterior_contact_entropy,posterior_full_entropy,contact_probes,decor_probes
prior_stress,0,dense_entropy,2,24,16,64,mixed,none,0.0,uniform,0.08333333333333333,0.9166666666666666,4.0,60.0,0.0,2.0
prior_stress,0,dense_entropy,4,24,16,64,mixed,none,0.0,uniform,0.125,0.875,4.0,52.0,0.0,4.0
prior_stress,0,dense_entropy,6,24,16,64,mixed,none,0.0,uniform,0.041666666666666664,0.9583333333333334,4.0,44.0,0.0,6.0
prior_stress,0,dense_entropy,8,24,16,64,mixed,none,0.0,uniform,0.08333333333333333,0.9166666666666666,4.0,36.0,0.0,8.0
prior_stress,0,dense_contact_only,2,24,16,64,mixed,none,0.0,uniform,0.16666666666666666,0.8333333333333334,2.0,66.0,2.0,0.0
prior_stress,0,dense_contact_only,4,24,16,64,mixed,none,0.0,uniform,1.0,0.0,0.0,64.0,4.0,0.0
prior_stress,0,dense_contact_only,6,24,16,64,mixed,none,0.0,uniform,1.0,0.0,0.0,64.0,6.0,0.0
prior_stress,0,dense_contact_only,8,24,16,64,mixed,none,0.0,uniform,1.0,0.0,0.0,64.0,8.0,0.0
prior_stress,0,critical_cell_entropy,2,24,16,64,mixed,none,0.0,uniform,0.125,0.875,3.4900753452194735,67.49007534521947,2.0,0.0
prior_stress,0,critical_cell_entropy,4,24,16,64,mixed,none,0.0,uniform,0.25,0.75,2.8380953130709154,66.8380953130709,4.0,0.0
prior_stress,0,critical_cell_entropy,6,24,16,64,mixed,none,0.0,uniform,0.375,0.625,2.4914460711655217,66.49144607116556,6.0,0.0
prior_stress,0,critical_cell_entropy,8,24,16,64,mixed,none,0.0,uniform,0.3333333333333333,0.6666666666666666,2.125,66.125,8.0,0.0
prior_stress,0,contact_equivalence,2,24,16,64,mixed,none,0.0,uniform,0.20833333333333334,0.7916666666666666,2.0,66.0,2.0,0.0
prior_stress,0,contact_equivalence,4,24,16,64,mixed,none,0.0,uniform,1.0,0.0,0.0,64.0,4.0,0.0
prior_stress,0,contact_equivalence,6,24,16,64,mixed,none,0.0,uniform,1.0,0.0,0.0,64.0,6.0,0.0
prior_stress,0,contact_equivalence,8,24,16,64,mixed,none,0.0,uniform,1.0,0.0,0.0,64.0,8.0,0.0
prior_stress,0,expected_regret,2,24,16,64,mixed,none,0.0,uniform,0.20833333333333334,0.7916666666666666,2.229244390140053,66.22924439014007,2.0,0.0
prior_stress,0,expected_regret,4,24,16,64,mixed,none,0.0,uniform,0.5416666666666666,0.4583333333333333,0.8474937501201927,64.8474937501202,4.0,0.0
prior_stress,0,expected_regret,6,24,16,64,mixed,none,0.0,uniform,1.0,0.0,0.0,64.0,6.0,0.0
prior_stress,0,expected_regret,8,24,16,64,mixed,none,0.0,uniform,1.0,0.0,0.0,64.0,8.0,0.0
prior_stress,0,sampled_equivalence,2,24,16,64,mixed,none,0.0,uniform,0.25,0.75,2.0912418669439643,66.09124186694397,2.0,0.0
prior_stress,0,sampled_equivalence,4,24,16,64,mixed,none,0.0,uniform,0.7916666666666666,0.20833333333333334,0.340413541726763,64.34041354172676,4.0,0.0
prior_stress,0,sampled_equivalence,6,24,16,64,mixed,none,0.0,uniform,1.0,0.0,0.0,64.0,6.0,0.0
prior_stress,0,sampled_equivalence,8,24,16,64,mixed,none,0.0,uniform,1.0,0.0,0.0,64.0,8.0,0.0
prior_stress,1,dense_entropy,2,24,16,64,mixed,none,0.0,uniform,0.125,0.875,4.0,60.0,0.0,2.0
prior_stress,1,dense_entropy,4,24,16,64,mixed,none,0.0,uniform,0.0,1.0,4.0,52.0,0.0,4.0
prior_stress,1,dense_entropy,6,24,16,64,mixed,none,0.0,uniform,0.0,1.0,4.0,44.0,0.0,6.0
prior_stress,1,dense_entropy,8,24,16,64,mixed,none,0.0,uniform,0.041666666666666664,0.9583333333333334,4.0,36.0,0.0,8.0
prior_stress,1,dense_contact_only,2,24,16,64,mixed,none,0.0,uniform,0.25,0.75,2.0,66.0,2.0,0.0
prior_stress,1,dense_contact_only,4,24,16,64,mixed,none,0.0,uniform,1.0,0.0,0.0,64.0,4.0,0.0
prior_stress,1,dense_contact_only,6,24,16,64,mixed,none,0.0,uniform,1.0,0.0,0.0,64.0,6.0,0.0
prior_stress,1,dense_contact_only,8,24,16,64,mixed,none,0.0,uniform,1.0,0.0,0.0,64.0,8.0,0.0
prior_stress,1,critical_cell_entropy,2,24,16,64,mixed,none,0.0,uniform,0.08333333333333333,0.9166666666666666,3.648715133638541,67.64871513363853,2.0,0.0
prior_stress,1,critical_cell_entropy,4,24,16,64,mixed,none,0.0,uniform,0.08333333333333333,0.9166666666666666,3.2862156256610606,67.28621562566104,4.0,0.0
prior_stress,1,critical_cell_entropy,6,24,16,64,mixed,none,0.0,uniform,0.20833333333333334,0.7916666666666666,2.7682734124061352,66.76827341240617,6.0,0.0
prior_stress,1,critical_cell_entropy,8,24,16,64,mixed,none,0.0,uniform,0.4166666666666667,0.5833333333333334,1.875,65.875,8.0,0.0
prior_stress,1,contact_equivalence,2,24,16,64,mixed,none,0.0,uniform,0.125,0.875,2.0,66.0,2.0,0.0
prior_stress,1,contact_equivalence,4,24,16,64,mixed,none,0.0,uniform,1.0,0.0,0.0,64.0,4.0,0.0
prior_stress,1,contact_equivalence,6,24,16,64,mixed,none,0.0,uniform,1.0,0.0,0.0,64.0,6.0,0.0
prior_stress,1,contact_equivalence,8,24,16,64,mixed,none,0.0,uniform,1.0,0.0,0.0,64.0,8.0,0.0
prior_stress,1,expected_regret,2,24,16,64,mixed,none,0.0,uniform,0.25,0.75,2.3344972572928695,66.33449725729288,2.0,0.0
prior_stress,1,expected_regret,4,24,16,64,mixed,none,0.0,uniform,0.75,0.25,0.771240625180289,64.77124062518028,4.0,0.0
prior_stress,1,expected_regret,6,24,16,64,mixed,none,0.0,uniform,1.0,0.0,0.0,64.0,6.0,0.0
prior_stress,1,expected_regret,8,24,16,64,mixed,none,0.0,uniform,1.0,0.0,0.0,64.0,8.0,0.0
prior_stress,1,sampled_equivalence,2,24,16,64,mixed,none,0.0,uniform,0.20833333333333334,0.7916666666666666,2.042762753098844,66.04276275309884,2.0,0.0
prior_stress,1,sampled_equivalence,4,24,16,64,mixed,none,0.0,uniform,0.9583333333333334,0.041666666666666664,0.125,64.125,4.0,0.0
prior_stress,1,sampled_equivalence,6,24,16,64,mixed,none,0.0,uniform,1.0,0.0,0.0,64.0,6.0,0.0
prior_stress,1,sampled_equivalence,8,24,16,64,mixed,none,0.0,uniform,1.0,0.0,0.0,64.0,8.0,0.0
prior_stress,2,dense_entropy,2,24,16,64,mixed,none,0.0,uniform,0.125,0.875,4.0,60.0,0.0,2.0
prior_stress,2,dense_entropy,4,24,16,64,mixed,none,0.0,uniform,0.125,0.875,4.0,52.0,0.0,4.0
prior_stress,2,dense_entropy,6,24,16,64,mixed,none,0.0,uniform,0.08333333333333333,0.9166666666666666,4.0,44.0,0.0,6.0
prior_stress,2,dense_entropy,8,24,16,64,mixed,none,0.0,uniform,0.16666666666666666,0.8333333333333334,4.0,36.0,0.0,8.0
prior_stress,2,dense_contact_only,2,24,16,64,mixed,none,0.0,uniform,0.3333333333333333,0.6666666666666666,2.0,66.0,2.0,0.0
prior_stress,2,dense_contact_only,4,24,16,64,mixed,none,0.0,uniform,1.0,0.0,0.0,64.0,4.0,0.0
prior_stress,2,dense_contact_only,6,24,16,64,mixed,none,0.0,uniform,1.0,0.0,0.0,64.0,6.0,0.0
prior_stress,2,dense_contact_only,8,24,16,64,mixed,none,0.0,uniform,1.0,0.0,0.0,64.0,8.0,0.0
prior_stress,2,critical_cell_entropy,2,24,16,64,mixed,none,0.0,uniform,0.25,0.75,3.014155979962272,67.01415597996225,2.0,0.0
prior_stress,2,critical_cell_entropy,4,24,16,64,mixed,none,0.0,uniform,0.375,0.625,2.3899750004807703,66.38997500048076,4.0,0.0
prior_stress,2,critical_cell_entropy,6,24,16,64,mixed,none,0.0,uniform,0.4166666666666667,0.5833333333333334,2.0762050593046015,66.07620505930463,6.0,0.0
prior_stress,2,critical_cell_entropy,8,24,16,64,mixed,none,0.0,uniform,0.5416666666666666,0.4583333333333333,1.625,65.625,8.0,0.0
prior_stress,2,contact_equivalence,2,24,16,64,mixed,none,0.0,uniform,0.25,0.75,2.0,66.0,2.0,0.0
prior_stress,2,contact_equivalence,4,24,16,64,mixed,none,0.0,uniform,1.0,0.0,0.0,64.0,4.0,0.0
prior_stress,2,contact_equivalence,6,24,16,64,mixed,none,0.0,uniform,1.0,0.0,0.0,64.0,6.0,0.0
prior_stress,2,contact_equivalence,8,24,16,64,mixed,none,0.0,uniform,1.0,0.0,0.0,64.0,8.0,0.0
prior_stress,2,expected_regret,2,24,16,64,mixed,none,0.0,uniform,0.125,0.875,2.02091105680672,66.02091105680672,2.0,0.0
prior_stress,2,expected_regret,4,24,16,64,mixed,none,0.0,uniform,0.875,0.125,0.5974937501201927,64.5974937501202,4.0,0.0
prior_stress,2,expected_regret,6,24,16,64,mixed,none,0.0,uniform,1.0,0.0,0.0,64.0,6.0,0.0
prior_stress,2,expected_regret,8,24,16,64,mixed,none,0.0,uniform,1.0,0.0,0.0,64.0,8.0,0.0
prior_stress,2,sampled_equivalence,2,24,16,64,mixed,none,0.0,uniform,0.041666666666666664,0.9583333333333334,1.9696424405086999,65.96964244050871,2.0,0.0
prior_stress,2,sampled_equivalence,4,24,16,64,mixed,none,0.0,uniform,0.8333333333333334,0.16666666666666666,0.25,64.25,4.0,0.0
prior_stress,2,sampled_equivalence,6,24,16,64,mixed,none,0.0,uniform,1.0,0.0,0.0,64.0,6.0,0.0
prior_stress,2,sampled_equivalence,8,24,16,64,mixed,none,0.0,uniform,1.0,0.0,0.0,64.0,8.0,0.0
prior_stress,3,dense_entropy,2,24,16,64,mixed,none,0.0,uniform,0.125,0.875,4.0,60.0,0.0,2.0
prior_stress,3,dense_entropy,4,24,16,64,mixed,none,0.0,uniform,0.08333333333333333,0.9166666666666666,4.0,52.0,0.0,4.0
prior_stress,3,dense_entropy,6,24,16,64,mixed,none,0.0,uniform,0.0,1.0,4.0,44.0,0.0,6.0
prior_stress,3,dense_entropy,8,24,16,64,mixed,none,0.0,uniform,0.08333333333333333,0.9166666666666666,4.0,36.0,0.0,8.0
prior_stress,3,dense_contact_only,2,24,16,64,mixed,none,0.0,uniform,0.375,0.625,2.0,66.0,2.0,0.0
prior_stress,3,dense_contact_only,4,24,16,64,mixed,none,0.0,uniform,1.0,0.0,0.0,64.0,4.0,0.0
prior_stress,3,dense_contact_only,6,24,16,64,mixed,none,0.0,uniform,1.0,0.0,0.0,64.0,6.0,0.0
prior_stress,3,dense_contact_only,8,24,16,64,mixed,none,0.0,uniform,1.0,0.0,0.0,64.0,8.0,0.0
prior_stress,3,critical_cell_entropy,2,24,16,64,mixed,none,0.0,uniform,0.20833333333333334,0.7916666666666666,3.1727957683813393,67.17279576838132,2.0,0.0
prior_stress,3,critical_cell_entropy,4,24,16,64,mixed,none,0.0,uniform,0.3333333333333333,0.6666666666666666,2.688721875540867,66.68872187554085,4.0,0.0
prior_stress,3,critical_cell_entropy,6,24,16,64,mixed,none,0.0,uniform,0.5,0.5,2.0762050593046015,66.07620505930463,6.0,0.0
prior_stress,3,critical_cell_entropy,8,24,16,64,mixed,none,0.0,uniform,0.625,0.375,1.25,65.25,8.0,0.0
prior_stress,3,contact_equivalence,2,24,16,64,mixed,none,0.0,uniform,0.2916666666666667,0.7083333333333334,2.0,66.0,2.0,0.0
prior_stress,3,contact_equivalence,4,24,16,64,mixed,none,0.0,uniform,1.0,0.0,0.0,64.0,4.0,0.0
prior_stress,3,contact_equivalence,6,24,16,64,mixed,none,0.0,uniform,1.0,0.0,0.0,64.0,6.0,0.0
prior_stress,3,contact_equivalence,8,24,16,64,mixed,none,0.0,uniform,1.0,0.0,0.0,64.0,8.0,0.0
prior_stress,3,expected_regret,2,24,16,64,mixed,none,0.0,uniform,0.20833333333333334,0.7916666666666666,2.203163795065992,66.20316379506598,2.0,0.0
prior_stress,3,expected_regret,4,24,16,64,mixed,none,0.0,uniform,0.5833333333333334,0.4166666666666667,0.6218671876502408,64.62186718765024,4.0,0.0
prior_stress,3,expected_regret,6,24,16,64,mixed,none,0.0,uniform,1.0,0.0,0.0,64.0,6.0,0.0
prior_stress,3,expected_regret,8,24,16,64,mixed,none,0.0,uniform,1.0,0.0,0.0,64.0,8.0,0.0
prior_stress,3,sampled_equivalence,2,24,16,64,mixed,none,0.0,uniform,0.3333333333333333,0.6666666666666666,1.9294014286477796,65.92940142864778,2.0,0.0
prior_stress,3,sampled_equivalence,4,24,16,64,mixed,none,0.0,uniform,0.9166666666666666,0.08333333333333333,0.20833333333333334,64.20833333333333,4.0,0.0
prior_stress,3,sampled_equivalence,6,24,16,64,mixed,none,0.0,uniform,1.0,0.0,0.0,64.0,6.0,0.0
prior_stress,3,sampled_equivalence,8,24,16,64,mixed,none,0.0,uniform,1.0,0.0,0.0,64.0,8.0,0.0
prior_stress,4,dense_entropy,2,24,16,64,mixed,none,0.0,uniform,0.16666666666666666,0.8333333333333334,4.0,60.0,0.0,2.0
prior_stress,4,dense_entropy,4,24,16,64,mixed,none,0.0,uniform,0.08333333333333333,0.9166666666666666,4.0,52.0,0.0,4.0
prior_stress,4,dense_entropy,6,24,16,64,mixed,none,0.0,uniform,0.08333333333333333,0.9166666666666666,4.0,44.0,0.0,6.0
prior_stress,4,dense_entropy,8,24,16,64,mixed,none,0.0,uniform,0.125,0.875,4.0,36.0,0.0,8.0
prior_stress,4,dense_contact_only,2,24,16,64,mixed,none,0.0,uniform,0.3333333333333333,0.6666666666666666,2.0,66.0,2.0,0.0
prior_stress,4,dense_contact_only,4,24,16,64,mixed,none,0.0,uniform,1.0,0.0,0.0,64.0,4.0,0.0
prior_stress,4,dense_contact_only,6,24,16,64,mixed,none,0.0,uniform,1.0,0.0,0.0,64.0,6.0,0.0
prior_stress,4,dense_contact_only,8,24,16,64,mixed,none,0.0,uniform,1.0,0.0,0.0,64.0,8.0,0.0
prior_stress,4,critical_cell_entropy,2,24,16,64,mixed,none,0.0,uniform,0.2916666666666667,0.7083333333333334,2.6968764031241377,66.69687640312414,2.0,0.0
prior_stress,4,critical_cell_entropy,4,24,16,64,mixed,none,0.0,uniform,0.4166666666666667,0.5833333333333334,2.3899750004807703,66.38997500048076,4.0,0.0
prior_stress,4,critical_cell_entropy,6,24,16,64,mixed,none,0.0,uniform,0.5833333333333334,0.4166666666666667,1.660964047443681,65.6609640474437,6.0,0.0
prior_stress,4,critical_cell_entropy,8,24,16,64,mixed,none,0.0,uniform,0.5833333333333334,0.4166666666666667,1.25,65.25,8.0,0.0
prior_stress,4,contact_equivalence,2,24,16,64,mixed,none,0.0,uniform,0.125,0.875,2.0,66.0,2.0,0.0
prior_stress,4,contact_equivalence,4,24,16,64,mixed,none,0.0,uniform,1.0,0.0,0.0,64.0,4.0,0.0
prior_stress,4,contact_equivalence,6,24,16,64,mixed,none,0.0,uniform,1.0,0.0,0.0,64.0,6.0,0.0
prior_stress,4,contact_equivalence,8,24,16,64,mixed,none,0.0,uniform,1.0,0.0,0.0,64.0,8.0,0.0
prior_stress,4,expected_regret,2,24,16,64,mixed,none,0.0,uniform,0.375,0.625,1.9877502533392295,65.98775025333923,2.0,0.0
prior_stress,4,expected_regret,4,24,16,64,mixed,none,0.0,uniform,0.8333333333333334,0.16666666666666666,0.5070802083934297,64.50708020839342,4.0,0.0
prior_stress,4,expected_regret,6,24,16,64,mixed,none,0.0,uniform,1.0,0.0,0.0,64.0,6.0,0.0
prior_stress,4,expected_regret,8,24,16,64,mixed,none,0.0,uniform,1.0,0.0,0.0,64.0,8.0,0.0
prior_stress,4,sampled_equivalence,2,24,16,64,mixed,none,0.0,uniform,0.3333333333333333,0.6666666666666666,2.0286023363119847,66.02860233631198,2.0,0.0
prior_stress,4,sampled_equivalence,4,24,16,64,mixed,none,0.0,uniform,0.8333333333333334,0.16666666666666666,0.25,64.25,4.0,0.0
prior_stress,4,sampled_equivalence,6,24,16,64,mixed,none,0.0,uniform,1.0,0.0,0.0,64.0,6.0,0.0
prior_stress,4,sampled_equivalence,8,24,16,64,mixed,none,0.0,uniform,1.0,0.0,0.0,64.0,8.0,0.0
prior_stress,5,dense_entropy,2,24,16,64,mixed,none,0.0,uniform,0.041666666666666664,0.9583333333333334,4.0,60.0,0.0,2.0
prior_stress,5,dense_entropy,4,24,16,64,mixed,none,0.0,uniform,0.041666666666666664,0.9583333333333334,4.0,52.0,0.0,4.0
prior_stress,5,dense_entropy,6,24,16,64,mixed,none,0.0,uniform,0.0,1.0,4.0,44.0,0.0,6.0
prior_stress,5,dense_entropy,8,24,16,64,mixed,none,0.0,uniform,0.0,1.0,4.0,36.0,0.0,8.0
prior_stress,5,dense_contact_only,2,24,16,64,mixed,none,0.0,uniform,0.25,0.75,2.0,66.0,2.0,0.0
prior_stress,5,dense_contact_only,4,24,16,64,mixed,none,0.0,uniform,1.0,0.0,0.0,64.0,4.0,0.0
prior_stress,5,dense_contact_only,6,24,16,64,mixed,none,0.0,uniform,1.0,0.0,0.0,64.0,6.0,0.0
prior_stress,5,dense_contact_only,8,24,16,64,mixed,none,0.0,uniform,1.0,0.0,0.0,64.0,8.0,0.0
prior_stress,5,critical_cell_entropy,2,24,16,64,mixed,none,0.0,uniform,0.125,0.875,3.4900753452194735,67.49007534521947,2.0,0.0
prior_stress,5,critical_cell_entropy,4,24,16,64,mixed,none,0.0,uniform,0.125,0.875,3.1368421881310122,67.13684218813101,4.0,0.0
prior_stress,5,critical_cell_entropy,6,24,16,64,mixed,none,0.0,uniform,0.375,0.625,2.353032400545215,66.35303240054525,6.0,0.0
prior_stress,5,critical_cell_entropy,8,24,16,64,mixed,none,0.0,uniform,0.4583333333333333,0.5416666666666666,1.625,65.625,8.0,0.0
prior_stress,5,contact_equivalence,2,24,16,64,mixed,none,0.0,uniform,0.2916666666666667,0.7083333333333334,2.0,66.0,2.0,0.0
prior_stress,5,contact_equivalence,4,24,16,64,mixed,none,0.0,uniform,1.0,0.0,0.0,64.0,4.0,0.0
prior_stress,5,contact_equivalence,6,24,16,64,mixed,none,0.0,uniform,1.0,0.0,0.0,64.0,6.0,0.0
prior_stress,5,contact_equivalence,8,24,16,64,mixed,none,0.0,uniform,1.0,0.0,0.0,64.0,8.0,0.0
prior_stress,5,expected_regret,2,24,16,64,mixed,none,0.0,uniform,0.2916666666666667,0.7083333333333334,2.2250833288854754,66.22508332888546,2.0,0.0
prior_stress,5,expected_regret,4,24,16,64,mixed,none,0.0,uniform,0.625,0.375,0.7122807293770039,64.712280729377,4.0,0.0
prior_stress,5,expected_regret,6,24,16,64,mixed,none,0.0,uniform,1.0,0.0,0.0,64.0,6.0,0.0
prior_stress,5,expected_regret,8,24,16,64,mixed,none,0.0,uniform,1.0,0.0,0.0,64.0,8.0,0.0
prior_stress,5,sampled_equivalence,2,24,16,64,mixed,none,0.0,uniform,0.2916666666666667,0.7083333333333334,2.023694528890854,66.02369452889086,2.0,0.0
prior_stress,5,sampled_equivalence,4,24,16,64,mixed,none,0.0,uniform,0.9166666666666666,0.08333333333333333,0.125,64.125,4.0,0.0
prior_stress,5,sampled_equivalence,6,24,16,64,mixed,none,0.0,uniform,1.0,0.0,0.0,64.0,6.0,0.0
prior_stress,5,sampled_equivalence,8,24,16,64,mixed,none,0.0,uniform,1.0,0.0,0.0,64.0,8.0,0.0
prior_stress,6,dense_entropy,2,24,16,64,mixed,none,0.0,uniform,0.041666666666666664,0.9583333333333334,4.0,60.0,0.0,2.0
prior_stress,6,dense_entropy,4,24,16,64,mixed,none,0.0,uniform,0.041666666666666664,0.9583333333333334,4.0,52.0,0.0,4.0
prior_stress,6,dense_entropy,6,24,16,64,mixed,none,0.0,uniform,0.08333333333333333,0.9166666666666666,4.0,44.0,0.0,6.0
prior_stress,6,dense_entropy,8,24,16,64,mixed,none,0.0,uniform,0.041666666666666664,0.9583333333333334,4.0,36.0,0.0,8.0
prior_stress,6,dense_contact_only,2,24,16,64,mixed,none,0.0,uniform,0.2916666666666667,0.7083333333333334,2.0,66.0,2.0,0.0
prior_stress,6,dense_contact_only,4,24,16,64,mixed,none,0.0,uniform,1.0,0.0,0.0,64.0,4.0,0.0
prior_stress,6,dense_contact_only,6,24,16,64,mixed,none,0.0,uniform,1.0,0.0,0.0,64.0,6.0,0.0
prior_stress,6,dense_contact_only,8,24,16,64,mixed,none,0.0,uniform,1.0,0.0,0.0,64.0,8.0,0.0
prior_stress,6,critical_cell_entropy,2,24,16,64,mixed,none,0.0,uniform,0.08333333333333333,0.9166666666666666,3.4900753452194735,67.49007534521947,2.0,0.0
prior_stress,6,critical_cell_entropy,4,24,16,64,mixed,none,0.0,uniform,0.2916666666666667,0.7083333333333334,2.5393484380108187,66.5393484380108,4.0,0.0
prior_stress,6,critical_cell_entropy,6,24,16,64,mixed,none,0.0,uniform,0.375,0.625,2.0762050593046015,66.07620505930463,6.0,0.0
prior_stress,6,critical_cell_entropy,8,24,16,64,mixed,none,0.0,uniform,0.5833333333333334,0.4166666666666667,1.375,65.375,8.0,0.0
prior_stress,6,contact_equivalence,2,24,16,64,mixed,none,0.0,uniform,0.3333333333333333,0.6666666666666666,2.0,66.0,2.0,0.0
prior_stress,6,contact_equivalence,4,24,16,64,mixed,none,0.0,uniform,1.0,0.0,0.0,64.0,4.0,0.0
prior_stress,6,contact_equivalence,6,24,16,64,mixed,none,0.0,uniform,1.0,0.0,0.0,64.0,6.0,0.0
prior_stress,6,contact_equivalence,8,24,16,64,mixed,none,0.0,uniform,1.0,0.0,0.0,64.0,8.0,0.0
prior_stress,6,expected_regret,2,24,16,64,mixed,none,0.0,uniform,0.125,0.875,2.0467101491425153,66.04671014914253,2.0,0.0
prior_stress,6,expected_regret,4,24,16,64,mixed,none,0.0,uniform,0.8333333333333334,0.16666666666666666,0.5314536459234779,64.53145364592348,4.0,0.0
prior_stress,6,expected_regret,6,24,16,64,mixed,none,0.0,uniform,1.0,0.0,0.0,64.0,6.0,0.0
prior_stress,6,expected_regret,8,24,16,64,mixed,none,0.0,uniform,1.0,0.0,0.0,64.0,8.0,0.0
prior_stress,6,sampled_equivalence,2,24,16,64,mixed,none,0.0,uniform,0.125,0.875,2.0247340778446556,66.02473407784466,2.0,0.0
prior_stress,6,sampled_equivalence,4,24,16,64,mixed,none,0.0,uniform,0.9166666666666666,0.08333333333333333,0.2327067708633815,64.23270677086339,4.0,0.0
prior_stress,6,sampled_equivalence,6,24,16,64,mixed,none,0.0,uniform,1.0,0.0,0.0,64.0,6.0,0.0
prior_stress,6,sampled_equivalence,8,24,16,64,mixed,none,0.0,uniform,1.0,0.0,0.0,64.0,8.0,0.0
prior_stress,7,dense_entropy,2,24,16,64,mixed,none,0.0,uniform,0.08333333333333333,0.9166666666666666,4.0,60.0,0.0,2.0
prior_stress,7,dense_entropy,4,24,16,64,mixed,none,0.0,uniform,0.041666666666666664,0.9583333333333334,4.0,52.0,0.0,4.0
prior_stress,7,dense_entropy,6,24,16,64,mixed,none,0.0,uniform,0.041666666666666664,0.9583333333333334,4.0,44.0,0.0,6.0
prior_stress,7,dense_entropy,8,24,16,64,mixed,none,0.0,uniform,0.125,0.875,4.0,36.0,0.0,8.0
prior_stress,7,dense_contact_only,2,24,16,64,mixed,none,0.0,uniform,0.2916666666666667,0.7083333333333334,2.0,66.0,2.0,0.0
prior_stress,7,dense_contact_only,4,24,16,64,mixed,none,0.0,uniform,1.0,0.0,0.0,64.0,4.0,0.0
prior_stress,7,dense_contact_only,6,24,16,64,mixed,none,0.0,uniform,1.0,0.0,0.0,64.0,6.0,0.0
prior_stress,7,dense_contact_only,8,24,16,64,mixed,none,0.0,uniform,1.0,0.0,0.0,64.0,8.0,0.0
prior_stress,7,critical_cell_entropy,2,24,16,64,mixed,none,0.0,uniform,0.16666666666666666,0.8333333333333334,3.4900753452194735,67.49007534521947,2.0,0.0
prior_stress,7,critical_cell_entropy,4,24,16,64,mixed,none,0.0,uniform,0.20833333333333334,0.7916666666666666,3.1368421881310122,67.13684218813101,4.0,0.0
prior_stress,7,critical_cell_entropy,6,24,16,64,mixed,none,0.0,uniform,0.375,0.625,2.4914460711655217,66.49144607116556,6.0,0.0
prior_stress,7,critical_cell_entropy,8,24,16,64,mixed,none,0.0,uniform,0.4583333333333333,0.5416666666666666,1.75,65.75,8.0,0.0
prior_stress,7,contact_equivalence,2,24,16,64,mixed,none,0.0,uniform,0.2916666666666667,0.7083333333333334,2.0,66.0,2.0,0.0
prior_stress,7,contact_equivalence,4,24,16,64,mixed,none,0.0,uniform,1.0,0.0,0.0,64.0,4.0,0.0
prior_stress,7,contact_equivalence,6,24,16,64,mixed,none,0.0,uniform,1.0,0.0,0.0,64.0,6.0,0.0
prior_stress,7,contact_equivalence,8,24,16,64,mixed,none,0.0,uniform,1.0,0.0,0.0,64.0,8.0,0.0
prior_stress,7,expected_regret,2,24,16,64,mixed,none,0.0,uniform,0.2916666666666667,0.7083333333333334,2.288951032109891,66.28895103210988,2.0,0.0
prior_stress,7,expected_regret,4,24,16,64,mixed,none,0.0,uniform,0.625,0.375,0.7468671876502407,64.74686718765024,4.0,0.0
prior_stress,7,expected_regret,6,24,16,64,mixed,none,0.0,uniform,1.0,0.0,0.0,64.0,6.0,0.0
prior_stress,7,expected_regret,8,24,16,64,mixed,none,0.0,uniform,1.0,0.0,0.0,64.0,8.0,0.0
prior_stress,7,sampled_equivalence,2,24,16,64,mixed,none,0.0,uniform,0.3333333333333333,0.6666666666666666,2.1156153044740127,66.11561530447402,2.0,0.0
prior_stress,7,sampled_equivalence,4,24,16,64,mixed,none,0.0,uniform,0.875,0.125,0.2916666666666667,64.29166666666667,4.0,0.0
prior_stress,7,sampled_equivalence,6,24,16,64,mixed,none,0.0,uniform,1.0,0.0,0.0,64.0,6.0,0.0
prior_stress,7,sampled_equivalence,8,24,16,64,mixed,none,0.0,uniform,1.0,0.0,0.0,64.0,8.0,0.0
prior_stress,8,dense_entropy,2,24,16,64,mixed,none,0.0,uniform,0.125,0.875,4.0,60.0,0.0,2.0
prior_stress,8,dense_entropy,4,24,16,64,mixed,none,0.0,uniform,0.08333333333333333,0.9166666666666666,4.0,52.0,0.0,4.0
prior_stress,8,dense_entropy,6,24,16,64,mixed,none,0.0,uniform,0.041666666666666664,0.9583333333333334,4.0,44.0,0.0,6.0
prior_stress,8,dense_entropy,8,24,16,64,mixed,none,0.0,uniform,0.0,1.0,4.0,36.0,0.0,8.0
prior_stress,8,dense_contact_only,2,24,16,64,mixed,none,0.0,uniform,0.3333333333333333,0.6666666666666666,2.0,66.0,2.0,0.0
prior_stress,8,dense_contact_only,4,24,16,64,mixed,none,0.0,uniform,1.0,0.0,0.0,64.0,4.0,0.0
prior_stress,8,dense_contact_only,6,24,16,64,mixed,none,0.0,uniform,1.0,0.0,0.0,64.0,6.0,0.0
prior_stress,8,dense_contact_only,8,24,16,64,mixed,none,0.0,uniform,1.0,0.0,0.0,64.0,8.0,0.0
prior_stress,8,critical_cell_entropy,2,24,16,64,mixed,none,0.0,uniform,0.20833333333333334,0.7916666666666666,3.4900753452194735,67.49007534521947,2.0,0.0
prior_stress,8,critical_cell_entropy,4,24,16,64,mixed,none,0.0,uniform,0.2916666666666667,0.7083333333333334,2.8380953130709154,66.8380953130709,4.0,0.0
prior_stress,8,critical_cell_entropy,6,24,16,64,mixed,none,0.0,uniform,0.3333333333333333,0.6666666666666666,2.2146187299249083,66.21461872992494,6.0,0.0
prior_stress,8,critical_cell_entropy,8,24,16,64,mixed,none,0.0,uniform,0.4583333333333333,0.5416666666666666,1.625,65.625,8.0,0.0
prior_stress,8,contact_equivalence,2,24,16,64,mixed,none,0.0,uniform,0.25,0.75,2.0,66.0,2.0,0.0
prior_stress,8,contact_equivalence,4,24,16,64,mixed,none,0.0,uniform,1.0,0.0,0.0,64.0,4.0,0.0
prior_stress,8,contact_equivalence,6,24,16,64,mixed,none,0.0,uniform,1.0,0.0,0.0,64.0,6.0,0.0
prior_stress,8,contact_equivalence,8,24,16,64,mixed,none,0.0,uniform,1.0,0.0,0.0,64.0,8.0,0.0
prior_stress,8,expected_regret,2,24,16,64,mixed,none,0.0,uniform,0.25,0.75,2.086204414836882,66.08620441483689,2.0,0.0
prior_stress,8,expected_regret,4,24,16,64,mixed,none,0.0,uniform,0.6666666666666666,0.3333333333333333,0.6320802083934297,64.63208020839343,4.0,0.0
prior_stress,8,expected_regret,6,24,16,64,mixed,none,0.0,uniform,1.0,0.0,0.0,64.0,6.0,0.0
prior_stress,8,expected_regret,8,24,16,64,mixed,none,0.0,uniform,1.0,0.0,0.0,64.0,8.0,0.0
prior_stress,8,sampled_equivalence,2,24,16,64,mixed,none,0.0,uniform,0.3333333333333333,0.6666666666666666,2.0841616585505345,66.08416165855053,2.0,0.0
prior_stress,8,sampled_equivalence,4,24,16,64,mixed,none,0.0,uniform,0.9583333333333334,0.041666666666666664,0.27437343753004817,64.27437343753006,4.0,0.0
prior_stress,8,sampled_equivalence,6,24,16,64,mixed,none,0.0,uniform,1.0,0.0,0.0,64.0,6.0,0.0
prior_stress,8,sampled_equivalence,8,24,16,64,mixed,none,0.0,uniform,1.0,0.0,0.0,64.0,8.0,0.0
prior_stress,9,dense_entropy,2,24,16,64,mixed,none,0.0,uniform,0.08333333333333333,0.9166666666666666,4.0,60.0,0.0,2.0
prior_stress,9,dense_entropy,4,24,16,64,mixed,none,0.0,uniform,0.041666666666666664,0.9583333333333334,4.0,52.0,0.0,4.0
prior_stress,9,dense_entropy,6,24,16,64,mixed,none,0.0,uniform,0.08333333333333333,0.9166666666666666,4.0,44.0,0.0,6.0
prior_stress,9,dense_entropy,8,24,16,64,mixed,none,0.0,uniform,0.08333333333333333,0.9166666666666666,4.0,36.0,0.0,8.0
prior_stress,9,dense_contact_only,2,24,16,64,mixed,none,0.0,uniform,0.3333333333333333,0.6666666666666666,2.0,66.0,2.0,0.0
prior_stress,9,dense_contact_only,4,24,16,64,mixed,none,0.0,uniform,1.0,0.0,0.0,64.0,4.0,0.0
prior_stress,9,dense_contact_only,6,24,16,64,mixed,none,0.0,uniform,1.0,0.0,0.0,64.0,6.0,0.0
prior_stress,9,dense_contact_only,8,24,16,64,mixed,none,0.0,uniform,1.0,0.0,0.0,64.0,8.0,0.0
prior_stress,9,critical_cell_entropy,2,24,16,64,mixed,none,0.0,uniform,0.2916666666666667,0.7083333333333334,3.1727957683813393,67.17279576838133,2.0,0.0
prior_stress,9,critical_cell_entropy,4,24,16,64,mixed,none,0.0,uniform,0.20833333333333334,0.7916666666666666,2.8380953130709154,66.8380953130709,4.0,0.0
prior_stress,9,critical_cell_entropy,6,24,16,64,mixed,none,0.0,uniform,0.3333333333333333,0.6666666666666666,2.353032400545215,66.35303240054525,6.0,0.0
prior_stress,9,critical_cell_entropy,8,24,16,64,mixed,none,0.0,uniform,0.5833333333333334,0.4166666666666667,1.625,65.625,8.0,0.0
prior_stress,9,contact_equivalence,2,24,16,64,mixed,none,0.0,uniform,0.4583333333333333,0.5416666666666666,2.0,66.0,2.0,0.0
prior_stress,9,contact_equivalence,4,24,16,64,mixed,none,0.0,uniform,1.0,0.0,0.0,64.0,4.0,0.0
prior_stress,9,contact_equivalence,6,24,16,64,mixed,none,0.0,uniform,1.0,0.0,0.0,64.0,6.0,0.0
prior_stress,9,contact_equivalence,8,24,16,64,mixed,none,0.0,uniform,1.0,0.0,0.0,64.0,8.0,0.0
prior_stress,9,expected_regret,2,24,16,64,mixed,none,0.0,uniform,0.08333333333333333,0.9166666666666666,2.2733649605172856,66.2733649605173,2.0,0.0
prior_stress,9,expected_regret,4,24,16,64,mixed,none,0.0,uniform,0.5833333333333334,0.4166666666666667,0.7712406251802889,64.77124062518028,4.0,0.0
prior_stress,9,expected_regret,6,24,16,64,mixed,none,0.0,uniform,1.0,0.0,0.0,64.0,6.0,0.0
prior_stress,9,expected_regret,8,24,16,64,mixed,none,0.0,uniform,1.0,0.0,0.0,64.0,8.0,0.0
prior_stress,9,sampled_equivalence,2,24,16,64,mixed,none,0.0,uniform,0.2916666666666667,0.7083333333333334,2.0512686162980205,66.05126861629803,2.0,0.0
prior_stress,9,sampled_equivalence,4,24,16,64,mixed,none,0.0,uniform,0.8333333333333334,0.16666666666666666,0.20833333333333334,64.20833333333333,4.0,0.0
prior_stress,9,sampled_equivalence,6,24,16,64,mixed,none,0.0,uniform,1.0,0.0,0.0,64.0,6.0,0.0
prior_stress,9,sampled_equivalence,8,24,16,64,mixed,none,0.0,uniform,1.0,0.0,0.0,64.0,8.0,0.0
prior_stress,0,dense_entropy,2,24,16,64,mixed,none,0.0,skewed,0.3333333333333333,0.6666666666666666,3.43177847993374,59.43177847993373,0.0,2.0
prior_stress,0,dense_entropy,4,24,16,64,mixed,none,0.0,skewed,0.3333333333333333,0.6666666666666666,3.43177847993374,51.43177847993374,0.0,4.0
prior_stress,0,dense_entropy,6,24,16,64,mixed,none,0.0,skewed,0.3333333333333333,0.6666666666666666,3.43177847993374,43.43177847993376,0.0,6.0
prior_stress,0,dense_entropy,8,24,16,64,mixed,none,0.0,skewed,0.3333333333333333,0.6666666666666666,3.43177847993374,35.43177847993376,0.0,8.0
prior_stress,0,dense_contact_only,2,24,16,64,mixed,none,0.0,skewed,0.5833333333333334,0.4166666666666667,1.2151496191988256,65.21514961919881,2.0,0.0
prior_stress,0,dense_contact_only,4,24,16,64,mixed,none,0.0,skewed,0.9583333333333334,0.041666666666666664,0.20965269752752455,64.20965269752753,4.0,0.0
prior_stress,0,dense_contact_only,6,24,16,64,mixed,none,0.0,skewed,1.0,0.0,0.0,64.0,6.0,0.0
prior_stress,0,dense_contact_only,8,24,16,64,mixed,none,0.0,skewed,1.0,0.0,0.0,64.0,8.0,0.0
prior_stress,0,critical_cell_entropy,2,24,16,64,mixed,none,0.0,skewed,0.75,0.25,1.5345414250077756,65.53454142500779,2.0,0.0
prior_stress,0,critical_cell_entropy,4,24,16,64,mixed,none,0.0,skewed,0.7916666666666666,0.20833333333333334,0.6730279340375812,64.67302793403759,4.0,0.0
prior_stress,0,critical_cell_entropy,6,24,16,64,mixed,none,0.0,skewed,0.875,0.125,0.3831369678759943,64.383136967876,6.0,0.0
prior_stress,0,critical_cell_entropy,8,24,16,64,mixed,none,0.0,skewed,0.9166666666666666,0.08333333333333333,0.3537536226978879,64.3537536226979,8.0,0.0
prior_stress,0,contact_equivalence,2,24,16,64,mixed,none,0.0,skewed,0.6666666666666666,0.3333333333333333,1.3889810287094118,65.38898102870941,2.0,0.0
prior_stress,0,contact_equivalence,4,24,16,64,mixed,none,0.0,skewed,0.9583333333333334,0.041666666666666664,0.07492981649053593,64.07492981649052,4.0,0.0
prior_stress,0,contact_equivalence,6,24,16,64,mixed,none,0.0,skewed,1.0,0.0,0.0,64.0,6.0,0.0
prior_stress,0,contact_equivalence,8,24,16,64,mixed,none,0.0,skewed,1.0,0.0,0.0,64.0,8.0,0.0
prior_stress,0,expected_regret,2,24,16,64,mixed,none,0.0,skewed,0.5833333333333334,0.4166666666666667,1.8724652094762266,65.87246520947622,2.0,0.0
prior_stress,0,expected_regret,4,24,16,64,mixed,none,0.0,skewed,0.7916666666666666,0.20833333333333334,0.5989933529245784,64.59899335292458,4.0,0.0
prior_stress,0,expected_regret,6,24,16,64,mixed,none,0.0,skewed,0.9583333333333334,0.041666666666666664,0.10992995972074344,64.10992995972073,6.0,0.0
prior_stress,0,expected_regret,8,24,16,64,mixed,none,0.0,skewed,1.0,0.0,0.05133121012080264,64.05133121012081,8.0,0.0
prior_stress,0,sampled_equivalence,2,24,16,64,mixed,none,0.0,skewed,0.5833333333333334,0.4166666666666667,1.5903563096942503,65.59035630969426,2.0,0.0
prior_stress,0,sampled_equivalence,4,24,16,64,mixed,none,0.0,skewed,0.875,0.125,0.23316824931651622,64.23316824931652,4.0,0.0
prior_stress,0,sampled_equivalence,6,24,16,64,mixed,none,0.0,skewed,1.0,0.0,0.0,64.0,6.0,0.0
prior_stress,0,sampled_equivalence,8,24,16,64,mixed,none,0.0,skewed,1.0,0.0,0.0,64.0,8.0,0.0
prior_stress,1,dense_entropy,2,24,16,64,mixed,none,0.0,skewed,0.125,0.875,3.43177847993374,59.43177847993373,0.0,2.0
prior_stress,1,dense_entropy,4,24,16,64,mixed,none,0.0,skewed,0.125,0.875,3.43177847993374,51.43177847993374,0.0,4.0
prior_stress,1,dense_entropy,6,24,16,64,mixed,none,0.0,skewed,0.125,0.875,3.43177847993374,43.43177847993376,0.0,6.0
prior_stress,1,dense_entropy,8,24,16,64,mixed,none,0.0,skewed,0.125,0.875,3.43177847993374,35.43177847993376,0.0,8.0
prior_stress,1,dense_contact_only,2,24,16,64,mixed,none,0.0,skewed,0.6666666666666666,0.3333333333333333,1.5261452036389347,65.52614520363893,2.0,0.0
prior_stress,1,dense_contact_only,4,24,16,64,mixed,none,0.0,skewed,1.0,0.0,0.19444782296661875,64.19444782296661,4.0,0.0
prior_stress,1,dense_contact_only,6,24,16,64,mixed,none,0.0,skewed,1.0,0.0,0.0,64.0,6.0,0.0
prior_stress,1,dense_contact_only,8,24,16,64,mixed,none,0.0,skewed,1.0,0.0,0.0,64.0,8.0,0.0
prior_stress,1,critical_cell_entropy,2,24,16,64,mixed,none,0.0,skewed,0.4166666666666667,0.5833333333333334,2.232060254556765,66.23206025455677,2.0,0.0
prior_stress,1,critical_cell_entropy,4,24,16,64,mixed,none,0.0,skewed,0.625,0.375,1.480661454882678,65.48066145488269,4.0,0.0
prior_stress,1,critical_cell_entropy,6,24,16,64,mixed,none,0.0,skewed,0.7083333333333334,0.2916666666666667,1.0216985810026515,65.02169858100267,6.0,0.0
prior_stress,1,critical_cell_entropy,8,24,16,64,mixed,none,0.0,skewed,0.875,0.125,0.5895893711631465,64.58958937116316,8.0,0.0
prior_stress,1,contact_equivalence,2,24,16,64,mixed,none,0.0,skewed,0.625,0.375,1.2794855681916728,65.27948556819166,2.0,0.0
prior_stress,1,contact_equivalence,4,24,16,64,mixed,none,0.0,skewed,1.0,0.0,0.1418065522420662,64.14180655224207,4.0,0.0
prior_stress,1,contact_equivalence,6,24,16,64,mixed,none,0.0,skewed,1.0,0.0,0.0,64.0,6.0,0.0
prior_stress,1,contact_equivalence,8,24,16,64,mixed,none,0.0,skewed,1.0,0.0,0.0,64.0,8.0,0.0
prior_stress,1,expected_regret,2,24,16,64,mixed,none,0.0,skewed,0.5833333333333334,0.4166666666666667,1.5389629501245798,65.53896295012458,2.0,0.0
prior_stress,1,expected_regret,4,24,16,64,mixed,none,0.0,skewed,0.8333333333333334,0.16666666666666666,0.6968955359272074,64.6968955359272,4.0,0.0
prior_stress,1,expected_regret,6,24,16,64,mixed,none,0.0,skewed,0.9166666666666666,0.08333333333333333,0.16088000224305474,64.16088000224305,6.0,0.0
prior_stress,1,expected_regret,8,24,16,64,mixed,none,0.0,skewed,1.0,0.0,0.0,64.0,8.0,0.0
prior_stress,1,sampled_equivalence,2,24,16,64,mixed,none,0.0,skewed,0.4166666666666667,0.5833333333333334,1.3584614745656005,65.3584614745656,2.0,0.0
prior_stress,1,sampled_equivalence,4,24,16,64,mixed,none,0.0,skewed,0.9166666666666666,0.08333333333333333,0.33748280110005907,64.33748280110005,4.0,0.0
prior_stress,1,sampled_equivalence,6,24,16,64,mixed,none,0.0,skewed,1.0,0.0,0.0,64.0,6.0,0.0
prior_stress,1,sampled_equivalence,8,24,16,64,mixed,none,0.0,skewed,1.0,0.0,0.0,64.0,8.0,0.0
prior_stress,2,dense_entropy,2,24,16,64,mixed,none,0.0,skewed,0.125,0.875,3.43177847993374,59.43177847993373,0.0,2.0
prior_stress,2,dense_entropy,4,24,16,64,mixed,none,0.0,skewed,0.125,0.875,3.43177847993374,51.43177847993374,0.0,4.0
prior_stress,2,dense_entropy,6,24,16,64,mixed,none,0.0,skewed,0.125,0.875,3.43177847993374,43.43177847993376,0.0,6.0
prior_stress,2,dense_entropy,8,24,16,64,mixed,none,0.0,skewed,0.125,0.875,3.43177847993374,35.43177847993376,0.0,8.0
prior_stress,2,dense_contact_only,2,24,16,64,mixed,none,0.0,skewed,0.625,0.375,1.3906222574676261,65.39062225746763,2.0,0.0
prior_stress,2,dense_contact_only,4,24,16,64,mixed,none,0.0,skewed,0.9583333333333334,0.041666666666666664,0.1721168159783769,64.17211681597837,4.0,0.0
prior_stress,2,dense_contact_only,6,24,16,64,mixed,none,0.0,skewed,1.0,0.0,0.0,64.0,6.0,0.0
prior_stress,2,dense_contact_only,8,24,16,64,mixed,none,0.0,skewed,1.0,0.0,0.0,64.0,8.0,0.0
prior_stress,2,critical_cell_entropy,2,24,16,64,mixed,none,0.0,skewed,0.5833333333333334,0.4166666666666667,1.9530527227371692,65.95305272273718,2.0,0.0
prior_stress,2,critical_cell_entropy,4,24,16,64,mixed,none,0.0,skewed,0.7083333333333334,0.2916666666666667,1.0768446944601295,65.07684469446014,4.0,0.0
prior_stress,2,critical_cell_entropy,6,24,16,64,mixed,none,0.0,skewed,0.875,0.125,0.5108492905013258,64.51084929050133,6.0,0.0
prior_stress,2,critical_cell_entropy,8,24,16,64,mixed,none,0.0,skewed,0.9583333333333334,0.041666666666666664,0.2358357484652586,64.23583574846526,8.0,0.0
prior_stress,2,contact_equivalence,2,24,16,64,mixed,none,0.0,skewed,0.625,0.375,1.4847620617706465,65.48476206177065,2.0,0.0
prior_stress,2,contact_equivalence,4,24,16,64,mixed,none,0.0,skewed,1.0,0.0,0.0953060212066128,64.09530602120661,4.0,0.0
prior_stress,2,contact_equivalence,6,24,16,64,mixed,none,0.0,skewed,1.0,0.0,0.0,64.0,6.0,0.0
prior_stress,2,contact_equivalence,8,24,16,64,mixed,none,0.0,skewed,1.0,0.0,0.0,64.0,8.0,0.0
prior_stress,2,expected_regret,2,24,16,64,mixed,none,0.0,skewed,0.4166666666666667,0.5833333333333334,1.9789009834898694,65.97890098348988,2.0,0.0
prior_stress,2,expected_regret,4,24,16,64,mixed,none,0.0,skewed,0.75,0.25,0.6988054741272712,64.69880547412728,4.0,0.0
prior_stress,2,expected_regret,6,24,16,64,mixed,none,0.0,skewed,1.0,0.0,0.12401122334776828,64.12401122334778,6.0,0.0
prior_stress,2,expected_regret,8,24,16,64,mixed,none,0.0,skewed,1.0,0.0,0.03096016538237407,64.03096016538238,8.0,0.0
prior_stress,2,sampled_equivalence,2,24,16,64,mixed,none,0.0,skewed,0.7916666666666666,0.20833333333333334,1.364841269618425,65.36484126961842,2.0,0.0
prior_stress,2,sampled_equivalence,4,24,16,64,mixed,none,0.0,skewed,0.9166666666666666,0.08333333333333333,0.12457193194425953,64.12457193194426,4.0,0.0
prior_stress,2,sampled_equivalence,6,24,16,64,mixed,none,0.0,skewed,1.0,0.0,0.0,64.0,6.0,0.0
prior_stress,2,sampled_equivalence,8,24,16,64,mixed,none,0.0,skewed,1.0,0.0,0.0,64.0,8.0,0.0
prior_stress,3,dense_entropy,2,24,16,64,mixed,none,0.0,skewed,0.16666666666666666,0.8333333333333334,3.43177847993374,59.43177847993373,0.0,2.0
prior_stress,3,dense_entropy,4,24,16,64,mixed,none,0.0,skewed,0.16666666666666666,0.8333333333333334,3.43177847993374,51.43177847993374,0.0,4.0
prior_stress,3,dense_entropy,6,24,16,64,mixed,none,0.0,skewed,0.16666666666666666,0.8333333333333334,3.43177847993374,43.43177847993376,0.0,6.0
prior_stress,3,dense_entropy,8,24,16,64,mixed,none,0.0,skewed,0.16666666666666666,0.8333333333333334,3.43177847993374,35.43177847993376,0.0,8.0
prior_stress,3,dense_contact_only,2,24,16,64,mixed,none,0.0,skewed,0.5,0.5,1.4082296716381801,65.40822967163818,2.0,0.0
prior_stress,3,dense_contact_only,4,24,16,64,mixed,none,0.0,skewed,0.9166666666666666,0.08333333333333333,0.22689153693959827,64.2268915369396,4.0,0.0
prior_stress,3,dense_contact_only,6,24,16,64,mixed,none,0.0,skewed,1.0,0.0,0.0,64.0,6.0,0.0
prior_stress,3,dense_contact_only,8,24,16,64,mixed,none,0.0,skewed,1.0,0.0,0.0,64.0,8.0,0.0
prior_stress,3,critical_cell_entropy,2,24,16,64,mixed,none,0.0,skewed,0.4166666666666667,0.5833333333333334,2.092556488646967,66.09255648864698,2.0,0.0
prior_stress,3,critical_cell_entropy,4,24,16,64,mixed,none,0.0,skewed,0.75,0.25,1.4806614548826786,65.48066145488268,4.0,0.0
prior_stress,3,critical_cell_entropy,6,24,16,64,mixed,none,0.0,skewed,0.8333333333333334,0.16666666666666666,0.7662739357519887,64.766273935752,6.0,0.0
prior_stress,3,critical_cell_entropy,8,24,16,64,mixed,none,0.0,skewed,0.9166666666666666,0.08333333333333333,0.3537536226978879,64.3537536226979,8.0,0.0
prior_stress,3,contact_equivalence,2,24,16,64,mixed,none,0.0,skewed,0.5416666666666666,0.4583333333333333,1.710391330453483,65.71039133045349,2.0,0.0
prior_stress,3,contact_equivalence,4,24,16,64,mixed,none,0.0,skewed,0.9166666666666666,0.08333333333333333,0.21886720104252255,64.21886720104253,4.0,0.0
prior_stress,3,contact_equivalence,6,24,16,64,mixed,none,0.0,skewed,1.0,0.0,0.0,64.0,6.0,0.0
prior_stress,3,contact_equivalence,8,24,16,64,mixed,none,0.0,skewed,1.0,0.0,0.0,64.0,8.0,0.0
prior_stress,3,expected_regret,2,24,16,64,mixed,none,0.0,skewed,0.5833333333333334,0.4166666666666667,1.4734699376501048,65.47346993765011,2.0,0.0
prior_stress,3,expected_regret,4,24,16,64,mixed,none,0.0,skewed,0.875,0.125,0.4375965884427861,64.43759658844279,4.0,0.0
prior_stress,3,expected_regret,6,24,16,64,mixed,none,0.0,skewed,1.0,0.0,0.0,64.0,6.0,0.0
prior_stress,3,expected_regret,8,24,16,64,mixed,none,0.0,skewed,1.0,0.0,0.0,64.0,8.0,0.0
prior_stress,3,sampled_equivalence,2,24,16,64,mixed,none,0.0,skewed,0.5,0.5,1.5361677059578307,65.53616770595782,2.0,0.0
prior_stress,3,sampled_equivalence,4,24,16,64,mixed,none,0.0,skewed,0.9583333333333334,0.041666666666666664,0.14931958954847555,64.14931958954848,4.0,0.0
prior_stress,3,sampled_equivalence,6,24,16,64,mixed,none,0.0,skewed,1.0,0.0,0.0,64.0,6.0,0.0
prior_stress,3,sampled_equivalence,8,24,16,64,mixed,none,0.0,skewed,1.0,0.0,0.0,64.0,8.0,0.0
prior_stress,4,dense_entropy,2,24,16,64,mixed,none,0.0,skewed,0.20833333333333334,0.7916666666666666,3.43177847993374,59.43177847993373,0.0,2.0
prior_stress,4,dense_entropy,4,24,16,64,mixed,none,0.0,skewed,0.20833333333333334,0.7916666666666666,3.43177847993374,51.43177847993374,0.0,4.0
prior_stress,4,dense_entropy,6,24,16,64,mixed,none,0.0,skewed,0.20833333333333334,0.7916666666666666,3.43177847993374,43.43177847993376,0.0,6.0
prior_stress,4,dense_entropy,8,24,16,64,mixed,none,0.0,skewed,0.20833333333333334,0.7916666666666666,3.43177847993374,35.43177847993376,0.0,8.0
prior_stress,4,dense_contact_only,2,24,16,64,mixed,none,0.0,skewed,0.5833333333333334,0.4166666666666667,1.7287693393145818,65.72876933931458,2.0,0.0
prior_stress,4,dense_contact_only,4,24,16,64,mixed,none,0.0,skewed,0.875,0.125,0.22043175406291957,64.22043175406291,4.0,0.0
prior_stress,4,dense_contact_only,6,24,16,64,mixed,none,0.0,skewed,1.0,0.0,0.0,64.0,6.0,0.0
prior_stress,4,dense_contact_only,8,24,16,64,mixed,none,0.0,skewed,1.0,0.0,0.0,64.0,8.0,0.0
prior_stress,4,critical_cell_entropy,2,24,16,64,mixed,none,0.0,skewed,0.6666666666666666,0.3333333333333333,1.5345414250077756,65.53454142500779,2.0,0.0
prior_stress,4,critical_cell_entropy,4,24,16,64,mixed,none,0.0,skewed,0.75,0.25,0.9422391076526134,64.94223910765261,4.0,0.0
prior_stress,4,critical_cell_entropy,6,24,16,64,mixed,none,0.0,skewed,0.7916666666666666,0.20833333333333334,0.7662739357519887,64.766273935752,6.0,0.0
prior_stress,4,critical_cell_entropy,8,24,16,64,mixed,none,0.0,skewed,0.875,0.125,0.3537536226978879,64.3537536226979,8.0,0.0
prior_stress,4,contact_equivalence,2,24,16,64,mixed,none,0.0,skewed,0.75,0.25,1.2781177488579614,65.27811774885795,2.0,0.0
prior_stress,4,contact_equivalence,4,24,16,64,mixed,none,0.0,skewed,1.0,0.0,0.04130517578002682,64.04130517578002,4.0,0.0
prior_stress,4,contact_equivalence,6,24,16,64,mixed,none,0.0,skewed,1.0,0.0,0.0,64.0,6.0,0.0
prior_stress,4,contact_equivalence,8,24,16,64,mixed,none,0.0,skewed,1.0,0.0,0.0,64.0,8.0,0.0
prior_stress,4,expected_regret,2,24,16,64,mixed,none,0.0,skewed,0.5833333333333334,0.4166666666666667,1.6923027502800494,65.69230275028004,2.0,0.0
prior_stress,4,expected_regret,4,24,16,64,mixed,none,0.0,skewed,0.8333333333333334,0.16666666666666666,0.4263475453552326,64.42634754535523,4.0,0.0
prior_stress,4,expected_regret,6,24,16,64,mixed,none,0.0,skewed,1.0,0.0,0.06438456026655646,64.06438456026656,6.0,0.0
prior_stress,4,expected_regret,8,24,16,64,mixed,none,0.0,skewed,1.0,0.0,0.0,64.0,8.0,0.0
prior_stress,4,sampled_equivalence,2,24,16,64,mixed,none,0.0,skewed,0.5833333333333334,0.4166666666666667,1.4663573899528783,65.46635738995286,2.0,0.0
prior_stress,4,sampled_equivalence,4,24,16,64,mixed,none,0.0,skewed,0.9583333333333334,0.041666666666666664,0.22281120703036364,64.22281120703036,4.0,0.0
prior_stress,4,sampled_equivalence,6,24,16,64,mixed,none,0.0,skewed,1.0,0.0,0.0,64.0,6.0,0.0
prior_stress,4,sampled_equivalence,8,24,16,64,mixed,none,0.0,skewed,1.0,0.0,0.0,64.0,8.0,0.0
prior_stress,5,dense_entropy,2,24,16,64,mixed,none,0.0,skewed,0.16666666666666666,0.8333333333333334,3.43177847993374,59.43177847993373,0.0,2.0
prior_stress,5,dense_entropy,4,24,16,64,mixed,none,0.0,skewed,0.16666666666666666,0.8333333333333334,3.43177847993374,51.43177847993374,0.0,4.0
prior_stress,5,dense_entropy,6,24,16,64,mixed,none,0.0,skewed,0.16666666666666666,0.8333333333333334,3.43177847993374,43.43177847993376,0.0,6.0
prior_stress,5,dense_entropy,8,24,16,64,mixed,none,0.0,skewed,0.16666666666666666,0.8333333333333334,3.43177847993374,35.43177847993376,0.0,8.0
prior_stress,5,dense_contact_only,2,24,16,64,mixed,none,0.0,skewed,0.5,0.5,1.5735726377007497,65.57357263770075,2.0,0.0
prior_stress,5,dense_contact_only,4,24,16,64,mixed,none,0.0,skewed,0.9166666666666666,0.08333333333333333,0.3062897203222525,64.30628972032225,4.0,0.0
prior_stress,5,dense_contact_only,6,24,16,64,mixed,none,0.0,skewed,1.0,0.0,0.0,64.0,6.0,0.0
prior_stress,5,dense_contact_only,8,24,16,64,mixed,none,0.0,skewed,1.0,0.0,0.0,64.0,8.0,0.0
prior_stress,5,critical_cell_entropy,2,24,16,64,mixed,none,0.0,skewed,0.6666666666666666,0.3333333333333333,1.5345414250077756,65.53454142500779,2.0,0.0
prior_stress,5,critical_cell_entropy,4,24,16,64,mixed,none,0.0,skewed,0.875,0.125,0.9422391076526136,64.94223910765261,4.0,0.0
prior_stress,5,critical_cell_entropy,6,24,16,64,mixed,none,0.0,skewed,1.0,0.0,0.25542464525066283,64.25542464525067,6.0,0.0
prior_stress,5,critical_cell_entropy,8,24,16,64,mixed,none,0.0,skewed,1.0,0.0,0.0,64.0,8.0,0.0
prior_stress,5,contact_equivalence,2,24,16,64,mixed,none,0.0,skewed,0.75,0.25,1.3908393336805231,65.39083933368052,2.0,0.0
prior_stress,5,contact_equivalence,4,24,16,64,mixed,none,0.0,skewed,1.0,0.0,0.04024641131909295,64.0402464113191,4.0,0.0
prior_stress,5,contact_equivalence,6,24,16,64,mixed,none,0.0,skewed,1.0,0.0,0.0,64.0,6.0,0.0
prior_stress,5,contact_equivalence,8,24,16,64,mixed,none,0.0,skewed,1.0,0.0,0.0,64.0,8.0,0.0
prior_stress,5,expected_regret,2,24,16,64,mixed,none,0.0,skewed,0.625,0.375,1.608219424351689,65.6082194243517,2.0,0.0
prior_stress,5,expected_regret,4,24,16,64,mixed,none,0.0,skewed,0.875,0.125,0.42237236359080077,64.4223723635908,4.0,0.0
prior_stress,5,expected_regret,6,24,16,64,mixed,none,0.0,skewed,0.9583333333333334,0.041666666666666664,0.14554493431337043,64.14554493431338,6.0,0.0
prior_stress,5,expected_regret,8,24,16,64,mixed,none,0.0,skewed,1.0,0.0,0.0,64.0,8.0,0.0
prior_stress,5,sampled_equivalence,2,24,16,64,mixed,none,0.0,skewed,0.5833333333333334,0.4166666666666667,1.4035210606074662,65.40352106060747,2.0,0.0
prior_stress,5,sampled_equivalence,4,24,16,64,mixed,none,0.0,skewed,0.9583333333333334,0.041666666666666664,0.2858261724268148,64.28582617242682,4.0,0.0
prior_stress,5,sampled_equivalence,6,24,16,64,mixed,none,0.0,skewed,1.0,0.0,0.0,64.0,6.0,0.0
prior_stress,5,sampled_equivalence,8,24,16,64,mixed,none,0.0,skewed,1.0,0.0,0.0,64.0,8.0,0.0
prior_stress,6,dense_entropy,2,24,16,64,mixed,none,0.0,skewed,0.20833333333333334,0.7916666666666666,3.43177847993374,59.43177847993373,0.0,2.0
prior_stress,6,dense_entropy,4,24,16,64,mixed,none,0.0,skewed,0.20833333333333334,0.7916666666666666,3.43177847993374,51.43177847993374,0.0,4.0
prior_stress,6,dense_entropy,6,24,16,64,mixed,none,0.0,skewed,0.20833333333333334,0.7916666666666666,3.43177847993374,43.43177847993376,0.0,6.0
prior_stress,6,dense_entropy,8,24,16,64,mixed,none,0.0,skewed,0.20833333333333334,0.7916666666666666,3.43177847993374,35.43177847993376,0.0,8.0
prior_stress,6,dense_contact_only,2,24,16,64,mixed,none,0.0,skewed,0.75,0.25,1.352578331943957,65.35257833194396,2.0,0.0
prior_stress,6,dense_contact_only,4,24,16,64,mixed,none,0.0,skewed,1.0,0.0,0.13787203916084712,64.13787203916085,4.0,0.0
prior_stress,6,dense_contact_only,6,24,16,64,mixed,none,0.0,skewed,1.0,0.0,0.0,64.0,6.0,0.0
prior_stress,6,dense_contact_only,8,24,16,64,mixed,none,0.0,skewed,1.0,0.0,0.0,64.0,8.0,0.0
prior_stress,6,critical_cell_entropy,2,24,16,64,mixed,none,0.0,skewed,0.625,0.375,1.8135489568273713,65.81354895682738,2.0,0.0
prior_stress,6,critical_cell_entropy,4,24,16,64,mixed,none,0.0,skewed,0.8333333333333334,0.16666666666666666,0.8076335208450972,64.8076335208451,4.0,0.0
prior_stress,6,critical_cell_entropy,6,24,16,64,mixed,none,0.0,skewed,0.9583333333333334,0.041666666666666664,0.2554246452506629,64.25542464525067,6.0,0.0
prior_stress,6,critical_cell_entropy,8,24,16,64,mixed,none,0.0,skewed,0.9583333333333334,0.041666666666666664,0.1179178742326293,64.11791787423263,8.0,0.0
prior_stress,6,contact_equivalence,2,24,16,64,mixed,none,0.0,skewed,0.75,0.25,1.538941315438354,65.53894131543835,2.0,0.0
prior_stress,6,contact_equivalence,4,24,16,64,mixed,none,0.0,skewed,0.875,0.125,0.18332148245453514,64.18332148245453,4.0,0.0
prior_stress,6,contact_equivalence,6,24,16,64,mixed,none,0.0,skewed,1.0,0.0,0.0,64.0,6.0,0.0
prior_stress,6,contact_equivalence,8,24,16,64,mixed,none,0.0,skewed,1.0,0.0,0.0,64.0,8.0,0.0
prior_stress,6,expected_regret,2,24,16,64,mixed,none,0.0,skewed,0.5,0.5,2.0358548154878378,66.03585481548784,2.0,0.0
prior_stress,6,expected_regret,4,24,16,64,mixed,none,0.0,skewed,0.8333333333333334,0.16666666666666666,0.5493162856209207,64.54931628562092,4.0,0.0
prior_stress,6,expected_regret,6,24,16,64,mixed,none,0.0,skewed,0.9583333333333334,0.041666666666666664,0.1657172435237437,64.16571724352374,6.0,0.0
prior_stress,6,expected_regret,8,24,16,64,mixed,none,0.0,skewed,0.9583333333333334,0.041666666666666664,0.05328999671965188,64.05328999671964,8.0,0.0
prior_stress,6,sampled_equivalence,2,24,16,64,mixed,none,0.0,skewed,0.5,0.5,1.4688029817768828,65.46880298177688,2.0,0.0
prior_stress,6,sampled_equivalence,4,24,16,64,mixed,none,0.0,skewed,0.9583333333333334,0.041666666666666664,0.10168559421721231,64.10168559421722,4.0,0.0
prior_stress,6,sampled_equivalence,6,24,16,64,mixed,none,0.0,skewed,1.0,0.0,0.0,64.0,6.0,0.0
prior_stress,6,sampled_equivalence,8,24,16,64,mixed,none,0.0,skewed,1.0,0.0,0.0,64.0,8.0,0.0
prior_stress,7,dense_entropy,2,24,16,64,mixed,none,0.0,skewed,0.20833333333333334,0.7916666666666666,3.43177847993374,59.43177847993373,0.0,2.0
prior_stress,7,dense_entropy,4,24,16,64,mixed,none,0.0,skewed,0.20833333333333334,0.7916666666666666,3.43177847993374,51.43177847993374,0.0,4.0
prior_stress,7,dense_entropy,6,24,16,64,mixed,none,0.0,skewed,0.20833333333333334,0.7916666666666666,3.43177847993374,43.43177847993376,0.0,6.0
prior_stress,7,dense_entropy,8,24,16,64,mixed,none,0.0,skewed,0.20833333333333334,0.7916666666666666,3.43177847993374,35.43177847993376,0.0,8.0
prior_stress,7,dense_contact_only,2,24,16,64,mixed,none,0.0,skewed,0.4583333333333333,0.5416666666666666,1.3837426417669512,65.38374264176694,2.0,0.0
prior_stress,7,dense_contact_only,4,24,16,64,mixed,none,0.0,skewed,1.0,0.0,0.14431360285988,64.14431360285988,4.0,0.0
prior_stress,7,dense_contact_only,6,24,16,64,mixed,none,0.0,skewed,1.0,0.0,0.0,64.0,6.0,0.0
prior_stress,7,dense_contact_only,8,24,16,64,mixed,none,0.0,skewed,1.0,0.0,0.0,64.0,8.0,0.0
prior_stress,7,critical_cell_entropy,2,24,16,64,mixed,none,0.0,skewed,0.375,0.625,2.232060254556765,66.23206025455677,2.0,0.0
prior_stress,7,critical_cell_entropy,4,24,16,64,mixed,none,0.0,skewed,0.6666666666666666,0.3333333333333333,1.6152670416901946,65.6152670416902,4.0,0.0
prior_stress,7,critical_cell_entropy,6,24,16,64,mixed,none,0.0,skewed,0.8333333333333334,0.16666666666666666,0.6385616131266572,64.63856161312667,6.0,0.0
prior_stress,7,critical_cell_entropy,8,24,16,64,mixed,none,0.0,skewed,0.9166666666666666,0.08333333333333333,0.3537536226978879,64.35375362269788,8.0,0.0
prior_stress,7,contact_equivalence,2,24,16,64,mixed,none,0.0,skewed,0.7916666666666666,0.20833333333333334,1.0479655913851438,65.04796559138514,2.0,0.0
prior_stress,7,contact_equivalence,4,24,16,64,mixed,none,0.0,skewed,0.9583333333333334,0.041666666666666664,0.07661269845260248,64.0766126984526,4.0,0.0
prior_stress,7,contact_equivalence,6,24,16,64,mixed,none,0.0,skewed,1.0,0.0,0.0,64.0,6.0,0.0
prior_stress,7,contact_equivalence,8,24,16,64,mixed,none,0.0,skewed,1.0,0.0,0.0,64.0,8.0,0.0
prior_stress,7,expected_regret,2,24,16,64,mixed,none,0.0,skewed,0.7083333333333334,0.2916666666666667,1.4599103000992832,65.45991030009928,2.0,0.0
prior_stress,7,expected_regret,4,24,16,64,mixed,none,0.0,skewed,0.8333333333333334,0.16666666666666666,0.5291659210657783,64.52916592106578,4.0,0.0
prior_stress,7,expected_regret,6,24,16,64,mixed,none,0.0,skewed,0.9583333333333334,0.041666666666666664,0.17042809150416072,64.17042809150416,6.0,0.0
prior_stress,7,expected_regret,8,24,16,64,mixed,none,0.0,skewed,1.0,0.0,0.0,64.0,8.0,0.0
prior_stress,7,sampled_equivalence,2,24,16,64,mixed,none,0.0,skewed,0.5,0.5,1.594812936591745,65.59481293659175,2.0,0.0
prior_stress,7,sampled_equivalence,4,24,16,64,mixed,none,0.0,skewed,0.875,0.125,0.45025808065136935,64.45025808065137,4.0,0.0
prior_stress,7,sampled_equivalence,6,24,16,64,mixed,none,0.0,skewed,0.9583333333333334,0.041666666666666664,0.06369016249407415,64.06369016249407,6.0,0.0
prior_stress,7,sampled_equivalence,8,24,16,64,mixed,none,0.0,skewed,1.0,0.0,0.0,64.0,8.0,0.0
prior_stress,8,dense_entropy,2,24,16,64,mixed,none,0.0,skewed,0.2916666666666667,0.7083333333333334,3.43177847993374,59.43177847993373,0.0,2.0
prior_stress,8,dense_entropy,4,24,16,64,mixed,none,0.0,skewed,0.2916666666666667,0.7083333333333334,3.43177847993374,51.43177847993374,0.0,4.0
prior_stress,8,dense_entropy,6,24,16,64,mixed,none,0.0,skewed,0.2916666666666667,0.7083333333333334,3.43177847993374,43.43177847993376,0.0,6.0
prior_stress,8,dense_entropy,8,24,16,64,mixed,none,0.0,skewed,0.2916666666666667,0.7083333333333334,3.43177847993374,35.43177847993376,0.0,8.0
prior_stress,8,dense_contact_only,2,24,16,64,mixed,none,0.0,skewed,0.5,0.5,1.4706839745117533,65.47068397451174,2.0,0.0
prior_stress,8,dense_contact_only,4,24,16,64,mixed,none,0.0,skewed,0.9583333333333334,0.041666666666666664,0.3356516890261961,64.3356516890262,4.0,0.0
prior_stress,8,dense_contact_only,6,24,16,64,mixed,none,0.0,skewed,1.0,0.0,0.0,64.0,6.0,0.0
prior_stress,8,dense_contact_only,8,24,16,64,mixed,none,0.0,skewed,1.0,0.0,0.0,64.0,8.0,0.0
prior_stress,8,critical_cell_entropy,2,24,16,64,mixed,none,0.0,skewed,0.5833333333333334,0.4166666666666667,1.6740451909175735,65.67404519091758,2.0,0.0
prior_stress,8,critical_cell_entropy,4,24,16,64,mixed,none,0.0,skewed,0.7916666666666666,0.20833333333333334,0.9422391076526134,64.94223910765263,4.0,0.0
prior_stress,8,critical_cell_entropy,6,24,16,64,mixed,none,0.0,skewed,0.8333333333333334,0.16666666666666666,0.5108492905013257,64.51084929050133,6.0,0.0
prior_stress,8,critical_cell_entropy,8,24,16,64,mixed,none,0.0,skewed,0.8333333333333334,0.16666666666666666,0.4716714969305172,64.47167149693053,8.0,0.0
prior_stress,8,contact_equivalence,2,24,16,64,mixed,none,0.0,skewed,0.7916666666666666,0.20833333333333334,1.116681947649987,65.11668194764998,2.0,0.0
prior_stress,8,contact_equivalence,4,24,16,64,mixed,none,0.0,skewed,0.9583333333333334,0.041666666666666664,0.07015235407114756,64.07015235407114,4.0,0.0
prior_stress,8,contact_equivalence,6,24,16,64,mixed,none,0.0,skewed,1.0,0.0,0.0,64.0,6.0,0.0
prior_stress,8,contact_equivalence,8,24,16,64,mixed,none,0.0,skewed,1.0,0.0,0.0,64.0,8.0,0.0
prior_stress,8,expected_regret,2,24,16,64,mixed,none,0.0,skewed,0.375,0.625,1.9602853545783734,65.96028535457837,2.0,0.0
prior_stress,8,expected_regret,4,24,16,64,mixed,none,0.0,skewed,0.7916666666666666,0.20833333333333334,0.8550089298625339,64.85500892986252,4.0,0.0
prior_stress,8,expected_regret,6,24,16,64,mixed,none,0.0,skewed,0.9583333333333334,0.041666666666666664,0.1716779583757756,64.17167795837578,6.0,0.0
prior_stress,8,expected_regret,8,24,16,64,mixed,none,0.0,skewed,1.0,0.0,0.0,64.0,8.0,0.0
prior_stress,8,sampled_equivalence,2,24,16,64,mixed,none,0.0,skewed,0.4166666666666667,0.5833333333333334,1.7995125465189394,65.79951254651894,2.0,0.0
prior_stress,8,sampled_equivalence,4,24,16,64,mixed,none,0.0,skewed,0.9583333333333334,0.041666666666666664,0.39247693636966985,64.39247693636968,4.0,0.0
prior_stress,8,sampled_equivalence,6,24,16,64,mixed,none,0.0,skewed,1.0,0.0,0.0,64.0,6.0,0.0
prior_stress,8,sampled_equivalence,8,24,16,64,mixed,none,0.0,skewed,1.0,0.0,0.0,64.0,8.0,0.0
prior_stress,9,dense_entropy,2,24,16,64,mixed,none,0.0,skewed,0.20833333333333334,0.7916666666666666,3.43177847993374,59.43177847993373,0.0,2.0
prior_stress,9,dense_entropy,4,24,16,64,mixed,none,0.0,skewed,0.20833333333333334,0.7916666666666666,3.43177847993374,51.43177847993374,0.0,4.0
prior_stress,9,dense_entropy,6,24,16,64,mixed,none,0.0,skewed,0.20833333333333334,0.7916666666666666,3.43177847993374,43.43177847993376,0.0,6.0
prior_stress,9,dense_entropy,8,24,16,64,mixed,none,0.0,skewed,0.20833333333333334,0.7916666666666666,3.43177847993374,35.43177847993376,0.0,8.0
prior_stress,9,dense_contact_only,2,24,16,64,mixed,none,0.0,skewed,0.625,0.375,1.3370107919243017,65.3370107919243,2.0,0.0
prior_stress,9,dense_contact_only,4,24,16,64,mixed,none,0.0,skewed,1.0,0.0,0.23430602666008113,64.23430602666008,4.0,0.0
prior_stress,9,dense_contact_only,6,24,16,64,mixed,none,0.0,skewed,1.0,0.0,0.0,64.0,6.0,0.0
prior_stress,9,dense_contact_only,8,24,16,64,mixed,none,0.0,skewed,1.0,0.0,0.0,64.0,8.0,0.0
prior_stress,9,critical_cell_entropy,2,24,16,64,mixed,none,0.0,skewed,0.5,0.5,1.9530527227371692,65.95305272273717,2.0,0.0
prior_stress,9,critical_cell_entropy,4,24,16,64,mixed,none,0.0,skewed,0.7083333333333334,0.2916666666666667,0.9422391076526134,64.94223910765261,4.0,0.0
prior_stress,9,critical_cell_entropy,6,24,16,64,mixed,none,0.0,skewed,0.7916666666666666,0.20833333333333334,0.7662739357519887,64.766273935752,6.0,0.0
prior_stress,9,critical_cell_entropy,8,24,16,64,mixed,none,0.0,skewed,0.9166666666666666,0.08333333333333333,0.3537536226978879,64.35375362269788,8.0,0.0
prior_stress,9,contact_equivalence,2,24,16,64,mixed,none,0.0,skewed,0.6666666666666666,0.3333333333333333,1.4443710318233725,65.44437103182338,2.0,0.0
prior_stress,9,contact_equivalence,4,24,16,64,mixed,none,0.0,skewed,0.9166666666666666,0.08333333333333333,0.19153537571045534,64.19153537571046,4.0,0.0
prior_stress,9,contact_equivalence,6,24,16,64,mixed,none,0.0,skewed,0.9583333333333334,0.041666666666666664,0.04130517578002682,64.04130517578002,6.0,0.0
prior_stress,9,contact_equivalence,8,24,16,64,mixed,none,0.0,skewed,1.0,0.0,0.0,64.0,8.0,0.0
prior_stress,9,expected_regret,2,24,16,64,mixed,none,0.0,skewed,0.4583333333333333,0.5416666666666666,1.8148576367008653,65.81485763670088,2.0,0.0
prior_stress,9,expected_regret,4,24,16,64,mixed,none,0.0,skewed,0.7916666666666666,0.20833333333333334,0.7432920912709737,64.74329209127097,4.0,0.0
prior_stress,9,expected_regret,6,24,16,64,mixed,none,0.0,skewed,1.0,0.0,0.074032478256731,64.07403247825673,6.0,0.0
prior_stress,9,expected_regret,8,24,16,64,mixed,none,0.0,skewed,1.0,0.0,0.0,64.0,8.0,0.0
prior_stress,9,sampled_equivalence,2,24,16,64,mixed,none,0.0,skewed,0.5,0.5,1.4804607541228876,65.48046075412289,2.0,0.0
prior_stress,9,sampled_equivalence,4,24,16,64,mixed,none,0.0,skewed,0.9166666666666666,0.08333333333333333,0.2412247203846152,64.24122472038461,4.0,0.0
prior_stress,9,sampled_equivalence,6,24,16,64,mixed,none,0.0,skewed,1.0,0.0,0.0,64.0,6.0,0.0
prior_stress,9,sampled_equivalence,8,24,16,64,mixed,none,0.0,skewed,1.0,0.0,0.0,64.0,8.0,0.0
prior_stress,0,dense_entropy,2,24,16,64,mixed,none,0.0,bimodal,0.125,0.875,3.758194152967462,59.75819415296746,0.0,2.0
prior_stress,0,dense_entropy,4,24,16,64,mixed,none,0.0,bimodal,0.20833333333333334,0.7916666666666666,3.758194152967462,51.75819415296746,0.0,4.0
prior_stress,0,dense_entropy,6,24,16,64,mixed,none,0.0,bimodal,0.25,0.75,3.758194152967462,43.75819415296746,0.0,6.0
prior_stress,0,dense_entropy,8,24,16,64,mixed,none,0.0,bimodal,0.20833333333333334,0.7916666666666666,3.758194152967462,35.75819415296746,0.0,8.0
prior_stress,0,dense_contact_only,2,24,16,64,mixed,none,0.0,bimodal,0.4583333333333333,0.5416666666666666,1.7585524770244918,65.75855247702451,2.0,0.0
prior_stress,0,dense_contact_only,4,24,16,64,mixed,none,0.0,bimodal,0.9166666666666666,0.08333333333333333,0.2249121808123398,64.22491218081235,4.0,0.0
prior_stress,0,dense_contact_only,6,24,16,64,mixed,none,0.0,bimodal,1.0,0.0,0.0,64.0,6.0,0.0
prior_stress,0,dense_contact_only,8,24,16,64,mixed,none,0.0,bimodal,1.0,0.0,0.0,64.0,8.0,0.0
prior_stress,0,critical_cell_entropy,2,24,16,64,mixed,none,0.0,bimodal,0.4583333333333333,0.5416666666666666,2.5902564683057943,66.59025646830578,2.0,0.0
prior_stress,0,critical_cell_entropy,4,24,16,64,mixed,none,0.0,bimodal,0.75,0.25,1.293145340107259,65.29314534010726,4.0,0.0
prior_stress,0,critical_cell_entropy,6,24,16,64,mixed,none,0.0,bimodal,0.8333333333333334,0.16666666666666666,0.5413031619253175,64.54130316192531,6.0,0.0
prior_stress,0,critical_cell_entropy,8,24,16,64,mixed,none,0.0,bimodal,0.875,0.125,0.36665900433207116,64.36665900433206,8.0,0.0
prior_stress,0,contact_equivalence,2,24,16,64,mixed,none,0.0,bimodal,0.375,0.625,1.6315109717643874,65.63151097176441,2.0,0.0
prior_stress,0,contact_equivalence,4,24,16,64,mixed,none,0.0,bimodal,0.9166666666666666,0.08333333333333333,0.16535049037090402,64.1653504903709,4.0,0.0
prior_stress,0,contact_equivalence,6,24,16,64,mixed,none,0.0,bimodal,1.0,0.0,0.0,64.0,6.0,0.0
prior_stress,0,contact_equivalence,8,24,16,64,mixed,none,0.0,bimodal,1.0,0.0,0.0,64.0,8.0,0.0
prior_stress,0,expected_regret,2,24,16,64,mixed,none,0.0,bimodal,0.375,0.625,1.7748133841417733,65.77481338414178,2.0,0.0
prior_stress,0,expected_regret,4,24,16,64,mixed,none,0.0,bimodal,0.7916666666666666,0.20833333333333334,0.5351794944502364,64.53517949445023,4.0,0.0
prior_stress,0,expected_regret,6,24,16,64,mixed,none,0.0,bimodal,1.0,0.0,0.0,64.0,6.0,0.0
prior_stress,0,expected_regret,8,24,16,64,mixed,none,0.0,bimodal,1.0,0.0,0.0,64.0,8.0,0.0
prior_stress,0,sampled_equivalence,2,24,16,64,mixed,none,0.0,bimodal,0.4166666666666667,0.5833333333333334,1.8951524687329657,65.89515246873297,2.0,0.0
prior_stress,0,sampled_equivalence,4,24,16,64,mixed,none,0.0,bimodal,0.75,0.25,0.39067921858793864,64.39067921858795,4.0,0.0
prior_stress,0,sampled_equivalence,6,24,16,64,mixed,none,0.0,bimodal,1.0,0.0,0.0,64.0,6.0,0.0
prior_stress,0,sampled_equivalence,8,24,16,64,mixed,none,0.0,bimodal,1.0,0.0,0.0,64.0,8.0,0.0
prior_stress,1,dense_entropy,2,24,16,64,mixed,none,0.0,bimodal,0.20833333333333334,0.7916666666666666,3.758194152967462,59.75819415296746,0.0,2.0
prior_stress,1,dense_entropy,4,24,16,64,mixed,none,0.0,bimodal,0.16666666666666666,0.8333333333333334,3.758194152967462,51.75819415296746,0.0,4.0
prior_stress,1,dense_entropy,6,24,16,64,mixed,none,0.0,bimodal,0.08333333333333333,0.9166666666666666,3.758194152967462,43.75819415296746,0.0,6.0
prior_stress,1,dense_entropy,8,24,16,64,mixed,none,0.0,bimodal,0.125,0.875,3.758194152967462,35.75819415296746,0.0,8.0
prior_stress,1,dense_contact_only,2,24,16,64,mixed,none,0.0,bimodal,0.5416666666666666,0.4583333333333333,1.695122108945819,65.69512210894582,2.0,0.0
prior_stress,1,dense_contact_only,4,24,16,64,mixed,none,0.0,bimodal,0.9166666666666666,0.08333333333333333,0.23032135960383734,64.23032135960382,4.0,0.0
prior_stress,1,dense_contact_only,6,24,16,64,mixed,none,0.0,bimodal,1.0,0.0,0.0,64.0,6.0,0.0
prior_stress,1,dense_contact_only,8,24,16,64,mixed,none,0.0,bimodal,1.0,0.0,0.0,64.0,8.0,0.0
prior_stress,1,critical_cell_entropy,2,24,16,64,mixed,none,0.0,bimodal,0.4166666666666667,0.5833333333333334,2.894992523400593,66.89499252340057,2.0,0.0
prior_stress,1,critical_cell_entropy,4,24,16,64,mixed,none,0.0,bimodal,0.5416666666666666,0.4583333333333333,1.7241937868096786,65.72419378680968,4.0,0.0
prior_stress,1,critical_cell_entropy,6,24,16,64,mixed,none,0.0,bimodal,0.7083333333333334,0.2916666666666667,1.082606323850635,65.08260632385063,6.0,0.0
prior_stress,1,critical_cell_entropy,8,24,16,64,mixed,none,0.0,bimodal,0.8333333333333334,0.16666666666666666,0.7333180086641421,64.73331800866414,8.0,0.0
prior_stress,1,contact_equivalence,2,24,16,64,mixed,none,0.0,bimodal,0.375,0.625,1.5754355807962739,65.57543558079628,2.0,0.0
prior_stress,1,contact_equivalence,4,24,16,64,mixed,none,0.0,bimodal,1.0,0.0,0.12249852590111832,64.12249852590112,4.0,0.0
prior_stress,1,contact_equivalence,6,24,16,64,mixed,none,0.0,bimodal,1.0,0.0,0.0,64.0,6.0,0.0
prior_stress,1,contact_equivalence,8,24,16,64,mixed,none,0.0,bimodal,1.0,0.0,0.0,64.0,8.0,0.0
prior_stress,1,expected_regret,2,24,16,64,mixed,none,0.0,bimodal,0.5,0.5,2.2337641420756547,66.23376414207566,2.0,0.0
prior_stress,1,expected_regret,4,24,16,64,mixed,none,0.0,bimodal,0.7916666666666666,0.20833333333333334,0.8612015719234355,64.86120157192342,4.0,0.0
prior_stress,1,expected_regret,6,24,16,64,mixed,none,0.0,bimodal,1.0,0.0,0.0,64.0,6.0,0.0
prior_stress,1,expected_regret,8,24,16,64,mixed,none,0.0,bimodal,1.0,0.0,0.0,64.0,8.0,0.0
prior_stress,1,sampled_equivalence,2,24,16,64,mixed,none,0.0,bimodal,0.5,0.5,1.6738161580552433,65.67381615805525,2.0,0.0
prior_stress,1,sampled_equivalence,4,24,16,64,mixed,none,0.0,bimodal,0.9166666666666666,0.08333333333333333,0.12915061250380402,64.1291506125038,4.0,0.0
prior_stress,1,sampled_equivalence,6,24,16,64,mixed,none,0.0,bimodal,1.0,0.0,0.0,64.0,6.0,0.0
prior_stress,1,sampled_equivalence,8,24,16,64,mixed,none,0.0,bimodal,1.0,0.0,0.0,64.0,8.0,0.0
prior_stress,2,dense_entropy,2,24,16,64,mixed,none,0.0,bimodal,0.20833333333333334,0.7916666666666666,3.758194152967462,59.75819415296746,0.0,2.0
prior_stress,2,dense_entropy,4,24,16,64,mixed,none,0.0,bimodal,0.20833333333333334,0.7916666666666666,3.758194152967462,51.75819415296746,0.0,4.0
prior_stress,2,dense_entropy,6,24,16,64,mixed,none,0.0,bimodal,0.20833333333333334,0.7916666666666666,3.758194152967462,43.75819415296746,0.0,6.0
prior_stress,2,dense_entropy,8,24,16,64,mixed,none,0.0,bimodal,0.08333333333333333,0.9166666666666666,3.758194152967462,35.75819415296746,0.0,8.0
prior_stress,2,dense_contact_only,2,24,16,64,mixed,none,0.0,bimodal,0.5416666666666666,0.4583333333333333,1.57782698346554,65.57782698346554,2.0,0.0
prior_stress,2,dense_contact_only,4,24,16,64,mixed,none,0.0,bimodal,0.9583333333333334,0.041666666666666664,0.22694621458559053,64.2269462145856,4.0,0.0
prior_stress,2,dense_contact_only,6,24,16,64,mixed,none,0.0,bimodal,1.0,0.0,0.0,64.0,6.0,0.0
prior_stress,2,dense_contact_only,8,24,16,64,mixed,none,0.0,bimodal,1.0,0.0,0.0,64.0,8.0,0.0
prior_stress,2,critical_cell_entropy,2,24,16,64,mixed,none,0.0,bimodal,0.2916666666666667,0.7083333333333334,2.5902564683057943,66.59025646830578,2.0,0.0
prior_stress,2,critical_cell_entropy,4,24,16,64,mixed,none,0.0,bimodal,0.4583333333333333,0.5416666666666666,2.1552422335120984,66.1552422335121,4.0,0.0
prior_stress,2,critical_cell_entropy,6,24,16,64,mixed,none,0.0,bimodal,0.5416666666666666,0.4583333333333333,1.4885836952946232,65.48858369529461,6.0,0.0
prior_stress,2,critical_cell_entropy,8,24,16,64,mixed,none,0.0,bimodal,0.625,0.375,1.0999770129962132,65.0999770129962,8.0,0.0
prior_stress,2,contact_equivalence,2,24,16,64,mixed,none,0.0,bimodal,0.4166666666666667,0.5833333333333334,1.7002664524898723,65.70026645248988,2.0,0.0
prior_stress,2,contact_equivalence,4,24,16,64,mixed,none,0.0,bimodal,0.8333333333333334,0.16666666666666666,0.301831785942167,64.30183178594217,4.0,0.0
prior_stress,2,contact_equivalence,6,24,16,64,mixed,none,0.0,bimodal,1.0,0.0,0.0,64.0,6.0,0.0
prior_stress,2,contact_equivalence,8,24,16,64,mixed,none,0.0,bimodal,1.0,0.0,0.0,64.0,8.0,0.0
prior_stress,2,expected_regret,2,24,16,64,mixed,none,0.0,bimodal,0.4166666666666667,0.5833333333333334,1.9178793584586902,65.91787935845869,2.0,0.0
prior_stress,2,expected_regret,4,24,16,64,mixed,none,0.0,bimodal,0.8333333333333334,0.16666666666666666,0.5074620442212622,64.50746204422124,4.0,0.0
prior_stress,2,expected_regret,6,24,16,64,mixed,none,0.0,bimodal,1.0,0.0,0.0,64.0,6.0,0.0
prior_stress,2,expected_regret,8,24,16,64,mixed,none,0.0,bimodal,1.0,0.0,0.0,64.0,8.0,0.0
prior_stress,2,sampled_equivalence,2,24,16,64,mixed,none,0.0,bimodal,0.4166666666666667,0.5833333333333334,1.8123006543335736,65.81230065433358,2.0,0.0
prior_stress,2,sampled_equivalence,4,24,16,64,mixed,none,0.0,bimodal,0.8333333333333334,0.16666666666666666,0.3676290201799346,64.36762902017993,4.0,0.0
prior_stress,2,sampled_equivalence,6,24,16,64,mixed,none,0.0,bimodal,1.0,0.0,0.0,64.0,6.0,0.0
prior_stress,2,sampled_equivalence,8,24,16,64,mixed,none,0.0,bimodal,1.0,0.0,0.0,64.0,8.0,0.0
prior_stress,3,dense_entropy,2,24,16,64,mixed,none,0.0,bimodal,0.0,1.0,3.758194152967462,59.75819415296746,0.0,2.0
prior_stress,3,dense_entropy,4,24,16,64,mixed,none,0.0,bimodal,0.041666666666666664,0.9583333333333334,3.758194152967462,51.75819415296746,0.0,4.0
prior_stress,3,dense_entropy,6,24,16,64,mixed,none,0.0,bimodal,0.08333333333333333,0.9166666666666666,3.758194152967462,43.75819415296746,0.0,6.0
prior_stress,3,dense_entropy,8,24,16,64,mixed,none,0.0,bimodal,0.041666666666666664,0.9583333333333334,3.758194152967462,35.75819415296746,0.0,8.0
prior_stress,3,dense_contact_only,2,24,16,64,mixed,none,0.0,bimodal,0.5,0.5,1.7613054178992773,65.7613054178993,2.0,0.0
prior_stress,3,dense_contact_only,4,24,16,64,mixed,none,0.0,bimodal,0.9583333333333334,0.041666666666666664,0.14392450813601118,64.14392450813601,4.0,0.0
prior_stress,3,dense_contact_only,6,24,16,64,mixed,none,0.0,bimodal,1.0,0.0,0.0,64.0,6.0,0.0
prior_stress,3,dense_contact_only,8,24,16,64,mixed,none,0.0,bimodal,1.0,0.0,0.0,64.0,8.0,0.0
prior_stress,3,critical_cell_entropy,2,24,16,64,mixed,none,0.0,bimodal,0.4166666666666667,0.5833333333333334,2.742624495853194,66.74262449585318,2.0,0.0
prior_stress,3,critical_cell_entropy,4,24,16,64,mixed,none,0.0,bimodal,0.625,0.375,1.7241937868096786,65.72419378680968,4.0,0.0
prior_stress,3,critical_cell_entropy,6,24,16,64,mixed,none,0.0,bimodal,0.625,0.375,1.2179321143319644,65.21793211433196,6.0,0.0
prior_stress,3,critical_cell_entropy,8,24,16,64,mixed,none,0.0,bimodal,0.7916666666666666,0.20833333333333334,0.7333180086641421,64.73331800866414,8.0,0.0
prior_stress,3,contact_equivalence,2,24,16,64,mixed,none,0.0,bimodal,0.5833333333333334,0.4166666666666667,1.5111013672038007,65.5111013672038,2.0,0.0
prior_stress,3,contact_equivalence,4,24,16,64,mixed,none,0.0,bimodal,0.9583333333333334,0.041666666666666664,0.10444768868447224,64.10444768868446,4.0,0.0
prior_stress,3,contact_equivalence,6,24,16,64,mixed,none,0.0,bimodal,1.0,0.0,0.0,64.0,6.0,0.0
prior_stress,3,contact_equivalence,8,24,16,64,mixed,none,0.0,bimodal,1.0,0.0,0.0,64.0,8.0,0.0
prior_stress,3,expected_regret,2,24,16,64,mixed,none,0.0,bimodal,0.5416666666666666,0.4583333333333333,1.930921764248568,65.93092176424857,2.0,0.0
prior_stress,3,expected_regret,4,24,16,64,mixed,none,0.0,bimodal,0.875,0.125,0.5228935424425937,64.52289354244259,4.0,0.0
prior_stress,3,expected_regret,6,24,16,64,mixed,none,0.0,bimodal,1.0,0.0,0.0,64.0,6.0,0.0
prior_stress,3,expected_regret,8,24,16,64,mixed,none,0.0,bimodal,1.0,0.0,0.0,64.0,8.0,0.0
prior_stress,3,sampled_equivalence,2,24,16,64,mixed,none,0.0,bimodal,0.4166666666666667,0.5833333333333334,1.974775831915318,65.97477583191532,2.0,0.0
prior_stress,3,sampled_equivalence,4,24,16,64,mixed,none,0.0,bimodal,0.875,0.125,0.215583585200223,64.21558358520022,4.0,0.0
prior_stress,3,sampled_equivalence,6,24,16,64,mixed,none,0.0,bimodal,1.0,0.0,0.0,64.0,6.0,0.0
prior_stress,3,sampled_equivalence,8,24,16,64,mixed,none,0.0,bimodal,1.0,0.0,0.0,64.0,8.0,0.0
prior_stress,4,dense_entropy,2,24,16,64,mixed,none,0.0,bimodal,0.25,0.75,3.758194152967462,59.75819415296746,0.0,2.0
prior_stress,4,dense_entropy,4,24,16,64,mixed,none,0.0,bimodal,0.125,0.875,3.758194152967462,51.75819415296746,0.0,4.0
prior_stress,4,dense_entropy,6,24,16,64,mixed,none,0.0,bimodal,0.25,0.75,3.758194152967462,43.75819415296746,0.0,6.0
prior_stress,4,dense_entropy,8,24,16,64,mixed,none,0.0,bimodal,0.08333333333333333,0.9166666666666666,3.758194152967462,35.75819415296746,0.0,8.0
prior_stress,4,dense_contact_only,2,24,16,64,mixed,none,0.0,bimodal,0.5,0.5,1.817380808867391,65.81738080886737,2.0,0.0
prior_stress,4,dense_contact_only,4,24,16,64,mixed,none,0.0,bimodal,0.875,0.125,0.2504062305937342,64.25040623059373,4.0,0.0
prior_stress,4,dense_contact_only,6,24,16,64,mixed,none,0.0,bimodal,1.0,0.0,0.0,64.0,6.0,0.0
prior_stress,4,dense_contact_only,8,24,16,64,mixed,none,0.0,bimodal,1.0,0.0,0.0,64.0,8.0,0.0
prior_stress,4,critical_cell_entropy,2,24,16,64,mixed,none,0.0,bimodal,0.25,0.75,2.894992523400593,66.89499252340057,2.0,0.0
prior_stress,4,critical_cell_entropy,4,24,16,64,mixed,none,0.0,bimodal,0.375,0.625,2.2989250490795716,66.29892504907957,4.0,0.0
prior_stress,4,critical_cell_entropy,6,24,16,64,mixed,none,0.0,bimodal,0.5,0.5,1.8945610667386117,65.89456106673859,6.0,0.0
prior_stress,4,critical_cell_entropy,8,24,16,64,mixed,none,0.0,bimodal,0.7083333333333334,0.2916666666666667,1.4666360173282842,65.46663601732827,8.0,0.0
prior_stress,4,contact_equivalence,2,24,16,64,mixed,none,0.0,bimodal,0.5,0.5,1.5142158462841078,65.51421584628412,2.0,0.0
prior_stress,4,contact_equivalence,4,24,16,64,mixed,none,0.0,bimodal,0.9583333333333334,0.041666666666666664,0.03947681945153894,64.03947681945154,4.0,0.0
prior_stress,4,contact_equivalence,6,24,16,64,mixed,none,0.0,bimodal,1.0,0.0,0.0,64.0,6.0,0.0
prior_stress,4,contact_equivalence,8,24,16,64,mixed,none,0.0,bimodal,1.0,0.0,0.0,64.0,8.0,0.0
prior_stress,4,expected_regret,2,24,16,64,mixed,none,0.0,bimodal,0.625,0.375,1.628996392272325,65.62899639227233,2.0,0.0
prior_stress,4,expected_regret,4,24,16,64,mixed,none,0.0,bimodal,0.9583333333333334,0.041666666666666664,0.37831143171745824,64.37831143171745,4.0,0.0
prior_stress,4,expected_regret,6,24,16,64,mixed,none,0.0,bimodal,1.0,0.0,0.0,64.0,6.0,0.0
prior_stress,4,expected_regret,8,24,16,64,mixed,none,0.0,bimodal,1.0,0.0,0.0,64.0,8.0,0.0
prior_stress,4,sampled_equivalence,2,24,16,64,mixed,none,0.0,bimodal,0.5,0.5,1.9043450570608158,65.90434505706084,2.0,0.0
prior_stress,4,sampled_equivalence,4,24,16,64,mixed,none,0.0,bimodal,0.9583333333333334,0.041666666666666664,0.32637297509254887,64.32637297509255,4.0,0.0
prior_stress,4,sampled_equivalence,6,24,16,64,mixed,none,0.0,bimodal,1.0,0.0,0.0,64.0,6.0,0.0
prior_stress,4,sampled_equivalence,8,24,16,64,mixed,none,0.0,bimodal,1.0,0.0,0.0,64.0,8.0,0.0
prior_stress,5,dense_entropy,2,24,16,64,mixed,none,0.0,bimodal,0.125,0.875,3.758194152967462,59.75819415296746,0.0,2.0
prior_stress,5,dense_entropy,4,24,16,64,mixed,none,0.0,bimodal,0.08333333333333333,0.9166666666666666,3.758194152967462,51.75819415296746,0.0,4.0
prior_stress,5,dense_entropy,6,24,16,64,mixed,none,0.0,bimodal,0.041666666666666664,0.9583333333333334,3.758194152967462,43.75819415296746,0.0,6.0
prior_stress,5,dense_entropy,8,24,16,64,mixed,none,0.0,bimodal,0.20833333333333334,0.7916666666666666,3.758194152967462,35.75819415296746,0.0,8.0
prior_stress,5,dense_contact_only,2,24,16,64,mixed,none,0.0,bimodal,0.4166666666666667,0.5833333333333334,1.8223443833086836,65.82234438330867,2.0,0.0
prior_stress,5,dense_contact_only,4,24,16,64,mixed,none,0.0,bimodal,0.875,0.125,0.2912241612902691,64.29122416129027,4.0,0.0
prior_stress,5,dense_contact_only,6,24,16,64,mixed,none,0.0,bimodal,1.0,0.0,0.0,64.0,6.0,0.0
prior_stress,5,dense_contact_only,8,24,16,64,mixed,none,0.0,bimodal,1.0,0.0,0.0,64.0,8.0,0.0
prior_stress,5,critical_cell_entropy,2,24,16,64,mixed,none,0.0,bimodal,0.375,0.625,2.742624495853194,66.74262449585318,2.0,0.0
prior_stress,5,critical_cell_entropy,4,24,16,64,mixed,none,0.0,bimodal,0.5416666666666666,0.4583333333333333,1.8678766023771518,65.86787660237715,4.0,0.0
prior_stress,5,critical_cell_entropy,6,24,16,64,mixed,none,0.0,bimodal,0.625,0.375,1.2179321143319644,65.21793211433196,6.0,0.0
prior_stress,5,critical_cell_entropy,8,24,16,64,mixed,none,0.0,bimodal,0.7916666666666666,0.20833333333333334,0.9777573448855228,64.97775734488552,8.0,0.0
prior_stress,5,contact_equivalence,2,24,16,64,mixed,none,0.0,bimodal,0.5416666666666666,0.4583333333333333,1.6366553153084398,65.63665531530846,2.0,0.0
prior_stress,5,contact_equivalence,4,24,16,64,mixed,none,0.0,bimodal,0.9583333333333334,0.041666666666666664,0.1024136549112215,64.10241365491122,4.0,0.0
prior_stress,5,contact_equivalence,6,24,16,64,mixed,none,0.0,bimodal,1.0,0.0,0.0,64.0,6.0,0.0
prior_stress,5,contact_equivalence,8,24,16,64,mixed,none,0.0,bimodal,1.0,0.0,0.0,64.0,8.0,0.0
prior_stress,5,expected_regret,2,24,16,64,mixed,none,0.0,bimodal,0.5,0.5,1.8745423735578057,65.87454237355782,2.0,0.0
prior_stress,5,expected_regret,4,24,16,64,mixed,none,0.0,bimodal,0.75,0.25,0.6920475571830145,64.692047557183,4.0,0.0
prior_stress,5,expected_regret,6,24,16,64,mixed,none,0.0,bimodal,1.0,0.0,0.0,64.0,6.0,0.0
prior_stress,5,expected_regret,8,24,16,64,mixed,none,0.0,bimodal,1.0,0.0,0.0,64.0,8.0,0.0
prior_stress,5,sampled_equivalence,2,24,16,64,mixed,none,0.0,bimodal,0.2916666666666667,0.7083333333333334,1.710824916411718,65.71082491641171,2.0,0.0
prior_stress,5,sampled_equivalence,4,24,16,64,mixed,none,0.0,bimodal,0.9166666666666666,0.08333333333333333,0.283890247156523,64.28389024715652,4.0,0.0
prior_stress,5,sampled_equivalence,6,24,16,64,mixed,none,0.0,bimodal,1.0,0.0,0.0,64.0,6.0,0.0
prior_stress,5,sampled_equivalence,8,24,16,64,mixed,none,0.0,bimodal,1.0,0.0,0.0,64.0,8.0,0.0
prior_stress,6,dense_entropy,2,24,16,64,mixed,none,0.0,bimodal,0.20833333333333334,0.7916666666666666,3.758194152967462,59.75819415296746,0.0,2.0
prior_stress,6,dense_entropy,4,24,16,64,mixed,none,0.0,bimodal,0.25,0.75,3.758194152967462,51.75819415296746,0.0,4.0
prior_stress,6,dense_entropy,6,24,16,64,mixed,none,0.0,bimodal,0.16666666666666666,0.8333333333333334,3.758194152967462,43.75819415296746,0.0,6.0
prior_stress,6,dense_entropy,8,24,16,64,mixed,none,0.0,bimodal,0.16666666666666666,0.8333333333333334,3.758194152967462,35.75819415296746,0.0,8.0
prior_stress,6,dense_contact_only,2,24,16,64,mixed,none,0.0,bimodal,0.625,0.375,1.8809919460488231,65.88099194604884,2.0,0.0
prior_stress,6,dense_contact_only,4,24,16,64,mixed,none,0.0,bimodal,0.875,0.125,0.26979817905537623,64.26979817905537,4.0,0.0
prior_stress,6,dense_contact_only,6,24,16,64,mixed,none,0.0,bimodal,1.0,0.0,0.0,64.0,6.0,0.0
prior_stress,6,dense_contact_only,8,24,16,64,mixed,none,0.0,bimodal,1.0,0.0,0.0,64.0,8.0,0.0
prior_stress,6,critical_cell_entropy,2,24,16,64,mixed,none,0.0,bimodal,0.375,0.625,2.5902564683057943,66.5902564683058,2.0,0.0
prior_stress,6,critical_cell_entropy,4,24,16,64,mixed,none,0.0,bimodal,0.5833333333333334,0.4166666666666667,1.8678766023771518,65.86787660237715,4.0,0.0
prior_stress,6,critical_cell_entropy,6,24,16,64,mixed,none,0.0,bimodal,0.5833333333333334,0.4166666666666667,1.3532579048132938,65.35325790481328,6.0,0.0
prior_stress,6,critical_cell_entropy,8,24,16,64,mixed,none,0.0,bimodal,0.7083333333333334,0.2916666666666667,0.8555376767748325,64.85553767677483,8.0,0.0
prior_stress,6,contact_equivalence,2,24,16,64,mixed,none,0.0,bimodal,0.4583333333333333,0.5416666666666666,1.944422314127495,65.94442231412751,2.0,0.0
prior_stress,6,contact_equivalence,4,24,16,64,mixed,none,0.0,bimodal,0.8333333333333334,0.16666666666666666,0.26438900026387874,64.26438900026388,4.0,0.0
prior_stress,6,contact_equivalence,6,24,16,64,mixed,none,0.0,bimodal,1.0,0.0,0.0,64.0,6.0,0.0
prior_stress,6,contact_equivalence,8,24,16,64,mixed,none,0.0,bimodal,1.0,0.0,0.0,64.0,8.0,0.0
prior_stress,6,expected_regret,2,24,16,64,mixed,none,0.0,bimodal,0.5,0.5,1.8684796735882883,65.8684796735883,2.0,0.0
prior_stress,6,expected_regret,4,24,16,64,mixed,none,0.0,bimodal,0.8333333333333334,0.16666666666666666,0.5597513984655217,64.55975139846551,4.0,0.0
prior_stress,6,expected_regret,6,24,16,64,mixed,none,0.0,bimodal,1.0,0.0,0.0,64.0,6.0,0.0
prior_stress,6,expected_regret,8,24,16,64,mixed,none,0.0,bimodal,1.0,0.0,0.0,64.0,8.0,0.0
prior_stress,6,sampled_equivalence,2,24,16,64,mixed,none,0.0,bimodal,0.5,0.5,1.9536503841984327,65.95365038419844,2.0,0.0
prior_stress,6,sampled_equivalence,4,24,16,64,mixed,none,0.0,bimodal,0.8333333333333334,0.16666666666666666,0.3446248208351704,64.34462482083518,4.0,0.0
prior_stress,6,sampled_equivalence,6,24,16,64,mixed,none,0.0,bimodal,1.0,0.0,0.0,64.0,6.0,0.0
prior_stress,6,sampled_equivalence,8,24,16,64,mixed,none,0.0,bimodal,1.0,0.0,0.0,64.0,8.0,0.0
prior_stress,7,dense_entropy,2,24,16,64,mixed,none,0.0,bimodal,0.16666666666666666,0.8333333333333334,3.758194152967462,59.75819415296746,0.0,2.0
prior_stress,7,dense_entropy,4,24,16,64,mixed,none,0.0,bimodal,0.08333333333333333,0.9166666666666666,3.758194152967462,51.75819415296746,0.0,4.0
prior_stress,7,dense_entropy,6,24,16,64,mixed,none,0.0,bimodal,0.16666666666666666,0.8333333333333334,3.758194152967462,43.75819415296746,0.0,6.0
prior_stress,7,dense_entropy,8,24,16,64,mixed,none,0.0,bimodal,0.125,0.875,3.758194152967462,35.75819415296746,0.0,8.0
prior_stress,7,dense_contact_only,2,24,16,64,mixed,none,0.0,bimodal,0.4166666666666667,0.5833333333333334,1.9495666576715476,65.94956665767154,2.0,0.0
prior_stress,7,dense_contact_only,4,24,16,64,mixed,none,0.0,bimodal,0.9166666666666666,0.08333333333333333,0.2858149824987716,64.28581498249878,4.0,0.0
prior_stress,7,dense_contact_only,6,24,16,64,mixed,none,0.0,bimodal,1.0,0.0,0.0,64.0,6.0,0.0
prior_stress,7,dense_contact_only,8,24,16,64,mixed,none,0.0,bimodal,1.0,0.0,0.0,64.0,8.0,0.0
prior_stress,7,critical_cell_entropy,2,24,16,64,mixed,none,0.0,bimodal,0.4166666666666667,0.5833333333333334,2.742624495853194,66.74262449585318,2.0,0.0
prior_stress,7,critical_cell_entropy,4,24,16,64,mixed,none,0.0,bimodal,0.4583333333333333,0.5416666666666666,1.8678766023771518,65.86787660237715,4.0,0.0
prior_stress,7,critical_cell_entropy,6,24,16,64,mixed,none,0.0,bimodal,0.5833333333333334,0.4166666666666667,1.6239094857759528,65.62390948577594,6.0,0.0
prior_stress,7,critical_cell_entropy,8,24,16,64,mixed,none,0.0,bimodal,0.6666666666666666,0.3333333333333333,0.9777573448855228,64.97775734488552,8.0,0.0
prior_stress,7,contact_equivalence,2,24,16,64,mixed,none,0.0,bimodal,0.25,0.75,1.6927307062765535,65.69273070627655,2.0,0.0
prior_stress,7,contact_equivalence,4,24,16,64,mixed,none,0.0,bimodal,0.8333333333333334,0.16666666666666666,0.3327350145150588,64.33273501451505,4.0,0.0
prior_stress,7,contact_equivalence,6,24,16,64,mixed,none,0.0,bimodal,1.0,0.0,0.0,64.0,6.0,0.0
prior_stress,7,contact_equivalence,8,24,16,64,mixed,none,0.0,bimodal,1.0,0.0,0.0,64.0,8.0,0.0
prior_stress,7,expected_regret,2,24,16,64,mixed,none,0.0,bimodal,0.5416666666666666,0.4583333333333333,1.8181566759548506,65.81815667595485,2.0,0.0
prior_stress,7,expected_regret,4,24,16,64,mixed,none,0.0,bimodal,0.875,0.125,0.6274722509311125,64.62747225093112,4.0,0.0
prior_stress,7,expected_regret,6,24,16,64,mixed,none,0.0,bimodal,1.0,0.0,0.0,64.0,6.0,0.0
prior_stress,7,expected_regret,8,24,16,64,mixed,none,0.0,bimodal,1.0,0.0,0.0,64.0,8.0,0.0
prior_stress,7,sampled_equivalence,2,24,16,64,mixed,none,0.0,bimodal,0.2916666666666667,0.7083333333333334,2.0296808511714453,66.02968085117145,2.0,0.0
prior_stress,7,sampled_equivalence,4,24,16,64,mixed,none,0.0,bimodal,0.9166666666666666,0.08333333333333333,0.24702803752926164,64.24702803752926,4.0,0.0
prior_stress,7,sampled_equivalence,6,24,16,64,mixed,none,0.0,bimodal,1.0,0.0,0.0,64.0,6.0,0.0
prior_stress,7,sampled_equivalence,8,24,16,64,mixed,none,0.0,bimodal,1.0,0.0,0.0,64.0,8.0,0.0
prior_stress,8,dense_entropy,2,24,16,64,mixed,none,0.0,bimodal,0.125,0.875,3.758194152967462,59.75819415296746,0.0,2.0
prior_stress,8,dense_entropy,4,24,16,64,mixed,none,0.0,bimodal,0.25,0.75,3.758194152967462,51.75819415296746,0.0,4.0
prior_stress,8,dense_entropy,6,24,16,64,mixed,none,0.0,bimodal,0.16666666666666666,0.8333333333333334,3.758194152967462,43.75819415296746,0.0,6.0
prior_stress,8,dense_entropy,8,24,16,64,mixed,none,0.0,bimodal,0.16666666666666666,0.8333333333333334,3.758194152967462,35.75819415296746,0.0,8.0
prior_stress,8,dense_contact_only,2,24,16,64,mixed,none,0.0,bimodal,0.5416666666666666,0.4583333333333333,1.641257351544212,65.64125735154421,2.0,0.0
prior_stress,8,dense_contact_only,4,24,16,64,mixed,none,0.0,bimodal,0.875,0.125,0.20755426612394845,64.20755426612396,4.0,0.0
prior_stress,8,dense_contact_only,6,24,16,64,mixed,none,0.0,bimodal,1.0,0.0,0.0,64.0,6.0,0.0
prior_stress,8,dense_contact_only,8,24,16,64,mixed,none,0.0,bimodal,1.0,0.0,0.0,64.0,8.0,0.0
prior_stress,8,critical_cell_entropy,2,24,16,64,mixed,none,0.0,bimodal,0.4583333333333333,0.5416666666666666,2.133152385663595,66.13315238566359,2.0,0.0
prior_stress,8,critical_cell_entropy,4,24,16,64,mixed,none,0.0,bimodal,0.5416666666666666,0.4583333333333333,1.7241937868096786,65.72419378680968,4.0,0.0
prior_stress,8,critical_cell_entropy,6,24,16,64,mixed,none,0.0,bimodal,0.6666666666666666,0.3333333333333333,1.2179321143319644,65.21793211433196,6.0,0.0
prior_stress,8,critical_cell_entropy,8,24,16,64,mixed,none,0.0,bimodal,0.6666666666666666,0.3333333333333333,0.9777573448855228,64.97775734488552,8.0,0.0
prior_stress,8,contact_equivalence,2,24,16,64,mixed,none,0.0,bimodal,0.4166666666666667,0.5833333333333334,2.01317779485298,66.01317779485298,2.0,0.0
prior_stress,8,contact_equivalence,4,24,16,64,mixed,none,0.0,bimodal,0.75,0.25,0.4712503438595725,64.47125034385958,4.0,0.0
prior_stress,8,contact_equivalence,6,24,16,64,mixed,none,0.0,bimodal,1.0,0.0,0.0,64.0,6.0,0.0
prior_stress,8,contact_equivalence,8,24,16,64,mixed,none,0.0,bimodal,1.0,0.0,0.0,64.0,8.0,0.0
prior_stress,8,expected_regret,2,24,16,64,mixed,none,0.0,bimodal,0.4166666666666667,0.5833333333333334,1.8563542736492549,65.85635427364925,2.0,0.0
prior_stress,8,expected_regret,4,24,16,64,mixed,none,0.0,bimodal,0.7083333333333334,0.2916666666666667,0.6243267047174238,64.62432670471743,4.0,0.0
prior_stress,8,expected_regret,6,24,16,64,mixed,none,0.0,bimodal,1.0,0.0,0.0,64.0,6.0,0.0
prior_stress,8,expected_regret,8,24,16,64,mixed,none,0.0,bimodal,1.0,0.0,0.0,64.0,8.0,0.0
prior_stress,8,sampled_equivalence,2,24,16,64,mixed,none,0.0,bimodal,0.3333333333333333,0.6666666666666666,1.8579603274794767,65.85796032747946,2.0,0.0
prior_stress,8,sampled_equivalence,4,24,16,64,mixed,none,0.0,bimodal,0.875,0.125,0.31642849225875214,64.31642849225875,4.0,0.0
prior_stress,8,sampled_equivalence,6,24,16,64,mixed,none,0.0,bimodal,1.0,0.0,0.0,64.0,6.0,0.0
prior_stress,8,sampled_equivalence,8,24,16,64,mixed,none,0.0,bimodal,1.0,0.0,0.0,64.0,8.0,0.0
prior_stress,9,dense_entropy,2,24,16,64,mixed,none,0.0,bimodal,0.125,0.875,3.758194152967462,59.75819415296746,0.0,2.0
prior_stress,9,dense_entropy,4,24,16,64,mixed,none,0.0,bimodal,0.20833333333333334,0.7916666666666666,3.758194152967462,51.75819415296746,0.0,4.0
prior_stress,9,dense_entropy,6,24,16,64,mixed,none,0.0,bimodal,0.25,0.75,3.758194152967462,43.75819415296746,0.0,6.0
prior_stress,9,dense_entropy,8,24,16,64,mixed,none,0.0,bimodal,0.16666666666666666,0.8333333333333334,3.758194152967462,35.75819415296746,0.0,8.0
prior_stress,9,dense_contact_only,2,24,16,64,mixed,none,0.0,bimodal,0.4583333333333333,0.5416666666666666,1.8732754307327442,65.87327543073275,2.0,0.0
prior_stress,9,dense_contact_only,4,24,16,64,mixed,none,0.0,bimodal,0.875,0.125,0.271832212828627,64.27183221282863,4.0,0.0
prior_stress,9,dense_contact_only,6,24,16,64,mixed,none,0.0,bimodal,1.0,0.0,0.0,64.0,6.0,0.0
prior_stress,9,dense_contact_only,8,24,16,64,mixed,none,0.0,bimodal,1.0,0.0,0.0,64.0,8.0,0.0
prior_stress,9,critical_cell_entropy,2,24,16,64,mixed,none,0.0,bimodal,0.3333333333333333,0.6666666666666666,3.0473605509479924,67.04736055094797,2.0,0.0
prior_stress,9,critical_cell_entropy,4,24,16,64,mixed,none,0.0,bimodal,0.5,0.5,2.1552422335120984,66.1552422335121,4.0,0.0
prior_stress,9,critical_cell_entropy,6,24,16,64,mixed,none,0.0,bimodal,0.6666666666666666,0.3333333333333333,1.2179321143319644,65.21793211433196,6.0,0.0
prior_stress,9,critical_cell_entropy,8,24,16,64,mixed,none,0.0,bimodal,0.7916666666666666,0.20833333333333334,0.8555376767748325,64.85553767677483,8.0,0.0
prior_stress,9,contact_equivalence,2,24,16,64,mixed,none,0.0,bimodal,0.625,0.375,1.755980305252465,65.75598030525248,2.0,0.0
prior_stress,9,contact_equivalence,4,24,16,64,mixed,none,0.0,bimodal,1.0,0.0,0.10444768868447224,64.10444768868447,4.0,0.0
prior_stress,9,contact_equivalence,6,24,16,64,mixed,none,0.0,bimodal,1.0,0.0,0.0,64.0,6.0,0.0
prior_stress,9,contact_equivalence,8,24,16,64,mixed,none,0.0,bimodal,1.0,0.0,0.0,64.0,8.0,0.0
prior_stress,9,expected_regret,2,24,16,64,mixed,none,0.0,bimodal,0.375,0.625,2.0445975514809365,66.04459755148095,2.0,0.0
prior_stress,9,expected_regret,4,24,16,64,mixed,none,0.0,bimodal,0.875,0.125,0.5751828966868531,64.57518289668684,4.0,0.0
prior_stress,9,expected_regret,6,24,16,64,mixed,none,0.0,bimodal,1.0,0.0,0.0,64.0,6.0,0.0
prior_stress,9,expected_regret,8,24,16,64,mixed,none,0.0,bimodal,1.0,0.0,0.0,64.0,8.0,0.0
prior_stress,9,sampled_equivalence,2,24,16,64,mixed,none,0.0,bimodal,0.5833333333333334,0.4166666666666667,1.5397066254420928,65.5397066254421,2.0,0.0
prior_stress,9,sampled_equivalence,4,24,16,64,mixed,none,0.0,bimodal,0.9166666666666666,0.08333333333333333,0.2218470706048428,64.22184707060484,4.0,0.0
prior_stress,9,sampled_equivalence,6,24,16,64,mixed,none,0.0,bimodal,1.0,0.0,0.0,64.0,6.0,0.0
prior_stress,9,sampled_equivalence,8,24,16,64,mixed,none,0.0,bimodal,1.0,0.0,0.0,64.0,8.0,0.0
prior_stress,0,dense_entropy,2,24,16,64,mixed,none,0.0,visual_narrow,0.2916666666666667,0.7083333333333334,2.321928094887362,58.32192809488736,0.0,2.0
prior_stress,0,dense_entropy,4,24,16,64,mixed,none,0.0,visual_narrow,0.2916666666666667,0.7083333333333334,2.321928094887362,50.32192809488735,0.0,4.0
prior_stress,0,dense_entropy,6,24,16,64,mixed,none,0.0,visual_narrow,0.041666666666666664,0.9583333333333334,2.321928094887362,42.32192809488734,0.0,6.0
prior_stress,0,dense_entropy,8,24,16,64,mixed,none,0.0,visual_narrow,0.16666666666666666,0.8333333333333334,2.321928094887362,34.32192809488735,0.0,8.0
prior_stress,0,dense_contact_only,2,24,16,64,mixed,none,0.0,visual_narrow,0.8333333333333334,0.16666666666666666,0.3333333333333333,64.33333333333333,2.0,0.0
prior_stress,0,dense_contact_only,4,24,16,64,mixed,none,0.0,visual_narrow,1.0,0.0,0.0,64.0,4.0,0.0
prior_stress,0,dense_contact_only,6,24,16,64,mixed,none,0.0,visual_narrow,1.0,0.0,0.0,64.0,6.0,0.0
prior_stress,0,dense_contact_only,8,24,16,64,mixed,none,0.0,visual_narrow,1.0,0.0,0.0,64.0,8.0,0.0
prior_stress,0,critical_cell_entropy,2,24,16,64,mixed,none,0.0,visual_narrow,0.5833333333333334,0.4166666666666667,0.7264411461638632,64.72644114616385,2.0,0.0
prior_stress,0,critical_cell_entropy,4,24,16,64,mixed,none,0.0,visual_narrow,1.0,0.0,0.0,64.0,4.0,0.0
prior_stress,0,critical_cell_entropy,6,24,16,64,mixed,none,0.0,visual_narrow,1.0,0.0,0.0,64.0,6.0,0.0
prior_stress,0,critical_cell_entropy,8,24,16,64,mixed,none,0.0,visual_narrow,1.0,0.0,0.0,64.0,8.0,0.0
prior_stress,0,contact_equivalence,2,24,16,64,mixed,none,0.0,visual_narrow,0.7916666666666666,0.20833333333333334,0.375,64.375,2.0,0.0
prior_stress,0,contact_equivalence,4,24,16,64,mixed,none,0.0,visual_narrow,1.0,0.0,0.0,64.0,4.0,0.0
prior_stress,0,contact_equivalence,6,24,16,64,mixed,none,0.0,visual_narrow,1.0,0.0,0.0,64.0,6.0,0.0
prior_stress,0,contact_equivalence,8,24,16,64,mixed,none,0.0,visual_narrow,1.0,0.0,0.0,64.0,8.0,0.0
prior_stress,0,expected_regret,2,24,16,64,mixed,none,0.0,visual_narrow,0.7083333333333334,0.2916666666666667,0.5070802083934297,64.50708020839343,2.0,0.0
prior_stress,0,expected_regret,4,24,16,64,mixed,none,0.0,visual_narrow,1.0,0.0,0.0,64.0,4.0,0.0
prior_stress,0,expected_regret,6,24,16,64,mixed,none,0.0,visual_narrow,1.0,0.0,0.0,64.0,6.0,0.0
prior_stress,0,expected_regret,8,24,16,64,mixed,none,0.0,visual_narrow,1.0,0.0,0.0,64.0,8.0,0.0
prior_stress,0,sampled_equivalence,2,24,16,64,mixed,none,0.0,visual_narrow,0.9166666666666666,0.08333333333333333,0.2916666666666667,64.29166666666667,2.0,0.0
prior_stress,0,sampled_equivalence,4,24,16,64,mixed,none,0.0,visual_narrow,1.0,0.0,0.0,64.0,4.0,0.0
prior_stress,0,sampled_equivalence,6,24,16,64,mixed,none,0.0,visual_narrow,1.0,0.0,0.0,64.0,6.0,0.0
prior_stress,0,sampled_equivalence,8,24,16,64,mixed,none,0.0,visual_narrow,1.0,0.0,0.0,64.0,8.0,0.0
prior_stress,1,dense_entropy,2,24,16,64,mixed,none,0.0,visual_narrow,0.2916666666666667,0.7083333333333334,2.321928094887362,58.32192809488736,0.0,2.0
prior_stress,1,dense_entropy,4,24,16,64,mixed,none,0.0,visual_narrow,0.375,0.625,2.321928094887362,50.32192809488735,0.0,4.0
prior_stress,1,dense_entropy,6,24,16,64,mixed,none,0.0,visual_narrow,0.20833333333333334,0.7916666666666666,2.321928094887362,42.32192809488734,0.0,6.0
prior_stress,1,dense_entropy,8,24,16,64,mixed,none,0.0,visual_narrow,0.25,0.75,2.321928094887362,34.32192809488735,0.0,8.0
prior_stress,1,dense_contact_only,2,24,16,64,mixed,none,0.0,visual_narrow,0.8333333333333334,0.16666666666666666,0.4166666666666667,64.41666666666667,2.0,0.0
prior_stress,1,dense_contact_only,4,24,16,64,mixed,none,0.0,visual_narrow,1.0,0.0,0.0,64.0,4.0,0.0
prior_stress,1,dense_contact_only,6,24,16,64,mixed,none,0.0,visual_narrow,1.0,0.0,0.0,64.0,6.0,0.0
prior_stress,1,dense_contact_only,8,24,16,64,mixed,none,0.0,visual_narrow,1.0,0.0,0.0,64.0,8.0,0.0
prior_stress,1,critical_cell_entropy,2,24,16,64,mixed,none,0.0,visual_narrow,0.625,0.375,1.056641667147437,65.05664166714743,2.0,0.0
prior_stress,1,critical_cell_entropy,4,24,16,64,mixed,none,0.0,visual_narrow,1.0,0.0,0.0,64.0,4.0,0.0
prior_stress,1,critical_cell_entropy,6,24,16,64,mixed,none,0.0,visual_narrow,1.0,0.0,0.0,64.0,6.0,0.0
prior_stress,1,critical_cell_entropy,8,24,16,64,mixed,none,0.0,visual_narrow,1.0,0.0,0.0,64.0,8.0,0.0
prior_stress,1,contact_equivalence,2,24,16,64,mixed,none,0.0,visual_narrow,0.625,0.375,0.5,64.5,2.0,0.0
prior_stress,1,contact_equivalence,4,24,16,64,mixed,none,0.0,visual_narrow,1.0,0.0,0.0,64.0,4.0,0.0
prior_stress,1,contact_equivalence,6,24,16,64,mixed,none,0.0,visual_narrow,1.0,0.0,0.0,64.0,6.0,0.0
prior_stress,1,contact_equivalence,8,24,16,64,mixed,none,0.0,visual_narrow,1.0,0.0,0.0,64.0,8.0,0.0
prior_stress,1,expected_regret,2,24,16,64,mixed,none,0.0,visual_narrow,0.75,0.25,0.7641604167868593,64.76416041678685,2.0,0.0
prior_stress,1,expected_regret,4,24,16,64,mixed,none,0.0,visual_narrow,1.0,0.0,0.0,64.0,4.0,0.0
prior_stress,1,expected_regret,6,24,16,64,mixed,none,0.0,visual_narrow,1.0,0.0,0.0,64.0,6.0,0.0
prior_stress,1,expected_regret,8,24,16,64,mixed,none,0.0,visual_narrow,1.0,0.0,0.0,64.0,8.0,0.0
prior_stress,1,sampled_equivalence,2,24,16,64,mixed,none,0.0,visual_narrow,0.875,0.125,0.625,64.625,2.0,0.0
prior_stress,1,sampled_equivalence,4,24,16,64,mixed,none,0.0,visual_narrow,1.0,0.0,0.0,64.0,4.0,0.0
prior_stress,1,sampled_equivalence,6,24,16,64,mixed,none,0.0,visual_narrow,1.0,0.0,0.0,64.0,6.0,0.0
prior_stress,1,sampled_equivalence,8,24,16,64,mixed,none,0.0,visual_narrow,1.0,0.0,0.0,64.0,8.0,0.0
prior_stress,2,dense_entropy,2,24,16,64,mixed,none,0.0,visual_narrow,0.20833333333333334,0.7916666666666666,2.321928094887362,58.32192809488736,0.0,2.0
prior_stress,2,dense_entropy,4,24,16,64,mixed,none,0.0,visual_narrow,0.125,0.875,2.321928094887362,50.32192809488735,0.0,4.0
prior_stress,2,dense_entropy,6,24,16,64,mixed,none,0.0,visual_narrow,0.041666666666666664,0.9583333333333334,2.321928094887362,42.32192809488734,0.0,6.0
prior_stress,2,dense_entropy,8,24,16,64,mixed,none,0.0,visual_narrow,0.25,0.75,2.321928094887362,34.32192809488735,0.0,8.0
prior_stress,2,dense_contact_only,2,24,16,64,mixed,none,0.0,visual_narrow,0.7083333333333334,0.2916666666666667,0.4166666666666667,64.41666666666667,2.0,0.0
prior_stress,2,dense_contact_only,4,24,16,64,mixed,none,0.0,visual_narrow,1.0,0.0,0.0,64.0,4.0,0.0
prior_stress,2,dense_contact_only,6,24,16,64,mixed,none,0.0,visual_narrow,1.0,0.0,0.0,64.0,6.0,0.0
prior_stress,2,dense_contact_only,8,24,16,64,mixed,none,0.0,visual_narrow,1.0,0.0,0.0,64.0,8.0,0.0
prior_stress,2,critical_cell_entropy,2,24,16,64,mixed,none,0.0,visual_narrow,0.5,0.5,0.9906015629507223,64.99060156295072,2.0,0.0
prior_stress,2,critical_cell_entropy,4,24,16,64,mixed,none,0.0,visual_narrow,1.0,0.0,0.0,64.0,4.0,0.0
prior_stress,2,critical_cell_entropy,6,24,16,64,mixed,none,0.0,visual_narrow,1.0,0.0,0.0,64.0,6.0,0.0
prior_stress,2,critical_cell_entropy,8,24,16,64,mixed,none,0.0,visual_narrow,1.0,0.0,0.0,64.0,8.0,0.0
prior_stress,2,contact_equivalence,2,24,16,64,mixed,none,0.0,visual_narrow,0.7916666666666666,0.20833333333333334,0.4583333333333333,64.45833333333333,2.0,0.0
prior_stress,2,contact_equivalence,4,24,16,64,mixed,none,0.0,visual_narrow,1.0,0.0,0.0,64.0,4.0,0.0
prior_stress,2,contact_equivalence,6,24,16,64,mixed,none,0.0,visual_narrow,1.0,0.0,0.0,64.0,6.0,0.0
prior_stress,2,contact_equivalence,8,24,16,64,mixed,none,0.0,visual_narrow,1.0,0.0,0.0,64.0,8.0,0.0
prior_stress,2,expected_regret,2,24,16,64,mixed,none,0.0,visual_narrow,0.75,0.25,0.5070802083934297,64.50708020839343,2.0,0.0
prior_stress,2,expected_regret,4,24,16,64,mixed,none,0.0,visual_narrow,1.0,0.0,0.0,64.0,4.0,0.0
prior_stress,2,expected_regret,6,24,16,64,mixed,none,0.0,visual_narrow,1.0,0.0,0.0,64.0,6.0,0.0
prior_stress,2,expected_regret,8,24,16,64,mixed,none,0.0,visual_narrow,1.0,0.0,0.0,64.0,8.0,0.0
prior_stress,2,sampled_equivalence,2,24,16,64,mixed,none,0.0,visual_narrow,0.875,0.125,0.4166666666666667,64.41666666666667,2.0,0.0
prior_stress,2,sampled_equivalence,4,24,16,64,mixed,none,0.0,visual_narrow,1.0,0.0,0.0,64.0,4.0,0.0
prior_stress,2,sampled_equivalence,6,24,16,64,mixed,none,0.0,visual_narrow,1.0,0.0,0.0,64.0,6.0,0.0
prior_stress,2,sampled_equivalence,8,24,16,64,mixed,none,0.0,visual_narrow,1.0,0.0,0.0,64.0,8.0,0.0
prior_stress,3,dense_entropy,2,24,16,64,mixed,none,0.0,visual_narrow,0.20833333333333334,0.7916666666666666,2.321928094887362,58.32192809488736,0.0,2.0
prior_stress,3,dense_entropy,4,24,16,64,mixed,none,0.0,visual_narrow,0.25,0.75,2.321928094887362,50.32192809488735,0.0,4.0
prior_stress,3,dense_entropy,6,24,16,64,mixed,none,0.0,visual_narrow,0.20833333333333334,0.7916666666666666,2.321928094887362,42.32192809488734,0.0,6.0
prior_stress,3,dense_entropy,8,24,16,64,mixed,none,0.0,visual_narrow,0.20833333333333334,0.7916666666666666,2.321928094887362,34.32192809488735,0.0,8.0
prior_stress,3,dense_contact_only,2,24,16,64,mixed,none,0.0,visual_narrow,0.625,0.375,0.5833333333333334,64.58333333333333,2.0,0.0
prior_stress,3,dense_contact_only,4,24,16,64,mixed,none,0.0,visual_narrow,1.0,0.0,0.0,64.0,4.0,0.0
prior_stress,3,dense_contact_only,6,24,16,64,mixed,none,0.0,visual_narrow,1.0,0.0,0.0,64.0,6.0,0.0
prior_stress,3,dense_contact_only,8,24,16,64,mixed,none,0.0,visual_narrow,1.0,0.0,0.0,64.0,8.0,0.0
prior_stress,3,critical_cell_entropy,2,24,16,64,mixed,none,0.0,visual_narrow,0.6666666666666666,0.3333333333333333,1.056641667147437,65.05664166714742,2.0,0.0
prior_stress,3,critical_cell_entropy,4,24,16,64,mixed,none,0.0,visual_narrow,1.0,0.0,0.0,64.0,4.0,0.0
prior_stress,3,critical_cell_entropy,6,24,16,64,mixed,none,0.0,visual_narrow,1.0,0.0,0.0,64.0,6.0,0.0
prior_stress,3,critical_cell_entropy,8,24,16,64,mixed,none,0.0,visual_narrow,1.0,0.0,0.0,64.0,8.0,0.0
prior_stress,3,contact_equivalence,2,24,16,64,mixed,none,0.0,visual_narrow,0.9166666666666666,0.08333333333333333,0.3333333333333333,64.33333333333333,2.0,0.0
prior_stress,3,contact_equivalence,4,24,16,64,mixed,none,0.0,visual_narrow,1.0,0.0,0.0,64.0,4.0,0.0
prior_stress,3,contact_equivalence,6,24,16,64,mixed,none,0.0,visual_narrow,1.0,0.0,0.0,64.0,6.0,0.0
prior_stress,3,contact_equivalence,8,24,16,64,mixed,none,0.0,visual_narrow,1.0,0.0,0.0,64.0,8.0,0.0
prior_stress,3,expected_regret,2,24,16,64,mixed,none,0.0,visual_narrow,0.5833333333333334,0.4166666666666667,0.680827083453526,64.68082708345352,2.0,0.0
prior_stress,3,expected_regret,4,24,16,64,mixed,none,0.0,visual_narrow,1.0,0.0,0.0,64.0,4.0,0.0
prior_stress,3,expected_regret,6,24,16,64,mixed,none,0.0,visual_narrow,1.0,0.0,0.0,64.0,6.0,0.0
prior_stress,3,expected_regret,8,24,16,64,mixed,none,0.0,visual_narrow,1.0,0.0,0.0,64.0,8.0,0.0
prior_stress,3,sampled_equivalence,2,24,16,64,mixed,none,0.0,visual_narrow,0.75,0.25,0.4583333333333333,64.45833333333333,2.0,0.0
prior_stress,3,sampled_equivalence,4,24,16,64,mixed,none,0.0,visual_narrow,1.0,0.0,0.0,64.0,4.0,0.0
prior_stress,3,sampled_equivalence,6,24,16,64,mixed,none,0.0,visual_narrow,1.0,0.0,0.0,64.0,6.0,0.0
prior_stress,3,sampled_equivalence,8,24,16,64,mixed,none,0.0,visual_narrow,1.0,0.0,0.0,64.0,8.0,0.0
prior_stress,4,dense_entropy,2,24,16,64,mixed,none,0.0,visual_narrow,0.16666666666666666,0.8333333333333334,2.321928094887362,58.32192809488736,0.0,2.0
prior_stress,4,dense_entropy,4,24,16,64,mixed,none,0.0,visual_narrow,0.2916666666666667,0.7083333333333334,2.321928094887362,50.32192809488735,0.0,4.0
prior_stress,4,dense_entropy,6,24,16,64,mixed,none,0.0,visual_narrow,0.125,0.875,2.321928094887362,42.32192809488734,0.0,6.0
prior_stress,4,dense_entropy,8,24,16,64,mixed,none,0.0,visual_narrow,0.25,0.75,2.321928094887362,34.32192809488735,0.0,8.0
prior_stress,4,dense_contact_only,2,24,16,64,mixed,none,0.0,visual_narrow,0.7916666666666666,0.20833333333333334,0.3333333333333333,64.33333333333333,2.0,0.0
prior_stress,4,dense_contact_only,4,24,16,64,mixed,none,0.0,visual_narrow,1.0,0.0,0.0,64.0,4.0,0.0
prior_stress,4,dense_contact_only,6,24,16,64,mixed,none,0.0,visual_narrow,1.0,0.0,0.0,64.0,6.0,0.0
prior_stress,4,dense_contact_only,8,24,16,64,mixed,none,0.0,visual_narrow,1.0,0.0,0.0,64.0,8.0,0.0
prior_stress,4,critical_cell_entropy,2,24,16,64,mixed,none,0.0,visual_narrow,0.6666666666666666,0.3333333333333333,0.9245614587540075,64.92456145875401,2.0,0.0
prior_stress,4,critical_cell_entropy,4,24,16,64,mixed,none,0.0,visual_narrow,1.0,0.0,0.0,64.0,4.0,0.0
prior_stress,4,critical_cell_entropy,6,24,16,64,mixed,none,0.0,visual_narrow,1.0,0.0,0.0,64.0,6.0,0.0
prior_stress,4,critical_cell_entropy,8,24,16,64,mixed,none,0.0,visual_narrow,1.0,0.0,0.0,64.0,8.0,0.0
prior_stress,4,contact_equivalence,2,24,16,64,mixed,none,0.0,visual_narrow,0.6666666666666666,0.3333333333333333,0.5416666666666666,64.54166666666667,2.0,0.0
prior_stress,4,contact_equivalence,4,24,16,64,mixed,none,0.0,visual_narrow,1.0,0.0,0.0,64.0,4.0,0.0
prior_stress,4,contact_equivalence,6,24,16,64,mixed,none,0.0,visual_narrow,1.0,0.0,0.0,64.0,6.0,0.0
prior_stress,4,contact_equivalence,8,24,16,64,mixed,none,0.0,visual_narrow,1.0,0.0,0.0,64.0,8.0,0.0
prior_stress,4,expected_regret,2,24,16,64,mixed,none,0.0,visual_narrow,0.75,0.25,0.6147869792568111,64.6147869792568,2.0,0.0
prior_stress,4,expected_regret,4,24,16,64,mixed,none,0.0,visual_narrow,1.0,0.0,0.0,64.0,4.0,0.0
prior_stress,4,expected_regret,6,24,16,64,mixed,none,0.0,visual_narrow,1.0,0.0,0.0,64.0,6.0,0.0
prior_stress,4,expected_regret,8,24,16,64,mixed,none,0.0,visual_narrow,1.0,0.0,0.0,64.0,8.0,0.0
prior_stress,4,sampled_equivalence,2,24,16,64,mixed,none,0.0,visual_narrow,0.7083333333333334,0.2916666666666667,0.5833333333333334,64.58333333333333,2.0,0.0
prior_stress,4,sampled_equivalence,4,24,16,64,mixed,none,0.0,visual_narrow,1.0,0.0,0.0,64.0,4.0,0.0
prior_stress,4,sampled_equivalence,6,24,16,64,mixed,none,0.0,visual_narrow,1.0,0.0,0.0,64.0,6.0,0.0
prior_stress,4,sampled_equivalence,8,24,16,64,mixed,none,0.0,visual_narrow,1.0,0.0,0.0,64.0,8.0,0.0
prior_stress,5,dense_entropy,2,24,16,64,mixed,none,0.0,visual_narrow,0.20833333333333334,0.7916666666666666,2.321928094887362,58.32192809488736,0.0,2.0
prior_stress,5,dense_entropy,4,24,16,64,mixed,none,0.0,visual_narrow,0.25,0.75,2.321928094887362,50.32192809488735,0.0,4.0
prior_stress,5,dense_entropy,6,24,16,64,mixed,none,0.0,visual_narrow,0.3333333333333333,0.6666666666666666,2.321928094887362,42.32192809488734,0.0,6.0
prior_stress,5,dense_entropy,8,24,16,64,mixed,none,0.0,visual_narrow,0.20833333333333334,0.7916666666666666,2.321928094887362,34.32192809488735,0.0,8.0
prior_stress,5,dense_contact_only,2,24,16,64,mixed,none,0.0,visual_narrow,0.6666666666666666,0.3333333333333333,0.4166666666666667,64.41666666666667,2.0,0.0
prior_stress,5,dense_contact_only,4,24,16,64,mixed,none,0.0,visual_narrow,1.0,0.0,0.0,64.0,4.0,0.0
prior_stress,5,dense_contact_only,6,24,16,64,mixed,none,0.0,visual_narrow,1.0,0.0,0.0,64.0,6.0,0.0
prior_stress,5,dense_contact_only,8,24,16,64,mixed,none,0.0,visual_narrow,1.0,0.0,0.0,64.0,8.0,0.0
prior_stress,5,critical_cell_entropy,2,24,16,64,mixed,none,0.0,visual_narrow,0.625,0.375,0.9906015629507223,64.99060156295072,2.0,0.0
prior_stress,5,critical_cell_entropy,4,24,16,64,mixed,none,0.0,visual_narrow,1.0,0.0,0.0,64.0,4.0,0.0
prior_stress,5,critical_cell_entropy,6,24,16,64,mixed,none,0.0,visual_narrow,1.0,0.0,0.0,64.0,6.0,0.0
prior_stress,5,critical_cell_entropy,8,24,16,64,mixed,none,0.0,visual_narrow,1.0,0.0,0.0,64.0,8.0,0.0
prior_stress,5,contact_equivalence,2,24,16,64,mixed,none,0.0,visual_narrow,0.6666666666666666,0.3333333333333333,0.5416666666666666,64.54166666666667,2.0,0.0
prior_stress,5,contact_equivalence,4,24,16,64,mixed,none,0.0,visual_narrow,1.0,0.0,0.0,64.0,4.0,0.0
prior_stress,5,contact_equivalence,6,24,16,64,mixed,none,0.0,visual_narrow,1.0,0.0,0.0,64.0,6.0,0.0
prior_stress,5,contact_equivalence,8,24,16,64,mixed,none,0.0,visual_narrow,1.0,0.0,0.0,64.0,8.0,0.0
prior_stress,5,expected_regret,2,24,16,64,mixed,none,0.0,visual_narrow,0.7083333333333334,0.2916666666666667,0.7224937501201927,64.7224937501202,2.0,0.0
prior_stress,5,expected_regret,4,24,16,64,mixed,none,0.0,visual_narrow,1.0,0.0,0.0,64.0,4.0,0.0
prior_stress,5,expected_regret,6,24,16,64,mixed,none,0.0,visual_narrow,1.0,0.0,0.0,64.0,6.0,0.0
prior_stress,5,expected_regret,8,24,16,64,mixed,none,0.0,visual_narrow,1.0,0.0,0.0,64.0,8.0,0.0
prior_stress,5,sampled_equivalence,2,24,16,64,mixed,none,0.0,visual_narrow,0.75,0.25,0.3333333333333333,64.33333333333333,2.0,0.0
prior_stress,5,sampled_equivalence,4,24,16,64,mixed,none,0.0,visual_narrow,1.0,0.0,0.0,64.0,4.0,0.0
prior_stress,5,sampled_equivalence,6,24,16,64,mixed,none,0.0,visual_narrow,1.0,0.0,0.0,64.0,6.0,0.0
prior_stress,5,sampled_equivalence,8,24,16,64,mixed,none,0.0,visual_narrow,1.0,0.0,0.0,64.0,8.0,0.0
prior_stress,6,dense_entropy,2,24,16,64,mixed,none,0.0,visual_narrow,0.20833333333333334,0.7916666666666666,2.321928094887362,58.32192809488736,0.0,2.0
prior_stress,6,dense_entropy,4,24,16,64,mixed,none,0.0,visual_narrow,0.16666666666666666,0.8333333333333334,2.321928094887362,50.32192809488735,0.0,4.0
prior_stress,6,dense_entropy,6,24,16,64,mixed,none,0.0,visual_narrow,0.25,0.75,2.321928094887362,42.32192809488734,0.0,6.0
prior_stress,6,dense_entropy,8,24,16,64,mixed,none,0.0,visual_narrow,0.2916666666666667,0.7083333333333334,2.321928094887362,34.32192809488735,0.0,8.0
prior_stress,6,dense_contact_only,2,24,16,64,mixed,none,0.0,visual_narrow,0.9166666666666666,0.08333333333333333,0.2916666666666667,64.29166666666667,2.0,0.0
prior_stress,6,dense_contact_only,4,24,16,64,mixed,none,0.0,visual_narrow,1.0,0.0,0.0,64.0,4.0,0.0
prior_stress,6,dense_contact_only,6,24,16,64,mixed,none,0.0,visual_narrow,1.0,0.0,0.0,64.0,6.0,0.0
prior_stress,6,dense_contact_only,8,24,16,64,mixed,none,0.0,visual_narrow,1.0,0.0,0.0,64.0,8.0,0.0
prior_stress,6,critical_cell_entropy,2,24,16,64,mixed,none,0.0,visual_narrow,0.5833333333333334,0.4166666666666667,1.056641667147437,65.05664166714745,2.0,0.0
prior_stress,6,critical_cell_entropy,4,24,16,64,mixed,none,0.0,visual_narrow,1.0,0.0,0.0,64.0,4.0,0.0
prior_stress,6,critical_cell_entropy,6,24,16,64,mixed,none,0.0,visual_narrow,1.0,0.0,0.0,64.0,6.0,0.0
prior_stress,6,critical_cell_entropy,8,24,16,64,mixed,none,0.0,visual_narrow,1.0,0.0,0.0,64.0,8.0,0.0
prior_stress,6,contact_equivalence,2,24,16,64,mixed,none,0.0,visual_narrow,0.7083333333333334,0.2916666666666667,0.4583333333333333,64.45833333333333,2.0,0.0
prior_stress,6,contact_equivalence,4,24,16,64,mixed,none,0.0,visual_narrow,1.0,0.0,0.0,64.0,4.0,0.0
prior_stress,6,contact_equivalence,6,24,16,64,mixed,none,0.0,visual_narrow,1.0,0.0,0.0,64.0,6.0,0.0
prior_stress,6,contact_equivalence,8,24,16,64,mixed,none,0.0,visual_narrow,1.0,0.0,0.0,64.0,8.0,0.0
prior_stress,6,expected_regret,2,24,16,64,mixed,none,0.0,visual_narrow,0.75,0.25,0.6981203125901446,64.69812031259015,2.0,0.0
prior_stress,6,expected_regret,4,24,16,64,mixed,none,0.0,visual_narrow,1.0,0.0,0.0,64.0,4.0,0.0
prior_stress,6,expected_regret,6,24,16,64,mixed,none,0.0,visual_narrow,1.0,0.0,0.0,64.0,6.0,0.0
prior_stress,6,expected_regret,8,24,16,64,mixed,none,0.0,visual_narrow,1.0,0.0,0.0,64.0,8.0,0.0
prior_stress,6,sampled_equivalence,2,24,16,64,mixed,none,0.0,visual_narrow,0.75,0.25,0.5243734375300482,64.52437343753006,2.0,0.0
prior_stress,6,sampled_equivalence,4,24,16,64,mixed,none,0.0,visual_narrow,1.0,0.0,0.0,64.0,4.0,0.0
prior_stress,6,sampled_equivalence,6,24,16,64,mixed,none,0.0,visual_narrow,1.0,0.0,0.0,64.0,6.0,0.0
prior_stress,6,sampled_equivalence,8,24,16,64,mixed,none,0.0,visual_narrow,1.0,0.0,0.0,64.0,8.0,0.0
prior_stress,7,dense_entropy,2,24,16,64,mixed,none,0.0,visual_narrow,0.041666666666666664,0.9583333333333334,2.321928094887362,58.32192809488736,0.0,2.0
prior_stress,7,dense_entropy,4,24,16,64,mixed,none,0.0,visual_narrow,0.125,0.875,2.321928094887362,50.32192809488735,0.0,4.0
prior_stress,7,dense_entropy,6,24,16,64,mixed,none,0.0,visual_narrow,0.25,0.75,2.321928094887362,42.32192809488734,0.0,6.0
prior_stress,7,dense_entropy,8,24,16,64,mixed,none,0.0,visual_narrow,0.16666666666666666,0.8333333333333334,2.321928094887362,34.32192809488735,0.0,8.0
prior_stress,7,dense_contact_only,2,24,16,64,mixed,none,0.0,visual_narrow,0.75,0.25,0.5,64.5,2.0,0.0
prior_stress,7,dense_contact_only,4,24,16,64,mixed,none,0.0,visual_narrow,1.0,0.0,0.0,64.0,4.0,0.0
prior_stress,7,dense_contact_only,6,24,16,64,mixed,none,0.0,visual_narrow,1.0,0.0,0.0,64.0,6.0,0.0
prior_stress,7,dense_contact_only,8,24,16,64,mixed,none,0.0,visual_narrow,1.0,0.0,0.0,64.0,8.0,0.0
prior_stress,7,critical_cell_entropy,2,24,16,64,mixed,none,0.0,visual_narrow,0.7916666666666666,0.20833333333333334,0.5283208335737187,64.52832083357372,2.0,0.0
prior_stress,7,critical_cell_entropy,4,24,16,64,mixed,none,0.0,visual_narrow,1.0,0.0,0.0,64.0,4.0,0.0
prior_stress,7,critical_cell_entropy,6,24,16,64,mixed,none,0.0,visual_narrow,1.0,0.0,0.0,64.0,6.0,0.0
prior_stress,7,critical_cell_entropy,8,24,16,64,mixed,none,0.0,visual_narrow,1.0,0.0,0.0,64.0,8.0,0.0
prior_stress,7,contact_equivalence,2,24,16,64,mixed,none,0.0,visual_narrow,0.875,0.125,0.20833333333333334,64.20833333333333,2.0,0.0
prior_stress,7,contact_equivalence,4,24,16,64,mixed,none,0.0,visual_narrow,1.0,0.0,0.0,64.0,4.0,0.0
prior_stress,7,contact_equivalence,6,24,16,64,mixed,none,0.0,visual_narrow,1.0,0.0,0.0,64.0,6.0,0.0
prior_stress,7,contact_equivalence,8,24,16,64,mixed,none,0.0,visual_narrow,1.0,0.0,0.0,64.0,8.0,0.0
prior_stress,7,expected_regret,2,24,16,64,mixed,none,0.0,visual_narrow,0.7083333333333334,0.2916666666666667,0.680827083453526,64.68082708345352,2.0,0.0
prior_stress,7,expected_regret,4,24,16,64,mixed,none,0.0,visual_narrow,1.0,0.0,0.0,64.0,4.0,0.0
prior_stress,7,expected_regret,6,24,16,64,mixed,none,0.0,visual_narrow,1.0,0.0,0.0,64.0,6.0,0.0
prior_stress,7,expected_regret,8,24,16,64,mixed,none,0.0,visual_narrow,1.0,0.0,0.0,64.0,8.0,0.0
prior_stress,7,sampled_equivalence,2,24,16,64,mixed,none,0.0,visual_narrow,0.7083333333333334,0.2916666666666667,0.4166666666666667,64.41666666666667,2.0,0.0
prior_stress,7,sampled_equivalence,4,24,16,64,mixed,none,0.0,visual_narrow,1.0,0.0,0.0,64.0,4.0,0.0
prior_stress,7,sampled_equivalence,6,24,16,64,mixed,none,0.0,visual_narrow,1.0,0.0,0.0,64.0,6.0,0.0
prior_stress,7,sampled_equivalence,8,24,16,64,mixed,none,0.0,visual_narrow,1.0,0.0,0.0,64.0,8.0,0.0
prior_stress,8,dense_entropy,2,24,16,64,mixed,none,0.0,visual_narrow,0.041666666666666664,0.9583333333333334,2.321928094887362,58.32192809488736,0.0,2.0
prior_stress,8,dense_entropy,4,24,16,64,mixed,none,0.0,visual_narrow,0.25,0.75,2.321928094887362,50.32192809488735,0.0,4.0
prior_stress,8,dense_entropy,6,24,16,64,mixed,none,0.0,visual_narrow,0.20833333333333334,0.7916666666666666,2.321928094887362,42.32192809488734,0.0,6.0
prior_stress,8,dense_entropy,8,24,16,64,mixed,none,0.0,visual_narrow,0.25,0.75,2.321928094887362,34.32192809488735,0.0,8.0
prior_stress,8,dense_contact_only,2,24,16,64,mixed,none,0.0,visual_narrow,0.75,0.25,0.375,64.375,2.0,0.0
prior_stress,8,dense_contact_only,4,24,16,64,mixed,none,0.0,visual_narrow,1.0,0.0,0.0,64.0,4.0,0.0
prior_stress,8,dense_contact_only,6,24,16,64,mixed,none,0.0,visual_narrow,1.0,0.0,0.0,64.0,6.0,0.0
prior_stress,8,dense_contact_only,8,24,16,64,mixed,none,0.0,visual_narrow,1.0,0.0,0.0,64.0,8.0,0.0
prior_stress,8,critical_cell_entropy,2,24,16,64,mixed,none,0.0,visual_narrow,0.5416666666666666,0.4583333333333333,1.122681771344152,65.12268177134415,2.0,0.0
prior_stress,8,critical_cell_entropy,4,24,16,64,mixed,none,0.0,visual_narrow,1.0,0.0,0.0,64.0,4.0,0.0
prior_stress,8,critical_cell_entropy,6,24,16,64,mixed,none,0.0,visual_narrow,1.0,0.0,0.0,64.0,6.0,0.0
prior_stress,8,critical_cell_entropy,8,24,16,64,mixed,none,0.0,visual_narrow,1.0,0.0,0.0,64.0,8.0,0.0
prior_stress,8,contact_equivalence,2,24,16,64,mixed,none,0.0,visual_narrow,0.75,0.25,0.4583333333333333,64.45833333333333,2.0,0.0
prior_stress,8,contact_equivalence,4,24,16,64,mixed,none,0.0,visual_narrow,1.0,0.0,0.0,64.0,4.0,0.0
prior_stress,8,contact_equivalence,6,24,16,64,mixed,none,0.0,visual_narrow,1.0,0.0,0.0,64.0,6.0,0.0
prior_stress,8,contact_equivalence,8,24,16,64,mixed,none,0.0,visual_narrow,1.0,0.0,0.0,64.0,8.0,0.0
prior_stress,8,expected_regret,2,24,16,64,mixed,none,0.0,visual_narrow,0.75,0.25,0.5243734375300482,64.52437343753006,2.0,0.0
prior_stress,8,expected_regret,4,24,16,64,mixed,none,0.0,visual_narrow,1.0,0.0,0.0,64.0,4.0,0.0
prior_stress,8,expected_regret,6,24,16,64,mixed,none,0.0,visual_narrow,1.0,0.0,0.0,64.0,6.0,0.0
prior_stress,8,expected_regret,8,24,16,64,mixed,none,0.0,visual_narrow,1.0,0.0,0.0,64.0,8.0,0.0
prior_stress,8,sampled_equivalence,2,24,16,64,mixed,none,0.0,visual_narrow,0.8333333333333334,0.16666666666666666,0.5416666666666666,64.54166666666667,2.0,0.0
prior_stress,8,sampled_equivalence,4,24,16,64,mixed,none,0.0,visual_narrow,1.0,0.0,0.0,64.0,4.0,0.0
prior_stress,8,sampled_equivalence,6,24,16,64,mixed,none,0.0,visual_narrow,1.0,0.0,0.0,64.0,6.0,0.0
prior_stress,8,sampled_equivalence,8,24,16,64,mixed,none,0.0,visual_narrow,1.0,0.0,0.0,64.0,8.0,0.0
prior_stress,9,dense_entropy,2,24,16,64,mixed,none,0.0,visual_narrow,0.3333333333333333,0.6666666666666666,2.321928094887362,58.32192809488736,0.0,2.0
prior_stress,9,dense_entropy,4,24,16,64,mixed,none,0.0,visual_narrow,0.08333333333333333,0.9166666666666666,2.321928094887362,50.32192809488735,0.0,4.0
prior_stress,9,dense_entropy,6,24,16,64,mixed,none,0.0,visual_narrow,0.25,0.75,2.321928094887362,42.32192809488734,0.0,6.0
prior_stress,9,dense_entropy,8,24,16,64,mixed,none,0.0,visual_narrow,0.25,0.75,2.321928094887362,34.32192809488735,0.0,8.0
prior_stress,9,dense_contact_only,2,24,16,64,mixed,none,0.0,visual_narrow,0.7916666666666666,0.20833333333333334,0.5,64.5,2.0,0.0
prior_stress,9,dense_contact_only,4,24,16,64,mixed,none,0.0,visual_narrow,1.0,0.0,0.0,64.0,4.0,0.0
prior_stress,9,dense_contact_only,6,24,16,64,mixed,none,0.0,visual_narrow,1.0,0.0,0.0,64.0,6.0,0.0
prior_stress,9,dense_contact_only,8,24,16,64,mixed,none,0.0,visual_narrow,1.0,0.0,0.0,64.0,8.0,0.0
prior_stress,9,critical_cell_entropy,2,24,16,64,mixed,none,0.0,visual_narrow,0.5833333333333334,0.4166666666666667,0.9906015629507223,64.99060156295072,2.0,0.0
prior_stress,9,critical_cell_entropy,4,24,16,64,mixed,none,0.0,visual_narrow,1.0,0.0,0.0,64.0,4.0,0.0
prior_stress,9,critical_cell_entropy,6,24,16,64,mixed,none,0.0,visual_narrow,1.0,0.0,0.0,64.0,6.0,0.0
prior_stress,9,critical_cell_entropy,8,24,16,64,mixed,none,0.0,visual_narrow,1.0,0.0,0.0,64.0,8.0,0.0
prior_stress,9,contact_equivalence,2,24,16,64,mixed,none,0.0,visual_narrow,0.7916666666666666,0.20833333333333334,0.4583333333333333,64.45833333333333,2.0,0.0
prior_stress,9,contact_equivalence,4,24,16,64,mixed,none,0.0,visual_narrow,1.0,0.0,0.0,64.0,4.0,0.0
prior_stress,9,contact_equivalence,6,24,16,64,mixed,none,0.0,visual_narrow,1.0,0.0,0.0,64.0,6.0,0.0
prior_stress,9,contact_equivalence,8,24,16,64,mixed,none,0.0,visual_narrow,1.0,0.0,0.0,64.0,8.0,0.0
prior_stress,9,expected_regret,2,24,16,64,mixed,none,0.0,visual_narrow,0.7916666666666666,0.20833333333333334,0.44104010419671485,64.44104010419672,2.0,0.0
prior_stress,9,expected_regret,4,24,16,64,mixed,none,0.0,visual_narrow,1.0,0.0,0.0,64.0,4.0,0.0
prior_stress,9,expected_regret,6,24,16,64,mixed,none,0.0,visual_narrow,1.0,0.0,0.0,64.0,6.0,0.0
prior_stress,9,expected_regret,8,24,16,64,mixed,none,0.0,visual_narrow,1.0,0.0,0.0,64.0,8.0,0.0
prior_stress,9,sampled_equivalence,2,24,16,64,mixed,none,0.0,visual_narrow,0.9583333333333334,0.041666666666666664,0.16666666666666666,64.16666666666667,2.0,0.0
prior_stress,9,sampled_equivalence,4,24,16,64,mixed,none,0.0,visual_narrow,1.0,0.0,0.0,64.0,4.0,0.0
prior_stress,9,sampled_equivalence,6,24,16,64,mixed,none,0.0,visual_narrow,1.0,0.0,0.0,64.0,6.0,0.0
prior_stress,9,sampled_equivalence,8,24,16,64,mixed,none,0.0,visual_narrow,1.0,0.0,0.0,64.0,8.0,0.0
